IDACTIVIDAD,CODIGOSUBDERE,FECHAINFORME,NOMBRESERVICIO,ANOINFORME,NUMEROINFORME,MATERIAINFORME,FICHAINFORMEBIFA,C_REG_SUBDERE,NOMBRESUBDERE,FICHAINFORME,TIPOSUBDERE,TIPOINFORME,IDINFORME,PDFINFORME
33341,05602,2016-04-14 00:00:00.0,MUNICIPALIDAD DE ALGARROBO,2016,48,INFORME INVESTIGACIÓN ESPECIAL 48-16 DEPARTAMENTO DE ADMINISTRACIÓN DE EDUCACIÓN DE LA MUNICIPALIDAD DE ALGARROBO SOBRE DIVERSAS IRREGULARIDADES - ABRIL 2016,https://www.contraloria.cl/pdfbuscador/auditoria/003fcd2cc1e0e449ccba9523069e5a7e/html,05,ALGARROBO,https://www.contraloria.cl/SicaProd/SICAv3-BIFAPortalCGR/faces/newDetalleInforme?docIdcm=003fcd2cc1e0e449ccba9523069e5a7e,C,Informe de Investigación Especial,17776,https://www.contraloria.cl/SicaProd/SICAv3-BIFAPortalCGR/servletfichainformegoogle?docIdcm=003fcd2cc1e0e449ccba9523069e5a7e&pdf=1
52236,05602,2018-08-22 00:00:00.0,MUNICIPALIDAD DE ALGARROBO,2018,441,INFORME FINAL DE INVESTIGACIÓN ESPECIAL 441-18 MUNICIPALIDAD DE ALGARROBO SOBRE EVENTUALES IRREGULARIDADES EN CONTRATACIÓN DIRECTA - AGOSTO 2018,https://www.contraloria.cl/pdfbuscador/auditoria/16fc40ecf14379536f6bd74d8c87e254/html,05,ALGARROBO,https://www.contraloria.cl/SicaProd/SICAv3-BIFAPortalCGR/faces/newDetalleInforme?docIdcm=16fc40ecf14379536f6bd74d8c87e254,C,Informe de Investigación Especial,25444,https://www.contraloria.cl/SicaProd/SICAv3-BIFAPortalCGR/servletfichainformegoogle?docIdcm=16fc40ecf14379536f6bd74d8c87e254&pdf=1
51709,05602,2018-10-05 00:00:00.0,MUNICIPALIDAD DE ALGARROBO,2018,554,INFORME FINAL DE INVESTIGACIÓN ESPECIAL 554-18 MUNICIPALIDAD DE ALGARROBO SOBRE EVENTUALES IRREGULARIDADES - OCTUBRE 2018,https://www.contraloria.cl/pdfbuscador/auditoria/f7708427c565c0b75a6948d8e1804747/html,05,ALGARROBO,https://www.contraloria.cl/SicaProd/SICAv3-BIFAPortalCGR/faces/newDetalleInforme?docIdcm=f7708427c565c0b75a6948d8e1804747,C,Informe de Investigación Especial,26184,https://www.contraloria.cl/SicaProd/SICAv3-BIFAPortalCGR/servletfichainformegoogle?docIdcm=f7708427c565c0b75a6948d8e1804747&pdf=1
54589,05602,2018-11-26 00:00:00.0,MUNICIPALIDAD DE ALGARROBO,2018,887,INFORME DE INSPECCIÓN DE OBRA PÚBLICA 887-18 MUNICIPALIDAD DE ALGARROBO SOBRE MEJORAMIENTO PAVIMENTACIÓN AVENIDA CARLOS ALESSANDRI SECTOR NORTE - NOVIEMBRE 2018,https://www.contraloria.cl/pdfbuscador/auditoria/bf7ef9acaf2a34c15a3f2dcef425a428/html,05,ALGARROBO,https://www.contraloria.cl/SicaProd/SICAv3-BIFAPortalCGR/faces/newDetalleInforme?docIdcm=bf7ef9acaf2a34c15a3f2dcef425a428,C,Informe de Inspección de Obra Pública,26687,https://www.contraloria.cl/SicaProd/SICAv3-BIFAPortalCGR/servletfichainformegoogle?docIdcm=bf7ef9acaf2a34c15a3f2dcef425a428&pdf=1
54588,05602,2019-01-02 00:00:00.0,MUNICIPALIDAD DE ALGARROBO,2018,1007,INFORME DE INSPECCIÓN DE OBRA PÚBLICA 1.007-18 MUNICIPALIDAD DE ALGARROBO SOBRE REPOSICIÓN RECINTO DEPORTIVO CLUB DEPORTIVO MIRASOL - ENERO 2019,https://www.contraloria.cl/pdfbuscador/auditoria/6c45f6f0803c178a25a32445ebfa0011/html,05,ALGARROBO,https://www.contraloria.cl/SicaProd/SICAv3-BIFAPortalCGR/faces/newDetalleInforme?docIdcm=6c45f6f0803c178a25a32445ebfa0011,C,Informe de Inspección de Obra Pública,27351,https://www.contraloria.cl/SicaProd/SICAv3-BIFAPortalCGR/servletfichainformegoogle?docIdcm=6c45f6f0803c178a25a32445ebfa0011&pdf=1
55753,05602,2019-05-06 00:00:00.0,MUNICIPALIDAD DE ALGARROBO,2019,79,INFORME FINAL 79-19 MUNICIPALIDAD DE ALGARROBO SOBRE AUDITORÍA A LAS ADQUISICIONES DE BIENES Y SERVICIOS DE CONSUMO EFECTUADAS CON CARGO AL SUBTÍTULO 22 - MAYO 2019,https://www.contraloria.cl/pdfbuscador/auditoria/bfab7b565ce745416d0bc22ab4e32d8c/html,05,ALGARROBO,https://www.contraloria.cl/SicaProd/SICAv3-BIFAPortalCGR/faces/newDetalleInforme?docIdcm=bfab7b565ce745416d0bc22ab4e32d8c,C,Informe Final de Auditoría,28931,https://www.contraloria.cl/SicaProd/SICAv3-BIFAPortalCGR/servletfichainformegoogle?docIdcm=bfab7b565ce745416d0bc22ab4e32d8c&pdf=1
57755,05602,2019-09-30 00:00:00.0,MUNICIPALIDAD DE ALGARROBO,2019,619,INFORME FINAL DE INVESTIGACIÓN ESPECIAL 619-19 MUNICIPALIDAD DE ALGARROBO Y DIRECTEMAR SOBRE PRESUNTAS IRREGULARIDADES EN CONCESIONES MARÍTIMAS - SEPTIEMBRE 2019,https://www.contraloria.cl/pdfbuscador/auditoria/e1bebeea6f6a1cd3580f4dea16292c59/html,05,ALGARROBO,https://www.contraloria.cl/SicaProd/SICAv3-BIFAPortalCGR/faces/newDetalleInforme?docIdcm=e1bebeea6f6a1cd3580f4dea16292c59,C,Informe de Investigación Especial,30001,https://www.contraloria.cl/SicaProd/SICAv3-BIFAPortalCGR/servletfichainformegoogle?docIdcm=e1bebeea6f6a1cd3580f4dea16292c59&pdf=1