IDACTIVIDAD,CODIGOSUBDERE,FECHAINFORME,NOMBRESERVICIO,ANOINFORME,NUMEROINFORME,MATERIAINFORME,FICHAINFORMEBIFA,C_REG_SUBDERE,NOMBRESUBDERE,FICHAINFORME,TIPOSUBDERE,TIPOINFORME,IDINFORME,PDFINFORME
28450,13502,2016-01-26 00:00:00.0,DEPARTAMENTO DE SALUD DE ALHUE,2015,838,INFORME FINAL 838-15 DEPARTAMENTO DE SALUD DE ALHUE - SOBRE AUDITORIA AL MACROPROCESO DE RECURSOS HUMANOS - ENERO 2016,https://www.contraloria.cl/pdfbuscador/auditoria/b50a7757313f2b302a27799aeac3491f/html,13,ALHUE,https://www.contraloria.cl/SicaProd/SICAv3-BIFAPortalCGR/faces/newDetalleInforme?docIdcm=b50a7757313f2b302a27799aeac3491f,C,Informe Final de Auditoría,17083,https://www.contraloria.cl/SicaProd/SICAv3-BIFAPortalCGR/servletfichainformegoogle?docIdcm=b50a7757313f2b302a27799aeac3491f&pdf=1
36787,13502,2017-01-30 00:00:00.0,DEPARTAMENTO DE EDUCACION DE ALHUE,2016,438,INFORME DE INVESTIGACIÓN ESPECIAL 438-2016 DEPARTAMENTO DE EDUCACIÓN MUNICIPALIDAD DE ALHUÉ SOBRE PAGO COTIZACIONES PREVISIONALES Y DESCUENTOS REALIZADOS A FUNCIONARIOS - DICIEMBRE 2016,https://www.contraloria.cl/pdfbuscador/auditoria/e6b62eafab0c4258327719789c34ca47/html,13,ALHUE,https://www.contraloria.cl/SicaProd/SICAv3-BIFAPortalCGR/faces/newDetalleInforme?docIdcm=e6b62eafab0c4258327719789c34ca47,C,Informe de Investigación Especial,20552,https://www.contraloria.cl/SicaProd/SICAv3-BIFAPortalCGR/servletfichainformegoogle?docIdcm=e6b62eafab0c4258327719789c34ca47&pdf=1
34425,13502,2016-12-30 00:00:00.0,MUNICIPALIDAD DE ALHUE,2016,1023,INFORME FINAL 1023-16 - MUNICIPALIDAD DE ALHUE - AUDITORIA AL MACROPROCESO DE ADQUISIONES Y ABASTECIMIENTOS - DICIEMBRE 2016,https://www.contraloria.cl/pdfbuscador/auditoria/52a4e9dd27327114ed2d0b26d2048dc9/html,13,ALHUE,https://www.contraloria.cl/SicaProd/SICAv3-BIFAPortalCGR/faces/newDetalleInforme?docIdcm=52a4e9dd27327114ed2d0b26d2048dc9,C,Informe Final de Auditoría,20511,https://www.contraloria.cl/SicaProd/SICAv3-BIFAPortalCGR/servletfichainformegoogle?docIdcm=52a4e9dd27327114ed2d0b26d2048dc9&pdf=1
42412,13502,2017-12-07 00:00:00.0,MUNICIPALIDAD DE ALHUE,2017,667,INFORME FINAL 667-2017 MUNICIPALIDAD DE ALHUÉ AUDITORÍA AL PROCESO DE FORMULACIÓN EJECUCIÓN Y CONTROL DE PRESUPESTO DE LA GESTIÓN MUNICIPAL - DICEMBRE 2017,https://www.contraloria.cl/pdfbuscador/auditoria/cf3d69e5b5ef747d22c482ebf1088d76/html,13,ALHUE,https://www.contraloria.cl/SicaProd/SICAv3-BIFAPortalCGR/faces/newDetalleInforme?docIdcm=cf3d69e5b5ef747d22c482ebf1088d76,C,Informe Final de Auditoría,22305,https://www.contraloria.cl/SicaProd/SICAv3-BIFAPortalCGR/servletfichainformegoogle?docIdcm=cf3d69e5b5ef747d22c482ebf1088d76&pdf=1
58370,13502,2019-12-03 00:00:00.0,MUNICIPALIDAD DE ALHUE,2019,658,INFORME FINAL 658-2019 AUDITORIA A LOS CONTRATOS DE OBRA EJECUTADOS POR LA MUNICIPALIDAD DE ALHUE - DICIEMBRE 2019,https://www.contraloria.cl/pdfbuscador/auditoria/18cdc1e49771641c5bb11840ebebc0c5/html,13,ALHUE,https://www.contraloria.cl/SicaProd/SICAv3-BIFAPortalCGR/faces/newDetalleInforme?docIdcm=18cdc1e49771641c5bb11840ebebc0c5,C,Informe Final de Auditoría,30454,https://www.contraloria.cl/SicaProd/SICAv3-BIFAPortalCGR/servletfichainformegoogle?docIdcm=18cdc1e49771641c5bb11840ebebc0c5&pdf=1
58137,13502,2019-12-16 00:00:00.0,MUNICIPALIDAD DE ALHUE,2019,838,INFORME FINAL N° 838-2019 - MUNICIPALIDAD DE ALHUE - AUDITORIA AL MACROPROCESO DE INGRESOS PROPIOS POR CONCEPTO DE PERMISOS DE CIRCULACION - DICIEMBRE 2019,https://www.contraloria.cl/pdfbuscador/auditoria/52a19b1c202c7278740a64c1edaa980b/html,13,ALHUE,https://www.contraloria.cl/SicaProd/SICAv3-BIFAPortalCGR/faces/newDetalleInforme?docIdcm=52a19b1c202c7278740a64c1edaa980b,C,Informe Final de Auditoría,30724,https://www.contraloria.cl/SicaProd/SICAv3-BIFAPortalCGR/servletfichainformegoogle?docIdcm=52a19b1c202c7278740a64c1edaa980b&pdf=1
66928,13502,2020-03-12 00:00:00.0,MUNICIPALIDAD DE ALHUE,2019,968,INFORME FINAL DE INVESTIGACIÓN ESPECIAL 968-2019 MUNICIPALIDAD DE ALHUE,https://www.contraloria.cl/pdfbuscador/auditoria/7974bee1aa0dd985eb94392c7b705bda/html,13,ALHUE,https://www.contraloria.cl/SicaProd/SICAv3-BIFAPortalCGR/faces/newDetalleInforme?docIdcm=7974bee1aa0dd985eb94392c7b705bda,C,Informe de Investigación Especial,32292,https://www.contraloria.cl/SicaProd/SICAv3-BIFAPortalCGR/servletfichainformegoogle?docIdcm=7974bee1aa0dd985eb94392c7b705bda&pdf=1