IDACTIVIDAD,CODIGOSUBDERE,FECHAINFORME,NOMBRESERVICIO,ANOINFORME,NUMEROINFORME,MATERIAINFORME,FICHAINFORMEBIFA,C_REG_SUBDERE,NOMBRESUBDERE,FICHAINFORME,TIPOSUBDERE,TIPOINFORME,IDINFORME,PDFINFORME
29218,01107,2015-05-26 00:00:00.0,DEPARTAMENTO DE EDUCACION DE ALTO HOSPICIO,2015,446,INFORME INVESTIGACION ESPECIAL 446-2015 MUNICIPALIDAD DE ALTO HOSPICIO USO DE FONDOS JUNJI- MAYO 2015,https://www.contraloria.cl/pdfbuscador/auditoria/def7bd3db3b40dafccbae21e2824fcb5/html,01,ALTO HOSPICIO,https://www.contraloria.cl/SicaProd/SICAv3-BIFAPortalCGR/faces/newDetalleInforme?docIdcm=def7bd3db3b40dafccbae21e2824fcb5,C,Informe de Investigación Especial,13930,https://www.contraloria.cl/SicaProd/SICAv3-BIFAPortalCGR/servletfichainformegoogle?docIdcm=def7bd3db3b40dafccbae21e2824fcb5&pdf=1
28235,01107,2015-08-31 00:00:00.0,MUNICIPALIDAD DE ALTO HOSPICIO,2015,714,INFORME FINAL 714-15 MUNICIPALIDAD DE ALTO HOSPICIO OBRE AUDITORIA A LAS CONTRATACIONES DE HONORARIOS EN PROGRAMAS COMUNITARIOS- AGOSTO 2015,https://www.contraloria.cl/pdfbuscador/auditoria/9d750d1c272cead06863931f2a0d5448/html,01,ALTO HOSPICIO,https://www.contraloria.cl/SicaProd/SICAv3-BIFAPortalCGR/faces/newDetalleInforme?docIdcm=9d750d1c272cead06863931f2a0d5448,C,Informe Final de Auditoría,14695,https://www.contraloria.cl/SicaProd/SICAv3-BIFAPortalCGR/servletfichainformegoogle?docIdcm=9d750d1c272cead06863931f2a0d5448&pdf=1
33633,01107,2016-10-24 00:00:00.0,MUNICIPALIDAD DE ALTO HOSPICIO,2016,297,INFORME INVESTIGACIÓN ESPECIAL 297-16 MUNICIPALIDAD DE ALTO HOSPICIO PAGO DE HORAS EXTRAORDINARIAS Y GASTO EN PUBLICIDAD- OCTUBRE 2016 ,https://www.contraloria.cl/pdfbuscador/auditoria/06e3b8e950323830b723807d892388ce/html,01,ALTO HOSPICIO,https://www.contraloria.cl/SicaProd/SICAv3-BIFAPortalCGR/faces/newDetalleInforme?docIdcm=06e3b8e950323830b723807d892388ce,C,Informe de Investigación Especial,19294,https://www.contraloria.cl/SicaProd/SICAv3-BIFAPortalCGR/servletfichainformegoogle?docIdcm=06e3b8e950323830b723807d892388ce&pdf=1
34731,01107,2016-10-07 00:00:00.0,MUNICIPALIDAD DE ALTO HOSPICIO,2016,803,INFORME FINAL 803-16 MUNICIPALIDAD DE ALTO HOSPICIO- AUDITORÍA AL GASTO EN PERIODO ELECTORAL - USO DE BIENES - VEHÍCULOS - RRHH - RECURSOS FÍSICOS Y FINANCIEROS - OCTUBRE 2016,https://www.contraloria.cl/pdfbuscador/auditoria/ca2e821ef5d2c93d10414eeaa2317754/html,01,ALTO HOSPICIO,https://www.contraloria.cl/SicaProd/SICAv3-BIFAPortalCGR/faces/newDetalleInforme?docIdcm=ca2e821ef5d2c93d10414eeaa2317754,C,Informe Final de Auditoría,19077,https://www.contraloria.cl/SicaProd/SICAv3-BIFAPortalCGR/servletfichainformegoogle?docIdcm=ca2e821ef5d2c93d10414eeaa2317754&pdf=1
39678,01107,2016-12-28 00:00:00.0,MUNICIPALIDAD DE ALTO HOSPICIO,2016,937,INFORME DE INVESTIGACIÓN ESPECIAL N° 937-16 MUNICIPALIDAD DE ALTO HOSPICIO SOBRE EVENTUALES FALTAS A LAS NORMAS DE PROBIDAD - DICIEMBRE 2016,https://www.contraloria.cl/pdfbuscador/auditoria/c65d345388e98556a39feedab57d17f9/html,01,ALTO HOSPICIO,https://www.contraloria.cl/SicaProd/SICAv3-BIFAPortalCGR/faces/newDetalleInforme?docIdcm=c65d345388e98556a39feedab57d17f9,C,Informe de Investigación Especial,20262,https://www.contraloria.cl/SicaProd/SICAv3-BIFAPortalCGR/servletfichainformegoogle?docIdcm=c65d345388e98556a39feedab57d17f9&pdf=1
42057,01107,2017-05-03 00:00:00.0,MUNICIPALIDAD DE ALTO HOSPICIO,2017,32,"INFORME DE INSPECCIÓN DE OBRA PÚBLICA N° 32-17  MUNICIPALIDAD DE ALTO HOSPICIO SOBRE INSPECCIÓN A LA OBRA ""AMPLIACIÓN COLEGIO SIMÓN BOLÍVAR, II ETAPA""  - MAYO 2017",https://www.contraloria.cl/pdfbuscador/auditoria/f21b6aee21199d3fc56150f294e4341d/html,01,ALTO HOSPICIO,https://www.contraloria.cl/SicaProd/SICAv3-BIFAPortalCGR/faces/newDetalleInforme?docIdcm=f21b6aee21199d3fc56150f294e4341d,C,Informe de Inspección de Obra Pública,20945,https://www.contraloria.cl/SicaProd/SICAv3-BIFAPortalCGR/servletfichainformegoogle?docIdcm=f21b6aee21199d3fc56150f294e4341d&pdf=1
43489,01107,2017-07-27 00:00:00.0,MUNICIPALIDAD DE ALTO HOSPICIO,2017,487,INFORME DE INVESTIGACIÓN ESPECIAL N° 487-17 EN LA MUNICIPALIDAD DE ALTO HOSPICIO SOBRE PRESUNTOS ESTIPENDIOS IMPAGOS - JULIO 2017,https://www.contraloria.cl/pdfbuscador/auditoria/08a47e867cb0a5ba9f9829d849d45c5b/html,01,ALTO HOSPICIO,https://www.contraloria.cl/SicaProd/SICAv3-BIFAPortalCGR/faces/newDetalleInforme?docIdcm=08a47e867cb0a5ba9f9829d849d45c5b,C,Informe de Investigación Especial,21477,https://www.contraloria.cl/SicaProd/SICAv3-BIFAPortalCGR/servletfichainformegoogle?docIdcm=08a47e867cb0a5ba9f9829d849d45c5b&pdf=1
45186,01107,2018-05-15 00:00:00.0,MUNICIPALIDAD DE ALTO HOSPICIO,2017,792,INFORME DE INVESTIGACIÓN ESPECIAL N° 792-17 EN LA MUNICIPALIDAD DE ALTO HOSPICIO SOBRE PRESUNTAS IRREGULARIDADES EN EL USO DEL CCAHO - MAYO 2018,https://www.contraloria.cl/pdfbuscador/auditoria/9d3d4f51a5cb159a5084bfe0aea137ea/html,01,ALTO HOSPICIO,https://www.contraloria.cl/SicaProd/SICAv3-BIFAPortalCGR/faces/newDetalleInforme?docIdcm=9d3d4f51a5cb159a5084bfe0aea137ea,C,Informe de Investigación Especial,24068,https://www.contraloria.cl/SicaProd/SICAv3-BIFAPortalCGR/servletfichainformegoogle?docIdcm=9d3d4f51a5cb159a5084bfe0aea137ea&pdf=1
45195,01107,2017-10-30 00:00:00.0,MUNICIPALIDAD DE ALTO HOSPICIO,2017,795,INFORME DE INVESTIGACIÓN ESPECIAL 795-17 EN LA MUNICIPALIDAD DE ALTO HOSPICIO SOBRE PRESUNTAS IRREGULARIDADES EN DIVERSAS MATERIAS DE PERSONAL - OCTUBRE 2017,https://www.contraloria.cl/pdfbuscador/auditoria/55218fa83a49d144f0bfba4df503e620/html,01,ALTO HOSPICIO,https://www.contraloria.cl/SicaProd/SICAv3-BIFAPortalCGR/faces/newDetalleInforme?docIdcm=55218fa83a49d144f0bfba4df503e620,C,Informe de Investigación Especial,22015,https://www.contraloria.cl/SicaProd/SICAv3-BIFAPortalCGR/servletfichainformegoogle?docIdcm=55218fa83a49d144f0bfba4df503e620&pdf=1
45402,01107,2017-11-08 00:00:00.0,MUNICIPALIDAD DE ALTO HOSPICIO,2017,859,INFORME DE INVESTIGACIÓN ESPECIAL N° 859-17 EN LA MUNICIPALIDAD DE ALTO HOSPICIO SOBRE IRREGULARIDADES EN GASTOS EFECTUADOS PARA LA EMERGENCIA POR INCENDIO - NOVIEMBRE 2017,https://www.contraloria.cl/pdfbuscador/auditoria/d987d30d9f402b32c3c43731c2784454/html,01,ALTO HOSPICIO,https://www.contraloria.cl/SicaProd/SICAv3-BIFAPortalCGR/faces/newDetalleInforme?docIdcm=d987d30d9f402b32c3c43731c2784454,C,Informe de Investigación Especial,22084,https://www.contraloria.cl/SicaProd/SICAv3-BIFAPortalCGR/servletfichainformegoogle?docIdcm=d987d30d9f402b32c3c43731c2784454&pdf=1
41405,01107,2017-11-27 00:00:00.0,MUNICIPALIDAD DE ALTO HOSPICIO,2017,939,INFORME FINAL N° 939-17 EN LA MUNICIPALIDAD DE ALTO HOSPICIO SOBRE MACROPROCESO DE CONCESIÓN DEL SERVICIO DE ASEO - NOVIEMBRE 2017,https://www.contraloria.cl/pdfbuscador/auditoria/0fa3bd6d8d5617814238fe1de4821ef1/html,01,ALTO HOSPICIO,https://www.contraloria.cl/SicaProd/SICAv3-BIFAPortalCGR/faces/newDetalleInforme?docIdcm=0fa3bd6d8d5617814238fe1de4821ef1,C,Informe Final de Auditoría,22216,https://www.contraloria.cl/SicaProd/SICAv3-BIFAPortalCGR/servletfichainformegoogle?docIdcm=0fa3bd6d8d5617814238fe1de4821ef1&pdf=1
45931,01107,2017-12-07 00:00:00.0,MUNICIPALIDAD DE ALTO HOSPICIO,2017,947,INFORME DE INVESTIGACIÓN ESPECIAL N° 947-17 DE LA MUNICIPALIDAD DE ALTO HOSPICIO SOBRE EVENTUALES IRREGULARIDADES EN PROCESOS DE LICITACIONES Y CONTRATACIONES DIRECTAS - DICIEMBRE 2017,https://www.contraloria.cl/pdfbuscador/auditoria/b9bb13b615ad47eb416c467160e1e1c6/html,01,ALTO HOSPICIO,https://www.contraloria.cl/SicaProd/SICAv3-BIFAPortalCGR/faces/newDetalleInforme?docIdcm=b9bb13b615ad47eb416c467160e1e1c6,C,Informe de Investigación Especial,22400,https://www.contraloria.cl/SicaProd/SICAv3-BIFAPortalCGR/servletfichainformegoogle?docIdcm=b9bb13b615ad47eb416c467160e1e1c6&pdf=1
53297,01107,2018-12-11 00:00:00.0,MUNICIPALIDAD DE ALTO HOSPICIO,2018,696,INFORME DE INSPECCIÓN DE OBRA PÚBLICA N° 696-18 EN LA MUNICIPALIDAD DE ALTO HOSPICIO SOBRE CONSTRUCCION CEMENTERIO MUNICIPAL - DICIEMBRE 2018,https://www.contraloria.cl/pdfbuscador/auditoria/f7d411d2a78ecf626a41b02acb736c3e/html,01,ALTO HOSPICIO,https://www.contraloria.cl/SicaProd/SICAv3-BIFAPortalCGR/faces/newDetalleInforme?docIdcm=f7d411d2a78ecf626a41b02acb736c3e,C,Informe de Inspección de Obra Pública,26925,https://www.contraloria.cl/SicaProd/SICAv3-BIFAPortalCGR/servletfichainformegoogle?docIdcm=f7d411d2a78ecf626a41b02acb736c3e&pdf=1
52459,01107,2018-11-26 00:00:00.0,MUNICIPALIDAD DE ALTO HOSPICIO,2018,728,INFORME DE INVESTIGACION ESPECIAL N° 728-18 EN LA MUNICIPALIDAD DE ALTO HOSPICIO SOBRE IRREGULARIDADES EN FINANCIAMIENTO CARNAVAL VERANO 2018 - NOVIEMBRE 2018,https://www.contraloria.cl/pdfbuscador/auditoria/88eba110739e8fe03104c3f45c5e2e13/html,01,ALTO HOSPICIO,https://www.contraloria.cl/SicaProd/SICAv3-BIFAPortalCGR/faces/newDetalleInforme?docIdcm=88eba110739e8fe03104c3f45c5e2e13,C,Informe de Investigación Especial,26684,https://www.contraloria.cl/SicaProd/SICAv3-BIFAPortalCGR/servletfichainformegoogle?docIdcm=88eba110739e8fe03104c3f45c5e2e13&pdf=1
55805,01107,2019-11-15 00:00:00.0,MUNICIPALIDAD DE ALTO HOSPICIO,2019,64,INFORME DE INVESTIGACION ESPECIAL N° 64-19 EN LA MUNICIPALIDAD DE ALTO HOSPICIO SOBRE CONSTRUCCION CEMENTERIO MUNICIPAL - NOVIEMBRE 2019,https://www.contraloria.cl/pdfbuscador/auditoria/b412ce6bd1b06af952d609ade664c77e/html,01,ALTO HOSPICIO,https://www.contraloria.cl/SicaProd/SICAv3-BIFAPortalCGR/faces/newDetalleInforme?docIdcm=b412ce6bd1b06af952d609ade664c77e,C,Informe de Investigación Especial,30329,https://www.contraloria.cl/SicaProd/SICAv3-BIFAPortalCGR/servletfichainformegoogle?docIdcm=b412ce6bd1b06af952d609ade664c77e&pdf=1
58036,01107,2019-10-08 00:00:00.0,MUNICIPALIDAD DE ALTO HOSPICIO,2019,646,INFORME DE INVESTIGACION ESPECIAL N° 646-19 EN LA MUNICIPALIDAD DE ALTO HOSPICIO SOBRE EVENTUAL IRREGULARIDAD DE CONTRATACION - OCTUBRE 2019,https://www.contraloria.cl/pdfbuscador/auditoria/61ac196095a1230e1ec36c19e71baf70/html,01,ALTO HOSPICIO,https://www.contraloria.cl/SicaProd/SICAv3-BIFAPortalCGR/faces/newDetalleInforme?docIdcm=61ac196095a1230e1ec36c19e71baf70,C,Informe de Investigación Especial,30048,https://www.contraloria.cl/SicaProd/SICAv3-BIFAPortalCGR/servletfichainformegoogle?docIdcm=61ac196095a1230e1ec36c19e71baf70&pdf=1
57370,01107,2019-11-06 00:00:00.0,MUNICIPALIDAD DE ALTO HOSPICIO,2019,721,INFORME FINAL N° 721-19 EN LA MUNICIPALIDAD DE ALTO HOSPICIO SOBRE ASIGNACIONES REMUNERATORIAS - NOVIEMBRE 2019,https://www.contraloria.cl/pdfbuscador/auditoria/13008a28b6f690151e5f6f73809c7aec/html,01,ALTO HOSPICIO,https://www.contraloria.cl/SicaProd/SICAv3-BIFAPortalCGR/faces/newDetalleInforme?docIdcm=13008a28b6f690151e5f6f73809c7aec,C,Informe Final de Auditoría,30276,https://www.contraloria.cl/SicaProd/SICAv3-BIFAPortalCGR/servletfichainformegoogle?docIdcm=13008a28b6f690151e5f6f73809c7aec&pdf=1