IDACTIVIDAD,CODIGOSUBDERE,FECHAINFORME,NOMBRESERVICIO,ANOINFORME,NUMEROINFORME,MATERIAINFORME,FICHAINFORMEBIFA,C_REG_SUBDERE,NOMBRESUBDERE,FICHAINFORME,TIPOSUBDERE,TIPOINFORME,IDINFORME,PDFINFORME
29588,10202,2015-06-09 00:00:00.0,CORPORACION MUNICIPAL DE ANCUD,2015,354,INFORME INVESTIGACION ESPECIAL 354-15 CORPORACION MUNICIPAL DE ANCUD IRREGURALIDADES EN PAGO DE COTIZACIONES PREVISIONALES - JUNIO 2015,https://www.contraloria.cl/pdfbuscador/auditoria/b6513bcf41894dd6e3fdc913f14bdfe1/html,10,ANCUD,https://www.contraloria.cl/SicaProd/SICAv3-BIFAPortalCGR/faces/newDetalleInforme?docIdcm=b6513bcf41894dd6e3fdc913f14bdfe1,C,Informe de Investigación Especial,14354,https://www.contraloria.cl/SicaProd/SICAv3-BIFAPortalCGR/servletfichainformegoogle?docIdcm=b6513bcf41894dd6e3fdc913f14bdfe1&pdf=1
28867,10202,2015-08-25 00:00:00.0,MUNICIPALIDAD DE ANCUD,2015,502,INFORME FINAL 502-15 MUNICIPALIDAD DE ANCUD - SOBRE AUDITORIA A LAS CONTRATACIONES DE HONORARIOS EN PROGRAMAS COMUNITARIOS - AGOSTO 2015,https://www.contraloria.cl/pdfbuscador/auditoria/2183511762584040348485088019cbc7/html,10,ANCUD,https://www.contraloria.cl/SicaProd/SICAv3-BIFAPortalCGR/faces/newDetalleInforme?docIdcm=2183511762584040348485088019cbc7,C,Informe Final de Auditoría,14721,https://www.contraloria.cl/SicaProd/SICAv3-BIFAPortalCGR/servletfichainformegoogle?docIdcm=2183511762584040348485088019cbc7&pdf=1
32107,10202,2015-12-04 00:00:00.0,CORPORACION MUNICIPAL DE ANCUD,2015,868,INFORME INVESTIGACION ESPECIAL 868-15 CORPORACION MUNICIPAL DE ANCUD EVENTUALES IRREGULARIDADES EN MANTENCION DE INFRAESTRUCTURA EN ESTABLECIMIENTOS EDUCACIONALES - DICIEMBRE 2015,https://www.contraloria.cl/pdfbuscador/auditoria/eb2b76630ccab629908bac7885976e96/html,10,ANCUD,https://www.contraloria.cl/SicaProd/SICAv3-BIFAPortalCGR/faces/newDetalleInforme?docIdcm=eb2b76630ccab629908bac7885976e96,C,Informe de Investigación Especial,17229,https://www.contraloria.cl/SicaProd/SICAv3-BIFAPortalCGR/servletfichainformegoogle?docIdcm=eb2b76630ccab629908bac7885976e96&pdf=1
32750,10202,2015-12-30 00:00:00.0,MUNICIPALIDAD DE ANCUD,2015,1260,INFORME FINAL 1260-15 MUNICIPALIDAD DE ANCUD AUDITORIA MACROPROCESO DE FINANZAS Y CUMPLIMIENTO LEY 20.500 - DICIEMBRE 2015,https://www.contraloria.cl/pdfbuscador/auditoria/232a83cdcc3fd7a884a157030223e910/html,10,ANCUD,https://www.contraloria.cl/SicaProd/SICAv3-BIFAPortalCGR/faces/newDetalleInforme?docIdcm=232a83cdcc3fd7a884a157030223e910,C,Informe Final de Auditoría,16875,https://www.contraloria.cl/SicaProd/SICAv3-BIFAPortalCGR/servletfichainformegoogle?docIdcm=232a83cdcc3fd7a884a157030223e910&pdf=1
34672,10202,2016-10-14 00:00:00.0,MUNICIPALIDAD DE ANCUD,2016,799,INFORME FINAL 799-16 MUNICIPALIDAD DE ANCUD AUDITORIA A USO DE BIENES VEHICULOS Y RECURSOS FISICOS Y FINANCIEROS EN AÑO ELECTORAL - OCTUBRE 2016,https://www.contraloria.cl/pdfbuscador/auditoria/7604380a571f4a5795ea8e51dca507a1/html,10,ANCUD,https://www.contraloria.cl/SicaProd/SICAv3-BIFAPortalCGR/faces/newDetalleInforme?docIdcm=7604380a571f4a5795ea8e51dca507a1,C,Informe Final de Auditoría,19133,https://www.contraloria.cl/SicaProd/SICAv3-BIFAPortalCGR/servletfichainformegoogle?docIdcm=7604380a571f4a5795ea8e51dca507a1&pdf=1
42658,10202,2017-12-12 00:00:00.0,CORPORACION MUNICIPAL DE ANCUD,2017,417,INFORME_DE_INVESTIGACION_ESPECIAL_417_17_CORPORACION_MUNICIPAL_DE_ANCUD_PAGO_INDEMNIZACIONES_BONIFICACION_POR_RETIRO_VOLUNTARIO_Y_NO_PAGO_COTIZACIONES_PREVISIONALES_DICIEMBRE_2017,https://www.contraloria.cl/pdfbuscador/auditoria/2af7ddf56fbf68b8de6857544cb41c17/html,10,ANCUD,https://www.contraloria.cl/SicaProd/SICAv3-BIFAPortalCGR/faces/newDetalleInforme?docIdcm=2af7ddf56fbf68b8de6857544cb41c17,C,Informe de Investigación Especial,22697,https://www.contraloria.cl/SicaProd/SICAv3-BIFAPortalCGR/servletfichainformegoogle?docIdcm=2af7ddf56fbf68b8de6857544cb41c17&pdf=1
41754,10202,2017-11-17 00:00:00.0,MUNICIPALIDAD DE ANCUD,2017,419,INFORME_FINAL_419_17_MUNICIPALIDAD_DE_ANCUD_AUDITORIA_MACROPROCESO_DE_FINANZAS_NOVIEMBRE_2017,https://www.contraloria.cl/pdfbuscador/auditoria/97918aa35f8ae517789045e36bb5550a/html,10,ANCUD,https://www.contraloria.cl/SicaProd/SICAv3-BIFAPortalCGR/faces/newDetalleInforme?docIdcm=97918aa35f8ae517789045e36bb5550a,C,Informe Final de Auditoría,22159,https://www.contraloria.cl/SicaProd/SICAv3-BIFAPortalCGR/servletfichainformegoogle?docIdcm=97918aa35f8ae517789045e36bb5550a&pdf=1
41989,10202,2018-02-01 00:00:00.0,CORPORACION MUNICIPAL DE ANCUD,2018,261,INFORME_FINAL_261_17_CORPORACION_MUNICIPAL_DE_ANCUD_AUDITORIA_PROGRAMA_DE_ATENCION_PRIMARIA_APS_FEBRERO_2018,https://www.contraloria.cl/pdfbuscador/auditoria/432bb973e4b5bb364955a03a21ba6164/html,10,ANCUD,https://www.contraloria.cl/SicaProd/SICAv3-BIFAPortalCGR/faces/newDetalleInforme?docIdcm=432bb973e4b5bb364955a03a21ba6164,C,Informe Final de Auditoría,23136,https://www.contraloria.cl/SicaProd/SICAv3-BIFAPortalCGR/servletfichainformegoogle?docIdcm=432bb973e4b5bb364955a03a21ba6164&pdf=1
51090,10202,2018-12-19 00:00:00.0,MUNICIPALIDAD DE ANCUD,2018,628,INFORME_FINAL_628_18_MUNICIPALIDAD_DE_ANCUD_AUDITORIA_MACROPROCESO_DE_ADQUISICIONES_Y_ABASTECIMIENTO_DICIEMBRE_2018,https://www.contraloria.cl/pdfbuscador/auditoria/c449b48073a9c3eeb97e073d8a8fe48f/html,10,ANCUD,https://www.contraloria.cl/SicaProd/SICAv3-BIFAPortalCGR/faces/newDetalleInforme?docIdcm=c449b48073a9c3eeb97e073d8a8fe48f,C,Informe Final de Auditoría,27231,https://www.contraloria.cl/SicaProd/SICAv3-BIFAPortalCGR/servletfichainformegoogle?docIdcm=c449b48073a9c3eeb97e073d8a8fe48f&pdf=1
55655,10202,2019-07-01 00:00:00.0,MUNICIPALIDAD DE ANCUD,2019,209,INFORME FINAL 209-19 MUNICIPALIDAD DE ANCUD AUDITORIA A TRANSFERENCIAS EN SECTOR PRIVADO OTORGADAS POR LA MUNICIPALIDAD EN EL AÑO 2017 - JULIO 2019,https://www.contraloria.cl/pdfbuscador/auditoria/44b375b64a310830eb57f168d22c8ce1/html,10,ANCUD,https://www.contraloria.cl/SicaProd/SICAv3-BIFAPortalCGR/faces/newDetalleInforme?docIdcm=44b375b64a310830eb57f168d22c8ce1,C,Informe Final de Auditoría,29274,https://www.contraloria.cl/SicaProd/SICAv3-BIFAPortalCGR/servletfichainformegoogle?docIdcm=44b375b64a310830eb57f168d22c8ce1&pdf=1