IDACTIVIDAD,CODIGOSUBDERE,FECHAINFORME,NOMBRESERVICIO,ANOINFORME,NUMEROINFORME,MATERIAINFORME,FICHAINFORMEBIFA,C_REG_SUBDERE,NOMBRESUBDERE,FICHAINFORME,TIPOSUBDERE,TIPOINFORME,IDINFORME,PDFINFORME
30871,09201,2015-09-17 00:00:00.0,MUNICIPALIDAD DE ANGOL,2015,775,"INFORME INVESTIGACIÓN ESPECIAL 775-15 MUNICIPALIDAD DE ANGOL, SOBRE PRESUNTAS IRREGULARIDADES EN DEPARTAMENTO ADMINISTRACIÓN Y FINANZAS-SEPTIEMBRE 2015",https://www.contraloria.cl/pdfbuscador/auditoria/df241a9dd69d4fa779b945990990d8b1/html,09,ANGOL,https://www.contraloria.cl/SicaProd/SICAv3-BIFAPortalCGR/faces/newDetalleInforme?docIdcm=df241a9dd69d4fa779b945990990d8b1,C,Informe de Investigación Especial,14884,https://www.contraloria.cl/SicaProd/SICAv3-BIFAPortalCGR/servletfichainformegoogle?docIdcm=df241a9dd69d4fa779b945990990d8b1&pdf=1
39023,09201,2017-04-11 00:00:00.0,DEPARTAMENTO DE SALUD MUNICIPAL DE ANGOL,2017,107,"INFORME DE INVESTIGACIÓN ESPECIAL 107-2017 MUNICIPALIDAD DE ANGOL, SOBRE REMUNERACIONES -ABRIL 2017",https://www.contraloria.cl/pdfbuscador/auditoria/1717aaebf14d535c47570ac23fecb954/html,09,ANGOL,https://www.contraloria.cl/SicaProd/SICAv3-BIFAPortalCGR/faces/newDetalleInforme?docIdcm=1717aaebf14d535c47570ac23fecb954,C,Informe de Investigación Especial,20811,https://www.contraloria.cl/SicaProd/SICAv3-BIFAPortalCGR/servletfichainformegoogle?docIdcm=1717aaebf14d535c47570ac23fecb954&pdf=1
40632,09201,2017-04-13 00:00:00.0,DEPARTAMENTO DE EDUCACION MUNICIPAL DE ANGOL,2017,140,INFORME DE INVESTIGACIÓN ESPECIAL 140-2017 MUNICIPALIDAD DE ANGOL SOBRE IRREGULARIDADES EN LA ESCUELA ESPECIAL  - ABRIL 2017,https://www.contraloria.cl/pdfbuscador/auditoria/35b3abf4e83aeab09bbe0e86b03e19d9/html,09,ANGOL,https://www.contraloria.cl/SicaProd/SICAv3-BIFAPortalCGR/faces/newDetalleInforme?docIdcm=35b3abf4e83aeab09bbe0e86b03e19d9,C,Informe de Investigación Especial,20904,https://www.contraloria.cl/SicaProd/SICAv3-BIFAPortalCGR/servletfichainformegoogle?docIdcm=35b3abf4e83aeab09bbe0e86b03e19d9&pdf=1
43793,09201,2017-08-11 00:00:00.0,MUNICIPALIDAD DE ANGOL,2017,382,"INFORME DE INVESTIGACIÓN ESPECIAL 382-17 MUNICIPALIDAD DE ANGOL, SOBRE EL FUNCIONAMIENTO DEL MUSEO HISTORICO DE ANGOL- AGOSTO 2017",https://www.contraloria.cl/pdfbuscador/auditoria/04a825ddc2683bcfa03266645ba04089/html,09,ANGOL,https://www.contraloria.cl/SicaProd/SICAv3-BIFAPortalCGR/faces/newDetalleInforme?docIdcm=04a825ddc2683bcfa03266645ba04089,C,Informe de Investigación Especial,22140,https://www.contraloria.cl/SicaProd/SICAv3-BIFAPortalCGR/servletfichainformegoogle?docIdcm=04a825ddc2683bcfa03266645ba04089&pdf=1
45369,09201,2017-11-07 00:00:00.0,DEPARTAMENTO DE EDUCACION MUNICIPAL DE ANGOL,2017,830,"INFORME DE INVESTIGACIÓN ESPECIAL 830-17 DEPTO ED MUNICIPALIDAD DE ANGOL, SOBRE MATERIA DE PERSONAL - NOVIEMBRE 2017",https://www.contraloria.cl/pdfbuscador/auditoria/12c77118e3156120c670130bb6d9e570/html,09,ANGOL,https://www.contraloria.cl/SicaProd/SICAv3-BIFAPortalCGR/faces/newDetalleInforme?docIdcm=12c77118e3156120c670130bb6d9e570,C,Informe de Investigación Especial,22110,https://www.contraloria.cl/SicaProd/SICAv3-BIFAPortalCGR/servletfichainformegoogle?docIdcm=12c77118e3156120c670130bb6d9e570&pdf=1
45746,09201,2017-11-22 00:00:00.0,MUNICIPALIDAD DE ANGOL,2017,901,"INFORME DE INVESTIGACIÓN ESPECIAL 901-17 MUNICIPALIDAD DE ANGOL, SOBRE CLUB SOCIAL DEPORTIVO Y CULTURAL- NOVIEMBRE 2017",https://www.contraloria.cl/pdfbuscador/auditoria/e39577b85421e224db53c06bf6223f75/html,09,ANGOL,https://www.contraloria.cl/SicaProd/SICAv3-BIFAPortalCGR/faces/newDetalleInforme?docIdcm=e39577b85421e224db53c06bf6223f75,C,Informe de Investigación Especial,22197,https://www.contraloria.cl/SicaProd/SICAv3-BIFAPortalCGR/servletfichainformegoogle?docIdcm=e39577b85421e224db53c06bf6223f75&pdf=1
42015,09201,2017-12-14 00:00:00.0,DEPARTAMENTO DE EDUCACION MUNICIPAL DE ANGOL,2017,1029,"INFORME FINAL 1.029-2017 DEPTO DE EDUCACIÓN MUNICIPAL ANGOL, SOBRE FONDO DE APOYO A LA EDUCACIÓN-DICIEMBRE 2017",https://www.contraloria.cl/pdfbuscador/auditoria/189f9f5783d2d6d519e5630fb0943474/html,09,ANGOL,https://www.contraloria.cl/SicaProd/SICAv3-BIFAPortalCGR/faces/newDetalleInforme?docIdcm=189f9f5783d2d6d519e5630fb0943474,C,Informe Final de Auditoría,22431,https://www.contraloria.cl/SicaProd/SICAv3-BIFAPortalCGR/servletfichainformegoogle?docIdcm=189f9f5783d2d6d519e5630fb0943474&pdf=1
51627,09201,2018-10-04 00:00:00.0,MUNICIPALIDAD DE ANGOL,2018,532,"INFORME DE INVESTIGACIÓN ESPECIAL 532-18 MUNICIPALIDAD DE ANGOL, SOBRE ADMINISTRACIÓN DEL CEMENTERIO MUNICIPAL- OCTUBRE 2018",https://www.contraloria.cl/pdfbuscador/auditoria/df46ee97950e12c9fe7b1d5c559d8389/html,09,ANGOL,https://www.contraloria.cl/SicaProd/SICAv3-BIFAPortalCGR/faces/newDetalleInforme?docIdcm=df46ee97950e12c9fe7b1d5c559d8389,C,Informe de Investigación Especial,26182,https://www.contraloria.cl/SicaProd/SICAv3-BIFAPortalCGR/servletfichainformegoogle?docIdcm=df46ee97950e12c9fe7b1d5c559d8389&pdf=1
52025,09201,2018-12-27 00:00:00.0,DEPARTAMENTO DE EDUCACION MUNICIPAL DE ANGOL,2018,792,"INFORME DE INVESTIGACIÓN ESPECIAL 792-18 MUNICIPALIDAD DE ANGOL, SOBRE INFORMECIÓN FINANCIERA DEPTO EDUCACIÓN-DICIEMBRE 2018",https://www.contraloria.cl/pdfbuscador/auditoria/6617e5aeff995cffa39578794018f5fa/html,09,ANGOL,https://www.contraloria.cl/SicaProd/SICAv3-BIFAPortalCGR/faces/newDetalleInforme?docIdcm=6617e5aeff995cffa39578794018f5fa,C,Informe de Investigación Especial,27205,https://www.contraloria.cl/SicaProd/SICAv3-BIFAPortalCGR/servletfichainformegoogle?docIdcm=6617e5aeff995cffa39578794018f5fa&pdf=1
58372,09201,2019-10-22 00:00:00.0,MUNICIPALIDAD DE ANGOL,2019,715,"INFORME DE INVESTIGACIÓN ESPECIAL 715-19 MUNICIPALIDAD DE ANGOL, SOBRE DERECHOS DE ASEO DOMICILIARIO-OCTUBRE 2019",https://www.contraloria.cl/pdfbuscador/auditoria/a8cf32c17595e344a0a86778a7998723/html,09,ANGOL,https://www.contraloria.cl/SicaProd/SICAv3-BIFAPortalCGR/faces/newDetalleInforme?docIdcm=a8cf32c17595e344a0a86778a7998723,C,Informe de Investigación Especial,30182,https://www.contraloria.cl/SicaProd/SICAv3-BIFAPortalCGR/servletfichainformegoogle?docIdcm=a8cf32c17595e344a0a86778a7998723&pdf=1