IDACTIVIDAD,CODIGOSUBDERE,FECHAINFORME,NOMBRESERVICIO,ANOINFORME,NUMEROINFORME,MATERIAINFORME,FICHAINFORMEBIFA,C_REG_SUBDERE,NOMBRESUBDERE,FICHAINFORME,TIPOSUBDERE,TIPOINFORME,IDINFORME,PDFINFORME
21300,02101,2015-08-11 00:00:00.0,MUNICIPALIDAD DE ANTOFAGASTA,2015,202,INFORME FINAL 202-2015 MUNICIPALIDAD DE ANTOFAGASTA SOBRE AUDITORIA PRACTICADA A LA INVERSION EN OBRAS CON FONDOS DE ORIGEN MUNICIPAL-AGOSTO 2015,https://www.contraloria.cl/pdfbuscador/auditoria/3068f91d6bbc2b2d8bf53546127515a1/html,02,ANTOFAGASTA,https://www.contraloria.cl/SicaProd/SICAv3-BIFAPortalCGR/faces/newDetalleInforme?docIdcm=3068f91d6bbc2b2d8bf53546127515a1,C,Informe Final de Auditoría,14509,https://www.contraloria.cl/SicaProd/SICAv3-BIFAPortalCGR/servletfichainformegoogle?docIdcm=3068f91d6bbc2b2d8bf53546127515a1&pdf=1
27847,02101,2015-05-28 00:00:00.0,MUNICIPALIDAD DE ANTOFAGASTA,2015,303,INVESTIGACION ESPECIAL 303-2015 MUNICIPALIDAD DE ANTOFAGASTA SOBRE EVENTUALES IRREGULARIDADES EN LA CORPORACION CULTURAL DE ANTOFAGASTA - MAYO 2015,https://www.contraloria.cl/pdfbuscador/auditoria/2439c934dc3a0d8a558eb5639974b082/html,02,ANTOFAGASTA,https://www.contraloria.cl/SicaProd/SICAv3-BIFAPortalCGR/faces/newDetalleInforme?docIdcm=2439c934dc3a0d8a558eb5639974b082,C,Informe de Investigación Especial,13907,https://www.contraloria.cl/SicaProd/SICAv3-BIFAPortalCGR/servletfichainformegoogle?docIdcm=2439c934dc3a0d8a558eb5639974b082&pdf=1
28343,02101,2015-08-31 00:00:00.0,MUNICIPALIDAD DE ANTOFAGASTA,2015,540,INFORME FINAL 540-15 MUNICIPALIDAD DE ANTOFAGASTA - SOBRE AUDITORÍA A LAS CONTRATACIONES DE HONORARIOS EN PROGRAMAS COMUNITARIOS - AGOSTO 2015,https://www.contraloria.cl/pdfbuscador/auditoria/4cb1d803b27657480d1eb7a6e981dfa0/html,02,ANTOFAGASTA,https://www.contraloria.cl/SicaProd/SICAv3-BIFAPortalCGR/faces/newDetalleInforme?docIdcm=4cb1d803b27657480d1eb7a6e981dfa0,C,Informe Final de Auditoría,14725,https://www.contraloria.cl/SicaProd/SICAv3-BIFAPortalCGR/servletfichainformegoogle?docIdcm=4cb1d803b27657480d1eb7a6e981dfa0&pdf=1
31443,02101,2015-09-23 00:00:00.0,CORPORACION DE DESARROLLO SOCIAL DE ANTOFAGASTA,2015,815,INFORME INVESTIGACION ESPECIAL 815-15 CORPORACION MUNICIPAL DE DESARROLLO SOCIAL DE ANTOFAGASTA SOBRE RENDICION Y REINTEGRO DE RECURSOS TRANSFERIDOS POR EL SERVICIO DE SALUD ANTOFAGASTA - SEPTIEMBRE 2015,https://www.contraloria.cl/pdfbuscador/auditoria/7de9e7d15ade4ce53c819cef832f76ea/html,02,ANTOFAGASTA,https://www.contraloria.cl/SicaProd/SICAv3-BIFAPortalCGR/faces/newDetalleInforme?docIdcm=7de9e7d15ade4ce53c819cef832f76ea,C,Informe de Investigación Especial,14946,https://www.contraloria.cl/SicaProd/SICAv3-BIFAPortalCGR/servletfichainformegoogle?docIdcm=7de9e7d15ade4ce53c819cef832f76ea&pdf=1
32284,02101,2015-11-05 00:00:00.0,MUNICIPALIDAD DE ANTOFAGASTA,2015,930,INFORME DE INVESTIGACIÓN ESPECIAL 930-2015 MUNICIPALIDAD DE ANTOFAGASTA SOBRE EVENTUALES IRREGULARIDADES EN LA SUPERVISIÓN A LA EJECUCIÓN DEL CONTRATO DENOMINADO ADMINISTRACIÓN CENTRO DE EDUCACIÓN EN TENENCIA RESPONSABLE Y CLÍNICA VETERINARIA MÓVIL-NOVIEMBRE 2015,https://www.contraloria.cl/pdfbuscador/auditoria/434a04ce2ffc476ffbe59c873c9b0c5a/html,02,ANTOFAGASTA,https://www.contraloria.cl/SicaProd/SICAv3-BIFAPortalCGR/faces/newDetalleInforme?docIdcm=434a04ce2ffc476ffbe59c873c9b0c5a,C,Informe de Investigación Especial,15861,https://www.contraloria.cl/SicaProd/SICAv3-BIFAPortalCGR/servletfichainformegoogle?docIdcm=434a04ce2ffc476ffbe59c873c9b0c5a&pdf=1
32549,02101,2015-11-10 00:00:00.0,MUNICIPALIDAD DE ANTOFAGASTA,2015,979,"INFORME INVESTIGACION ESPECIAL 979-15 MUNICIPALIDAD DE ANTOFAGASTA SOBRE EVENTUALES IRREGULARIDADES EN EL PROCESO DE LICITACION, ADJUDICACION Y CONTRATACION DE AREAS VERDES - NOVIEMBRE 2015",https://www.contraloria.cl/pdfbuscador/auditoria/854827934647beb547a43406b330bc8f/html,02,ANTOFAGASTA,https://www.contraloria.cl/SicaProd/SICAv3-BIFAPortalCGR/faces/newDetalleInforme?docIdcm=854827934647beb547a43406b330bc8f,C,Informe de Investigación Especial,16036,https://www.contraloria.cl/SicaProd/SICAv3-BIFAPortalCGR/servletfichainformegoogle?docIdcm=854827934647beb547a43406b330bc8f&pdf=1
28337,02101,2015-12-30 00:00:00.0,CEMENTERIO MUNICIPAL DE ANTOFAGASTA,2015,1020,INFORME FINAL 1020-15 CEMENTERIO MUNICIPAL DE ANTOFAGASTA SOBRE AUDITORIA A LOS INGRESOS OPERACIONALES - DICIEMBRE 2015,https://www.contraloria.cl/pdfbuscador/auditoria/230e2da7dc8c5c40b87d991a157ededa/html,02,ANTOFAGASTA,https://www.contraloria.cl/SicaProd/SICAv3-BIFAPortalCGR/faces/newDetalleInforme?docIdcm=230e2da7dc8c5c40b87d991a157ededa,C,Informe Final de Auditoría,16771,https://www.contraloria.cl/SicaProd/SICAv3-BIFAPortalCGR/servletfichainformegoogle?docIdcm=230e2da7dc8c5c40b87d991a157ededa&pdf=1
32596,02101,2016-01-22 00:00:00.0,MUNICIPALIDAD DE ANTOFAGASTA,2015,1056,INFORME INVESTIGACION ESPECIAL 1056-15 MUNICIPALIDAD DE ANTOFAGASTA SOBRE EJECUCION CONTRATO CON ASOCIACIONES DE RAMADEROS - ENERO 2016,https://www.contraloria.cl/pdfbuscador/auditoria/21f9fb54d358ee2c30b6edf77d5ccaa8/html,02,ANTOFAGASTA,https://www.contraloria.cl/SicaProd/SICAv3-BIFAPortalCGR/faces/newDetalleInforme?docIdcm=21f9fb54d358ee2c30b6edf77d5ccaa8,C,Informe de Investigación Especial,17163,https://www.contraloria.cl/SicaProd/SICAv3-BIFAPortalCGR/servletfichainformegoogle?docIdcm=21f9fb54d358ee2c30b6edf77d5ccaa8&pdf=1
32995,02101,2015-12-30 00:00:00.0,MUNICIPALIDAD DE ANTOFAGASTA,2015,1220,INFORME INVESTIGACION ESPECIAL 1220-15 MUNICIPALIDAD DE ANTOFAGASTA SOBRE EVENTUALES IRREGULARIDADES EN EL CONTRATO DE SERVICIOS DE VIGILANCIA - DICIEMBRE 2015,https://www.contraloria.cl/pdfbuscador/auditoria/78838cd80cc9270e3624f3ebaab2ca40/html,02,ANTOFAGASTA,https://www.contraloria.cl/SicaProd/SICAv3-BIFAPortalCGR/faces/newDetalleInforme?docIdcm=78838cd80cc9270e3624f3ebaab2ca40,C,Informe de Investigación Especial,16806,https://www.contraloria.cl/SicaProd/SICAv3-BIFAPortalCGR/servletfichainformegoogle?docIdcm=78838cd80cc9270e3624f3ebaab2ca40&pdf=1
30398,02101,2016-03-03 00:00:00.0,MUNICIPALIDAD DE ANTOFAGASTA,2015,1313,INFORME FINAL 1313-15 MUNICIPALIDAD DE ANTOFAGASTA ITO A LA OBRA CONSTRUCCION 3 CANCHAS FUTBOL COPA AMERICA ANTOFAGASTA - MARZO 2016,https://www.contraloria.cl/pdfbuscador/auditoria/1884a56cf584bce7f4021650333cac10/html,02,ANTOFAGASTA,https://www.contraloria.cl/SicaProd/SICAv3-BIFAPortalCGR/faces/newDetalleInforme?docIdcm=1884a56cf584bce7f4021650333cac10,C,Informe de Inspección de Obra Pública,17421,https://www.contraloria.cl/SicaProd/SICAv3-BIFAPortalCGR/servletfichainformegoogle?docIdcm=1884a56cf584bce7f4021650333cac10&pdf=1
35126,02101,2017-03-10 00:00:00.0,MUNICIPALIDAD DE ANTOFAGASTA,2016,185,INFORME DE INVESTIGACION ESPECIAL 185-2016 MUNICIPALIDAD DE ANTOFAGASTA SOBRE PRESUNTAS IRREGULARIDADES  EN LA EJECUCIÓN DEL PROGRAMA BARRIO EN PAZ RESIDENCIAL-MARZO 2017,https://www.contraloria.cl/pdfbuscador/auditoria/ebdb4a373e4ce297471c6e5f365ab34c/html,02,ANTOFAGASTA,https://www.contraloria.cl/SicaProd/SICAv3-BIFAPortalCGR/faces/newDetalleInforme?docIdcm=ebdb4a373e4ce297471c6e5f365ab34c,C,Informe de Investigación Especial,20807,https://www.contraloria.cl/SicaProd/SICAv3-BIFAPortalCGR/servletfichainformegoogle?docIdcm=ebdb4a373e4ce297471c6e5f365ab34c&pdf=1
28328,02101,2016-10-13 00:00:00.0,MUNICIPALIDAD DE ANTOFAGASTA,2016,428,INFORME FINAL N° 428-16 SOBRE AUDITORIA A LAS TRANSFERENCIAS AL SECTOR PRIVADO EJECUTADAS ESPECIFICAMENTE A CORPORACIONES MUNICIPALES PRACTICADAS EN LA MUNICIPALIDAD - OCTUBRE 2016 ,https://www.contraloria.cl/pdfbuscador/auditoria/8e564119717e5d3c344b907c779bfba2/html,02,ANTOFAGASTA,https://www.contraloria.cl/SicaProd/SICAv3-BIFAPortalCGR/faces/newDetalleInforme?docIdcm=8e564119717e5d3c344b907c779bfba2,C,Informe Final de Auditoría,19548,https://www.contraloria.cl/SicaProd/SICAv3-BIFAPortalCGR/servletfichainformegoogle?docIdcm=8e564119717e5d3c344b907c779bfba2&pdf=1
36130,02101,2017-07-11 00:00:00.0,MUNICIPALIDAD DE ANTOFAGASTA,2016,436,INFORME FINAL DE INVESTIGACION ESPECIAL 436 DE 2017 SOBRE EVENTUALES IRREGULARIDADES EN LE AEJECUCION DE LOS CONTRATOS DE RECOLECCION Y DISPOSICION DE ASEO DOMICILIARIO Y OTRAS MATERIAS EN AL MUNICIPALIDAD DE ANTOFAGASTA - JULIO 2017,https://www.contraloria.cl/pdfbuscador/auditoria/fd5de97071f001565eb61050f912599b/html,02,ANTOFAGASTA,https://www.contraloria.cl/SicaProd/SICAv3-BIFAPortalCGR/faces/newDetalleInforme?docIdcm=fd5de97071f001565eb61050f912599b,C,Informe de Investigación Especial,21339,https://www.contraloria.cl/SicaProd/SICAv3-BIFAPortalCGR/servletfichainformegoogle?docIdcm=fd5de97071f001565eb61050f912599b&pdf=1
37592,02101,2016-10-24 00:00:00.0,MUNICIPALIDAD DE ANTOFAGASTA,2016,622,INFORME FINAL DE INVESTIGACION ESPECIAL N° 622 DE 2016 MUNICIPALIDAD DE ANTOFAGASTA SOBRE LA EJECUCION DEL PROYECTO CONSTRUCCION DE 34 SOLUCIONES SANITARIAS DIVERSAS UNIDADES VECINALES - OCTUBRE 2016,https://www.contraloria.cl/pdfbuscador/auditoria/f5e53960fd7204fb2a9f9404e43b9df6/html,02,ANTOFAGASTA,https://www.contraloria.cl/SicaProd/SICAv3-BIFAPortalCGR/faces/newDetalleInforme?docIdcm=f5e53960fd7204fb2a9f9404e43b9df6,C,Informe de Investigación Especial,19275,https://www.contraloria.cl/SicaProd/SICAv3-BIFAPortalCGR/servletfichainformegoogle?docIdcm=f5e53960fd7204fb2a9f9404e43b9df6&pdf=1
37960,02101,2016-09-23 00:00:00.0,MUNICIPALIDAD DE ANTOFAGASTA,2016,659,INFORME FINAL DE INVESTIGACION ESPECIAL N° 659 DE 2016 SOBRE PRESUNTO HOSTIGAMIENTO LABORAL FALTA DE CUMPLIMIENTO DE FUNCIONES Y CONFLICTO DE INTERESES EN LA MUNICIPALIDAD DE ANTOFAGASTA,https://www.contraloria.cl/pdfbuscador/auditoria/7772ad326cd49f80fe40761f46018ba1/html,02,ANTOFAGASTA,https://www.contraloria.cl/SicaProd/SICAv3-BIFAPortalCGR/faces/newDetalleInforme?docIdcm=7772ad326cd49f80fe40761f46018ba1,C,Informe de Investigación Especial,18947,https://www.contraloria.cl/SicaProd/SICAv3-BIFAPortalCGR/servletfichainformegoogle?docIdcm=7772ad326cd49f80fe40761f46018ba1&pdf=1
34339,02101,2016-10-13 00:00:00.0,MUNICIPALIDAD DE ANTOFAGASTA,2016,751,INFORME FINAL 751-16 MUNICIPALIDAD DE ANTOFAGASTA AUDITORÍA AL GASTO EN PERIODO ELECTORAL - USO DE BIENES - VEHÍCULOS - RRHH - RECURSOS FÍSICOS Y FINANCIEROS - OCTUBRE 2016,https://www.contraloria.cl/pdfbuscador/auditoria/5414d81478df1bfac24f51d68e5705b2/html,02,ANTOFAGASTA,https://www.contraloria.cl/SicaProd/SICAv3-BIFAPortalCGR/faces/newDetalleInforme?docIdcm=5414d81478df1bfac24f51d68e5705b2,C,Informe Final de Auditoría,19147,https://www.contraloria.cl/SicaProd/SICAv3-BIFAPortalCGR/servletfichainformegoogle?docIdcm=5414d81478df1bfac24f51d68e5705b2&pdf=1
39323,02101,2017-05-12 00:00:00.0,CORPORACION DE DESARROLLO SOCIAL DE ANTOFAGASTA,2017,7,INFORME FINAL DE INVESTIGACIÓN ESPECIAL 7 DE 2017 SOBRE PRESUNTAS IRREGULARIDADES EN LA CONTRATACIÓN DE ASESORÍA COMUNICACIONAL DE LA CORPORACIÓN MUNICIPAL ,https://www.contraloria.cl/pdfbuscador/auditoria/6a59eece88111ea22d6e7f9bda78b841/html,02,ANTOFAGASTA,https://www.contraloria.cl/SicaProd/SICAv3-BIFAPortalCGR/faces/newDetalleInforme?docIdcm=6a59eece88111ea22d6e7f9bda78b841,C,Informe de Investigación Especial,21006,https://www.contraloria.cl/SicaProd/SICAv3-BIFAPortalCGR/servletfichainformegoogle?docIdcm=6a59eece88111ea22d6e7f9bda78b841&pdf=1
40531,02101,2017-05-12 00:00:00.0,CORPORACION DE DESARROLLO SOCIAL DE ANTOFAGASTA,2017,10,INFORME FINAL DE INVESTIGACIÓN ESPECIAL 10 DE 2017 SOBRE PRESUNTAS IRREGULARIDADES EN LA CONTRATACIÓN DE SERVICIOS POR PARTE DE LA CORPORACIÓN MUNICIPAL ,https://www.contraloria.cl/pdfbuscador/auditoria/061f4b1e413dd784a1013aac55955a2f/html,02,ANTOFAGASTA,https://www.contraloria.cl/SicaProd/SICAv3-BIFAPortalCGR/faces/newDetalleInforme?docIdcm=061f4b1e413dd784a1013aac55955a2f,C,Informe de Investigación Especial,21023,https://www.contraloria.cl/SicaProd/SICAv3-BIFAPortalCGR/servletfichainformegoogle?docIdcm=061f4b1e413dd784a1013aac55955a2f&pdf=1
41679,02101,2017-10-25 00:00:00.0,CORPORACION DE DESARROLLO SOCIAL DE ANTOFAGASTA,2017,362,"INFORME FINAL 362-2017 CORPORACION MUNICIPAL DE DESARROLLO SOCIAL DE ANTOFAGASTA SOBRE AUDITORIA A LOS RECURSOS DEL FONDO DE APOYO A LA EDUCACION PUBLICA MUNICIPAL, FAEP AÑO 2015- OCTUBRE 2017",https://www.contraloria.cl/pdfbuscador/auditoria/9e53d5ee047e225291f39804b289d134/html,02,ANTOFAGASTA,https://www.contraloria.cl/SicaProd/SICAv3-BIFAPortalCGR/faces/newDetalleInforme?docIdcm=9e53d5ee047e225291f39804b289d134,C,Informe Final de Auditoría,22051,https://www.contraloria.cl/SicaProd/SICAv3-BIFAPortalCGR/servletfichainformegoogle?docIdcm=9e53d5ee047e225291f39804b289d134&pdf=1
42847,02101,2017-07-03 00:00:00.0,MUNICIPALIDAD DE ANTOFAGASTA,2017,390,INFORME FINAL DE INVESTIGACION ESPECIAL 390 DE 2017 SOBRE EVENTUALES IRREGULARIDADES EN EL EJERCICIO DE FUNCIONES EN EL PROCESO DE ADJUDICACION DE SERVICIOS Y OTRAS MATERIAS EN LA MUNICIPALIDAD DE ANTOFAGASTA,https://www.contraloria.cl/pdfbuscador/auditoria/10c98b23730fd26c0d3e944e4a17d66c/html,02,ANTOFAGASTA,https://www.contraloria.cl/SicaProd/SICAv3-BIFAPortalCGR/faces/newDetalleInforme?docIdcm=10c98b23730fd26c0d3e944e4a17d66c,C,Informe de Investigación Especial,21337,https://www.contraloria.cl/SicaProd/SICAv3-BIFAPortalCGR/servletfichainformegoogle?docIdcm=10c98b23730fd26c0d3e944e4a17d66c&pdf=1
43727,02101,2017-08-10 00:00:00.0,MUNICIPALIDAD DE ANTOFAGASTA,2017,502,INFORME FINAL DE INVESTIGACION ESPECIAL 502 DE 2017 SOBRE LA CONSTRUCCION DE LA OBRA PASEO PEATONAL MANUEL ANTONIO MATTA ANTOFAGASTA - AGOSTO 2017,https://www.contraloria.cl/pdfbuscador/auditoria/fcf8960af217c36fdc8deaa098ba66c7/html,02,ANTOFAGASTA,https://www.contraloria.cl/SicaProd/SICAv3-BIFAPortalCGR/faces/newDetalleInforme?docIdcm=fcf8960af217c36fdc8deaa098ba66c7,C,Informe de Investigación Especial,21566,https://www.contraloria.cl/SicaProd/SICAv3-BIFAPortalCGR/servletfichainformegoogle?docIdcm=fcf8960af217c36fdc8deaa098ba66c7&pdf=1
44666,02101,2017-09-27 00:00:00.0,CEMENTERIO MUNICIPAL DE ANTOFAGASTA,2017,602,INFORME DE INVESTIGACION ESPECIAL 602-2017 CEMENTERIO MUNICIPAL DE ANTOFAGASTA SOBRE EVENTUALES IRREGULARIDADES EN LA VENTA DE DERECHOS DE TERRENOS-SEPTIEMBRE 2017,https://www.contraloria.cl/pdfbuscador/auditoria/8c517074b4ee824e1e52df5783d38c85/html,02,ANTOFAGASTA,https://www.contraloria.cl/SicaProd/SICAv3-BIFAPortalCGR/faces/newDetalleInforme?docIdcm=8c517074b4ee824e1e52df5783d38c85,C,Informe de Investigación Especial,21861,https://www.contraloria.cl/SicaProd/SICAv3-BIFAPortalCGR/servletfichainformegoogle?docIdcm=8c517074b4ee824e1e52df5783d38c85&pdf=1
45360,02101,2018-07-04 00:00:00.0,MUNICIPALIDAD DE ANTOFAGASTA,2017,788,INFORME DE INVESTIGACIÓN ESPECIAL N° 788-17 MUNICIPALIDAD DE ANTOFAGASTA SOBRE CUMPLIMIENTO DE CONVENIOS DE TRANSFERENCIA DE RECURSOS PARA LA EJECUCIÓN DE PROYECTOS SUSCRITOS CON LA SPD - JULIO 2018,https://www.contraloria.cl/pdfbuscador/auditoria/2b391fa8dc326b1ce08100385fea7f73/html,02,ANTOFAGASTA,https://www.contraloria.cl/SicaProd/SICAv3-BIFAPortalCGR/faces/newDetalleInforme?docIdcm=2b391fa8dc326b1ce08100385fea7f73,C,Informe de Investigación Especial,25087,https://www.contraloria.cl/SicaProd/SICAv3-BIFAPortalCGR/servletfichainformegoogle?docIdcm=2b391fa8dc326b1ce08100385fea7f73&pdf=1
46172,02101,2017-11-15 00:00:00.0,MUNICIPALIDAD DE ANTOFAGASTA,2017,829,INFORME INVESTIGACION ESPECIAL 829-2017 MUNICIPALIDAD ANTOFAGASTA PRESUNTOS RETRASOS PAGOS E IRREGULARIDADES EN COBRO DE MULTAS CONSECION ALUMBRADO PUBLICO - NOV.2017,https://www.contraloria.cl/pdfbuscador/auditoria/f24c74c1d281331d0ebfecc0a6f5df00/html,02,ANTOFAGASTA,https://www.contraloria.cl/SicaProd/SICAv3-BIFAPortalCGR/faces/newDetalleInforme?docIdcm=f24c74c1d281331d0ebfecc0a6f5df00,C,Informe de Investigación Especial,22152,https://www.contraloria.cl/SicaProd/SICAv3-BIFAPortalCGR/servletfichainformegoogle?docIdcm=f24c74c1d281331d0ebfecc0a6f5df00&pdf=1
43391,02101,2017-12-22 00:00:00.0,MUNICIPALIDAD DE ANTOFAGASTA,2017,854,INFORME FINAL 854-2017 MUNICIPALIDAD DE ANTOFAGASTA SOBRE AUDITORIA AL CUMPLIMIENTO DEL CONTRATO DE MANTENCIÓN DE ÁREAS VERDES DE LA CIUDAD DE ANTOFAGASTA - DICIEMBRE 2017,https://www.contraloria.cl/pdfbuscador/auditoria/87a41356eccec33175d05942c2f57705/html,02,ANTOFAGASTA,https://www.contraloria.cl/SicaProd/SICAv3-BIFAPortalCGR/faces/newDetalleInforme?docIdcm=87a41356eccec33175d05942c2f57705,C,Informe Final de Auditoría,22771,https://www.contraloria.cl/SicaProd/SICAv3-BIFAPortalCGR/servletfichainformegoogle?docIdcm=87a41356eccec33175d05942c2f57705&pdf=1
45832,02101,2017-11-27 00:00:00.0,MUNICIPALIDAD DE ANTOFAGASTA,2017,872,INFORME INVESTIGACION ESPECIAL 872-2017 MUNICIPALIDA DE ANTOFAGASTA SOBRE LA CONSTRUCCION DE LA OBRA HABILITACION PARQUE GRAN AVENIDA ANTOFAGASTA NOVIEMBRE 2017,https://www.contraloria.cl/pdfbuscador/auditoria/b6aba543aff0d8f77af75217a3031a00/html,02,ANTOFAGASTA,https://www.contraloria.cl/SicaProd/SICAv3-BIFAPortalCGR/faces/newDetalleInforme?docIdcm=b6aba543aff0d8f77af75217a3031a00,C,Informe de Investigación Especial,22242,https://www.contraloria.cl/SicaProd/SICAv3-BIFAPortalCGR/servletfichainformegoogle?docIdcm=b6aba543aff0d8f77af75217a3031a00&pdf=1
41506,02101,2017-12-26 00:00:00.0,MUNICIPALIDAD DE ANTOFAGASTA,2017,874,INFORME FINAL 874-2017 MUNICIPALIDAD DE ANTOFAGASTA SOBRE AUDITORIA AL MACROPROCESO DE CONCESIONES DEL SERVICIO DE ASEO Y BARRIDO DE CALLES DE LA MUNICIPALIDAD DE ANTOFAGASTA - DICIEMBRE 2017,https://www.contraloria.cl/pdfbuscador/auditoria/352b12abcb10b267d46388c06d3bc6e3/html,02,ANTOFAGASTA,https://www.contraloria.cl/SicaProd/SICAv3-BIFAPortalCGR/faces/newDetalleInforme?docIdcm=352b12abcb10b267d46388c06d3bc6e3,C,Informe Final de Auditoría,22742,https://www.contraloria.cl/SicaProd/SICAv3-BIFAPortalCGR/servletfichainformegoogle?docIdcm=352b12abcb10b267d46388c06d3bc6e3&pdf=1
46031,02101,2018-06-18 00:00:00.0,MUNICIPALIDAD DE ANTOFAGASTA,2017,942,INFORME DE INSPECCIÓN DE OBRA PÚBLICA 942-2017 MUNICIPALIDAD DE ANTOFAGASTA SOBRE REPOSICIÓN DE ACERAS DE BARRIO TRADICIONAL ANTOFAGASTA - JUNIO 2018,https://www.contraloria.cl/pdfbuscador/auditoria/526868707b881170c1d36864c647b49f/html,02,ANTOFAGASTA,https://www.contraloria.cl/SicaProd/SICAv3-BIFAPortalCGR/faces/newDetalleInforme?docIdcm=526868707b881170c1d36864c647b49f,C,Informe de Inspección de Obra Pública,24322,https://www.contraloria.cl/SicaProd/SICAv3-BIFAPortalCGR/servletfichainformegoogle?docIdcm=526868707b881170c1d36864c647b49f&pdf=1
49287,02101,2019-03-07 00:00:00.0,MUNICIPALIDAD DE ANTOFAGASTA,2018,242,INFORME FINAL 242-18 MUNICIPALIDAD DE ANTOFAGASTA SOBRE RELLENO SANITARIO CHAQUETA BLANCA - MARZO 2019,https://www.contraloria.cl/pdfbuscador/auditoria/1f2542215831124fcc1a9166f0269f3d/html,02,ANTOFAGASTA,https://www.contraloria.cl/SicaProd/SICAv3-BIFAPortalCGR/faces/newDetalleInforme?docIdcm=1f2542215831124fcc1a9166f0269f3d,C,Informe Final de Auditoría,28627,https://www.contraloria.cl/SicaProd/SICAv3-BIFAPortalCGR/servletfichainformegoogle?docIdcm=1f2542215831124fcc1a9166f0269f3d&pdf=1
50018,02101,2019-02-13 00:00:00.0,MUNICIPALIDAD DE ANTOFAGASTA,2018,267,INFORME FINAL DE INVESTIGACIÓN ESPECIAL 267-18 MUNICIPALIDAD DE ANTOFAGASTA-SEDES VECINALES-FEBRERO 2019,https://www.contraloria.cl/pdfbuscador/auditoria/fb134f91755a4096aafa100c1f89fe42/html,02,ANTOFAGASTA,https://www.contraloria.cl/SicaProd/SICAv3-BIFAPortalCGR/faces/newDetalleInforme?docIdcm=fb134f91755a4096aafa100c1f89fe42,C,Informe de Investigación Especial,28824,https://www.contraloria.cl/SicaProd/SICAv3-BIFAPortalCGR/servletfichainformegoogle?docIdcm=fb134f91755a4096aafa100c1f89fe42&pdf=1
49363,02101,2018-11-29 00:00:00.0,MUNICIPALIDAD DE ANTOFAGASTA,2018,392,INFORME FINAL DE INVESTIGACIÓN ESPECIAL N° 392-18 MUNICIPALIDAD DE ANTOFAGASTA SOBRE IRREGULARIDADES EN EL PROGRAMA DE FARMACIAL COMUNAL-NOVIEMBRE 2018,https://www.contraloria.cl/pdfbuscador/auditoria/1cd038a4a1c15ff65c4b85b39d199b0a/html,02,ANTOFAGASTA,https://www.contraloria.cl/SicaProd/SICAv3-BIFAPortalCGR/faces/newDetalleInforme?docIdcm=1cd038a4a1c15ff65c4b85b39d199b0a,C,Informe de Investigación Especial,26861,https://www.contraloria.cl/SicaProd/SICAv3-BIFAPortalCGR/servletfichainformegoogle?docIdcm=1cd038a4a1c15ff65c4b85b39d199b0a&pdf=1
51023,02101,2019-05-22 00:00:00.0,MUNICIPALIDAD DE ANTOFAGASTA,2018,527,INFORME FINAL DE INVESTIGACIÓN ESPECIAL 527-18 MUNICIPALIDAD DE ANTOFAGASTA SOBRE VERTEDERO LA CHIMBA - MAYO 2019,https://www.contraloria.cl/pdfbuscador/auditoria/47b2fc4047003adf3cba3240e11c1435/html,02,ANTOFAGASTA,https://www.contraloria.cl/SicaProd/SICAv3-BIFAPortalCGR/faces/newDetalleInforme?docIdcm=47b2fc4047003adf3cba3240e11c1435,C,Informe de Investigación Especial,28989,https://www.contraloria.cl/SicaProd/SICAv3-BIFAPortalCGR/servletfichainformegoogle?docIdcm=47b2fc4047003adf3cba3240e11c1435&pdf=1
52157,02101,2018-11-13 00:00:00.0,MUNICIPALIDAD DE ANTOFAGASTA,2018,580,INVESTIGACIÓN ESPECIAL N° 580-18 MUNICIPALIDAD DE ANTOFAGASTA SOBRE EVENTUAL CONFLICTO DE INTERESES EN LA EJECUCIÓN DEL PROYECTO VER ANTOFAGASTA CON OTROS OJOS - NOVIEMBRE 2018,https://www.contraloria.cl/pdfbuscador/auditoria/29176fa65d4b94bfe73bd9140bda6109/html,02,ANTOFAGASTA,https://www.contraloria.cl/SicaProd/SICAv3-BIFAPortalCGR/faces/newDetalleInforme?docIdcm=29176fa65d4b94bfe73bd9140bda6109,C,Informe de Investigación Especial,26524,https://www.contraloria.cl/SicaProd/SICAv3-BIFAPortalCGR/servletfichainformegoogle?docIdcm=29176fa65d4b94bfe73bd9140bda6109&pdf=1
52634,02101,2020-08-20 00:00:00.0,CORPORACION DE DESARROLLO SOCIAL DE ANTOFAGASTA,2018,766,INFORME FINAL DE INVESTIGACIÓN ESPECIAL 766-18 CMDS ANTOFAGASTA SOBRE ADQUISICÓN DE MOCHILAS Y ÚTILES ESCOLARES - AGOSTO 2020,https://www.contraloria.cl/pdfbuscador/auditoria/ed2b50f17a28759bedae0bc622ca30b7/html,02,ANTOFAGASTA,https://www.contraloria.cl/SicaProd/SICAv3-BIFAPortalCGR/faces/newDetalleInforme?docIdcm=ed2b50f17a28759bedae0bc622ca30b7,C,Informe de Investigación Especial,33465,https://www.contraloria.cl/SicaProd/SICAv3-BIFAPortalCGR/servletfichainformegoogle?docIdcm=ed2b50f17a28759bedae0bc622ca30b7&pdf=1
52710,02101,2019-02-04 00:00:00.0,MUNICIPALIDAD DE ANTOFAGASTA,2018,959,INFORME FINAL N° 959-18 MUNICIPALIDAD DE ANTOFAGASTA SOBRE AUDITORÍA ALOS CONTRATOS DE OBRA EJECUTADOS PRESUPUESTARIAMENTE POR ESE MUNICIPIO - FEBRERO 2019,https://www.contraloria.cl/pdfbuscador/auditoria/f0cb91c543bfa36f771e354aa51932df/html,02,ANTOFAGASTA,https://www.contraloria.cl/SicaProd/SICAv3-BIFAPortalCGR/faces/newDetalleInforme?docIdcm=f0cb91c543bfa36f771e354aa51932df,C,Informe Final de Auditoría,27576,https://www.contraloria.cl/SicaProd/SICAv3-BIFAPortalCGR/servletfichainformegoogle?docIdcm=f0cb91c543bfa36f771e354aa51932df&pdf=1
53492,02101,2019-04-15 00:00:00.0,MUNICIPALIDAD DE ANTOFAGASTA,2019,37,INFORME FINAL DE INVESTIGACIÓN ESPECIAL 37-19 MUNICIPALIDAD DE ANTOFAGASTA - DÍA DEL NIÑO 2015 - ABRIL 2019,https://www.contraloria.cl/pdfbuscador/auditoria/e453f9aba8497fe0c84cc5a13b144f96/html,02,ANTOFAGASTA,https://www.contraloria.cl/SicaProd/SICAv3-BIFAPortalCGR/faces/newDetalleInforme?docIdcm=e453f9aba8497fe0c84cc5a13b144f96,C,Informe de Investigación Especial,28850,https://www.contraloria.cl/SicaProd/SICAv3-BIFAPortalCGR/servletfichainformegoogle?docIdcm=e453f9aba8497fe0c84cc5a13b144f96&pdf=1
53878,02101,2019-03-15 00:00:00.0,MUNICIPALIDAD DE ANTOFAGASTA,2019,102,INFORME DE INVESTIGACIÓN ESPECIAL N° 102-19 MUNICIPALIDAD ANTOFAGASTA_ COPA AMÉRICA 2015 - ABRIL 2019,https://www.contraloria.cl/pdfbuscador/auditoria/288fc0bdeb4bc241ea0883ef2f6c50e8/html,02,ANTOFAGASTA,https://www.contraloria.cl/SicaProd/SICAv3-BIFAPortalCGR/faces/newDetalleInforme?docIdcm=288fc0bdeb4bc241ea0883ef2f6c50e8,C,Informe de Investigación Especial,28804,https://www.contraloria.cl/SicaProd/SICAv3-BIFAPortalCGR/servletfichainformegoogle?docIdcm=288fc0bdeb4bc241ea0883ef2f6c50e8&pdf=1
56055,02101,2019-05-09 00:00:00.0,CORPORACION DE DESARROLLO SOCIAL DE ANTOFAGASTA,2019,199,INFORME FINAL DE INVESTIGACIÓN ESPECIAL N° 199 DE 2019 CMDS DE ANTOFAGASTA SOBRE VIAJE A BUENOS AIRES COLEGIO ARMANDO CARRERA GONZÁLEZ F60 - MAYO 2019,https://www.contraloria.cl/pdfbuscador/auditoria/8458140ba69e045610d298767ebdf7ee/html,02,ANTOFAGASTA,https://www.contraloria.cl/SicaProd/SICAv3-BIFAPortalCGR/faces/newDetalleInforme?docIdcm=8458140ba69e045610d298767ebdf7ee,C,Informe de Investigación Especial,28958,https://www.contraloria.cl/SicaProd/SICAv3-BIFAPortalCGR/servletfichainformegoogle?docIdcm=8458140ba69e045610d298767ebdf7ee&pdf=1
56515,02101,2019-08-12 00:00:00.0,MUNICIPALIDAD DE ANTOFAGASTA,2019,385,INFORME FINAL N° 385-19 MUNICIPALIDAD DE ANTOFAGASTA - TRABAJOS EXTRAORDINARIOS - AGOSTO 2019,https://www.contraloria.cl/pdfbuscador/auditoria/faba3f3ee0895cef72b684e5594682e4/html,02,ANTOFAGASTA,https://www.contraloria.cl/SicaProd/SICAv3-BIFAPortalCGR/faces/newDetalleInforme?docIdcm=faba3f3ee0895cef72b684e5594682e4,C,Informe Final de Auditoría,29635,https://www.contraloria.cl/SicaProd/SICAv3-BIFAPortalCGR/servletfichainformegoogle?docIdcm=faba3f3ee0895cef72b684e5594682e4&pdf=1
57163,02101,2019-10-08 00:00:00.0,MUNICIPALIDAD DE ANTOFAGASTA,2019,597,INFORME FINAL 597-19 MUNICIPALIDAD ANTOFAGASTA AUDITORÍA PERMISOS CIRCULACIÓN 2018 - OCTUBRE 2019,https://www.contraloria.cl/pdfbuscador/auditoria/22af243a15c143f4f10c5c2899c1cc79/html,02,ANTOFAGASTA,https://www.contraloria.cl/SicaProd/SICAv3-BIFAPortalCGR/faces/newDetalleInforme?docIdcm=22af243a15c143f4f10c5c2899c1cc79,C,Informe Final de Auditoría,30046,https://www.contraloria.cl/SicaProd/SICAv3-BIFAPortalCGR/servletfichainformegoogle?docIdcm=22af243a15c143f4f10c5c2899c1cc79&pdf=1
58688,02101,2020-09-15 00:00:00.0,CORPORACION DE DESARROLLO SOCIAL DE ANTOFAGASTA,2019,780,INFORME FINAL DE INVESTIGACIÓN ESPECIAL Nº 780-19 CMDS ANTOFAGASTA SOBRE RECURSOS PIE - SEPTIEMBRE 2020,https://www.contraloria.cl/pdfbuscador/auditoria/87d01aba7eb0b96ec83c8807cc81b7c8/html,02,ANTOFAGASTA,https://www.contraloria.cl/SicaProd/SICAv3-BIFAPortalCGR/faces/newDetalleInforme?docIdcm=87d01aba7eb0b96ec83c8807cc81b7c8,C,Informe de Investigación Especial,33644,https://www.contraloria.cl/SicaProd/SICAv3-BIFAPortalCGR/servletfichainformegoogle?docIdcm=87d01aba7eb0b96ec83c8807cc81b7c8&pdf=1
59249,02101,2020-07-09 00:00:00.0,MUNICIPALIDAD DE ANTOFAGASTA,2019,879,INFORME FINAL DE INVESTIGACIÓN ESPECIAL 879-19 MUNICIPALIDAD DE ANTOFAGASTA SOBRE IRREGULARIDADES EN CONTRATACIÓN DE EMPRESA EN PROCESO DE PAGO PERMISOS CIRCULACIÓN - JULIO 2020,https://www.contraloria.cl/pdfbuscador/auditoria/61c4c3967431953670ae7af1c68d5e75/html,02,ANTOFAGASTA,https://www.contraloria.cl/SicaProd/SICAv3-BIFAPortalCGR/faces/newDetalleInforme?docIdcm=61c4c3967431953670ae7af1c68d5e75,C,Informe de Investigación Especial,33137,https://www.contraloria.cl/SicaProd/SICAv3-BIFAPortalCGR/servletfichainformegoogle?docIdcm=61c4c3967431953670ae7af1c68d5e75&pdf=1
67438,02101,2020-04-24 00:00:00.0,CORPORACION DE DESARROLLO SOCIAL DE ANTOFAGASTA,2019,1091,INFORME FINAL  DE INVESTIGACIÓN ESPECIAL 1091-19 CMDS ANTOFAGASTA SOBRE UTILIZACIÓN FONDOS SEP - ABRIL 2020,https://www.contraloria.cl/pdfbuscador/auditoria/9e14eb266f4988c12938d00a881af25b/html,02,ANTOFAGASTA,https://www.contraloria.cl/SicaProd/SICAv3-BIFAPortalCGR/faces/newDetalleInforme?docIdcm=9e14eb266f4988c12938d00a881af25b,C,Informe de Investigación Especial,32364,https://www.contraloria.cl/SicaProd/SICAv3-BIFAPortalCGR/servletfichainformegoogle?docIdcm=9e14eb266f4988c12938d00a881af25b&pdf=1