IDACTIVIDAD,CODIGOSUBDERE,FECHAINFORME,NOMBRESERVICIO,ANOINFORME,NUMEROINFORME,MATERIAINFORME,FICHAINFORMEBIFA,C_REG_SUBDERE,NOMBRESUBDERE,FICHAINFORME,TIPOSUBDERE,TIPOINFORME,IDINFORME,PDFINFORME
27110,08202,2015-06-16 00:00:00.0,DEPARTAMENTO DE ADMINISTRACION DE EDUCACION MUNICIPAL DE ARAUCO,2015,185,INFORME INVESTIGACIÓN ESPECIAL 185 - 15 MUNICIPALIDAD DE PEMUCO SOBRE PRESUNTAS IRREGULARIDADES EN LICEO POLITÉCNICO CARAMPANGUE - JUNIO 2015,https://www.contraloria.cl/pdfbuscador/auditoria/5c839b4248e55be00c6df0640ef4adf6/html,08,ARAUCO,https://www.contraloria.cl/SicaProd/SICAv3-BIFAPortalCGR/faces/newDetalleInforme?docIdcm=5c839b4248e55be00c6df0640ef4adf6,C,Informe de Investigación Especial,14243,https://www.contraloria.cl/SicaProd/SICAv3-BIFAPortalCGR/servletfichainformegoogle?docIdcm=5c839b4248e55be00c6df0640ef4adf6&pdf=1
28548,08202,2015-07-30 00:00:00.0,MUNICIPALIDAD DE ARAUCO,2015,389,INFORME FINAL 389-15 MUNICIPALIDAD DE ARAUCO PROGRAMA CONTRATACIONES A HONORARIOS - JULIO 2015,https://www.contraloria.cl/pdfbuscador/auditoria/40b156b430d64754d9cc9252ea814de6/html,08,ARAUCO,https://www.contraloria.cl/SicaProd/SICAv3-BIFAPortalCGR/faces/newDetalleInforme?docIdcm=40b156b430d64754d9cc9252ea814de6,C,Informe Final de Auditoría,14430,https://www.contraloria.cl/SicaProd/SICAv3-BIFAPortalCGR/servletfichainformegoogle?docIdcm=40b156b430d64754d9cc9252ea814de6&pdf=1
36209,08202,2016-05-31 00:00:00.0,MUNICIPALIDAD DE ARAUCO,2016,126,INFORME INVESTIGACIÓN ESPECIAL 126-15 MUNICIPALIDAD DE ARAUCO SOBRE PRESUNTAS ANOMALÍAS EN LA ENTREGA DE CANASTAS NAVIDEÑAS - MAYO 2016,https://www.contraloria.cl/pdfbuscador/auditoria/165bed416f7bc04be0bd57f248f14859/html,08,ARAUCO,https://www.contraloria.cl/SicaProd/SICAv3-BIFAPortalCGR/faces/newDetalleInforme?docIdcm=165bed416f7bc04be0bd57f248f14859,C,Informe de Investigación Especial,18100,https://www.contraloria.cl/SicaProd/SICAv3-BIFAPortalCGR/servletfichainformegoogle?docIdcm=165bed416f7bc04be0bd57f248f14859&pdf=1
36416,08202,2016-06-10 00:00:00.0,MUNICIPALIDAD DE ARAUCO,2016,338,INFORME INVESTIGACIÓN ESPECIAL 338-16 MUNICIPALIDAD DE ARAUCO SOBRE PRESUNTAS IRREGULARIDADES RELACIONADAS CON LA OBRA REPOSICIÓN LICEO A-50 - JUNIO 2016,https://www.contraloria.cl/pdfbuscador/auditoria/ea3019c520911e30d2253b373c4eedbc/html,08,ARAUCO,https://www.contraloria.cl/SicaProd/SICAv3-BIFAPortalCGR/faces/newDetalleInforme?docIdcm=ea3019c520911e30d2253b373c4eedbc,C,Informe de Investigación Especial,18256,https://www.contraloria.cl/SicaProd/SICAv3-BIFAPortalCGR/servletfichainformegoogle?docIdcm=ea3019c520911e30d2253b373c4eedbc&pdf=1
40897,08202,2017-07-19 00:00:00.0,MUNICIPALIDAD DE ARAUCO,2017,36,INFORME INVESTIGACION ESPECIAL 36-17 MUNICIPALIDAD DE ARAUCO SOBRE GASTOS EN COMETIDOS DE CONCEJALES - JULIO 2017,https://www.contraloria.cl/pdfbuscador/auditoria/49187704c6e3f5e0956a1c48399f85e0/html,08,ARAUCO,https://www.contraloria.cl/SicaProd/SICAv3-BIFAPortalCGR/faces/newDetalleInforme?docIdcm=49187704c6e3f5e0956a1c48399f85e0,C,Informe de Investigación Especial,21476,https://www.contraloria.cl/SicaProd/SICAv3-BIFAPortalCGR/servletfichainformegoogle?docIdcm=49187704c6e3f5e0956a1c48399f85e0&pdf=1
42299,08202,2017-07-17 00:00:00.0,MUNICIPALIDAD DE ARAUCO,2017,329,INFORME FINAL 329-17 MUNICIPALIDAD DE ARAUCO AUDITORÍA AL MACROPROCESO DE TECNOLOGÍAS DE LA INFORMACIÓN Y COMUNICACIÓN - JULIO 2017,https://www.contraloria.cl/pdfbuscador/auditoria/ad6e67c2e2f91bf5724b7adb3b529273/html,08,ARAUCO,https://www.contraloria.cl/SicaProd/SICAv3-BIFAPortalCGR/faces/newDetalleInforme?docIdcm=ad6e67c2e2f91bf5724b7adb3b529273,C,Informe Final de Auditoría,21439,https://www.contraloria.cl/SicaProd/SICAv3-BIFAPortalCGR/servletfichainformegoogle?docIdcm=ad6e67c2e2f91bf5724b7adb3b529273&pdf=1
46351,08202,2017-12-28 00:00:00.0,DEPARTAMENTO DE ADMINISTRACION DE EDUCACION MUNICIPAL DE ARAUCO,2017,953,INFORME FINAL DE INVESTIGACIÓN ESPECIAL 953 DE 2017 - DEPARTAMENTO DE ADMINISTRACIÓN DE EDUCACIÓN MUNICIPAL DE ARAUCO - PRESUNTAS IRREGULARIDADES - DICIEMBRE 2017,https://www.contraloria.cl/pdfbuscador/auditoria/d0882535103fcfa110db237a556b2f07/html,08,ARAUCO,https://www.contraloria.cl/SicaProd/SICAv3-BIFAPortalCGR/faces/newDetalleInforme?docIdcm=d0882535103fcfa110db237a556b2f07,C,Informe de Investigación Especial,22639,https://www.contraloria.cl/SicaProd/SICAv3-BIFAPortalCGR/servletfichainformegoogle?docIdcm=d0882535103fcfa110db237a556b2f07&pdf=1
56662,08202,2019-07-12 00:00:00.0,MUNICIPALIDAD DE ARAUCO,2019,196,INFORME DE INSPECCIÓN OBRA PÚBLICA 196-19 MUNICIPALIDAD DE ARAUCO SOBRE OBRA CONSTRUCCIÓN SANEAMIENTO SANITARIO INTEGRAL SECTOR EL PINAR - JULIO 2019,https://www.contraloria.cl/pdfbuscador/auditoria/3631b50b1f508d5b864698d6850e444a/html,08,ARAUCO,https://www.contraloria.cl/SicaProd/SICAv3-BIFAPortalCGR/faces/newDetalleInforme?docIdcm=3631b50b1f508d5b864698d6850e444a,C,Informe de Inspección de Obra Pública,29424,https://www.contraloria.cl/SicaProd/SICAv3-BIFAPortalCGR/servletfichainformegoogle?docIdcm=3631b50b1f508d5b864698d6850e444a&pdf=1
58389,08202,2020-01-24 00:00:00.0,DEPARTAMENTO DE ADMINISTRACION DE EDUCACION MUNICIPAL DE ARAUCO,2019,540,INFORME INVESTIGACIÓN ESPECIAL 540-19 DAEM MUNICIPALIDAD DE ARAUCO SOBRE PRESUNTAS IRREGULARIDADES EN EL PAGO DE VIÁTICOS Y HORAS EXTRAORDINARIAS -ENERO 2020,https://www.contraloria.cl/pdfbuscador/auditoria/d3a28969fd474affdfcd03ec5803a847/html,08,ARAUCO,https://www.contraloria.cl/SicaProd/SICAv3-BIFAPortalCGR/faces/newDetalleInforme?docIdcm=d3a28969fd474affdfcd03ec5803a847,C,Informe de Investigación Especial,31065,https://www.contraloria.cl/SicaProd/SICAv3-BIFAPortalCGR/servletfichainformegoogle?docIdcm=d3a28969fd474affdfcd03ec5803a847&pdf=1