IDACTIVIDAD,CODIGOSUBDERE,FECHAINFORME,NOMBRESERVICIO,ANOINFORME,NUMEROINFORME,MATERIAINFORME,FICHAINFORMEBIFA,C_REG_SUBDERE,NOMBRESUBDERE,FICHAINFORME,TIPOSUBDERE,TIPOINFORME,IDINFORME,PDFINFORME
25261,15101,2015-09-30 00:00:00.0,MUNICIPALIDAD DE ARICA,2015,166,INFORME FINAL 166-15 MUNICIPALIDAD DE ARICA RECURSOS EJECUTADOS CON OCASIÓN DE LA EMERGENCIA DEL TERREMOTO-SEPTIEMBRE 2015,https://www.contraloria.cl/pdfbuscador/auditoria/2b13cfb82c434a097c19d759eb1f0580/html,15,ARICA,https://www.contraloria.cl/SicaProd/SICAv3-BIFAPortalCGR/faces/newDetalleInforme?docIdcm=2b13cfb82c434a097c19d759eb1f0580,C,Informe Final de Auditoría,15066,https://www.contraloria.cl/SicaProd/SICAv3-BIFAPortalCGR/servletfichainformegoogle?docIdcm=2b13cfb82c434a097c19d759eb1f0580&pdf=1
28766,15101,2015-05-12 00:00:00.0,MUNICIPALIDAD DE ARICA,2015,267,INFORME INVESTIGACIÓN ESPECIAL 267-2015 MUNICIPALIDAD DE ARICA IRREGULARIDADES EN LA ENTREGA DE AYUDA SOCIAL-MAYO 2015,https://www.contraloria.cl/pdfbuscador/auditoria/c3838056acc050001dde4b24fd93767f/html,15,ARICA,https://www.contraloria.cl/SicaProd/SICAv3-BIFAPortalCGR/faces/newDetalleInforme?docIdcm=c3838056acc050001dde4b24fd93767f,C,Informe de Investigación Especial,13812,https://www.contraloria.cl/SicaProd/SICAv3-BIFAPortalCGR/servletfichainformegoogle?docIdcm=c3838056acc050001dde4b24fd93767f&pdf=1
27422,15101,2015-05-25 00:00:00.0,DEPARTAMENTO DE SALUD MUNICIPAL DE ARICA,2015,352,INFORME INVESTIGACIÓN ESPECIAL 352-2015 MUNI. ARICA IRREGULARIDADES EN LA CONTRATACIÓN Y PROMOCIÓN DEL CONYUGE DE LA JEFA DEL DESAMU ARICA-MAYO 2015,https://www.contraloria.cl/pdfbuscador/auditoria/b6d2e29d37155e26fdc172346f84b2a6/html,15,ARICA,https://www.contraloria.cl/SicaProd/SICAv3-BIFAPortalCGR/faces/newDetalleInforme?docIdcm=b6d2e29d37155e26fdc172346f84b2a6,C,Informe de Investigación Especial,13950,https://www.contraloria.cl/SicaProd/SICAv3-BIFAPortalCGR/servletfichainformegoogle?docIdcm=b6d2e29d37155e26fdc172346f84b2a6&pdf=1
26816,15101,2015-09-29 00:00:00.0,MUNICIPALIDAD DE ARICA,2015,366,INFORME INVESTIGACIÓN ESPECIAL 366-15 MUNICIPALIDAD DE ARICA SOBRE GASTOS DE CONSUMO DE AGUA POTABLE-SEPTIEMBRE 2015,https://www.contraloria.cl/pdfbuscador/auditoria/60236526f8493ec34fa6641124041fe6/html,15,ARICA,https://www.contraloria.cl/SicaProd/SICAv3-BIFAPortalCGR/faces/newDetalleInforme?docIdcm=60236526f8493ec34fa6641124041fe6,C,Informe de Investigación Especial,14974,https://www.contraloria.cl/SicaProd/SICAv3-BIFAPortalCGR/servletfichainformegoogle?docIdcm=60236526f8493ec34fa6641124041fe6&pdf=1
29773,15101,2015-09-29 00:00:00.0,MUNICIPALIDAD DE ARICA,2015,372,INFORME INVESTIGACIÓN ESPECIAL 372-15 MUNICIPALIDAD DE ARICA DENUNCIA RESPECTO AL PAGO DEL PROYECTO CONSTRUCCIÓN DE REFUGIOS PEATONALES-SEPTIEMBRE 2015,https://www.contraloria.cl/pdfbuscador/auditoria/3a87cc90aea9a264ca0e60601d57046c/html,15,ARICA,https://www.contraloria.cl/SicaProd/SICAv3-BIFAPortalCGR/faces/newDetalleInforme?docIdcm=3a87cc90aea9a264ca0e60601d57046c,C,Informe de Investigación Especial,14978,https://www.contraloria.cl/SicaProd/SICAv3-BIFAPortalCGR/servletfichainformegoogle?docIdcm=3a87cc90aea9a264ca0e60601d57046c&pdf=1
29774,15101,2015-07-02 00:00:00.0,MUNICIPALIDAD DE ARICA,2015,484,"INFORME INVESTIGACIÓN ESPECIAL 484-2015 MUNICIPALIDAD DE ARICA INSTALACIÓN DE LINEAS DE TRANSMISIÓN AÉREAS, CONTRAVINIENDO LO ESTABLECIDO-JULIO 2015",https://www.contraloria.cl/pdfbuscador/auditoria/17c1a1a324478f5319ad141dcb2aa1f9/html,15,ARICA,https://www.contraloria.cl/SicaProd/SICAv3-BIFAPortalCGR/faces/newDetalleInforme?docIdcm=17c1a1a324478f5319ad141dcb2aa1f9,C,Informe de Investigación Especial,14282,https://www.contraloria.cl/SicaProd/SICAv3-BIFAPortalCGR/servletfichainformegoogle?docIdcm=17c1a1a324478f5319ad141dcb2aa1f9&pdf=1
30179,15101,2015-07-29 00:00:00.0,MUNICIPALIDAD DE ARICA,2015,542,INFORME INVESTIGACIÓN ESPECIAL 542-2015 MUNICIPALIDAD DE ARICA FALTAS A LA PROBIDAD COMETIDAS POR FUNCIONARIOS DEPENDIENTES DE LA DIDECO-JULIO 2015,https://www.contraloria.cl/pdfbuscador/auditoria/cdc4fdb991d4077f652e40b4b34a2237/html,15,ARICA,https://www.contraloria.cl/SicaProd/SICAv3-BIFAPortalCGR/faces/newDetalleInforme?docIdcm=cdc4fdb991d4077f652e40b4b34a2237,C,Informe de Investigación Especial,14484,https://www.contraloria.cl/SicaProd/SICAv3-BIFAPortalCGR/servletfichainformegoogle?docIdcm=cdc4fdb991d4077f652e40b4b34a2237&pdf=1
30615,15101,2015-08-14 00:00:00.0,MUNICIPALIDAD DE ARICA,2015,561,INFORME INVESTIGACIÓN ESPECIAL 561-2015 MUNICIPALIDAD DE ARICA CIERRE DE UN BIEN NACIONAL DE USO PÚBLICO-AGOSTO 2015,https://www.contraloria.cl/pdfbuscador/auditoria/8464b23701401165a405f49d432ecb98/html,15,ARICA,https://www.contraloria.cl/SicaProd/SICAv3-BIFAPortalCGR/faces/newDetalleInforme?docIdcm=8464b23701401165a405f49d432ecb98,C,Informe de Investigación Especial,14569,https://www.contraloria.cl/SicaProd/SICAv3-BIFAPortalCGR/servletfichainformegoogle?docIdcm=8464b23701401165a405f49d432ecb98&pdf=1
30167,15101,2015-07-31 00:00:00.0,MUNICIPALIDAD DE ARICA,2015,615,INFORME INVESTIGACIÓN ESPECIAL 615-2015 MUNICIPALIDAD DE ARICA PRESUNTAS IRREGULARIDADES EN LA EJECUCIÓN DEL PROYECTO AJEDREZ-JULIO 2015,https://www.contraloria.cl/pdfbuscador/auditoria/2477fd301ee7738897d2d3052f4c7079/html,15,ARICA,https://www.contraloria.cl/SicaProd/SICAv3-BIFAPortalCGR/faces/newDetalleInforme?docIdcm=2477fd301ee7738897d2d3052f4c7079,C,Informe de Investigación Especial,14482,https://www.contraloria.cl/SicaProd/SICAv3-BIFAPortalCGR/servletfichainformegoogle?docIdcm=2477fd301ee7738897d2d3052f4c7079&pdf=1
28291,15101,2015-10-28 00:00:00.0,MUNICIPALIDAD DE ARICA,2015,621,INFORME FINAL 621-2015 MUNICIPALIDAD DE ARICA CONTRATACIONES DE HONORARIOS EN PROGRAMAS COMUNITARIOS - OCTUBRE 2015,https://www.contraloria.cl/pdfbuscador/auditoria/e5859d2bc29ba3f4ab5e08be98b7525a/html,15,ARICA,https://www.contraloria.cl/SicaProd/SICAv3-BIFAPortalCGR/faces/newDetalleInforme?docIdcm=e5859d2bc29ba3f4ab5e08be98b7525a,C,Informe Final de Auditoría,15674,https://www.contraloria.cl/SicaProd/SICAv3-BIFAPortalCGR/servletfichainformegoogle?docIdcm=e5859d2bc29ba3f4ab5e08be98b7525a&pdf=1
31424,15101,2015-08-18 00:00:00.0,DEPARTAMENTO DE EDUCACION MUNICIPAL DE ARICA,2015,674,INFORME INVESTIGACIÓN ESPECIAL 674-2015 MUNICIPALIDAD DE ARICA IRREGULARIDADES EN EL DESEMPEÑO DE LA FUNCIONARIA CONTRATADA EN EL DAEM-AGOSTO 2015,https://www.contraloria.cl/pdfbuscador/auditoria/6612627267be63f62e4d1766e761e406/html,15,ARICA,https://www.contraloria.cl/SicaProd/SICAv3-BIFAPortalCGR/faces/newDetalleInforme?docIdcm=6612627267be63f62e4d1766e761e406,C,Informe de Investigación Especial,14579,https://www.contraloria.cl/SicaProd/SICAv3-BIFAPortalCGR/servletfichainformegoogle?docIdcm=6612627267be63f62e4d1766e761e406&pdf=1
30611,15101,2015-08-24 00:00:00.0,MUNICIPALIDAD DE ARICA,2015,707,INFORME INVESTIGACIÓN ESPECIAL 707-2015 MUNICIPALIDAD DE ARICA SUPUESTAS INFRACCIONES A LA ORDENANZA MUNICIPAL-AGOSTO 2015,https://www.contraloria.cl/pdfbuscador/auditoria/1fa7ab9a9592abe85c78b2f2dfce07ed/html,15,ARICA,https://www.contraloria.cl/SicaProd/SICAv3-BIFAPortalCGR/faces/newDetalleInforme?docIdcm=1fa7ab9a9592abe85c78b2f2dfce07ed,C,Informe de Investigación Especial,14624,https://www.contraloria.cl/SicaProd/SICAv3-BIFAPortalCGR/servletfichainformegoogle?docIdcm=1fa7ab9a9592abe85c78b2f2dfce07ed&pdf=1
28266,15101,2015-08-31 00:00:00.0,MUNICIPALIDAD DE ARICA,2015,747,"INFORME FINAL 747-15 MUNICIPALIDAD DE ARICA CONCESIONES DE ÁREAS VERDES, ASEO Y CASINO-AGOSTO 2015",https://www.contraloria.cl/pdfbuscador/auditoria/611814b77c05274d4e4b0dbe38b20afd/html,15,ARICA,https://www.contraloria.cl/SicaProd/SICAv3-BIFAPortalCGR/faces/newDetalleInforme?docIdcm=611814b77c05274d4e4b0dbe38b20afd,C,Informe Final de Auditoría,14798,https://www.contraloria.cl/SicaProd/SICAv3-BIFAPortalCGR/servletfichainformegoogle?docIdcm=611814b77c05274d4e4b0dbe38b20afd&pdf=1
34002,15101,2016-08-24 00:00:00.0,MUNICIPALIDAD DE ARICA,2016,139,"INFORME DE INVESTIGACIÓN ESPECIAL 139-16 MUNICIPALIDAD DE ARICA RELATIVO AL CUMPLIMIENTO DE LA ORDENANZA N° 1, DE 2014-AGOSTO 2016",https://www.contraloria.cl/pdfbuscador/auditoria/79a986fb756d2aec9e772e8498c664c5/html,15,ARICA,https://www.contraloria.cl/SicaProd/SICAv3-BIFAPortalCGR/faces/newDetalleInforme?docIdcm=79a986fb756d2aec9e772e8498c664c5,C,Informe de Investigación Especial,18737,https://www.contraloria.cl/SicaProd/SICAv3-BIFAPortalCGR/servletfichainformegoogle?docIdcm=79a986fb756d2aec9e772e8498c664c5&pdf=1
35686,15101,2016-11-28 00:00:00.0,MUNICIPALIDAD DE ARICA,2016,190,INFORME DE INVESTIGACIÓN ESPECIAL 190-16 MUNICIPALIDAD DE ARICA FISCALIZACIÓN A LAS ORDENANZAS MUNICIPALES-NOVIEMBRE 2016,https://www.contraloria.cl/pdfbuscador/auditoria/ec93b4cf9d1a37aafd7c87f70071b929/html,15,ARICA,https://www.contraloria.cl/SicaProd/SICAv3-BIFAPortalCGR/faces/newDetalleInforme?docIdcm=ec93b4cf9d1a37aafd7c87f70071b929,C,Informe de Investigación Especial,19968,https://www.contraloria.cl/SicaProd/SICAv3-BIFAPortalCGR/servletfichainformegoogle?docIdcm=ec93b4cf9d1a37aafd7c87f70071b929&pdf=1
35459,15101,2016-05-26 00:00:00.0,MUNICIPALIDAD DE ARICA,2016,242,INFORME DE INVESTIGACIÓN ESPECIAL 242-16 MUNICIPALIDAD DE ARICA IRREGULARIDADES EN LICITACIONES RELACIONADAS AL CARNAVAL ANDINO CON LA FUERZA DEL SOL-MAYO 2016,https://www.contraloria.cl/pdfbuscador/auditoria/ae26d2f8102cd78a2fd00f4855bb67c9/html,15,ARICA,https://www.contraloria.cl/SicaProd/SICAv3-BIFAPortalCGR/faces/newDetalleInforme?docIdcm=ae26d2f8102cd78a2fd00f4855bb67c9,C,Informe de Investigación Especial,18063,https://www.contraloria.cl/SicaProd/SICAv3-BIFAPortalCGR/servletfichainformegoogle?docIdcm=ae26d2f8102cd78a2fd00f4855bb67c9&pdf=1
35949,15101,2016-08-11 00:00:00.0,MUNICIPALIDAD DE ARICA,2016,469,INFORME DE INVESTIGACIÓN ESPECIAL 469-16 MUNICIPALIDAD DE ARICA IRREGULARIDADES EN SUBVENCIONES MUNICIPALES OTORGADAS A DIVERSAS ORGANIZACIONES COMUNITARIAS-AGOSTO 2016,https://www.contraloria.cl/pdfbuscador/auditoria/d1a3a4dae35cd58903c6572d567d6fe8/html,15,ARICA,https://www.contraloria.cl/SicaProd/SICAv3-BIFAPortalCGR/faces/newDetalleInforme?docIdcm=d1a3a4dae35cd58903c6572d567d6fe8,C,Informe de Investigación Especial,18736,https://www.contraloria.cl/SicaProd/SICAv3-BIFAPortalCGR/servletfichainformegoogle?docIdcm=d1a3a4dae35cd58903c6572d567d6fe8&pdf=1
37176,15101,2016-09-15 00:00:00.0,MUNICIPALIDAD DE ARICA,2016,562,INFORME DE INVESTIGACIÓN ESPECIAL 562-16 MUNICIPALIDAD DE ARICA IRREGULARIDADES REFERIDAS A LA CONTRATACIÓN DE SERVICIOS DE AMPLIFICACIÓN E ILUMINACIÓN-SEPTIEMBRE 2016,https://www.contraloria.cl/pdfbuscador/auditoria/b71a76b855d502dced5adc4e43ad96a5/html,15,ARICA,https://www.contraloria.cl/SicaProd/SICAv3-BIFAPortalCGR/faces/newDetalleInforme?docIdcm=b71a76b855d502dced5adc4e43ad96a5,C,Informe de Investigación Especial,19001,https://www.contraloria.cl/SicaProd/SICAv3-BIFAPortalCGR/servletfichainformegoogle?docIdcm=b71a76b855d502dced5adc4e43ad96a5&pdf=1
34471,15101,2016-10-13 00:00:00.0,MUNICIPALIDAD DE ARICA,2016,710,INFORME FINAL 710-16 MUNICIPALIDAD DE ARICA AUDITORÍA AL GASTO EN PERIODO ELECTORAL-USO DE BIENES-VEHÍCULOS-RRHH-RECURSOS FÍSICOS Y FINANCIEROS-OCTUBRE 2016,https://www.contraloria.cl/pdfbuscador/auditoria/a6c26c341cefc7d317d1f4ffdd185ca2/html,15,ARICA,https://www.contraloria.cl/SicaProd/SICAv3-BIFAPortalCGR/faces/newDetalleInforme?docIdcm=a6c26c341cefc7d317d1f4ffdd185ca2,C,Informe Final de Auditoría,19151,https://www.contraloria.cl/SicaProd/SICAv3-BIFAPortalCGR/servletfichainformegoogle?docIdcm=a6c26c341cefc7d317d1f4ffdd185ca2&pdf=1
37513,15101,2016-10-24 00:00:00.0,MUNICIPALIDAD DE ARICA,2016,804,INFORME DE INVESTIGACIÓN ESPECIAL 804-16 MUNI.ARICA IRREGULARIDADES EN LA CONTRATACIÓN DE DON IVÁN MOROVIC FERNÁNDEZ-OCTUBRE 2016,https://www.contraloria.cl/pdfbuscador/auditoria/426bd7a4dfaaa240069ae0a06dc371ed/html,15,ARICA,https://www.contraloria.cl/SicaProd/SICAv3-BIFAPortalCGR/faces/newDetalleInforme?docIdcm=426bd7a4dfaaa240069ae0a06dc371ed,C,Informe de Investigación Especial,19420,https://www.contraloria.cl/SicaProd/SICAv3-BIFAPortalCGR/servletfichainformegoogle?docIdcm=426bd7a4dfaaa240069ae0a06dc371ed&pdf=1
38388,15101,2016-12-12 00:00:00.0,MUNICIPALIDAD DE ARICA,2016,831,INFORME DE INVESTIGACIÓN ESPECIAL 831-16 MUNICIPALIDAD DE ARICA INCUMPLIMIENTOS EN EL PAGO DE FACTURAS Y APLICACIÓN DE MULTAS-DICIEMBRE 2016,https://www.contraloria.cl/pdfbuscador/auditoria/b677d96f22d9ab0f6e61a8d08f95b8f8/html,15,ARICA,https://www.contraloria.cl/SicaProd/SICAv3-BIFAPortalCGR/faces/newDetalleInforme?docIdcm=b677d96f22d9ab0f6e61a8d08f95b8f8,C,Informe de Investigación Especial,19986,https://www.contraloria.cl/SicaProd/SICAv3-BIFAPortalCGR/servletfichainformegoogle?docIdcm=b677d96f22d9ab0f6e61a8d08f95b8f8&pdf=1
36708,15101,2016-10-21 00:00:00.0,MUNICIPALIDAD DE ARICA,2016,852,INFORME DE INVESTIGACIÓN ESPECIAL 852-16 MUNICIPALIDAD DE ARICA-SENDA IRREGULARIDADES EN EL CONVENIO DE COLABORACIÓN TÉCNICA Y FINANCIERA DE RECURSOS-OCTUBRE 2016,https://www.contraloria.cl/pdfbuscador/auditoria/c6a1b6c9543300c5877c515da7745a8d/html,15,ARICA,https://www.contraloria.cl/SicaProd/SICAv3-BIFAPortalCGR/faces/newDetalleInforme?docIdcm=c6a1b6c9543300c5877c515da7745a8d,C,Informe de Investigación Especial,19293,https://www.contraloria.cl/SicaProd/SICAv3-BIFAPortalCGR/servletfichainformegoogle?docIdcm=c6a1b6c9543300c5877c515da7745a8d&pdf=1
34788,15101,2016-12-22 00:00:00.0,MUNICIPALIDAD DE ARICA,2016,996,"INFORME FINAL 996-16 MUNICIPALIDAD DE ARICA AUDITORÍA A LAS CTAS. CONTABLES DE ADMINISTRACIÓN, APLICACIÓN Y RENDICIÓN DE FONDOS-DICIEMBRE 2016",https://www.contraloria.cl/pdfbuscador/auditoria/4073e891378ea5400a165845a52dc441/html,15,ARICA,https://www.contraloria.cl/SicaProd/SICAv3-BIFAPortalCGR/faces/newDetalleInforme?docIdcm=4073e891378ea5400a165845a52dc441,C,Informe Final de Auditoría,20099,https://www.contraloria.cl/SicaProd/SICAv3-BIFAPortalCGR/servletfichainformegoogle?docIdcm=4073e891378ea5400a165845a52dc441&pdf=1
35133,15101,2016-12-29 00:00:00.0,MUNICIPALIDAD DE ARICA,2016,1076,INFORME DE INVESTIGACIÓN ESPECIAL 1076-16 MUNICIPALIDAD DE ARICA IRREGULARIDADES EN LA RECUPERACIÓN DE SUBSIDIOS POR INCAPACIDAD LABORAL-DICIEMBRE 2016,https://www.contraloria.cl/pdfbuscador/auditoria/a38136f89267ba4ff9bf97ac8c0ef157/html,15,ARICA,https://www.contraloria.cl/SicaProd/SICAv3-BIFAPortalCGR/faces/newDetalleInforme?docIdcm=a38136f89267ba4ff9bf97ac8c0ef157,C,Informe de Investigación Especial,20188,https://www.contraloria.cl/SicaProd/SICAv3-BIFAPortalCGR/servletfichainformegoogle?docIdcm=a38136f89267ba4ff9bf97ac8c0ef157&pdf=1
40334,15101,2016-12-27 00:00:00.0,MUNICIPALIDAD DE ARICA,2016,1132,INFORME DE INVESTIGACIÓN ESPECIAL 1132-16 MUNICIPALIDAD DE ARICA IRREGULARIDADES EN EL TERMINAL INTERNACIONAL DE LOCOMOCIÓN COLECTIVA ARICA-DICIEMBRE 2016,https://www.contraloria.cl/pdfbuscador/auditoria/441bcfd0fd3a092e256b7ad65a89aba3/html,15,ARICA,https://www.contraloria.cl/SicaProd/SICAv3-BIFAPortalCGR/faces/newDetalleInforme?docIdcm=441bcfd0fd3a092e256b7ad65a89aba3,C,Informe de Investigación Especial,20131,https://www.contraloria.cl/SicaProd/SICAv3-BIFAPortalCGR/servletfichainformegoogle?docIdcm=441bcfd0fd3a092e256b7ad65a89aba3&pdf=1
37999,15101,2017-09-08 00:00:00.0,MUNICIPALIDAD DE ARICA,2017,156,INFORME DE INVESTIGACIÓN ESPECIAL 156-17 MUNICIPALIDAD DE ARICA IRREGULARIDADES EN LA CONTRATACIÓN DE PERSONAL-SEPTIEMBRE 2017,https://www.contraloria.cl/pdfbuscador/auditoria/b7c4e5aa881ec3405ba995897e13ebf4/html,15,ARICA,https://www.contraloria.cl/SicaProd/SICAv3-BIFAPortalCGR/faces/newDetalleInforme?docIdcm=b7c4e5aa881ec3405ba995897e13ebf4,C,Informe de Investigación Especial,21821,https://www.contraloria.cl/SicaProd/SICAv3-BIFAPortalCGR/servletfichainformegoogle?docIdcm=b7c4e5aa881ec3405ba995897e13ebf4&pdf=1
40811,15101,2017-06-23 00:00:00.0,MUNICIPALIDAD DE ARICA,2017,167,INFORME DE INVESTIGACIÓN ESPECIAL 167-17 MUNICIPALIDAD DE ARICA SOBRE CONDICIONES DE TRABAJO DEL PERSONAL-JUNIO 2017,https://www.contraloria.cl/pdfbuscador/auditoria/2d2b840aa2ce0444eb13dea006bdd52c/html,15,ARICA,https://www.contraloria.cl/SicaProd/SICAv3-BIFAPortalCGR/faces/newDetalleInforme?docIdcm=2d2b840aa2ce0444eb13dea006bdd52c,C,Informe de Investigación Especial,21306,https://www.contraloria.cl/SicaProd/SICAv3-BIFAPortalCGR/servletfichainformegoogle?docIdcm=2d2b840aa2ce0444eb13dea006bdd52c&pdf=1
42513,15101,2017-06-14 00:00:00.0,MUNICIPALIDAD DE ARICA,2017,345,INFORME DE INVESTIGACIÓN ESPECIAL 345-17 MUNICIPALIDAD DE ARICA SOBRE OTORGAMIENTO DE SUBVENCIONES A JUNTA DE VECINOS-JUNIO 2017,https://www.contraloria.cl/pdfbuscador/auditoria/93c7099d802a2f62a19185a197eb3678/html,15,ARICA,https://www.contraloria.cl/SicaProd/SICAv3-BIFAPortalCGR/faces/newDetalleInforme?docIdcm=93c7099d802a2f62a19185a197eb3678,C,Informe de Investigación Especial,21298,https://www.contraloria.cl/SicaProd/SICAv3-BIFAPortalCGR/servletfichainformegoogle?docIdcm=93c7099d802a2f62a19185a197eb3678&pdf=1
42854,15101,2017-07-05 00:00:00.0,DEPARTAMENTO DE EDUCACION MUNICIPAL DE ARICA,2017,405,INFORME DE INVESTIGACIÓN ESPECIAL 405-17 MUNICIPALIDAD DE ARICA SOBRE PRESUNTAS IRREGULARIDADES EN EL DEPARTAMENTO DE ADMINISTRACIÓN DE EDUCACIÓN MUNICIPAL-JULIO 2017,https://www.contraloria.cl/pdfbuscador/auditoria/1a31ca6c47c53d7857a8b51015f2f34c/html,15,ARICA,https://www.contraloria.cl/SicaProd/SICAv3-BIFAPortalCGR/faces/newDetalleInforme?docIdcm=1a31ca6c47c53d7857a8b51015f2f34c,C,Informe de Investigación Especial,21443,https://www.contraloria.cl/SicaProd/SICAv3-BIFAPortalCGR/servletfichainformegoogle?docIdcm=1a31ca6c47c53d7857a8b51015f2f34c&pdf=1
43337,15101,2017-07-26 00:00:00.0,MUNICIPALIDAD DE ARICA,2017,409,INFORME DE INVESTIGACIÓN ESPECIAL 409-17 SEREMI DE SALUD SOBRE LEGALIDAD EN EL OTORGAMIENTO DE AUTORIZACIÓN DEL RESTAURANTE EL HUMEDAL-JULIO 2017,https://www.contraloria.cl/pdfbuscador/auditoria/40a0a9159188357eba5917cc28647275/html,15,ARICA,https://www.contraloria.cl/SicaProd/SICAv3-BIFAPortalCGR/faces/newDetalleInforme?docIdcm=40a0a9159188357eba5917cc28647275,C,Informe de Investigación Especial,21461,https://www.contraloria.cl/SicaProd/SICAv3-BIFAPortalCGR/servletfichainformegoogle?docIdcm=40a0a9159188357eba5917cc28647275&pdf=1
41266,15101,2017-09-29 00:00:00.0,MUNICIPALIDAD DE ARICA,2017,412,INFORME FINAL 412-17 MUNICIPALIDAD DE ARICA GASTOS DE LOS CONCEJALES-SEPTIEMBRE 2017,https://www.contraloria.cl/pdfbuscador/auditoria/7aa891e56d26e33524e48481c45b4cf4/html,15,ARICA,https://www.contraloria.cl/SicaProd/SICAv3-BIFAPortalCGR/faces/newDetalleInforme?docIdcm=7aa891e56d26e33524e48481c45b4cf4,C,Informe Final de Auditoría,21874,https://www.contraloria.cl/SicaProd/SICAv3-BIFAPortalCGR/servletfichainformegoogle?docIdcm=7aa891e56d26e33524e48481c45b4cf4&pdf=1
46069,15101,2017-09-28 00:00:00.0,MUNICIPALIDAD DE ARICA,2017,647,INFORME DE INVESTIGACIÓN ESPECIAL 647-17 MUNI.ARICA MEJORAMIENTO DE PAVIMENTOS PEATONALES EN EL CASCO ANTIGUA Y CALLE CRISTOBAL COLÓN-SEPTIEMBRE 2017,https://www.contraloria.cl/pdfbuscador/auditoria/6d0a9cfef37c873478176337e2a8a8f6/html,15,ARICA,https://www.contraloria.cl/SicaProd/SICAv3-BIFAPortalCGR/faces/newDetalleInforme?docIdcm=6d0a9cfef37c873478176337e2a8a8f6,C,Informe de Investigación Especial,21875,https://www.contraloria.cl/SicaProd/SICAv3-BIFAPortalCGR/servletfichainformegoogle?docIdcm=6d0a9cfef37c873478176337e2a8a8f6&pdf=1
46923,15101,2017-12-19 00:00:00.0,MUNICIPALIDAD DE ARICA,2017,885,INFORME FINAL 885-17 MUNICIPALIDAD DE ARICA PROGRAMA REVITALIZACIÓN DE BARRIOS E INFRAESTRUCTURA PATRIMONIAL EMBLEMÁTICA-DICIEMBRE 2017,https://www.contraloria.cl/pdfbuscador/auditoria/8af49bd5ae38449d59b7372c9599fa13/html,15,ARICA,https://www.contraloria.cl/SicaProd/SICAv3-BIFAPortalCGR/faces/newDetalleInforme?docIdcm=8af49bd5ae38449d59b7372c9599fa13,C,Informe Final de Auditoría,22477,https://www.contraloria.cl/SicaProd/SICAv3-BIFAPortalCGR/servletfichainformegoogle?docIdcm=8af49bd5ae38449d59b7372c9599fa13&pdf=1
41361,15101,2017-12-29 00:00:00.0,DEPARTAMENTO DE EDUCACION MUNICIPAL DE ARICA,2017,1004,"INFORME FINAL 1004-17 MUNICIPALIDAD DE ARICA RECURSOS QUE OTORGA LA LEY 20284, SEP-DICIEMBRE 2017",https://www.contraloria.cl/pdfbuscador/auditoria/9a7f45b441086c8b86240996d50c5d66/html,15,ARICA,https://www.contraloria.cl/SicaProd/SICAv3-BIFAPortalCGR/faces/newDetalleInforme?docIdcm=9a7f45b441086c8b86240996d50c5d66,C,Informe Final de Auditoría,22668,https://www.contraloria.cl/SicaProd/SICAv3-BIFAPortalCGR/servletfichainformegoogle?docIdcm=9a7f45b441086c8b86240996d50c5d66&pdf=1
49650,15101,2018-04-24 00:00:00.0,MUNICIPALIDAD DE ARICA,2018,88,INFORME FINAL 88-2018 MUNICIPALIDAD DE ARICA,https://www.contraloria.cl/pdfbuscador/auditoria/6815008ff104aa6165c21f05fc47a47d/html,15,ARICA,https://www.contraloria.cl/SicaProd/SICAv3-BIFAPortalCGR/faces/newDetalleInforme?docIdcm=6815008ff104aa6165c21f05fc47a47d,C,Informe Final de Auditoría,23809,https://www.contraloria.cl/SicaProd/SICAv3-BIFAPortalCGR/servletfichainformegoogle?docIdcm=6815008ff104aa6165c21f05fc47a47d&pdf=1
49535,15101,2018-06-12 00:00:00.0,MUNICIPALIDAD DE ARICA,2018,236,INFORME FINAL 236-18 MUNICIPALIDAD ARICA CONTRATO DE OBRA MEJORAMIENTO PARQUE CENTENARIO 1 ETAPA-JUNIO 2018,https://www.contraloria.cl/pdfbuscador/auditoria/2a4acaba4f895db7dfbee63e1dde3880/html,15,ARICA,https://www.contraloria.cl/SicaProd/SICAv3-BIFAPortalCGR/faces/newDetalleInforme?docIdcm=2a4acaba4f895db7dfbee63e1dde3880,C,Informe Final de Auditoría,24301,https://www.contraloria.cl/SicaProd/SICAv3-BIFAPortalCGR/servletfichainformegoogle?docIdcm=2a4acaba4f895db7dfbee63e1dde3880&pdf=1
50885,15101,2018-09-26 00:00:00.0,MUNICIPALIDAD DE ARICA,2018,515,INFORME DE INVESTIGACION ESPECIAL 515-18 MUNICIPALIDAD DE ARICA IRREGULARIDADES EN MATERIAS PERSONAL Y PROCEDIMIENTOS INTERNOS-SEPTIEMBRE 2018,https://www.contraloria.cl/pdfbuscador/auditoria/7c99687f20fb51057cb2e042811b243c/html,15,ARICA,https://www.contraloria.cl/SicaProd/SICAv3-BIFAPortalCGR/faces/newDetalleInforme?docIdcm=7c99687f20fb51057cb2e042811b243c,C,Informe de Investigación Especial,26061,https://www.contraloria.cl/SicaProd/SICAv3-BIFAPortalCGR/servletfichainformegoogle?docIdcm=7c99687f20fb51057cb2e042811b243c&pdf=1
51318,15101,2018-12-11 00:00:00.0,MUNICIPALIDAD DE ARICA,2018,620,INFORME FINAL 620-18 MUNICIPALIDAD DE ARICA RESIDUOS DOMICILIARIOS Y LA MANTENCIÓN DE ÁREAS VERDES-NOVIEMBRE 2018,https://www.contraloria.cl/pdfbuscador/auditoria/11e334ea445653507e1210498e332602/html,15,ARICA,https://www.contraloria.cl/SicaProd/SICAv3-BIFAPortalCGR/faces/newDetalleInforme?docIdcm=11e334ea445653507e1210498e332602,C,Informe Final de Auditoría,26898,https://www.contraloria.cl/SicaProd/SICAv3-BIFAPortalCGR/servletfichainformegoogle?docIdcm=11e334ea445653507e1210498e332602&pdf=1
52362,15101,2018-12-19 00:00:00.0,DEPARTAMENTO DE EDUCACION MUNICIPAL DE ARICA,2018,774,INFORME FINAL 774-18 MUNICIPALIDAD DE ARICA ENDEUDAMIENTO MUNICIPAL Y EL CUMPLIMIENTO DE LA NORMATIVA CONTABLE DAEM-DICIEMBRE 2018,https://www.contraloria.cl/pdfbuscador/auditoria/733193cbe17b847dc5dafcdf0e16cb7c/html,15,ARICA,https://www.contraloria.cl/SicaProd/SICAv3-BIFAPortalCGR/faces/newDetalleInforme?docIdcm=733193cbe17b847dc5dafcdf0e16cb7c,C,Informe Final de Auditoría,27070,https://www.contraloria.cl/SicaProd/SICAv3-BIFAPortalCGR/servletfichainformegoogle?docIdcm=733193cbe17b847dc5dafcdf0e16cb7c&pdf=1
56455,15101,2019-05-30 00:00:00.0,MUNICIPALIDAD DE ARICA,2019,169,INFORME INVESTIGACIÓN ESPECIAL 169-19 MUNI. ARICA IRREGULARIDADES EN LA EJECUCIÓN DEL CONVENIO CON LA FUNDACIÓN DAYA-MAYO 2019,https://www.contraloria.cl/pdfbuscador/auditoria/e77027ab24c26dccda9820811fe8c700/html,15,ARICA,https://www.contraloria.cl/SicaProd/SICAv3-BIFAPortalCGR/faces/newDetalleInforme?docIdcm=e77027ab24c26dccda9820811fe8c700,C,Informe de Investigación Especial,29022,https://www.contraloria.cl/SicaProd/SICAv3-BIFAPortalCGR/servletfichainformegoogle?docIdcm=e77027ab24c26dccda9820811fe8c700&pdf=1
56368,15101,2019-04-30 00:00:00.0,MUNICIPALIDAD DE ARICA,2019,173,INFORME FINAL 173-19 MUNICIPALIDAD DE ARICA AUDITORIA A PROG.REVITALIZACIÓN DE BARRIOS E INFRAESTRUCTURA PATRIMONIAL-ABRIL 2019,https://www.contraloria.cl/pdfbuscador/auditoria/1fd6539044d8df630abb8ee3ae5f1241/html,15,ARICA,https://www.contraloria.cl/SicaProd/SICAv3-BIFAPortalCGR/faces/newDetalleInforme?docIdcm=1fd6539044d8df630abb8ee3ae5f1241,C,Informe Final de Auditoría,28952,https://www.contraloria.cl/SicaProd/SICAv3-BIFAPortalCGR/servletfichainformegoogle?docIdcm=1fd6539044d8df630abb8ee3ae5f1241&pdf=1
55178,15101,2019-09-05 00:00:00.0,MUNICIPALIDAD DE ARICA,2019,179,INFORME INVESTIGACIÓN ESPECIAL 179-19 MUNICIPALIDAD DE ARICA PRESUNTAS IRREGULARIDADES EN EL TERMINAL INTERNACIONAL-SEPTIEMBRE 2019,https://www.contraloria.cl/pdfbuscador/auditoria/36402f337bdfffc0f075999097d26c94/html,15,ARICA,https://www.contraloria.cl/SicaProd/SICAv3-BIFAPortalCGR/faces/newDetalleInforme?docIdcm=36402f337bdfffc0f075999097d26c94,C,Informe de Investigación Especial,29864,https://www.contraloria.cl/SicaProd/SICAv3-BIFAPortalCGR/servletfichainformegoogle?docIdcm=36402f337bdfffc0f075999097d26c94&pdf=1
56329,15101,2019-07-30 00:00:00.0,MUNICIPALIDAD DE ARICA,2019,336,INFORME FINAL 336-19 MUNICIPALIDAD DE ARICA AUDITORIA SUBSIDIOS DE LICENCIAS MÉDICAS-JULIO 2019,https://www.contraloria.cl/pdfbuscador/auditoria/172e671c0be790edc57723a6b7d1bb77/html,15,ARICA,https://www.contraloria.cl/SicaProd/SICAv3-BIFAPortalCGR/faces/newDetalleInforme?docIdcm=172e671c0be790edc57723a6b7d1bb77,C,Informe Final de Auditoría,29566,https://www.contraloria.cl/SicaProd/SICAv3-BIFAPortalCGR/servletfichainformegoogle?docIdcm=172e671c0be790edc57723a6b7d1bb77&pdf=1
57784,15101,2019-10-30 00:00:00.0,DEPARTAMENTO DE EDUCACION MUNICIPAL DE ARICA,2019,555,INFORME INVESTIGACIÓN ESPECIAL 555-19 MUNICIPALIDAD ARICA EVENTUALES FALTAS A LA PROBIDAD EN LA JORNADA LABORAL-OCTUBRE 2019,https://www.contraloria.cl/pdfbuscador/auditoria/ab39359c2d1ca88259b05a806d548736/html,15,ARICA,https://www.contraloria.cl/SicaProd/SICAv3-BIFAPortalCGR/faces/newDetalleInforme?docIdcm=ab39359c2d1ca88259b05a806d548736,C,Informe de Investigación Especial,30224,https://www.contraloria.cl/SicaProd/SICAv3-BIFAPortalCGR/servletfichainformegoogle?docIdcm=ab39359c2d1ca88259b05a806d548736&pdf=1
57767,15101,2019-11-21 00:00:00.0,DEPARTAMENTO DE SALUD MUNICIPAL DE ARICA,2019,610,INFORME FINAL 610-19 MUNICIPALIDAD DE ARICA MEJORÍA DE LA EQUIDAD EN LA SALUD RURAL Y AL CONTROL DE INVENTARIO-NOVIEMBRE 2019,https://www.contraloria.cl/pdfbuscador/auditoria/c6970eb5f2f6619965a97a55c0ac44ac/html,15,ARICA,https://www.contraloria.cl/SicaProd/SICAv3-BIFAPortalCGR/faces/newDetalleInforme?docIdcm=c6970eb5f2f6619965a97a55c0ac44ac,C,Informe Final de Auditoría,30318,https://www.contraloria.cl/SicaProd/SICAv3-BIFAPortalCGR/servletfichainformegoogle?docIdcm=c6970eb5f2f6619965a97a55c0ac44ac&pdf=1
57984,15101,2019-11-14 00:00:00.0,DEPARTAMENTO DE EDUCACION MUNICIPAL DE ARICA,2019,663,INFORME INVESTIGACIÓN ESPECIAL 663-19 MUNICIPALIDAD DE ARICA EVENTUALES INCUMPLIMIENTO EN EL PAGO POR PARTE DEL DAEM-NOVIEMBRE 2019,https://www.contraloria.cl/pdfbuscador/auditoria/99bba3abbc9c4f71d73079ef338c05cd/html,15,ARICA,https://www.contraloria.cl/SicaProd/SICAv3-BIFAPortalCGR/faces/newDetalleInforme?docIdcm=99bba3abbc9c4f71d73079ef338c05cd,C,Informe de Investigación Especial,30304,https://www.contraloria.cl/SicaProd/SICAv3-BIFAPortalCGR/servletfichainformegoogle?docIdcm=99bba3abbc9c4f71d73079ef338c05cd&pdf=1
57769,15101,2019-11-08 00:00:00.0,MUNICIPALIDAD DE ARICA,2019,669,INFORME FINAL 669-19 MUNICIPALIDAD DE ARICA AUDITORÍA A LOS INGRESOS POR EL OTORGAMIENTO DE PERMISO DE CIRCULACIÓN-NOVIEMBRE 2019,https://www.contraloria.cl/pdfbuscador/auditoria/c9a5f559253bebe7d982fc7f1131039d/html,15,ARICA,https://www.contraloria.cl/SicaProd/SICAv3-BIFAPortalCGR/faces/newDetalleInforme?docIdcm=c9a5f559253bebe7d982fc7f1131039d,C,Informe Final de Auditoría,30270,https://www.contraloria.cl/SicaProd/SICAv3-BIFAPortalCGR/servletfichainformegoogle?docIdcm=c9a5f559253bebe7d982fc7f1131039d&pdf=1
72019,15101,2020-07-07 00:00:00.0,MUNICIPALIDAD DE ARICA,2020,152,INFORME FINAL 152-2020 MUNI.DE ARICA AUDITORIA PROG.REVITALIZACIÓN DE BARRIOS E INFRAESTRUCTURA PATRIMONIAL-JULIO 2020,https://www.contraloria.cl/pdfbuscador/auditoria/962c25dafaee7b0d289a6c04a75da827/html,15,ARICA,https://www.contraloria.cl/SicaProd/SICAv3-BIFAPortalCGR/faces/newDetalleInforme?docIdcm=962c25dafaee7b0d289a6c04a75da827,C,Informe Final de Auditoría,33067,https://www.contraloria.cl/SicaProd/SICAv3-BIFAPortalCGR/servletfichainformegoogle?docIdcm=962c25dafaee7b0d289a6c04a75da827&pdf=1