IDACTIVIDAD,CODIGOSUBDERE,FECHAINFORME,NOMBRESERVICIO,ANOINFORME,NUMEROINFORME,MATERIAINFORME,FICHAINFORMEBIFA,C_REG_SUBDERE,NOMBRESUBDERE,FICHAINFORME,TIPOSUBDERE,TIPOINFORME,IDINFORME,PDFINFORME
26449,11201,2015-03-17 00:00:00.0,MUNICIPALIDAD DE AYSEN,2015,38,INFORME DE INVESTIGACIÓN ESPECIAL 38-15 SOBRE MANIFESTACIÓN EN LA CIUDAD DE COYHAIQUE DE FUNCIONARIOS DE LA MUNICIPALIDAD DE AYSÉN - MARZO 2015,https://www.contraloria.cl/pdfbuscador/auditoria/54d7e6e87f3fefc496b4b1adb452530e/html,11,AYSEN,https://www.contraloria.cl/SicaProd/SICAv3-BIFAPortalCGR/faces/newDetalleInforme?docIdcm=54d7e6e87f3fefc496b4b1adb452530e,C,Informe de Investigación Especial,13541,https://www.contraloria.cl/SicaProd/SICAv3-BIFAPortalCGR/servletfichainformegoogle?docIdcm=54d7e6e87f3fefc496b4b1adb452530e&pdf=1
28919,11201,2015-08-13 00:00:00.0,MUNICIPALIDAD DE AYSEN,2015,450,INFORME FINAL 450-15-MUNICIPALIDAD DE AYSEN- SOBRE AUDITORIA A LAS CONTRATACIONES A HONORARIOS CON CARGO A LA CUENTA PRESUPUESTARIA 21-04-004 -AGOSTO 2015,https://www.contraloria.cl/pdfbuscador/auditoria/43acfd6e56767cb510f491f32e5425e6/html,11,AYSEN,https://www.contraloria.cl/SicaProd/SICAv3-BIFAPortalCGR/faces/newDetalleInforme?docIdcm=43acfd6e56767cb510f491f32e5425e6,C,Informe Final de Auditoría,14541,https://www.contraloria.cl/SicaProd/SICAv3-BIFAPortalCGR/servletfichainformegoogle?docIdcm=43acfd6e56767cb510f491f32e5425e6&pdf=1
29778,11201,2015-07-08 00:00:00.0,MUNICIPALIDAD DE AYSEN,2015,568,INFORME DE INVESTIGACIÓN ESPECIAL 568-15 MUNICIPALIDAD DE AYSÉN SOBRE EVENTUALES IRREGULARIDADES EN LOS PUNTAJES DE FICHA DE PROTECCIÓN SOCIAL-JULIO 2015,https://www.contraloria.cl/pdfbuscador/auditoria/1d12396c7ec1b0f85c82087bfa684f49/html,11,AYSEN,https://www.contraloria.cl/SicaProd/SICAv3-BIFAPortalCGR/faces/newDetalleInforme?docIdcm=1d12396c7ec1b0f85c82087bfa684f49,C,Informe de Investigación Especial,14271,https://www.contraloria.cl/SicaProd/SICAv3-BIFAPortalCGR/servletfichainformegoogle?docIdcm=1d12396c7ec1b0f85c82087bfa684f49&pdf=1
34866,11201,2016-07-14 00:00:00.0,MUNICIPALIDAD DE AYSEN,2016,143,INFORME FINAL 143-16 MUNICIPALIDAD DE AYSÉN -SOBRE AUDITORÍA A LA INVERSIÓN EN INFRAESTRUCTURA-JULIO 2016,https://www.contraloria.cl/pdfbuscador/auditoria/dd199ce4d270ec9bf98c92b83fb7e8f6/html,11,AYSEN,https://www.contraloria.cl/SicaProd/SICAv3-BIFAPortalCGR/faces/newDetalleInforme?docIdcm=dd199ce4d270ec9bf98c92b83fb7e8f6,C,Informe Final de Auditoría,18477,https://www.contraloria.cl/SicaProd/SICAv3-BIFAPortalCGR/servletfichainformegoogle?docIdcm=dd199ce4d270ec9bf98c92b83fb7e8f6&pdf=1
34755,11201,2016-10-14 00:00:00.0,MUNICIPALIDAD DE AYSEN,2016,737,INFORME FINAL 737-16 MUNICIPALIDAD DE AYSEN AUDITORÍA AL GASTO EN PERIODO ELECTORAL-USO DE BIENES-VEHÍCULOS-RRHH-RECURSOS FÍSICOS Y FINANCIEROS-OCTUBRE 2016,https://www.contraloria.cl/pdfbuscador/auditoria/3a9648072e5565eabb56b560421dee68/html,11,AYSEN,https://www.contraloria.cl/SicaProd/SICAv3-BIFAPortalCGR/faces/newDetalleInforme?docIdcm=3a9648072e5565eabb56b560421dee68,C,Informe Final de Auditoría,19146,https://www.contraloria.cl/SicaProd/SICAv3-BIFAPortalCGR/servletfichainformegoogle?docIdcm=3a9648072e5565eabb56b560421dee68&pdf=1
41447,11201,2017-05-31 00:00:00.0,MUNICIPALIDAD DE AYSEN,2017,233,"INFORME FINAL N° 233, DE 2017, SOBRE AUDITORÍA A GASTOS DE PASAJES, ALIMENTACIÓN, ALOJAMIENTO, VIÁTICOS Y ANTICIPOS ENTREGADOS AL ALCALDE Y CONCEJALES, Y A LOS INGRESOS PERCIBIDOS, EN LA MUNICIPALIDAD DE AYSÉN.",https://www.contraloria.cl/pdfbuscador/auditoria/6e7b94f30ae9e326a9856f8970f07774/html,11,AYSEN,https://www.contraloria.cl/SicaProd/SICAv3-BIFAPortalCGR/faces/newDetalleInforme?docIdcm=6e7b94f30ae9e326a9856f8970f07774,C,Informe Final de Auditoría,21047,https://www.contraloria.cl/SicaProd/SICAv3-BIFAPortalCGR/servletfichainformegoogle?docIdcm=6e7b94f30ae9e326a9856f8970f07774&pdf=1
44354,11201,2017-09-13 00:00:00.0,DEPARTAMENTO DE EDUCACION DE AYSEN,2017,624,"INFORME FINAL DE INVESTIGACIÓN ESPECIAL N° 624, DE 2017, SOBRE IRREGULARIDADES EN LA DIRECCIÓN DE EDUCACIÓN DE LA MUNICIPALIDAD DE AYSÉN.",https://www.contraloria.cl/pdfbuscador/auditoria/53c7a580877e2d03b3540adda8e30baf/html,11,AYSEN,https://www.contraloria.cl/SicaProd/SICAv3-BIFAPortalCGR/faces/newDetalleInforme?docIdcm=53c7a580877e2d03b3540adda8e30baf,C,Informe de Investigación Especial,21747,https://www.contraloria.cl/SicaProd/SICAv3-BIFAPortalCGR/servletfichainformegoogle?docIdcm=53c7a580877e2d03b3540adda8e30baf&pdf=1
59409,11201,2019-12-27 00:00:00.0,MUNICIPALIDAD DE AYSEN,2019,936,"INFORME FINAL N° 936, DE 2019, SOBRE AUDITORÍA A LOS PROCESOS DE LICITACIÓN, ADJUDICACIÓN, CONTRATACIÓN Y EJECUCIÓN DE CONTRATOS DE OBRAS CELEBRADOS POR LA MUNICIPALIDAD DE AYSÉN.",https://www.contraloria.cl/pdfbuscador/auditoria/035f19f6e37988ff2ff7670fe85766cd/html,11,AYSEN,https://www.contraloria.cl/SicaProd/SICAv3-BIFAPortalCGR/faces/newDetalleInforme?docIdcm=035f19f6e37988ff2ff7670fe85766cd,C,Informe Final de Auditoría,30790,https://www.contraloria.cl/SicaProd/SICAv3-BIFAPortalCGR/servletfichainformegoogle?docIdcm=035f19f6e37988ff2ff7670fe85766cd&pdf=1
52235,11201,2020-05-29 00:00:00.0,DEPARTAMENTO DE EDUCACION DE AYSEN,2020,238,INFORME FINAL DE INVESTIGACIÓN ESPECIAL N° 238-2020 DIRECCIÓN DE EDUCACIÓN MUNICIPALIDAD DE AYSÉN  SOBRE EVENTUALES IRREGULARIDADES RELACIONADAS CON RECAUDACIÓN DE INGRESOS PERCIBIDOS POR ARRIENDOS DURANTE 2017 MAYO-2020,https://www.contraloria.cl/pdfbuscador/auditoria/0b9dbebd46d4804836a5bfa741f7aab1/html,11,AYSEN,https://www.contraloria.cl/SicaProd/SICAv3-BIFAPortalCGR/faces/newDetalleInforme?docIdcm=0b9dbebd46d4804836a5bfa741f7aab1,C,Informe de Investigación Especial,32724,https://www.contraloria.cl/SicaProd/SICAv3-BIFAPortalCGR/servletfichainformegoogle?docIdcm=0b9dbebd46d4804836a5bfa741f7aab1&pdf=1