IDACTIVIDAD,CODIGOSUBDERE,FECHAINFORME,NOMBRESERVICIO,ANOINFORME,NUMEROINFORME,MATERIAINFORME,FICHAINFORMEBIFA,C_REG_SUBDERE,NOMBRESUBDERE,FICHAINFORME,TIPOSUBDERE,TIPOINFORME,IDINFORME,PDFINFORME
28589,13402,2015-11-04 00:00:00.0,MUNICIPALIDAD DE BUIN,2015,653,INFORME FINAL 653-15 MUNICIPALIDAD DE BUIN - SOBRE AUDITORIA A LAS CONTRATACIONES DE HONORARIOS EN PROGRAMAS COMUNITARIOS - NOVIEMBRE 2015,https://www.contraloria.cl/pdfbuscador/auditoria/404ac3272bada0ab9a1f84227966988f/html,13,BUIN,https://www.contraloria.cl/SicaProd/SICAv3-BIFAPortalCGR/faces/newDetalleInforme?docIdcm=404ac3272bada0ab9a1f84227966988f,C,Informe Final de Auditoría,15736,https://www.contraloria.cl/SicaProd/SICAv3-BIFAPortalCGR/servletfichainformegoogle?docIdcm=404ac3272bada0ab9a1f84227966988f&pdf=1
37179,13402,2016-10-14 00:00:00.0,MUNICIPALIDAD DE BUIN,2016,658,INVESTIGACION ESPECIAL 658-16 MUNICIPALIDAD DE BUIN - SOBRE ADQUISICION DE ELEMENTOS PUBLICITARIOS - OCTUBRE 2016,https://www.contraloria.cl/pdfbuscador/auditoria/a5264139984815cafa54998cbf19da94/html,13,BUIN,https://www.contraloria.cl/SicaProd/SICAv3-BIFAPortalCGR/faces/newDetalleInforme?docIdcm=a5264139984815cafa54998cbf19da94,C,Informe de Investigación Especial,19193,https://www.contraloria.cl/SicaProd/SICAv3-BIFAPortalCGR/servletfichainformegoogle?docIdcm=a5264139984815cafa54998cbf19da94&pdf=1
34503,13402,2016-12-30 00:00:00.0,MUNICIPALIDAD DE BUIN,2016,1019,INFORME FINAL 1019-2016 MUNICIPALIDAD DE BUIN - SOBRE AUDITORIA AL MACROPROCESO DE FINANZAS - DICIEMBRE 2016,https://www.contraloria.cl/pdfbuscador/auditoria/958071ea14fc4d691813686358e94595/html,13,BUIN,https://www.contraloria.cl/SicaProd/SICAv3-BIFAPortalCGR/faces/newDetalleInforme?docIdcm=958071ea14fc4d691813686358e94595,C,Informe Final de Auditoría,20532,https://www.contraloria.cl/SicaProd/SICAv3-BIFAPortalCGR/servletfichainformegoogle?docIdcm=958071ea14fc4d691813686358e94595&pdf=1
41660,13402,2017-08-02 00:00:00.0,MUNICIPALIDAD DE BUIN,2017,199,INFORME FINAL N° 199-17 - MUNICIPALIDAD DE BUIN - SOBRE AUDITORIA AL MACROPROCESO DE ADQUISICIONES Y ABASTECIMIENTO - AGOSTO 2017,https://www.contraloria.cl/pdfbuscador/auditoria/208ef2ef00591913cdbfd4d1ce1622f1/html,13,BUIN,https://www.contraloria.cl/SicaProd/SICAv3-BIFAPortalCGR/faces/newDetalleInforme?docIdcm=208ef2ef00591913cdbfd4d1ce1622f1,C,Informe Final de Auditoría,21494,https://www.contraloria.cl/SicaProd/SICAv3-BIFAPortalCGR/servletfichainformegoogle?docIdcm=208ef2ef00591913cdbfd4d1ce1622f1&pdf=1
42957,13402,2017-07-11 00:00:00.0,MUNICIPALIDAD DE BUIN,2017,380,INFORME INVESTIGACIÓN ESPECIAL 380-17 MUNICIPALIDAD DE BUIN SOBRE DENUNCIA POR EVENTUALES IRREGULARIDADES EN TRABAJOS REALIZADOS EN EL RECIENTO -JULIO 2017,https://www.contraloria.cl/pdfbuscador/auditoria/7181df0952a07b899e0acb850a6b27f2/html,13,BUIN,https://www.contraloria.cl/SicaProd/SICAv3-BIFAPortalCGR/faces/newDetalleInforme?docIdcm=7181df0952a07b899e0acb850a6b27f2,C,Informe de Investigación Especial,21357,https://www.contraloria.cl/SicaProd/SICAv3-BIFAPortalCGR/servletfichainformegoogle?docIdcm=7181df0952a07b899e0acb850a6b27f2&pdf=1
50685,13402,2018-11-30 00:00:00.0,MUNICIPALIDAD DE BUIN,2018,568,INFORME FINAL 568-2018 MUNICIPALIDAD DE BUIN AUDITORÍA AL MACROPROCESO DE CONCESIONES EN LA MUNICIPALIDAD -NOVIEMBRE 2018,https://www.contraloria.cl/pdfbuscador/auditoria/31fba9bad1a33da3f391bfd117b9ea9f/html,13,BUIN,https://www.contraloria.cl/SicaProd/SICAv3-BIFAPortalCGR/faces/newDetalleInforme?docIdcm=31fba9bad1a33da3f391bfd117b9ea9f,C,Informe Final de Auditoría,26791,https://www.contraloria.cl/SicaProd/SICAv3-BIFAPortalCGR/servletfichainformegoogle?docIdcm=31fba9bad1a33da3f391bfd117b9ea9f&pdf=1
52785,13402,2019-02-27 00:00:00.0,MUNICIPALIDAD DE BUIN,2018,801,INFORME FINAL 801-2018 MUNICIPALIDAD DE BUIN AUDITORIA AL MACROPROCESO DE CONCESIÓN POR EXTRACCIÓN DE ÁRIDOS-FEBRERO 2019,https://www.contraloria.cl/pdfbuscador/auditoria/da9614094c63aeec574559d05dda74dc/html,13,BUIN,https://www.contraloria.cl/SicaProd/SICAv3-BIFAPortalCGR/faces/newDetalleInforme?docIdcm=da9614094c63aeec574559d05dda74dc,C,Informe Final de Auditoría,27850,https://www.contraloria.cl/SicaProd/SICAv3-BIFAPortalCGR/servletfichainformegoogle?docIdcm=da9614094c63aeec574559d05dda74dc&pdf=1
52226,13402,2019-04-02 00:00:00.0,MUNICIPALIDAD DE BUIN,2018,1072,"INFORME FINAL N° 1.072, DE 2018, MUNICIPALIDAD DE BUIN SOBRE INSPECCIÓN A LAS OBRAS DEL CONTRATO DENOMINADO CONSERVACIÓN CAMINO LA CERVERA, COMUNA DE BUIN – ABRIL 2019.",https://www.contraloria.cl/pdfbuscador/auditoria/83ba943e7a933dc2740ecae1d027e2b0/html,13,BUIN,https://www.contraloria.cl/SicaProd/SICAv3-BIFAPortalCGR/faces/newDetalleInforme?docIdcm=83ba943e7a933dc2740ecae1d027e2b0,C,Informe de Inspección de Obra Pública,28632,https://www.contraloria.cl/SicaProd/SICAv3-BIFAPortalCGR/servletfichainformegoogle?docIdcm=83ba943e7a933dc2740ecae1d027e2b0&pdf=1
54603,13402,2020-01-09 00:00:00.0,MUNICIPALIDAD DE BUIN,2019,89,INFORME FINAL INVESTIGACION ESPECIAL N° 89-2019 - MUNICIPALIDAD DE BUIN - SOBRE EVENTUALES IRREGULARIDADES - ENERO 2020,https://www.contraloria.cl/pdfbuscador/auditoria/ba3841f3f3eb1343e92bcfc1519175bb/html,13,BUIN,https://www.contraloria.cl/SicaProd/SICAv3-BIFAPortalCGR/faces/newDetalleInforme?docIdcm=ba3841f3f3eb1343e92bcfc1519175bb,C,Informe de Investigación Especial,30930,https://www.contraloria.cl/SicaProd/SICAv3-BIFAPortalCGR/servletfichainformegoogle?docIdcm=ba3841f3f3eb1343e92bcfc1519175bb&pdf=1
56494,13402,2019-12-23 00:00:00.0,MUNICIPALIDAD DE BUIN,2019,281,INFORME FINAL N° 281-2019 - MUNICIPALIDAD DE BUIN - SOBRE AUDITORIA A LA EJECUCION PRESUPUESTARIA - DICIEMBRE 2019,https://www.contraloria.cl/pdfbuscador/auditoria/d0a996230fc43394f5a62433c9079a1d/html,13,BUIN,https://www.contraloria.cl/SicaProd/SICAv3-BIFAPortalCGR/faces/newDetalleInforme?docIdcm=d0a996230fc43394f5a62433c9079a1d,C,Informe Final de Auditoría,30758,https://www.contraloria.cl/SicaProd/SICAv3-BIFAPortalCGR/servletfichainformegoogle?docIdcm=d0a996230fc43394f5a62433c9079a1d&pdf=1
67746,13402,2020-03-16 00:00:00.0,MUNICIPALIDAD DE BUIN,2019,1120,"INFORME FINAL N°1120-2019-MUNICIPALIDAD DE BUIN-SOBRE INSPECCIÓN A LAS OBRAS DEL CONTRATO DENOMINADO""CONSTRUCCIÓN CENTRO CULTURAL DE BUIN, SEGUNDA ETAPA""-MARZO 2020",https://www.contraloria.cl/pdfbuscador/auditoria/75910ece3c8ef26a5ae1a97fcc2c3312/html,13,BUIN,https://www.contraloria.cl/SicaProd/SICAv3-BIFAPortalCGR/faces/newDetalleInforme?docIdcm=75910ece3c8ef26a5ae1a97fcc2c3312,C,Informe de Inspección de Obra Pública,32371,https://www.contraloria.cl/SicaProd/SICAv3-BIFAPortalCGR/servletfichainformegoogle?docIdcm=75910ece3c8ef26a5ae1a97fcc2c3312&pdf=1