IDACTIVIDAD,CODIGOSUBDERE,FECHAINFORME,NOMBRESERVICIO,ANOINFORME,NUMEROINFORME,MATERIAINFORME,FICHAINFORMEBIFA,C_REG_SUBDERE,NOMBRESUBDERE,FICHAINFORME,TIPOSUBDERE,TIPOINFORME,IDINFORME,PDFINFORME
26151,16102,2015-12-30 00:00:00.0,MUNICIPALIDAD DE BULNES,2015,18,INFORME INVESTIGACIÓN ESPECIAL 18 - 15 MUNICIPALIDAD DE BULNES SOBRE EVENTUALES IRREGULARIDADES - DICIEMBRE 2015,https://www.contraloria.cl/pdfbuscador/auditoria/adfd4e5a180f82bc9d0edc307fe5a700/html,16,BULNES,https://www.contraloria.cl/SicaProd/SICAv3-BIFAPortalCGR/faces/newDetalleInforme?docIdcm=adfd4e5a180f82bc9d0edc307fe5a700,C,Informe de Investigación Especial,16878,https://www.contraloria.cl/SicaProd/SICAv3-BIFAPortalCGR/servletfichainformegoogle?docIdcm=adfd4e5a180f82bc9d0edc307fe5a700&pdf=1
29720,16102,2015-06-08 00:00:00.0,MUNICIPALIDAD DE BULNES,2015,237,INFORME INVESTIGACIÓN ESPECIAL 237 - 15 MUNICIPALIDAD DE BULNES SOBRE ACTUACIONES EN PROCESOS DE COMPRA - JUNIO 2015,https://www.contraloria.cl/pdfbuscador/auditoria/4a82587c76ad7c2cb46d6112bc55194d/html,16,BULNES,https://www.contraloria.cl/SicaProd/SICAv3-BIFAPortalCGR/faces/newDetalleInforme?docIdcm=4a82587c76ad7c2cb46d6112bc55194d,C,Informe de Investigación Especial,13997,https://www.contraloria.cl/SicaProd/SICAv3-BIFAPortalCGR/servletfichainformegoogle?docIdcm=4a82587c76ad7c2cb46d6112bc55194d&pdf=1
28555,16102,2015-07-24 00:00:00.0,MUNICIPALIDAD DE BULNES,2015,377,INFORME FINAL 377-15 MUNICIPALIDAD DE BULNES PROGRAMA CONTRATACIONES A HONORARIOS - JULIO 2015,https://www.contraloria.cl/pdfbuscador/auditoria/b9439ce5ed0e97bad31319ebf889544f/html,16,BULNES,https://www.contraloria.cl/SicaProd/SICAv3-BIFAPortalCGR/faces/newDetalleInforme?docIdcm=b9439ce5ed0e97bad31319ebf889544f,C,Informe Final de Auditoría,14410,https://www.contraloria.cl/SicaProd/SICAv3-BIFAPortalCGR/servletfichainformegoogle?docIdcm=b9439ce5ed0e97bad31319ebf889544f&pdf=1
33483,16102,2016-02-02 00:00:00.0,MUNICIPALIDAD DE BULNES,2015,1203,INFORME INVESTIGACIÓN ESPECIAL 1.203-15 MUNICIPALIDAD DE BULNES SOBRE PRESUNTO INCUMPLIMIENTO DE OFERTA EN LICITACIÓN DE SUMINISTRO - FEBRERO DE 2016,https://www.contraloria.cl/pdfbuscador/auditoria/bc46e83d49d96a02b82a10ce3f678656/html,16,BULNES,https://www.contraloria.cl/SicaProd/SICAv3-BIFAPortalCGR/faces/newDetalleInforme?docIdcm=bc46e83d49d96a02b82a10ce3f678656,C,Informe de Investigación Especial,17239,https://www.contraloria.cl/SicaProd/SICAv3-BIFAPortalCGR/servletfichainformegoogle?docIdcm=bc46e83d49d96a02b82a10ce3f678656&pdf=1
36769,16102,2016-08-17 00:00:00.0,CEMENTERIO MUNICIPAL DE BULNES,2016,296,INFORME INVESTIGACIÓN ESPECIAL 296-16 MUNICIPALIDAD DE BULNES SOBRE PRESUNTAS IRREGULARIDADES ACONTECIDAS EN CEMENTERIO MUNICIPAL - AGOSTO 2016,https://www.contraloria.cl/pdfbuscador/auditoria/a979387ad93da075fefc8fccd8c906ac/html,16,BULNES,https://www.contraloria.cl/SicaProd/SICAv3-BIFAPortalCGR/faces/newDetalleInforme?docIdcm=a979387ad93da075fefc8fccd8c906ac,C,Informe de Investigación Especial,18695,https://www.contraloria.cl/SicaProd/SICAv3-BIFAPortalCGR/servletfichainformegoogle?docIdcm=a979387ad93da075fefc8fccd8c906ac&pdf=1
42348,16102,2017-09-11 00:00:00.0,MUNICIPALIDAD DE BULNES,2017,359,"INFORME FINAL 359-17 MUNICIPALIDAD DE BULNES AUDITORÍA A LOS PROCESOS DE FINANZAS, ADQUISICIONES Y RECURSOS HUMANOS - SEPTIEMBRE 2017",https://www.contraloria.cl/pdfbuscador/auditoria/6412ae7998f4335a8916e80188dcded6/html,16,BULNES,https://www.contraloria.cl/SicaProd/SICAv3-BIFAPortalCGR/faces/newDetalleInforme?docIdcm=6412ae7998f4335a8916e80188dcded6,C,Informe Final de Auditoría,21760,https://www.contraloria.cl/SicaProd/SICAv3-BIFAPortalCGR/servletfichainformegoogle?docIdcm=6412ae7998f4335a8916e80188dcded6&pdf=1
49388,16102,2018-12-27 00:00:00.0,DEPARTAMENTO DE ADMINISTRACION DE EDUCACION MUNICIPAL DE BULNES,2018,258,"INFORME FINAL 258 -18 DAEM MUNICIPALIDAD DE BULNES SOBRE AUDITORÍA A LOS MACROPROCESOS DE FINANZAS, ADM DE REC FINANCIEROS, ADQUSICIONES Y ABASTECIMIENTO, Y RRHH  - DICIEMBRE 2018",https://www.contraloria.cl/pdfbuscador/auditoria/ffb539291c9b556daeb6f857df89b363/html,16,BULNES,https://www.contraloria.cl/SicaProd/SICAv3-BIFAPortalCGR/faces/newDetalleInforme?docIdcm=ffb539291c9b556daeb6f857df89b363,C,Informe Final de Auditoría,27139,https://www.contraloria.cl/SicaProd/SICAv3-BIFAPortalCGR/servletfichainformegoogle?docIdcm=ffb539291c9b556daeb6f857df89b363&pdf=1