IDACTIVIDAD,CODIGOSUBDERE,FECHAINFORME,NOMBRESERVICIO,ANOINFORME,NUMEROINFORME,MATERIAINFORME,FICHAINFORMEBIFA,C_REG_SUBDERE,NOMBRESUBDERE,FICHAINFORME,TIPOSUBDERE,TIPOINFORME,IDINFORME,PDFINFORME
28273,12201,2015-08-26 00:00:00.0,MUNICIPALIDAD DE CABO DE HORNOS,2015,620,INFORME FINAL 620-15 MUNICIPALIDAD DE CABO DE HORNOS SOBRE AUDITORIA A LAS CONTRATACIONES DE HONORARIOS EN PROGRAMAS COMUNITARIOS - AGOSTO 2015,https://www.contraloria.cl/pdfbuscador/auditoria/c2814594e8b90da3c860bebc7f90c023/html,12,CABO DE HORNOS,https://www.contraloria.cl/SicaProd/SICAv3-BIFAPortalCGR/faces/newDetalleInforme?docIdcm=c2814594e8b90da3c860bebc7f90c023,C,Informe Final de Auditoría,14717,https://www.contraloria.cl/SicaProd/SICAv3-BIFAPortalCGR/servletfichainformegoogle?docIdcm=c2814594e8b90da3c860bebc7f90c023&pdf=1
33641,12201,2016-08-08 00:00:00.0,MUNICIPALIDAD DE CABO DE HORNOS,2016,273,INFORME FINAL DE INVESTIGACIÓN ESPECIAL 273-16 MUNICIPALIDAD DE CABO DE HORNOS SOBRE LA PERCEPCIÓN Y DESTINACIÓN DE LOS RECURSOS PROVENIENTES DEL SERVICIO DE SALUD MAGALLANES-AGOSTO 2016,https://www.contraloria.cl/pdfbuscador/auditoria/34a94709a3a99be6066854d6de14bf97/html,12,CABO DE HORNOS,https://www.contraloria.cl/SicaProd/SICAv3-BIFAPortalCGR/faces/newDetalleInforme?docIdcm=34a94709a3a99be6066854d6de14bf97,C,Informe de Investigación Especial,18651,https://www.contraloria.cl/SicaProd/SICAv3-BIFAPortalCGR/servletfichainformegoogle?docIdcm=34a94709a3a99be6066854d6de14bf97&pdf=1
36895,12201,2016-08-22 00:00:00.0,MUNICIPALIDAD DE CABO DE HORNOS,2016,509,"INFORME DE INVESTIGACIÓN ESPECIAL 509-16 MUNICIPALIDAD DE CABO DE HORNOS SOBRE EVENTUALES IRREGULARIDADES EN EL PROCESO DE LICITACIÓN Y EJECUCIÓN DE DISTINTOS CONTRATOS DE OBRAS, FINANCIADOS POR EL FONDO REGIONAL DE INCIATIVA LOCAL 2015-AGOSTO 2016",https://www.contraloria.cl/pdfbuscador/auditoria/f80217e25575760946186a9d6bdd3432/html,12,CABO DE HORNOS,https://www.contraloria.cl/SicaProd/SICAv3-BIFAPortalCGR/faces/newDetalleInforme?docIdcm=f80217e25575760946186a9d6bdd3432,C,Informe de Investigación Especial,18673,https://www.contraloria.cl/SicaProd/SICAv3-BIFAPortalCGR/servletfichainformegoogle?docIdcm=f80217e25575760946186a9d6bdd3432&pdf=1
38983,12201,2016-12-21 00:00:00.0,DEPARTAMENTO DE EDUCACION DE CABO DE HORNOS,2016,1100,INFORME FINAL 1.100-16 DEPARTAMENTO DE EDUCACIÓN DE LA MUNICIPALIDAD DE CABO DE HORNOS AUDITORÍA AL MACROPROCESO DE RECURSOS HUMANOS Y ADMINISTRACIÓN DE RECURSOS FINANCIEROS-DICIEMBRE 2016,https://www.contraloria.cl/pdfbuscador/auditoria/e2be6572c47a91d08bd6e08e768d7158/html,12,CABO DE HORNOS,https://www.contraloria.cl/SicaProd/SICAv3-BIFAPortalCGR/faces/newDetalleInforme?docIdcm=e2be6572c47a91d08bd6e08e768d7158,C,Informe Final de Auditoría,19970,https://www.contraloria.cl/SicaProd/SICAv3-BIFAPortalCGR/servletfichainformegoogle?docIdcm=e2be6572c47a91d08bd6e08e768d7158&pdf=1
44263,12201,2017-09-05 00:00:00.0,MUNICIPALIDAD DE CABO DE HORNOS,2017,577,"INFORME DE INVESTIGACIÓN ESPECIAL 577-17 MUNICIPALIDAD DE CABO DE HORNOS SOBRE EVENTUAL INCUMPLIMIENTO DE FUNCIONES RESPECTO DE LA EXTRACCIÓN DE LA BASURA DOMICILIARIA Y VERTEDERO, Y DEL CONTROL DE PLAGAS Y CIRCULACIÓN DE ANIMALES EN LA VÍA PÚBLICA - SEPTIEMBRE 2017",https://www.contraloria.cl/pdfbuscador/auditoria/eb41362d33d21f93431b5f14ac280144/html,12,CABO DE HORNOS,https://www.contraloria.cl/SicaProd/SICAv3-BIFAPortalCGR/faces/newDetalleInforme?docIdcm=eb41362d33d21f93431b5f14ac280144,C,Informe de Investigación Especial,21671,https://www.contraloria.cl/SicaProd/SICAv3-BIFAPortalCGR/servletfichainformegoogle?docIdcm=eb41362d33d21f93431b5f14ac280144&pdf=1
44391,12201,2017-09-13 00:00:00.0,DEPARTAMENTO DE EDUCACION DE CABO DE HORNOS,2017,616,INFORME FINAL DE INVESTIGACIÓN ESPECIAL 616-17 DEPARTAMENTO DE EDUCACIÓN DE LA MUNICIPALIDAD DE CABO DE HORNOS SOBRE EVENTUALES IRREGULARIDADES-SEPTIEMBRE 2017,https://www.contraloria.cl/pdfbuscador/auditoria/da1419c0ae338049b2fdd831433d0bbc/html,12,CABO DE HORNOS,https://www.contraloria.cl/SicaProd/SICAv3-BIFAPortalCGR/faces/newDetalleInforme?docIdcm=da1419c0ae338049b2fdd831433d0bbc,C,Informe de Investigación Especial,21770,https://www.contraloria.cl/SicaProd/SICAv3-BIFAPortalCGR/servletfichainformegoogle?docIdcm=da1419c0ae338049b2fdd831433d0bbc&pdf=1
45737,12201,2017-11-20 00:00:00.0,MUNICIPALIDAD DE CABO DE HORNOS,2017,875,INFORME FINAL DE INVESTIGACIÓN ESPECIAL 875-17 MUNICIPALIDAD DE CABO DE HORNOS SOBRE EVENTUALES IRREGULARIDADES EN CONSTRUCCIONES Y OTRAS MATERIAS - NOVIEMBRE 2017,https://www.contraloria.cl/pdfbuscador/auditoria/4c957bcc00ae3fbe4fb4a1e8dd68b4bd/html,12,CABO DE HORNOS,https://www.contraloria.cl/SicaProd/SICAv3-BIFAPortalCGR/faces/newDetalleInforme?docIdcm=4c957bcc00ae3fbe4fb4a1e8dd68b4bd,C,Informe de Investigación Especial,22172,https://www.contraloria.cl/SicaProd/SICAv3-BIFAPortalCGR/servletfichainformegoogle?docIdcm=4c957bcc00ae3fbe4fb4a1e8dd68b4bd&pdf=1
50334,12201,2018-07-24 00:00:00.0,DEPARTAMENTO DE EDUCACION DE CABO DE HORNOS,2018,398,INFORME FINAL DE INVESTIGACIÓN ESPECIAL 398-18 DEPARTAMENTO DE EDUCACIÓN DE LA MUNICIPALIDAD DE CABO DE HORNOS SOBRE EVENTUAL INCUMPLIMIENTO EN EL PAGO DE LA SUBVENCIÓN ADICIONAL ESPECIAL-JULIO 2018,https://www.contraloria.cl/pdfbuscador/auditoria/93234aef05ddd790f35dc0d706352390/html,12,CABO DE HORNOS,https://www.contraloria.cl/SicaProd/SICAv3-BIFAPortalCGR/faces/newDetalleInforme?docIdcm=93234aef05ddd790f35dc0d706352390,C,Informe de Investigación Especial,25222,https://www.contraloria.cl/SicaProd/SICAv3-BIFAPortalCGR/servletfichainformegoogle?docIdcm=93234aef05ddd790f35dc0d706352390&pdf=1
51248,12201,2018-09-05 00:00:00.0,MUNICIPALIDAD DE CABO DE HORNOS,2018,531,"INFORME FINAL DE INVESTIGACIÓN ESPECIAL 531-18 MUNICIPALIDAD DE CABO DE HORNOS SOBRE PRESUNTAS IRREGULARIDADES A LA MANTENCIÓN DE LA INFRAESTRUCTURA DEL LICEO ALMIRANTE DONALD MC INTYRE GRIFFITHS, Y SU FUENTE DE FINANCIAMIENTO, Y EN LOS PROYECTOS DE ASISTENCIA TÉCNICA DE AGUA POTABLE, ALCANTARILLADO Y ELECTRICIDAD DE VILLA UKIKA, EN PUERTO WILLIAMS.",https://www.contraloria.cl/pdfbuscador/auditoria/d16ea9703f5f5006db2e1ca1697d53b7/html,12,CABO DE HORNOS,https://www.contraloria.cl/SicaProd/SICAv3-BIFAPortalCGR/faces/newDetalleInforme?docIdcm=d16ea9703f5f5006db2e1ca1697d53b7,C,Informe de Investigación Especial,25721,https://www.contraloria.cl/SicaProd/SICAv3-BIFAPortalCGR/servletfichainformegoogle?docIdcm=d16ea9703f5f5006db2e1ca1697d53b7&pdf=1
48803,12201,2018-12-19 00:00:00.0,MUNICIPALIDAD DE CABO DE HORNOS,2018,718,INFORME INVESTIGACIÓN ESPECIAL Nº 718-2018 MUNICIPALIDAD DE CABO DE HORNOS - OBRAS PLAZA Y OTROS,https://www.contraloria.cl/pdfbuscador/auditoria/9d557b6b55a24a1351d6a16415cf24d7/html,12,CABO DE HORNOS,https://www.contraloria.cl/SicaProd/SICAv3-BIFAPortalCGR/faces/newDetalleInforme?docIdcm=9d557b6b55a24a1351d6a16415cf24d7,C,Informe de Investigación Especial,27142,https://www.contraloria.cl/SicaProd/SICAv3-BIFAPortalCGR/servletfichainformegoogle?docIdcm=9d557b6b55a24a1351d6a16415cf24d7&pdf=1
53176,12201,2018-12-27 00:00:00.0,DEPARTAMENTO DE EDUCACION DE CABO DE HORNOS,2018,912,INFORME FINAL 912-18 DEPARTAMENTO DE ADMINISTRACIÓN DE EDUCACIÓN DE LA MUNICIPALIDAD DE CABO DE HORNOS AUDITORÍA AL PROGRAMA DE INTEGRACIÓN ESCOLAR 2017-DICIEMBRE 2018,https://www.contraloria.cl/pdfbuscador/auditoria/768d8a1f32aaeebec96f6801ad4be4e9/html,12,CABO DE HORNOS,https://www.contraloria.cl/SicaProd/SICAv3-BIFAPortalCGR/faces/newDetalleInforme?docIdcm=768d8a1f32aaeebec96f6801ad4be4e9,C,Informe Final de Auditoría,27295,https://www.contraloria.cl/SicaProd/SICAv3-BIFAPortalCGR/servletfichainformegoogle?docIdcm=768d8a1f32aaeebec96f6801ad4be4e9&pdf=1
53264,12201,2019-05-13 00:00:00.0,MUNICIPALIDAD DE CABO DE HORNOS,2019,149,INFORME DE INVESTIGACIÓN ESPECIAL 149-19 MUNICIPALIDAD DE CABO DE HORNOS SOBRE EVENTUALES IRREGULARIDADES EN MATERIAS DE RECURSOS HUMANOS Y ADQUISICIONES-MAYO 2019,https://www.contraloria.cl/pdfbuscador/auditoria/5d07cbfde0200d4b6cb4fa41fd707233/html,12,CABO DE HORNOS,https://www.contraloria.cl/SicaProd/SICAv3-BIFAPortalCGR/faces/newDetalleInforme?docIdcm=5d07cbfde0200d4b6cb4fa41fd707233,C,Informe de Investigación Especial,28957,https://www.contraloria.cl/SicaProd/SICAv3-BIFAPortalCGR/servletfichainformegoogle?docIdcm=5d07cbfde0200d4b6cb4fa41fd707233&pdf=1