IDACTIVIDAD,CODIGOSUBDERE,FECHAINFORME,NOMBRESERVICIO,ANOINFORME,NUMEROINFORME,MATERIAINFORME,FICHAINFORMEBIFA,C_REG_SUBDERE,NOMBRESUBDERE,FICHAINFORME,TIPOSUBDERE,TIPOINFORME,IDINFORME,PDFINFORME
28344,02201,2015-08-31 00:00:00.0,MUNICIPALIDAD DE CALAMA,2015,537,INFORME FINAL 537-15 MUNICIPALIDAD DE CALAMA - SOBRE AUDITORÍA A LAS CONTRATACIONES DE HONORARIOS EN PROGRAMAS COMUNITARIOS - AGOSTO 2015,https://www.contraloria.cl/pdfbuscador/auditoria/41fad57b71040ddbc1b03ebcac087289/html,02,CALAMA,https://www.contraloria.cl/SicaProd/SICAv3-BIFAPortalCGR/faces/newDetalleInforme?docIdcm=41fad57b71040ddbc1b03ebcac087289,C,Informe Final de Auditoría,14735,https://www.contraloria.cl/SicaProd/SICAv3-BIFAPortalCGR/servletfichainformegoogle?docIdcm=41fad57b71040ddbc1b03ebcac087289&pdf=1
31205,02201,2015-10-15 00:00:00.0,MUNICIPALIDAD DE CALAMA,2015,967,INFORME INVESTIGACION ESPECIAL 967-15 MUNICIPALIDAD DE CALAMA SOBRE EVENTUALES IRREGULARIDADES EN LA EJECUCION DE OBRAS EN EL PARQUE MANUEL RODRIGUEZ DE CALAMA - OCTUBRE 2015,https://www.contraloria.cl/pdfbuscador/auditoria/77aee8c453677cfcd987354cdc02c915/html,02,CALAMA,https://www.contraloria.cl/SicaProd/SICAv3-BIFAPortalCGR/faces/newDetalleInforme?docIdcm=77aee8c453677cfcd987354cdc02c915,C,Informe de Investigación Especial,15089,https://www.contraloria.cl/SicaProd/SICAv3-BIFAPortalCGR/servletfichainformegoogle?docIdcm=77aee8c453677cfcd987354cdc02c915&pdf=1
34336,02201,2016-10-12 00:00:00.0,MUNICIPALIDAD DE CALAMA,2016,749,INFORME FINAL 749-2016 MUNICIPALIDAD DE CALAMA AUDITORÍA AL GASTO EN PERIODO ELECTORAL - USO DE BIENES - VEHÍCULOS - RRHH - RECURSOS FÍSICOS Y FINANCIEROS - OCTUBRE 2016,https://www.contraloria.cl/pdfbuscador/auditoria/0636d1cde9ebbd308cefc7a6b928acb5/html,02,CALAMA,https://www.contraloria.cl/SicaProd/SICAv3-BIFAPortalCGR/faces/newDetalleInforme?docIdcm=0636d1cde9ebbd308cefc7a6b928acb5,C,Informe Final de Auditoría,19116,https://www.contraloria.cl/SicaProd/SICAv3-BIFAPortalCGR/servletfichainformegoogle?docIdcm=0636d1cde9ebbd308cefc7a6b928acb5&pdf=1
34360,02201,2016-12-20 00:00:00.0,CORPORACION MUNICIPAL DE DESARROLLO SOCIAL DE CALAMA,2016,857,INFORME FINAL N° 857-16 CORPORACION MUNICIPAL DE DESARROLLO SOCIAL DE CALAMA SOBRE AUDITORIA Y EXAMEN DE CUENTAS EFECTUADA AL PROGRAMA DE INTEGRACION ESCOLAR - DICIEMBRE 2016,https://www.contraloria.cl/pdfbuscador/auditoria/7d443dfc8f1f5f7d0e2cfd41c26cd29d/html,02,CALAMA,https://www.contraloria.cl/SicaProd/SICAv3-BIFAPortalCGR/faces/newDetalleInforme?docIdcm=7d443dfc8f1f5f7d0e2cfd41c26cd29d,C,Informe Final de Auditoría,20006,https://www.contraloria.cl/SicaProd/SICAv3-BIFAPortalCGR/servletfichainformegoogle?docIdcm=7d443dfc8f1f5f7d0e2cfd41c26cd29d&pdf=1
35227,02201,2017-05-09 00:00:00.0,MUNICIPALIDAD DE CALAMA,2016,988,INFORME FINAL DE INVESTIGACION ESPECIAL 988 DE 2016 SOBRE EVENTUALES IRREGULARIDADES EN EL TERMINO ANTICIPADO DE CONTRATO Y APLICACION DE MULTAS QUE INDICA POR PARTE DE LA MUNICIPALIDAD DE CALAMA - MAYO ,https://www.contraloria.cl/pdfbuscador/auditoria/9a92d72826826660298a56a9f3664930/html,02,CALAMA,https://www.contraloria.cl/SicaProd/SICAv3-BIFAPortalCGR/faces/newDetalleInforme?docIdcm=9a92d72826826660298a56a9f3664930,C,Informe de Investigación Especial,21449,https://www.contraloria.cl/SicaProd/SICAv3-BIFAPortalCGR/servletfichainformegoogle?docIdcm=9a92d72826826660298a56a9f3664930&pdf=1
39263,02201,2017-05-16 00:00:00.0,MUNICIPALIDAD DE CALAMA,2017,157,INFORME FINAL DE INVESTIGACIÓN ESPECIAL 157 DE 2017 SOBRE PRESUNTAS IRREGULARIDADES EN EL USO DE LOS RECURSOS TRANSFERIDOS POR CODELCO A LA MUNICIPALIDAD DE CALAMA,https://www.contraloria.cl/pdfbuscador/auditoria/9633506d651a40ab70180ee7e946c870/html,02,CALAMA,https://www.contraloria.cl/SicaProd/SICAv3-BIFAPortalCGR/faces/newDetalleInforme?docIdcm=9633506d651a40ab70180ee7e946c870,C,Informe de Investigación Especial,21022,https://www.contraloria.cl/SicaProd/SICAv3-BIFAPortalCGR/servletfichainformegoogle?docIdcm=9633506d651a40ab70180ee7e946c870&pdf=1
43392,02201,2017-10-27 00:00:00.0,MUNICIPALIDAD DE CALAMA,2017,607,"INFORME FINAL 607-2017 MUNICIPALIDAD DE CALAMA SOBRE AUDITORIA A LA FORMULACION, EJECUCION Y CONTROL PRESUPUESTARIO - OCTUBRE 2017",https://www.contraloria.cl/pdfbuscador/auditoria/1133ed63ebb7b3c9c111050f0d0dce63/html,02,CALAMA,https://www.contraloria.cl/SicaProd/SICAv3-BIFAPortalCGR/faces/newDetalleInforme?docIdcm=1133ed63ebb7b3c9c111050f0d0dce63,C,Informe Final de Auditoría,22048,https://www.contraloria.cl/SicaProd/SICAv3-BIFAPortalCGR/servletfichainformegoogle?docIdcm=1133ed63ebb7b3c9c111050f0d0dce63&pdf=1
44742,02201,2017-10-03 00:00:00.0,MUNICIPALIDAD DE CALAMA,2017,637,INFORME DE INVESTIGACION ESPECIAL 637-2017 MUNICIPALIDAD DE CALAMA SOBRE GASTOS ASOCIADOS A DIVERSAS CELEBRACIONES EJECUTADAS-OCTUBRE 2017,https://www.contraloria.cl/pdfbuscador/auditoria/b741415cfdf08a7631ed42209e3cf787/html,02,CALAMA,https://www.contraloria.cl/SicaProd/SICAv3-BIFAPortalCGR/faces/newDetalleInforme?docIdcm=b741415cfdf08a7631ed42209e3cf787,C,Informe de Investigación Especial,21865,https://www.contraloria.cl/SicaProd/SICAv3-BIFAPortalCGR/servletfichainformegoogle?docIdcm=b741415cfdf08a7631ed42209e3cf787&pdf=1
41512,02201,2017-12-28 00:00:00.0,MUNICIPALIDAD DE CALAMA,2017,684,"INFORME FINAL 684 - 2017 MUNICIPALIDAD DE CALAMA SOBRE CONCESIONES DEL SERVICIO DE ASEO, BARRIDO DE CALLES Y RELLENO SANITARIO - DICIEMBRE 2017",https://www.contraloria.cl/pdfbuscador/auditoria/d306bbf50db6f1f204d31a5af0dff512/html,02,CALAMA,https://www.contraloria.cl/SicaProd/SICAv3-BIFAPortalCGR/faces/newDetalleInforme?docIdcm=d306bbf50db6f1f204d31a5af0dff512,C,Informe Final de Auditoría,22857,https://www.contraloria.cl/SicaProd/SICAv3-BIFAPortalCGR/servletfichainformegoogle?docIdcm=d306bbf50db6f1f204d31a5af0dff512&pdf=1
39263,02201,2017-05-09 00:00:00.0,MUNICIPALIDAD DE CALAMA,2017,988,INFORME FINAL DE INVESTIGACION ESPECIAL 988 DE 2016 SOBRE EVENTUALES IRREGULARIDADES EN EL TERMINO ANTICIPADO DE CONTRATO Y APLICACION DE MULTAS POR PARTE DE LA MUNICIPALIDAD ,https://www.contraloria.cl/pdfbuscador/auditoria/1629de08c3961632cddc03cc9269b154/html,02,CALAMA,https://www.contraloria.cl/SicaProd/SICAv3-BIFAPortalCGR/faces/newDetalleInforme?docIdcm=1629de08c3961632cddc03cc9269b154,C,Informe de Investigación Especial,21008,https://www.contraloria.cl/SicaProd/SICAv3-BIFAPortalCGR/servletfichainformegoogle?docIdcm=1629de08c3961632cddc03cc9269b154&pdf=1
51638,02201,2019-07-26 00:00:00.0,MUNICIPALIDAD DE CALAMA,2018,506,INFORME FINAL DE INVESTIGACIÓN ESPECIAL 506-18 MUNICIPALIDAD DE CALAMA - PROYECTOS DE INVERSIÓN - AGOSTO 2019,https://www.contraloria.cl/pdfbuscador/auditoria/b62673e4f7bad1ba86227a6c3285ad07/html,02,CALAMA,https://www.contraloria.cl/SicaProd/SICAv3-BIFAPortalCGR/faces/newDetalleInforme?docIdcm=b62673e4f7bad1ba86227a6c3285ad07,C,Informe de Investigación Especial,29728,https://www.contraloria.cl/SicaProd/SICAv3-BIFAPortalCGR/servletfichainformegoogle?docIdcm=b62673e4f7bad1ba86227a6c3285ad07&pdf=1
55971,02201,2019-06-07 00:00:00.0,CORPORACION MUNICIPAL DE DESARROLLO SOCIAL DE CALAMA,2019,176,INFORME FINAL DE INVESTIGACIÓN ESPECIAL N° 176 DE 2019_COMDES_FONDOS FAEP_JUNIO 2019,https://www.contraloria.cl/pdfbuscador/auditoria/2634a9e4e05bd2c62db20390bbbe17f6/html,02,CALAMA,https://www.contraloria.cl/SicaProd/SICAv3-BIFAPortalCGR/faces/newDetalleInforme?docIdcm=2634a9e4e05bd2c62db20390bbbe17f6,C,Informe de Investigación Especial,29084,https://www.contraloria.cl/SicaProd/SICAv3-BIFAPortalCGR/servletfichainformegoogle?docIdcm=2634a9e4e05bd2c62db20390bbbe17f6&pdf=1
53043,02201,2019-04-15 00:00:00.0,CORPORACION MUNICIPAL DE DESARROLLO SOCIAL DE CALAMA,2019,1000,INFORME FINAL DE INVESTIGACIÓN ESPECIAL N° 1000-19 COMDES_COMPRA DE TERRENO PROYECTO CLÍNICA DENTAL_ABRIL 2019,https://www.contraloria.cl/pdfbuscador/auditoria/4bd6f0fa05c2fe9075f443133cda4e12/html,02,CALAMA,https://www.contraloria.cl/SicaProd/SICAv3-BIFAPortalCGR/faces/newDetalleInforme?docIdcm=4bd6f0fa05c2fe9075f443133cda4e12,C,Informe de Investigación Especial,28991,https://www.contraloria.cl/SicaProd/SICAv3-BIFAPortalCGR/servletfichainformegoogle?docIdcm=4bd6f0fa05c2fe9075f443133cda4e12&pdf=1