IDACTIVIDAD,CODIGOSUBDERE,FECHAINFORME,NOMBRESERVICIO,ANOINFORME,NUMEROINFORME,MATERIAINFORME,FICHAINFORMEBIFA,C_REG_SUBDERE,NOMBRESUBDERE,FICHAINFORME,TIPOSUBDERE,TIPOINFORME,IDINFORME,PDFINFORME
30238,10102,2015-06-22 00:00:00.0,DEPARTAMENTO DE SALUD DE CALBUCO,2015,469,INFORME INVESTIGACION ESPECIAL 469-15 DESAM DE CALBUCO PROBABLE DEFICIT FINANCIERO Y PAGO DE PASAJES A FUNCIONARIOS GREMIALISTAS - JUNIO 2015,https://www.contraloria.cl/pdfbuscador/auditoria/c7da6c620803d6b6b0942ad11cb970c8/html,10,CALBUCO,https://www.contraloria.cl/SicaProd/SICAv3-BIFAPortalCGR/faces/newDetalleInforme?docIdcm=c7da6c620803d6b6b0942ad11cb970c8,C,Informe de Investigación Especial,14376,https://www.contraloria.cl/SicaProd/SICAv3-BIFAPortalCGR/servletfichainformegoogle?docIdcm=c7da6c620803d6b6b0942ad11cb970c8&pdf=1
34685,10102,2016-10-17 00:00:00.0,MUNICIPALIDAD DE CALBUCO,2016,827,INFORME FINAL 827-16 MUNICIPALIDAD DE CALBUCO - AUDITORIA AL GASTO EN PERIODO ELECTORAL - USO DE BIENES - VEHÍCULOS - RRHH - RECURSOS FÍSICOS Y FINANCIEROS - OCTUBRE 2016,https://www.contraloria.cl/pdfbuscador/auditoria/26c9f42c2b4797d119554d3eda50439a/html,10,CALBUCO,https://www.contraloria.cl/SicaProd/SICAv3-BIFAPortalCGR/faces/newDetalleInforme?docIdcm=26c9f42c2b4797d119554d3eda50439a,C,Informe Final de Auditoría,19170,https://www.contraloria.cl/SicaProd/SICAv3-BIFAPortalCGR/servletfichainformegoogle?docIdcm=26c9f42c2b4797d119554d3eda50439a&pdf=1
41931,10102,2017-12-19 00:00:00.0,MUNICIPALIDAD DE CALBUCO,2017,891,INFORME_FINAL_891_17_MUNICIPALIDAD_DE_CALBUCO_AUDITORIA_AL_MACROPROCESO_DE_CONCESION_DEL_SERVICIO_DE_ASEO_DICIEMBRE_2017,https://www.contraloria.cl/pdfbuscador/auditoria/f676a49d34e19fc9dc7a45951ccc64cc/html,10,CALBUCO,https://www.contraloria.cl/SicaProd/SICAv3-BIFAPortalCGR/faces/newDetalleInforme?docIdcm=f676a49d34e19fc9dc7a45951ccc64cc,C,Informe Final de Auditoría,22724,https://www.contraloria.cl/SicaProd/SICAv3-BIFAPortalCGR/servletfichainformegoogle?docIdcm=f676a49d34e19fc9dc7a45951ccc64cc&pdf=1
49411,10102,2018-08-03 00:00:00.0,DEPARTAMENTO DE EDUCACION DE CALBUCO,2018,266,INFORME_FINAL_266_18_DAEM_DE_CALBUCO_AUDITORIA_AL_FONDO_DE_APOYO_A_LA_EDUCACION_PUBLICA_MUNICIPAL_AGOSTO_2018,https://www.contraloria.cl/pdfbuscador/auditoria/0bea234ccbc6a50e840e89da68f620b7/html,10,CALBUCO,https://www.contraloria.cl/SicaProd/SICAv3-BIFAPortalCGR/faces/newDetalleInforme?docIdcm=0bea234ccbc6a50e840e89da68f620b7,C,Informe Final de Auditoría,25132,https://www.contraloria.cl/SicaProd/SICAv3-BIFAPortalCGR/servletfichainformegoogle?docIdcm=0bea234ccbc6a50e840e89da68f620b7&pdf=1
55656,10102,2019-06-27 00:00:00.0,MUNICIPALIDAD DE CALBUCO,2019,126,INFORME FINAL 126-19 MUNICIPALIDAD DE CALBUCO AUDITORIA A LAS TRANSFERENCIAS AL SECTOR PRIVADO OTORGADAS POR LA MUNICIPALIDAD EN EL AÑO 2017 - JUNIO 2019,https://www.contraloria.cl/pdfbuscador/auditoria/a206d2fbb6de437b3c1235c3a38158fa/html,10,CALBUCO,https://www.contraloria.cl/SicaProd/SICAv3-BIFAPortalCGR/faces/newDetalleInforme?docIdcm=a206d2fbb6de437b3c1235c3a38158fa,C,Informe Final de Auditoría,29287,https://www.contraloria.cl/SicaProd/SICAv3-BIFAPortalCGR/servletfichainformegoogle?docIdcm=a206d2fbb6de437b3c1235c3a38158fa&pdf=1