IDACTIVIDAD,CODIGOSUBDERE,FECHAINFORME,NOMBRESERVICIO,ANOINFORME,NUMEROINFORME,MATERIAINFORME,FICHAINFORMEBIFA,C_REG_SUBDERE,NOMBRESUBDERE,FICHAINFORME,TIPOSUBDERE,TIPOINFORME,IDINFORME,PDFINFORME
28212,03102,2015-08-21 00:00:00.0,MUNICIPALIDAD DE CALDERA,2015,495,INFORME FINAL 495-15 MUNICIPALIDAD DE CALDERA - SOBRE AUDITORIA A LAS CONTRATACIONES DE HONORARIOS EN PROGRAMAS COMUNITARIOS – AGOSTO 2015,https://www.contraloria.cl/pdfbuscador/auditoria/410a561802ab74d02064fd2f7d72cc35/html,03,CALDERA,https://www.contraloria.cl/SicaProd/SICAv3-BIFAPortalCGR/faces/newDetalleInforme?docIdcm=410a561802ab74d02064fd2f7d72cc35,C,Informe Final de Auditoría,14643,https://www.contraloria.cl/SicaProd/SICAv3-BIFAPortalCGR/servletfichainformegoogle?docIdcm=410a561802ab74d02064fd2f7d72cc35&pdf=1
32109,03102,2015-12-30 00:00:00.0,MUNICIPALIDAD DE CALDERA,2015,1027,INFORME INSPECCIÓN DE OBRA PÚBLICA 1.027-15 MUNICIPALIDAD DE CALDERA CONSTRUCCIÓN RELLENO SANITARIO - DICIEMBRE 2015,https://www.contraloria.cl/pdfbuscador/auditoria/b66c8c4986e458ed128d650b91f098d9/html,03,CALDERA,https://www.contraloria.cl/SicaProd/SICAv3-BIFAPortalCGR/faces/newDetalleInforme?docIdcm=b66c8c4986e458ed128d650b91f098d9,C,Informe de Inspección de Obra Pública,16998,https://www.contraloria.cl/SicaProd/SICAv3-BIFAPortalCGR/servletfichainformegoogle?docIdcm=b66c8c4986e458ed128d650b91f098d9&pdf=1
33011,03102,2015-12-30 00:00:00.0,MUNICIPALIDAD DE CALDERA,2015,1103,INFORME DE INSPECCIÓN DE OBRA PÚBLICA 1.103-15 MUNICIPALIDAD DE CALDERA CONSTRUCCIÓN SECTOR ADMINISTRACIÓN  Y SALA COMEDOR CESFAM - DICIEMBRE 2015,https://www.contraloria.cl/pdfbuscador/auditoria/1e173bb791cc316a32c1f27a53c5053d/html,03,CALDERA,https://www.contraloria.cl/SicaProd/SICAv3-BIFAPortalCGR/faces/newDetalleInforme?docIdcm=1e173bb791cc316a32c1f27a53c5053d,C,Informe de Inspección de Obra Pública,16997,https://www.contraloria.cl/SicaProd/SICAv3-BIFAPortalCGR/servletfichainformegoogle?docIdcm=1e173bb791cc316a32c1f27a53c5053d&pdf=1
34011,03102,2016-06-22 00:00:00.0,MUNICIPALIDAD DE CALDERA,2016,226,INFORME INVESTIGACIÓN ESPECIAL 226-16 MUNICIPALIDAD DE CALDERA ATENCIÓN PRIMARIA DE SALUD - JUNIO 2016,https://www.contraloria.cl/pdfbuscador/auditoria/2f8ac3bc1ee53c13b07103eee21a6abd/html,03,CALDERA,https://www.contraloria.cl/SicaProd/SICAv3-BIFAPortalCGR/faces/newDetalleInforme?docIdcm=2f8ac3bc1ee53c13b07103eee21a6abd,C,Informe de Investigación Especial,18270,https://www.contraloria.cl/SicaProd/SICAv3-BIFAPortalCGR/servletfichainformegoogle?docIdcm=2f8ac3bc1ee53c13b07103eee21a6abd&pdf=1
36607,03102,2016-08-09 00:00:00.0,MUNICIPALIDAD DE CALDERA,2016,598,INFORME INVESTIGACIÓN ESPECIAL 598-16 MUNICIPALIDAD DE CALDERA CONVENIO DE CUENTA CORRIENTE BANCARIA - AGOSTO 2016,https://www.contraloria.cl/pdfbuscador/auditoria/e17f7b71c45144bee31254cc0cb0290d/html,03,CALDERA,https://www.contraloria.cl/SicaProd/SICAv3-BIFAPortalCGR/faces/newDetalleInforme?docIdcm=e17f7b71c45144bee31254cc0cb0290d,C,Informe de Investigación Especial,18626,https://www.contraloria.cl/SicaProd/SICAv3-BIFAPortalCGR/servletfichainformegoogle?docIdcm=e17f7b71c45144bee31254cc0cb0290d&pdf=1
34466,03102,2016-10-07 00:00:00.0,MUNICIPALIDAD DE CALDERA,2016,728,INFORME FINAL 728-16 MUNICIPALIDAD DE CALDERA - AUDITORÍA AL GASTO EN PERIODO ELECTORAL - USO DE BIENES - VEHÍCULOS - RRHH - RECURSOS FÍSICOS Y FINANCIEROS - OCTUBRE 2016,https://www.contraloria.cl/pdfbuscador/auditoria/99b2a9b1e9793ff6f56b915b9091345a/html,03,CALDERA,https://www.contraloria.cl/SicaProd/SICAv3-BIFAPortalCGR/faces/newDetalleInforme?docIdcm=99b2a9b1e9793ff6f56b915b9091345a,C,Informe Final de Auditoría,19100,https://www.contraloria.cl/SicaProd/SICAv3-BIFAPortalCGR/servletfichainformegoogle?docIdcm=99b2a9b1e9793ff6f56b915b9091345a&pdf=1
39424,03102,2016-12-28 00:00:00.0,MUNICIPALIDAD DE CALDERA,2016,1069,INFORME INSPECCIÓN DE OBRA PÚBLICA 1069-16 MUNICIPALIDAD DE CALDERA REPOSICIÓN VEREDAS CASCO ANTIGUO ETAPA VI - DICIEMBRE 2016,https://www.contraloria.cl/pdfbuscador/auditoria/fe358c41a9a882c3ffe3d3707136fa37/html,03,CALDERA,https://www.contraloria.cl/SicaProd/SICAv3-BIFAPortalCGR/faces/newDetalleInforme?docIdcm=fe358c41a9a882c3ffe3d3707136fa37,C,Informe de Inspección de Obra Pública,20144,https://www.contraloria.cl/SicaProd/SICAv3-BIFAPortalCGR/servletfichainformegoogle?docIdcm=fe358c41a9a882c3ffe3d3707136fa37&pdf=1
53741,03102,2018-12-31 00:00:00.0,MUNICIPALIDAD DE CALDERA,2018,922,INFORME FINAL 922-18 MUNICIPALIDAD DE CALDERA AUDITORÍA AL MOCROPROCESO DE ADQUISICIÓN Y ABASTECIMIENTO - DICIEMBRE 2018,https://www.contraloria.cl/pdfbuscador/auditoria/12f1f5c810744344315c1f5ef1a84818/html,03,CALDERA,https://www.contraloria.cl/SicaProd/SICAv3-BIFAPortalCGR/faces/newDetalleInforme?docIdcm=12f1f5c810744344315c1f5ef1a84818,C,Informe Final de Auditoría,27276,https://www.contraloria.cl/SicaProd/SICAv3-BIFAPortalCGR/servletfichainformegoogle?docIdcm=12f1f5c810744344315c1f5ef1a84818&pdf=1