IDACTIVIDAD,CODIGOSUBDERE,FECHAINFORME,NOMBRESERVICIO,ANOINFORME,NUMEROINFORME,MATERIAINFORME,FICHAINFORMEBIFA,C_REG_SUBDERE,NOMBRESUBDERE,FICHAINFORME,TIPOSUBDERE,TIPOINFORME,IDINFORME,PDFINFORME
28434,13403,2016-02-23 00:00:00.0,MUNICIPALIDAD DE CALERA DE TANGO,2015,1208,INFORME FINAL 1.208-15 MUNICIPALIDAD DE CALERA DE TANGO - SOBRE AUDITORIA A LOS MACROPROCESOS DE FINANZAS Y ENTREGA DE BENEFICIOS - FEBRERO 2016,https://www.contraloria.cl/pdfbuscador/auditoria/ce126f19e32d4b1d7594dd33fb4fe021/html,13,CALERA DE TANGO,https://www.contraloria.cl/SicaProd/SICAv3-BIFAPortalCGR/faces/newDetalleInforme?docIdcm=ce126f19e32d4b1d7594dd33fb4fe021,C,Informe Final de Auditoría,17387,https://www.contraloria.cl/SicaProd/SICAv3-BIFAPortalCGR/servletfichainformegoogle?docIdcm=ce126f19e32d4b1d7594dd33fb4fe021&pdf=1
34527,13403,2016-10-17 00:00:00.0,MUNICIPALIDAD DE CALERA DE TANGO,2016,450,INFORME FINAL 450-16  MUNICIPALIDAD DE CALERA DE TANGO - SOBRE AUDITORIA AL MACROPROCESO DE RECURSOS HUMANOS Y EL CUMPLIMIENTO DE LA LEY N° 20.730 - OCTUBRE 2016,https://www.contraloria.cl/pdfbuscador/auditoria/548dbbb49eef64c8ed8d57270e465595/html,13,CALERA DE TANGO,https://www.contraloria.cl/SicaProd/SICAv3-BIFAPortalCGR/faces/newDetalleInforme?docIdcm=548dbbb49eef64c8ed8d57270e465595,C,Informe Final de Auditoría,19188,https://www.contraloria.cl/SicaProd/SICAv3-BIFAPortalCGR/servletfichainformegoogle?docIdcm=548dbbb49eef64c8ed8d57270e465595&pdf=1
34543,13403,2016-12-16 00:00:00.0,MUNICIPALIDAD DE CALERA DE TANGO,2016,552,INFORME FINAL 552-16 MUNICIPALIDAD DE CALERA DE TANGO - SOBRE AUDITORIA AL MACROPROCESO DE TECNOLOGÍAS DE INFORMACIÓN Y COMUNICACIÓN - DICIEMBRE 2016,https://www.contraloria.cl/pdfbuscador/auditoria/34da54b19d00d2fdb24843bcdb084cc6/html,13,CALERA DE TANGO,https://www.contraloria.cl/SicaProd/SICAv3-BIFAPortalCGR/faces/newDetalleInforme?docIdcm=34da54b19d00d2fdb24843bcdb084cc6,C,Informe Final de Auditoría,19903,https://www.contraloria.cl/SicaProd/SICAv3-BIFAPortalCGR/servletfichainformegoogle?docIdcm=34da54b19d00d2fdb24843bcdb084cc6&pdf=1
44047,13403,2018-02-08 00:00:00.0,MUNICIPALIDAD DE CALERA DE TANGO,2017,515,INFORME FINAL DE INVESTIGACION ESPECIAL N° 515-17 - MUNICIPALIDAD DE CALERA DE TANGO - AUDITORIA A LAS HORAS EXTRAORDINARIAS - FEBRERO 2018,https://www.contraloria.cl/pdfbuscador/auditoria/0104e93e8db1a81d618b693e41aab483/html,13,CALERA DE TANGO,https://www.contraloria.cl/SicaProd/SICAv3-BIFAPortalCGR/faces/newDetalleInforme?docIdcm=0104e93e8db1a81d618b693e41aab483,C,Informe de Investigación Especial,23082,https://www.contraloria.cl/SicaProd/SICAv3-BIFAPortalCGR/servletfichainformegoogle?docIdcm=0104e93e8db1a81d618b693e41aab483&pdf=1
42419,13403,2018-03-28 00:00:00.0,MUNICIPALIDAD DE CALERA DE TANGO,2017,582,INFORME FINAL N° 582-17 - MUNICIPALIDAD DE CALERA DE TANGO - SOBRE AUDITORIA AL PROCESO DE OTORGAMIENTO DE LICENCIAS DE CONDUCIR - FEBRERO 2018,https://www.contraloria.cl/pdfbuscador/auditoria/310f83bb47f9446d538ab034a8da38a2/html,13,CALERA DE TANGO,https://www.contraloria.cl/SicaProd/SICAv3-BIFAPortalCGR/faces/newDetalleInforme?docIdcm=310f83bb47f9446d538ab034a8da38a2,C,Informe Final de Auditoría,23230,https://www.contraloria.cl/SicaProd/SICAv3-BIFAPortalCGR/servletfichainformegoogle?docIdcm=310f83bb47f9446d538ab034a8da38a2&pdf=1
49867,13403,2018-09-07 00:00:00.0,MUNICIPALIDAD DE CALERA DE TANGO,2018,293,INFORME FINAL 293-2018 MUNICIPALIDAD DE CALERA DE TANGO AUDITORIA AL PROCESO DE FORMULACIÓN EJECUCION Y CONTROL DEL PRESUPUESTO DE LA GESTION MUNICIPAL -SEPTIEMBRE 2018,https://www.contraloria.cl/pdfbuscador/auditoria/ac96d2edc8c5f34b253583d88a29f8f2/html,13,CALERA DE TANGO,https://www.contraloria.cl/SicaProd/SICAv3-BIFAPortalCGR/faces/newDetalleInforme?docIdcm=ac96d2edc8c5f34b253583d88a29f8f2,C,Informe Final de Auditoría,25743,https://www.contraloria.cl/SicaProd/SICAv3-BIFAPortalCGR/servletfichainformegoogle?docIdcm=ac96d2edc8c5f34b253583d88a29f8f2&pdf=1
56499,13403,2020-05-15 00:00:00.0,MUNICIPALIDAD DE CALERA DE TANGO,2019,402,INFORME FINAL 402_2019 MUNICIPALIDAD DE CALERA DE TANGO SOBRE AUDITORIA A LOS PERMISOS DE CIRCULACION Y OTROS -  MAYO 2020,https://www.contraloria.cl/pdfbuscador/auditoria/3333f43fe6156cba4365ead683080287/html,13,CALERA DE TANGO,https://www.contraloria.cl/SicaProd/SICAv3-BIFAPortalCGR/faces/newDetalleInforme?docIdcm=3333f43fe6156cba4365ead683080287,C,Informe Final de Auditoría,32564,https://www.contraloria.cl/SicaProd/SICAv3-BIFAPortalCGR/servletfichainformegoogle?docIdcm=3333f43fe6156cba4365ead683080287&pdf=1