IDACTIVIDAD,CODIGOSUBDERE,FECHAINFORME,NOMBRESERVICIO,ANOINFORME,NUMEROINFORME,MATERIAINFORME,FICHAINFORMEBIFA,C_REG_SUBDERE,NOMBRESUBDERE,FICHAINFORME,TIPOSUBDERE,TIPOINFORME,IDINFORME,PDFINFORME
25262,15102,2015-09-30 00:00:00.0,MUNICIPALIDAD DE CAMARONES,2015,166,INFORME FINAL 166-15 MUNICIPALIDAD DE CAMARONES RECURSOS EJECUTADOS CON OCASIÓN DE LA EMERGENCIA DEL TERREMOTO-SEPTIEMBRE 2015,https://www.contraloria.cl/pdfbuscador/auditoria/95fba19841c30644cd40245534d5b987/html,15,CAMARONES,https://www.contraloria.cl/SicaProd/SICAv3-BIFAPortalCGR/faces/newDetalleInforme?docIdcm=95fba19841c30644cd40245534d5b987,C,Informe Final de Auditoría,15068,https://www.contraloria.cl/SicaProd/SICAv3-BIFAPortalCGR/servletfichainformegoogle?docIdcm=95fba19841c30644cd40245534d5b987&pdf=1
28265,15102,2015-08-28 00:00:00.0,DEPARTAMENTO DE EDUCACION MUNICIPAL CAMARONES,2015,642,INFORME FINAL 642-2015 MUNICIPALIDAD DE CAMARONES SUBVENCIONES ESCOLARES-AGOSTO 2015,https://www.contraloria.cl/pdfbuscador/auditoria/c447c420475de749d5c523a19da012ee/html,15,CAMARONES,https://www.contraloria.cl/SicaProd/SICAv3-BIFAPortalCGR/faces/newDetalleInforme?docIdcm=c447c420475de749d5c523a19da012ee,C,Informe Final de Auditoría,14680,https://www.contraloria.cl/SicaProd/SICAv3-BIFAPortalCGR/servletfichainformegoogle?docIdcm=c447c420475de749d5c523a19da012ee&pdf=1
34477,15102,2016-10-13 00:00:00.0,MUNICIPALIDAD DE CAMARONES,2016,669,INFORME FINAL 669-16 MUNICIPALIDAD DE CAMARONES AUDITORÍA AL GASTO EN PERIODO ELECTORAL - USO DE BIENES - VEHÍCULOS - RRHH - RECURSOS FÍSICOS Y FINANCIEROS - OCTUBRE 2016,https://www.contraloria.cl/pdfbuscador/auditoria/0c71111e6fea9eb26ffd6953086942b4/html,15,CAMARONES,https://www.contraloria.cl/SicaProd/SICAv3-BIFAPortalCGR/faces/newDetalleInforme?docIdcm=0c71111e6fea9eb26ffd6953086942b4,C,Informe Final de Auditoría,19098,https://www.contraloria.cl/SicaProd/SICAv3-BIFAPortalCGR/servletfichainformegoogle?docIdcm=0c71111e6fea9eb26ffd6953086942b4&pdf=1
44876,15102,2017-07-12 00:00:00.0,MUNICIPALIDAD DE CAMARONES,2017,431,INFORME DE INVESTIGACIÓN ESPECIAL 431-17 MUNICIPALIDAD DE CAMARONES IRREGULARIDADES EN EL CUMPLIMIENTO DE HORAS EXTRAS-JULIO 2017,https://www.contraloria.cl/pdfbuscador/auditoria/4d6cd109f76b10c033d97792bf24dc9c/html,15,CAMARONES,https://www.contraloria.cl/SicaProd/SICAv3-BIFAPortalCGR/faces/newDetalleInforme?docIdcm=4d6cd109f76b10c033d97792bf24dc9c,C,Informe de Investigación Especial,21419,https://www.contraloria.cl/SicaProd/SICAv3-BIFAPortalCGR/servletfichainformegoogle?docIdcm=4d6cd109f76b10c033d97792bf24dc9c&pdf=1
46532,15102,2017-12-29 00:00:00.0,MUNICIPALIDAD DE CAMARONES,2017,1084,INFORME FINAL 1084-17 MUNICIPALIDAD DE CAMARONES GASTOS EFECTUADOS POR LOS CONCEJALES-DICIEMBRE 2017,https://www.contraloria.cl/pdfbuscador/auditoria/0e93bc9cc7d91f2661d1a6652d933d5d/html,15,CAMARONES,https://www.contraloria.cl/SicaProd/SICAv3-BIFAPortalCGR/faces/newDetalleInforme?docIdcm=0e93bc9cc7d91f2661d1a6652d933d5d,C,Informe Final de Auditoría,22741,https://www.contraloria.cl/SicaProd/SICAv3-BIFAPortalCGR/servletfichainformegoogle?docIdcm=0e93bc9cc7d91f2661d1a6652d933d5d&pdf=1
51119,15102,2018-10-24 00:00:00.0,MUNICIPALIDAD DE CAMARONES,2018,533,INFORME DE INVESTIGACIÓN ESPECIAL 533-18 MUNICIPALIDAD DE CAMARONES PRESUNTAS IRREGULARIDADES EN EL MUNICIPIO Y EL SERVIU DE ARICA-OCTUBRE 2018,https://www.contraloria.cl/pdfbuscador/auditoria/5c4dfbd30015685123a6c79dc3d4c1fd/html,15,CAMARONES,https://www.contraloria.cl/SicaProd/SICAv3-BIFAPortalCGR/faces/newDetalleInforme?docIdcm=5c4dfbd30015685123a6c79dc3d4c1fd,C,Informe de Investigación Especial,26364,https://www.contraloria.cl/SicaProd/SICAv3-BIFAPortalCGR/servletfichainformegoogle?docIdcm=5c4dfbd30015685123a6c79dc3d4c1fd&pdf=1
50967,15102,2018-11-07 00:00:00.0,MUNICIPALIDAD DE CAMARONES,2018,538,INFORME FINAL 538-18 MUNI. CAMARONES AUDITORIA AL PROCESO DE COMPRAS Y CUMPLIMIENTO DE LA NORMATIVA CONTABLE-NOVIEMBRE 2018,https://www.contraloria.cl/pdfbuscador/auditoria/cda921e3e0ce254f4bfe5af8be6bd399/html,15,CAMARONES,https://www.contraloria.cl/SicaProd/SICAv3-BIFAPortalCGR/faces/newDetalleInforme?docIdcm=cda921e3e0ce254f4bfe5af8be6bd399,C,Informe Final de Auditoría,26504,https://www.contraloria.cl/SicaProd/SICAv3-BIFAPortalCGR/servletfichainformegoogle?docIdcm=cda921e3e0ce254f4bfe5af8be6bd399&pdf=1
51769,15102,2018-12-21 00:00:00.0,MUNICIPALIDAD DE CAMARONES,2018,687,"INFORME DE INVESTIGACIÓN ESPECIAL 687-18 MUNICIPALIDAD DE CAMARONES IRREGULARIDADES EN LA ADJUDICACIÓN, EJECUCIÓN Y TÉRMINO DE OBRA-DICIEMBRE 2018",https://www.contraloria.cl/pdfbuscador/auditoria/7b75ee177a8380efe4383edabdbc0be7/html,15,CAMARONES,https://www.contraloria.cl/SicaProd/SICAv3-BIFAPortalCGR/faces/newDetalleInforme?docIdcm=7b75ee177a8380efe4383edabdbc0be7,C,Informe de Investigación Especial,27127,https://www.contraloria.cl/SicaProd/SICAv3-BIFAPortalCGR/servletfichainformegoogle?docIdcm=7b75ee177a8380efe4383edabdbc0be7&pdf=1