IDACTIVIDAD,CODIGOSUBDERE,FECHAINFORME,NOMBRESERVICIO,ANOINFORME,NUMEROINFORME,MATERIAINFORME,FICHAINFORMEBIFA,C_REG_SUBDERE,NOMBRESUBDERE,FICHAINFORME,TIPOSUBDERE,TIPOINFORME,IDINFORME,PDFINFORME
30284,09102,2015-08-17 00:00:00.0,MUNICIPALIDAD DE CARAHUE,2015,635,"INFORME INVESTIGACIÓN ESPECIAL 635-15 MUNICIPALIDAD DE CARAHUE, SOBRE MODIFICACIÓN DE DESLINDE-AGOSTO 2015",https://www.contraloria.cl/pdfbuscador/auditoria/57a7c09b95670a3de10ccaabe48ae3bb/html,09,CARAHUE,https://www.contraloria.cl/SicaProd/SICAv3-BIFAPortalCGR/faces/newDetalleInforme?docIdcm=57a7c09b95670a3de10ccaabe48ae3bb,C,Informe de Investigación Especial,14587,https://www.contraloria.cl/SicaProd/SICAv3-BIFAPortalCGR/servletfichainformegoogle?docIdcm=57a7c09b95670a3de10ccaabe48ae3bb&pdf=1
32425,09102,2015-10-30 00:00:00.0,MUNICIPALIDAD DE CARAHUE,2015,977,"INFORME DE INVESTIGACIÓN ESPECIAL 977-15 MUNICIPALIDAD DE CARAHUE, SOBRE INVITACIÓN AL EXTRANJERO A ALCALDE-OCTUBRE 2015",https://www.contraloria.cl/pdfbuscador/auditoria/424525cbb274a65d2407a3807b16c2fa/html,09,CARAHUE,https://www.contraloria.cl/SicaProd/SICAv3-BIFAPortalCGR/faces/newDetalleInforme?docIdcm=424525cbb274a65d2407a3807b16c2fa,C,Informe de Investigación Especial,15577,https://www.contraloria.cl/SicaProd/SICAv3-BIFAPortalCGR/servletfichainformegoogle?docIdcm=424525cbb274a65d2407a3807b16c2fa&pdf=1
33877,09102,2016-09-29 00:00:00.0,MUNICIPALIDAD DE CARAHUE,2016,53,"INFORME DE INVESTIGACIÓN ESPECIAL 53-2016 MUNICIPALIDAD DE CARAHUE, SOBRE BECAS UNIVERSITARIAS-SEPTIEMBRE 2016",https://www.contraloria.cl/pdfbuscador/auditoria/87ad58a8ea09b4902043de05adcada2e/html,09,CARAHUE,https://www.contraloria.cl/SicaProd/SICAv3-BIFAPortalCGR/faces/newDetalleInforme?docIdcm=87ad58a8ea09b4902043de05adcada2e,C,Informe de Investigación Especial,19015,https://www.contraloria.cl/SicaProd/SICAv3-BIFAPortalCGR/servletfichainformegoogle?docIdcm=87ad58a8ea09b4902043de05adcada2e&pdf=1
34149,09102,2016-09-30 00:00:00.0,MUNICIPALIDAD DE CARAHUE,2016,155,"INFORME DE INVESTIGACIÓN ESPECIAL 155-2016 MUNICIPALIDAD DE CARAHUE, SOBRE EVENTUAL PROSELITISMO POLITICO-SEPTIEMBRE 2016",https://www.contraloria.cl/pdfbuscador/auditoria/3048bb1c644f2f89f19f4ad4df93b3f4/html,09,CARAHUE,https://www.contraloria.cl/SicaProd/SICAv3-BIFAPortalCGR/faces/newDetalleInforme?docIdcm=3048bb1c644f2f89f19f4ad4df93b3f4,C,Informe de Investigación Especial,19003,https://www.contraloria.cl/SicaProd/SICAv3-BIFAPortalCGR/servletfichainformegoogle?docIdcm=3048bb1c644f2f89f19f4ad4df93b3f4&pdf=1
55235,09102,2019-04-12 00:00:00.0,DEPARTAMENTO DE SALUD MUNICIPAL DE CARAHUE,2019,26,"INFORME DE INVESTIGACIÓN ESPECIAL 26-19 DEPTO DE SALUD MUNICIPAL DE CARAHUE, SOBRE IRREGULARIDADES EN PERSONAL- ABRIL 2019",https://www.contraloria.cl/pdfbuscador/auditoria/ee5b9051d73aa0001694e0765bafb241/html,09,CARAHUE,https://www.contraloria.cl/SicaProd/SICAv3-BIFAPortalCGR/faces/newDetalleInforme?docIdcm=ee5b9051d73aa0001694e0765bafb241,C,Informe de Investigación Especial,28795,https://www.contraloria.cl/SicaProd/SICAv3-BIFAPortalCGR/servletfichainformegoogle?docIdcm=ee5b9051d73aa0001694e0765bafb241&pdf=1
57802,09102,2019-09-27 00:00:00.0,DEPARTAMENTO DE SALUD MUNICIPAL DE CARAHUE,2019,638,"INFORME FINAL DE INVESTIGACIÓN ESPECIAL N° 638 DE 2019, DEPARTAMENTO DE SALUD MUNICIPAL DE CARAHUE, SOBRE PROCESOS LICITATORIOS-SEPTIEMBRE 2019..",https://www.contraloria.cl/pdfbuscador/auditoria/807158dfaefe62ef5b05731c26443e0d/html,09,CARAHUE,https://www.contraloria.cl/SicaProd/SICAv3-BIFAPortalCGR/faces/newDetalleInforme?docIdcm=807158dfaefe62ef5b05731c26443e0d,C,Informe de Investigación Especial,29993,https://www.contraloria.cl/SicaProd/SICAv3-BIFAPortalCGR/servletfichainformegoogle?docIdcm=807158dfaefe62ef5b05731c26443e0d&pdf=1
57802,09102,2019-09-30 00:00:00.0,DEPARTAMENTO DE SALUD MUNICIPAL DE CARAHUE,2019,638,"INFORME DE INVESTIGACIÓN ESPECIAL 638-19 DEPTO DE SALUD MUNICIPAL DE CARAHUE, SOBRE PRINCIPIOS DE PROBIDAD ADM-SEPTIEMBRE 2019",https://www.contraloria.cl/pdfbuscador/auditoria/4014a3179d972412f24460eabf7af6da/html,09,CARAHUE,https://www.contraloria.cl/SicaProd/SICAv3-BIFAPortalCGR/faces/newDetalleInforme?docIdcm=4014a3179d972412f24460eabf7af6da,C,Informe de Investigación Especial,30750,https://www.contraloria.cl/SicaProd/SICAv3-BIFAPortalCGR/servletfichainformegoogle?docIdcm=4014a3179d972412f24460eabf7af6da&pdf=1