IDACTIVIDAD,CODIGOSUBDERE,FECHAINFORME,NOMBRESERVICIO,ANOINFORME,NUMEROINFORME,MATERIAINFORME,FICHAINFORMEBIFA,C_REG_SUBDERE,NOMBRESUBDERE,FICHAINFORME,TIPOSUBDERE,TIPOINFORME,IDINFORME,PDFINFORME
32783,05603,2015-12-03 00:00:00.0,DEPARTAMENTO DE EDUCACION DE CARTAGENA,2015,926,INFORME INVESTIGACIÓN ESPECIAL 926-15 DEPARTAMENTO DE ADMINISTRACIÓN DE EDUCACIÓN MUNICIPAL DE CARTAGENA SOBRE REMUNERACIONES Y OTRAS MATERIAS - DICIEMBRE 2015,https://www.contraloria.cl/pdfbuscador/auditoria/49fb944f16b66ebad771143b324a8e32/html,05,CARTAGENA,https://www.contraloria.cl/SicaProd/SICAv3-BIFAPortalCGR/faces/newDetalleInforme?docIdcm=49fb944f16b66ebad771143b324a8e32,C,Informe de Investigación Especial,16429,https://www.contraloria.cl/SicaProd/SICAv3-BIFAPortalCGR/servletfichainformegoogle?docIdcm=49fb944f16b66ebad771143b324a8e32&pdf=1
33815,05603,2015-12-28 00:00:00.0,MUNICIPALIDAD DE CARTAGENA,2015,1262,INFORME INVESTIGACIÓN ESPECIAL 1262-15 MUNICIPALIDAD DE CARTAGENA SOBRE PRESUNTAS IRREGULARIDADES EN PROPAGANDA POLÍTICA A TRAVÉS DE UNA PANTALLA LED - DICIEMBRE 2015,https://www.contraloria.cl/pdfbuscador/auditoria/ee5d562bcad20b93b7ac5f29d1b4a5ea/html,05,CARTAGENA,https://www.contraloria.cl/SicaProd/SICAv3-BIFAPortalCGR/faces/newDetalleInforme?docIdcm=ee5d562bcad20b93b7ac5f29d1b4a5ea,C,Informe de Investigación Especial,16840,https://www.contraloria.cl/SicaProd/SICAv3-BIFAPortalCGR/servletfichainformegoogle?docIdcm=ee5d562bcad20b93b7ac5f29d1b4a5ea&pdf=1
36218,05603,2016-07-11 00:00:00.0,MUNICIPALIDAD DE CARTAGENA,2016,399,INFORME DE INVESTIGACIÓN ESPECIAL 399-16 DEPARTAMENTO DE SALUD DE LA MUNICIPALIDAD DE CARTAGENA SOBRE PAGO DE ASIGNACIONES A FUNCIONARIOS - JULIO 2016,https://www.contraloria.cl/pdfbuscador/auditoria/cd62b95c261e09a6d8a141a36aa3d2cc/html,05,CARTAGENA,https://www.contraloria.cl/SicaProd/SICAv3-BIFAPortalCGR/faces/newDetalleInforme?docIdcm=cd62b95c261e09a6d8a141a36aa3d2cc,C,Informe de Investigación Especial,18382,https://www.contraloria.cl/SicaProd/SICAv3-BIFAPortalCGR/servletfichainformegoogle?docIdcm=cd62b95c261e09a6d8a141a36aa3d2cc&pdf=1
37391,05603,2016-12-15 00:00:00.0,DEPARTAMENTO DE EDUCACION DE CARTAGENA,2016,575,"INFORME FINAL DE INVESTIGACIÓN ESPECIAL 575-16 DEPARTAMENTO DE EDUCACIÓN DE LA MUNICIPALIDAD DE CARTAGENA SOBRE COTIZACIONES PREVISIONALES, FAEP, REMUNERACIONES Y OTROS - DICIEMBRE 2016",https://www.contraloria.cl/pdfbuscador/auditoria/88cde1dffc893dbab3a5a5fa3dbf38a5/html,05,CARTAGENA,https://www.contraloria.cl/SicaProd/SICAv3-BIFAPortalCGR/faces/newDetalleInforme?docIdcm=88cde1dffc893dbab3a5a5fa3dbf38a5,C,Informe de Investigación Especial,19837,https://www.contraloria.cl/SicaProd/SICAv3-BIFAPortalCGR/servletfichainformegoogle?docIdcm=88cde1dffc893dbab3a5a5fa3dbf38a5&pdf=1
34980,05603,2016-10-20 00:00:00.0,MUNICIPALIDAD DE CARTAGENA,2016,729,INFORME FINAL 729-16 MUNICIPALIDAD DE CARTAGENA - AUDITORÍA AL GASTO EN PERIODO ELECTORAL - USO DE BIENES - VEHÍCULOS - RRHH - RECURSOS FÍSICOS Y FINANCIEROS - OCTUBRE 2016,https://www.contraloria.cl/pdfbuscador/auditoria/3c66ebd8585782daf8beb47308c18822/html,05,CARTAGENA,https://www.contraloria.cl/SicaProd/SICAv3-BIFAPortalCGR/faces/newDetalleInforme?docIdcm=3c66ebd8585782daf8beb47308c18822,C,Informe Final de Auditoría,19213,https://www.contraloria.cl/SicaProd/SICAv3-BIFAPortalCGR/servletfichainformegoogle?docIdcm=3c66ebd8585782daf8beb47308c18822&pdf=1
46924,05603,2017-12-20 00:00:00.0,MUNICIPALIDAD DE CARTAGENA,2017,886,INFORME FINAL 886-17 MUNICIPALIDAD DE CARTAGENA SOBRE AUDITORÍA AL PROGRAMA DE REVITALIZACIÓN DE BARRIOS E INFRAESTRUCTURA PATRIMONIAL EMBLEMÁTICA - DICIEMBRE 2017,https://www.contraloria.cl/pdfbuscador/auditoria/14b5fb581ff3187dfd6f3cd4db5a8027/html,05,CARTAGENA,https://www.contraloria.cl/SicaProd/SICAv3-BIFAPortalCGR/faces/newDetalleInforme?docIdcm=14b5fb581ff3187dfd6f3cd4db5a8027,C,Informe Final de Auditoría,22508,https://www.contraloria.cl/SicaProd/SICAv3-BIFAPortalCGR/servletfichainformegoogle?docIdcm=14b5fb581ff3187dfd6f3cd4db5a8027&pdf=1
49771,05603,2018-04-30 00:00:00.0,MUNICIPALIDAD DE CARTAGENA,2018,116,INFORME FINAL 116-18 MUNICIPALIDAD DE CARTAGENA SOBRE PROGRAMA DE REVITALIZACIÓN DE BARRIOS E INFRAESTRUCTURA PATRIMONIAL EMBLEMÁTICA - ABRIL 2018,https://www.contraloria.cl/pdfbuscador/auditoria/bc209c395aa1ab53dbddee696d716759/html,05,CARTAGENA,https://www.contraloria.cl/SicaProd/SICAv3-BIFAPortalCGR/faces/newDetalleInforme?docIdcm=bc209c395aa1ab53dbddee696d716759,C,Informe Final de Auditoría,23870,https://www.contraloria.cl/SicaProd/SICAv3-BIFAPortalCGR/servletfichainformegoogle?docIdcm=bc209c395aa1ab53dbddee696d716759&pdf=1
50274,05603,2018-10-09 00:00:00.0,MUNICIPALIDAD DE CARTAGENA,2018,415,INFORME FINAL 415-18 MUNICIPALIDAD DE CARTAGENA SOBRE AUDITORÍA A LAS OBRAS EJECUTADAS - OCTUBRE 2018,https://www.contraloria.cl/pdfbuscador/auditoria/f1b554d7b29e6b747ba92d49d5db0039/html,05,CARTAGENA,https://www.contraloria.cl/SicaProd/SICAv3-BIFAPortalCGR/faces/newDetalleInforme?docIdcm=f1b554d7b29e6b747ba92d49d5db0039,C,Informe Final de Auditoría,26155,https://www.contraloria.cl/SicaProd/SICAv3-BIFAPortalCGR/servletfichainformegoogle?docIdcm=f1b554d7b29e6b747ba92d49d5db0039&pdf=1
53078,05603,2018-12-24 00:00:00.0,DEPARTAMENTO DE SALUD DE CARTAGENA,2018,875,INFORME FINAL 875-18 DEPARTAMENTO DE SALUD DE LA MUNICIPALIDAD DE CARTAGENA SOBRE AUDITORÍA AL PAGO DE REMUNERACIONES - DICIEMBRE 2018,https://www.contraloria.cl/pdfbuscador/auditoria/31e08ebe0de2c145d3a00e2b305b28f4/html,05,CARTAGENA,https://www.contraloria.cl/SicaProd/SICAv3-BIFAPortalCGR/faces/newDetalleInforme?docIdcm=31e08ebe0de2c145d3a00e2b305b28f4,C,Informe Final de Auditoría,27209,https://www.contraloria.cl/SicaProd/SICAv3-BIFAPortalCGR/servletfichainformegoogle?docIdcm=31e08ebe0de2c145d3a00e2b305b28f4&pdf=1
56582,05603,2019-04-29 00:00:00.0,MUNICIPALIDAD DE CARTAGENA,2019,198,INFORME FINAL 198-19 MUNICIPALIDAD DE CARTAGENA SOBRE AUDITORÍA AL PROGRAMA DE REVITALIZACIÓN DE BARRIOS E INFRAESTRUCTURA PATRIMONIAL EMBLEMÁTICA - ABRIL 2019,https://www.contraloria.cl/pdfbuscador/auditoria/4cdafeb99e2af982a488efc78b75e16f/html,05,CARTAGENA,https://www.contraloria.cl/SicaProd/SICAv3-BIFAPortalCGR/faces/newDetalleInforme?docIdcm=4cdafeb99e2af982a488efc78b75e16f,C,Informe Final de Auditoría,28852,https://www.contraloria.cl/SicaProd/SICAv3-BIFAPortalCGR/servletfichainformegoogle?docIdcm=4cdafeb99e2af982a488efc78b75e16f&pdf=1
56709,05603,2019-09-30 00:00:00.0,MUNICIPALIDAD DE CARTAGENA,2019,505,INFORME FINAL DE INVESTIGACIÓN ESPECIAL 505-19 MUNICIPALIDADES DE CARTAGENA Y SAN ANTONIO SOBRE EVENTUALES IRREGULARIDADES - SEPTIEMBRE 2019,https://www.contraloria.cl/pdfbuscador/auditoria/b291ba7c3a4b40e2af54e3503fff02e1/html,05,CARTAGENA,https://www.contraloria.cl/SicaProd/SICAv3-BIFAPortalCGR/faces/newDetalleInforme?docIdcm=b291ba7c3a4b40e2af54e3503fff02e1,C,Informe de Investigación Especial,30002,https://www.contraloria.cl/SicaProd/SICAv3-BIFAPortalCGR/servletfichainformegoogle?docIdcm=b291ba7c3a4b40e2af54e3503fff02e1&pdf=1
72465,05603,2020-06-03 00:00:00.0,MUNICIPALIDAD DE CARTAGENA,2020,184,INFORME FINAL 184-20 MUNICIPALIDAD DE CARTAGENA SOBRE AUDITORÍA AL PROGRAMA DE REVITALIZACIÓN DE BARRIOS E INFRAESTRUCTURA PATRIMONIAL EMBLEMÁTICA - JUNIO 2020,https://www.contraloria.cl/pdfbuscador/auditoria/a8a8890e79d1928b9f4dc5103b8a866b/html,05,CARTAGENA,https://www.contraloria.cl/SicaProd/SICAv3-BIFAPortalCGR/faces/newDetalleInforme?docIdcm=a8a8890e79d1928b9f4dc5103b8a866b,C,Informe Final de Auditoría,32718,https://www.contraloria.cl/SicaProd/SICAv3-BIFAPortalCGR/servletfichainformegoogle?docIdcm=a8a8890e79d1928b9f4dc5103b8a866b&pdf=1