IDACTIVIDAD,CODIGOSUBDERE,FECHAINFORME,NOMBRESERVICIO,ANOINFORME,NUMEROINFORME,MATERIAINFORME,FICHAINFORMEBIFA,C_REG_SUBDERE,NOMBRESUBDERE,FICHAINFORME,TIPOSUBDERE,TIPOINFORME,IDINFORME,PDFINFORME
38935,05102,2016-11-04 00:00:00.0,MUNICIPALIDAD DE CASABLANCA,2016,810,INFORME INVESTIGACIÓN ESPECIAL 810-16 MUNICIPALIDAD DE CASABLANCA SOBRE CONTRATACIÓN PARA LA CELEBRACIÓN DEL DÍA DEL PADRE 2016 - NOVIEMBRE 2016,https://www.contraloria.cl/pdfbuscador/auditoria/ec56517947d493ac6d813ae6e7beaa5a/html,05,CASABLANCA,https://www.contraloria.cl/SicaProd/SICAv3-BIFAPortalCGR/faces/newDetalleInforme?docIdcm=ec56517947d493ac6d813ae6e7beaa5a,C,Informe de Investigación Especial,19347,https://www.contraloria.cl/SicaProd/SICAv3-BIFAPortalCGR/servletfichainformegoogle?docIdcm=ec56517947d493ac6d813ae6e7beaa5a&pdf=1
47278,05102,2018-04-02 00:00:00.0,MUNICIPALIDAD DE CASABLANCA,2017,1078,INFORME FINAL DE INVESTIGACIÓN ESPECIAL 1.078-17 MUNICIPALIDAD DE CASABLANCA SOBRE EVENTUALES IRREGULARIDADES - ABRIL 2018,https://www.contraloria.cl/pdfbuscador/auditoria/9de068154d56fd91fad4ce67b3ecd5f5/html,05,CASABLANCA,https://www.contraloria.cl/SicaProd/SICAv3-BIFAPortalCGR/faces/newDetalleInforme?docIdcm=9de068154d56fd91fad4ce67b3ecd5f5,C,Informe de Investigación Especial,23684,https://www.contraloria.cl/SicaProd/SICAv3-BIFAPortalCGR/servletfichainformegoogle?docIdcm=9de068154d56fd91fad4ce67b3ecd5f5&pdf=1
48913,05102,2018-05-30 00:00:00.0,MUNICIPALIDAD DE CASABLANCA,2018,159,INFORME FINAL DE INVESTIGACIÓN ESPECIAL 159-18 MUNICIPALIDAD DE CASABLANCA SOBRE EVENTUALES IRREGULARIDADES - MAYO 2018,https://www.contraloria.cl/pdfbuscador/auditoria/62ea5cd914bb9af9b4a58acb4fd5085d/html,05,CASABLANCA,https://www.contraloria.cl/SicaProd/SICAv3-BIFAPortalCGR/faces/newDetalleInforme?docIdcm=62ea5cd914bb9af9b4a58acb4fd5085d,C,Informe de Investigación Especial,24063,https://www.contraloria.cl/SicaProd/SICAv3-BIFAPortalCGR/servletfichainformegoogle?docIdcm=62ea5cd914bb9af9b4a58acb4fd5085d&pdf=1
54168,05102,2019-03-05 00:00:00.0,MUNICIPALIDAD DE CASABLANCA,2018,988,"INFORME FINAL 988-18 MUNICIPALIDAD DE CASABLANCA SOBRE AUDITORÍA A LOS INGRESOS PERCIBIDOS POR CONCEPTO DE PATENTES INDUSTRIALES, COMERCIALES Y DE ALCOHOLES - MARZO 2019",https://www.contraloria.cl/pdfbuscador/auditoria/380833ebd5fb9d8974e0786c751b62b2/html,05,CASABLANCA,https://www.contraloria.cl/SicaProd/SICAv3-BIFAPortalCGR/faces/newDetalleInforme?docIdcm=380833ebd5fb9d8974e0786c751b62b2,C,Informe Final de Auditoría,27945,https://www.contraloria.cl/SicaProd/SICAv3-BIFAPortalCGR/servletfichainformegoogle?docIdcm=380833ebd5fb9d8974e0786c751b62b2&pdf=1
55176,05102,2019-04-16 00:00:00.0,MUNICIPALIDAD DE CASABLANCA,2019,88,INFORME FINAL DE INVESTIGACIÓN ESPECIAL 88-19 MUNICIPALIDAD DE CASABLANCA Y GOBIERNO REGIONAL DE VALPARAÍSO SOBRE EVENTUALES IRREGULARIDADES - ABRIL 2019,https://www.contraloria.cl/pdfbuscador/auditoria/4fad73c53c3a669d360db0d96a16a70c/html,05,CASABLANCA,https://www.contraloria.cl/SicaProd/SICAv3-BIFAPortalCGR/faces/newDetalleInforme?docIdcm=4fad73c53c3a669d360db0d96a16a70c,C,Informe de Investigación Especial,28834,https://www.contraloria.cl/SicaProd/SICAv3-BIFAPortalCGR/servletfichainformegoogle?docIdcm=4fad73c53c3a669d360db0d96a16a70c&pdf=1
56180,05102,2019-10-10 00:00:00.0,MUNICIPALIDAD DE CASABLANCA,2019,681,INFORME FINAL 681-19 MUNICIPALIDAD DE CASABLANCA SOBRE AUDITORÍA A LAS AUTORIZACIONES OTORGADAS POR LA DIRECCIÓN DE OBRAS - OCTUBRE 2019,https://www.contraloria.cl/pdfbuscador/auditoria/af36035cf0dac96cd8b8161126821bc3/html,05,CASABLANCA,https://www.contraloria.cl/SicaProd/SICAv3-BIFAPortalCGR/faces/newDetalleInforme?docIdcm=af36035cf0dac96cd8b8161126821bc3,C,Informe Final de Auditoría,30051,https://www.contraloria.cl/SicaProd/SICAv3-BIFAPortalCGR/servletfichainformegoogle?docIdcm=af36035cf0dac96cd8b8161126821bc3&pdf=1