IDACTIVIDAD,CODIGOSUBDERE,FECHAINFORME,NOMBRESERVICIO,ANOINFORME,NUMEROINFORME,MATERIAINFORME,FICHAINFORMEBIFA,C_REG_SUBDERE,NOMBRESUBDERE,FICHAINFORME,TIPOSUBDERE,TIPOINFORME,IDINFORME,PDFINFORME
21382,10201,2015-05-28 00:00:00.0,MUNICIPALIDAD DE CASTRO,2015,170,INFORME FINAL 170-15 MUNICIPALIDAD DE CASTRO AUDITORIA INVERSIONES EN INFRAESTRUCTURA Y PERSMISOS EDIFICACION - MAYO 2015,https://www.contraloria.cl/pdfbuscador/auditoria/5cbf012fb8098fc2ef64bddd53ab5c50/html,10,CASTRO,https://www.contraloria.cl/SicaProd/SICAv3-BIFAPortalCGR/faces/newDetalleInforme?docIdcm=5cbf012fb8098fc2ef64bddd53ab5c50,C,Informe Final de Auditoría,14057,https://www.contraloria.cl/SicaProd/SICAv3-BIFAPortalCGR/servletfichainformegoogle?docIdcm=5cbf012fb8098fc2ef64bddd53ab5c50&pdf=1
32185,10201,2015-12-22 00:00:00.0,MUNICIPALIDAD DE CASTRO,2015,987,INFORME INVESTIGACION ESPECIAL 987-15 MUNICIPALIDAD DE CASTRO EVENTUALES IRREGULARIDADES EN MULTICANCHA TECHADA VILLA LA ESPERANZA Y OTROS - DICIEMBRE 2015,https://www.contraloria.cl/pdfbuscador/auditoria/9aeb00be2b798835c69dae1b75e26cc0/html,10,CASTRO,https://www.contraloria.cl/SicaProd/SICAv3-BIFAPortalCGR/faces/newDetalleInforme?docIdcm=9aeb00be2b798835c69dae1b75e26cc0,C,Informe de Investigación Especial,17538,https://www.contraloria.cl/SicaProd/SICAv3-BIFAPortalCGR/servletfichainformegoogle?docIdcm=9aeb00be2b798835c69dae1b75e26cc0&pdf=1
34684,10201,2016-10-19 00:00:00.0,MUNICIPALIDAD DE CASTRO,2016,794,INFORME FINAL 794-16 MUNICIPALIDAD DE CASTRO AUDITORÍA AL GASTO EN PERIODO ELECTORAL - USO DE BIENES - VEHÍCULOS - RRHH - RECURSOS FÍSICOS Y FINANCIEROS - OCTUBRE 2016,https://www.contraloria.cl/pdfbuscador/auditoria/5e72a07e3fe13367f3ae1bcc3338a38f/html,10,CASTRO,https://www.contraloria.cl/SicaProd/SICAv3-BIFAPortalCGR/faces/newDetalleInforme?docIdcm=5e72a07e3fe13367f3ae1bcc3338a38f,C,Informe Final de Auditoría,19212,https://www.contraloria.cl/SicaProd/SICAv3-BIFAPortalCGR/servletfichainformegoogle?docIdcm=5e72a07e3fe13367f3ae1bcc3338a38f&pdf=1
41580,10201,2017-10-05 00:00:00.0,MUNICIPALIDAD DE CASTRO,2017,366,INFORME_DE_INVESTIGACION_ESPECIAL_366_17_MUNICIPALIDAD_DE_CASTRO_IRREGULARIDADES_EN_OTORGAMIENTO_PERMISOS_EDIFICACION_RECEPCION_Y_OTROS_OCTUBRE_2017,https://www.contraloria.cl/pdfbuscador/auditoria/8858288780d383f1a760e7ff7dae6b0e/html,10,CASTRO,https://www.contraloria.cl/SicaProd/SICAv3-BIFAPortalCGR/faces/newDetalleInforme?docIdcm=8858288780d383f1a760e7ff7dae6b0e,C,Informe de Investigación Especial,21835,https://www.contraloria.cl/SicaProd/SICAv3-BIFAPortalCGR/servletfichainformegoogle?docIdcm=8858288780d383f1a760e7ff7dae6b0e&pdf=1
43765,10201,2017-10-24 00:00:00.0,MUNICIPALIDAD DE CASTRO,2017,522,INFORME_DE_INVESTIGACION_ESPECIAL_522_17_MUNICIPALIDAD_DE_CASTRO_EVENTUALES_IRREGULARIDADES_EN_EJECUCION_PROYECTO_ESTACIONAMIENTOS_SUBTERRANEOS_OCTUBRE_2017,https://www.contraloria.cl/pdfbuscador/auditoria/6a637a88f8e33094cb1e1c8c4c1a49a0/html,10,CASTRO,https://www.contraloria.cl/SicaProd/SICAv3-BIFAPortalCGR/faces/newDetalleInforme?docIdcm=6a637a88f8e33094cb1e1c8c4c1a49a0,C,Informe de Investigación Especial,22187,https://www.contraloria.cl/SicaProd/SICAv3-BIFAPortalCGR/servletfichainformegoogle?docIdcm=6a637a88f8e33094cb1e1c8c4c1a49a0&pdf=1
41804,10201,2017-12-14 00:00:00.0,MUNICIPALIDAD DE CASTRO,2017,864,INFORME_FINAL_864_17_MUNICIPALIDAD_DE_CASTRO_AUDITORIA_MACROPROCESO_CONCESION_SERVICIO_DE_ASEO_DICIEMBRE_2017,https://www.contraloria.cl/pdfbuscador/auditoria/38be47cb08c1c66b56b33947811251e1/html,10,CASTRO,https://www.contraloria.cl/SicaProd/SICAv3-BIFAPortalCGR/faces/newDetalleInforme?docIdcm=38be47cb08c1c66b56b33947811251e1,C,Informe Final de Auditoría,22700,https://www.contraloria.cl/SicaProd/SICAv3-BIFAPortalCGR/servletfichainformegoogle?docIdcm=38be47cb08c1c66b56b33947811251e1&pdf=1
42973,10201,2017-12-29 00:00:00.0,CORPORACION MUNICIPAL DE CASTRO,2017,986,INFORME_FINAL_986_17_CORPORACION_MUNICIPAL_DE_CASTRO_AUDITORIA_A_RECURSOS_LEY_20248_SUBVENCION_ESCOLAR_PREFERENCIAL_SEP_DICIEMBRE_2017,https://www.contraloria.cl/pdfbuscador/auditoria/1bc14d2ad8838bb359cff2c4127a8ce2/html,10,CASTRO,https://www.contraloria.cl/SicaProd/SICAv3-BIFAPortalCGR/faces/newDetalleInforme?docIdcm=1bc14d2ad8838bb359cff2c4127a8ce2,C,Informe Final de Auditoría,22703,https://www.contraloria.cl/SicaProd/SICAv3-BIFAPortalCGR/servletfichainformegoogle?docIdcm=1bc14d2ad8838bb359cff2c4127a8ce2&pdf=1
59014,10201,2019-12-27 00:00:00.0,MUNICIPALIDAD DE CASTRO,2019,845,INFORME FINAL 845-19 MUNICIPALIDAD DE CASTRO AUDITORIA A LOS PERMISOS DE EDIFICACION - DICIEMBRE 2019,https://www.contraloria.cl/pdfbuscador/auditoria/71e5c638dacce787a731270ddf5d1e71/html,10,CASTRO,https://www.contraloria.cl/SicaProd/SICAv3-BIFAPortalCGR/faces/newDetalleInforme?docIdcm=71e5c638dacce787a731270ddf5d1e71,C,Informe Final de Auditoría,30797,https://www.contraloria.cl/SicaProd/SICAv3-BIFAPortalCGR/servletfichainformegoogle?docIdcm=71e5c638dacce787a731270ddf5d1e71&pdf=1