IDACTIVIDAD,CODIGOSUBDERE,FECHAINFORME,NOMBRESERVICIO,ANOINFORME,NUMEROINFORME,MATERIAINFORME,FICHAINFORMEBIFA,C_REG_SUBDERE,NOMBRESUBDERE,FICHAINFORME,TIPOSUBDERE,TIPOINFORME,IDINFORME,PDFINFORME
28135,07201,2015-05-28 00:00:00.0,MUNICIPALIDAD DE CAUQUENES,2015,150,INFORME DE INVESTIGACION ESPECIAL 150-15 MUNICIPALIDAD DE CAUQUENES IRREGULARIDAD COSTOS DE TRASLADO DE CARRO BOMBA - MAYO 2015,https://www.contraloria.cl/pdfbuscador/auditoria/43e935b755b99dd60efbf7f1915fa996/html,07,CAUQUENES,https://www.contraloria.cl/SicaProd/SICAv3-BIFAPortalCGR/faces/newDetalleInforme?docIdcm=43e935b755b99dd60efbf7f1915fa996,C,Informe de Investigación Especial,13913,https://www.contraloria.cl/SicaProd/SICAv3-BIFAPortalCGR/servletfichainformegoogle?docIdcm=43e935b755b99dd60efbf7f1915fa996&pdf=1
20380,07201,2015-05-28 00:00:00.0,MUNICIPALIDAD DE CAUQUENES,2015,186,INFORME DE INVESTIGACION ESPECIAL 186-15 MUNICIPALIDAD DE CAUQUENES IRREGULARIDADES POR EXIMICION DE MULTAS - MAYO 2015,https://www.contraloria.cl/pdfbuscador/auditoria/443601eca3a968711f3cb0cd4f5f8d84/html,07,CAUQUENES,https://www.contraloria.cl/SicaProd/SICAv3-BIFAPortalCGR/faces/newDetalleInforme?docIdcm=443601eca3a968711f3cb0cd4f5f8d84,C,Informe de Investigación Especial,13915,https://www.contraloria.cl/SicaProd/SICAv3-BIFAPortalCGR/servletfichainformegoogle?docIdcm=443601eca3a968711f3cb0cd4f5f8d84&pdf=1
30072,07201,2015-05-29 00:00:00.0,MUNICIPALIDAD DE CAUQUENES,2015,457,INFORME DE INVESTIGACION ESPECIAL 457-15 MUNICIPALIDAD DE CAUQUENES IRREGULARIDAD EN DEMOLICION Y CONSTRUCCION DE EDIFICACION - MAYO 2015,https://www.contraloria.cl/pdfbuscador/auditoria/a75ebc578d12696e4f3d4ec5aaaa9cdf/html,07,CAUQUENES,https://www.contraloria.cl/SicaProd/SICAv3-BIFAPortalCGR/faces/newDetalleInforme?docIdcm=a75ebc578d12696e4f3d4ec5aaaa9cdf,C,Informe de Investigación Especial,13916,https://www.contraloria.cl/SicaProd/SICAv3-BIFAPortalCGR/servletfichainformegoogle?docIdcm=a75ebc578d12696e4f3d4ec5aaaa9cdf&pdf=1
31286,07201,2015-08-19 00:00:00.0,DEPARTAMENTO DE EDUCACION DE CAUQUENES,2015,682,INFORME INVESTIGACION ESPECIAL 682-15 DEPARTAMENTO DE EDUCACION DE LA MUNICIPALIDAD DE CAUQUENES EVENTUALES IRREGULARIDADES - AGOSTO 2015,https://www.contraloria.cl/pdfbuscador/auditoria/df0f59cdc41dfdda3253e598c95563c9/html,07,CAUQUENES,https://www.contraloria.cl/SicaProd/SICAv3-BIFAPortalCGR/faces/newDetalleInforme?docIdcm=df0f59cdc41dfdda3253e598c95563c9,C,Informe de Investigación Especial,14582,https://www.contraloria.cl/SicaProd/SICAv3-BIFAPortalCGR/servletfichainformegoogle?docIdcm=df0f59cdc41dfdda3253e598c95563c9&pdf=1
32004,07201,2015-12-30 00:00:00.0,MUNICIPALIDAD DE CAUQUENES,2015,1249,INFORME FINAL 1249-15 MUNICIPALIDAD DE CAUQUENES PERMISOS DE CIRCULACION - DICIEMBRE 2015,https://www.contraloria.cl/pdfbuscador/auditoria/fcfe38311908ea1eab822fd9a4ca54b2/html,07,CAUQUENES,https://www.contraloria.cl/SicaProd/SICAv3-BIFAPortalCGR/faces/newDetalleInforme?docIdcm=fcfe38311908ea1eab822fd9a4ca54b2,C,Informe Final de Auditoría,16785,https://www.contraloria.cl/SicaProd/SICAv3-BIFAPortalCGR/servletfichainformegoogle?docIdcm=fcfe38311908ea1eab822fd9a4ca54b2&pdf=1
35478,07201,2016-06-29 00:00:00.0,MUNICIPALIDAD DE CAUQUENES,2016,154,INFORME INVESTIGACION ESPECIAL 154-16 MUNICIPALIDAD DE CAUQUENES SOBRE EVENTUALES IRREGULARIDADES EN LA INCORPORACION DE LA IMAGEN DEL ALCALDE Y CONCEJALES EN LETREROS - JUNIO 2016,https://www.contraloria.cl/pdfbuscador/auditoria/f6448af54d00f8690721ead726f7a20e/html,07,CAUQUENES,https://www.contraloria.cl/SicaProd/SICAv3-BIFAPortalCGR/faces/newDetalleInforme?docIdcm=f6448af54d00f8690721ead726f7a20e,C,Informe de Investigación Especial,18299,https://www.contraloria.cl/SicaProd/SICAv3-BIFAPortalCGR/servletfichainformegoogle?docIdcm=f6448af54d00f8690721ead726f7a20e&pdf=1
37098,07201,2016-09-27 00:00:00.0,DEPARTAMENTO DE EDUCACION DE CAUQUENES,2016,734,INFORME INVESTIGACIÓN ESPECIAL 734-16 DAEM MUNICIPALIDAD DE CAUQUENES SOBRE INCUMPLIMIENTO EN PAGO DE COTIZACIONES PREVISIONALES Y DESCUENTOS VOLUNTARIOS - SEPTIEMBRE 2016,https://www.contraloria.cl/pdfbuscador/auditoria/40cf412194d4da02a6ec356a2ca3b6a4/html,07,CAUQUENES,https://www.contraloria.cl/SicaProd/SICAv3-BIFAPortalCGR/faces/newDetalleInforme?docIdcm=40cf412194d4da02a6ec356a2ca3b6a4,C,Informe de Investigación Especial,18936,https://www.contraloria.cl/SicaProd/SICAv3-BIFAPortalCGR/servletfichainformegoogle?docIdcm=40cf412194d4da02a6ec356a2ca3b6a4&pdf=1
34414,07201,2016-10-14 00:00:00.0,MUNICIPALIDAD DE CAUQUENES,2016,778,INFORME FINAL 778 -16 MUNICIPALIDAD DE CAUQUENES - AUDITORÍA AL GASTO EN PERIODO ELECTORAL - USO DE BIENES - VEHÍCULOS - RRHH - RECURSOS FÍSICOS Y FINANCIEROS  - OCTUBRE 2016,https://www.contraloria.cl/pdfbuscador/auditoria/8c380e91f3f18a2c26dadd94297f2095/html,07,CAUQUENES,https://www.contraloria.cl/SicaProd/SICAv3-BIFAPortalCGR/faces/newDetalleInforme?docIdcm=8c380e91f3f18a2c26dadd94297f2095,C,Informe Final de Auditoría,19136,https://www.contraloria.cl/SicaProd/SICAv3-BIFAPortalCGR/servletfichainformegoogle?docIdcm=8c380e91f3f18a2c26dadd94297f2095&pdf=1
34592,07201,2016-11-30 00:00:00.0,MUNICIPALIDAD DE CAUQUENES,2016,998,INFORME FINAL 998-16 MUNICIPALIDAD DE CAUQUENES A LOS MACROPROCESOS DE CONTROL RRHH RELACIONADO CON DIETAS VIÁTICOS Y GASTOS DE CONCEJALES-NOVIEMBRE-2016 ,https://www.contraloria.cl/pdfbuscador/auditoria/56ac69261048888272d25d50443ae192/html,07,CAUQUENES,https://www.contraloria.cl/SicaProd/SICAv3-BIFAPortalCGR/faces/newDetalleInforme?docIdcm=56ac69261048888272d25d50443ae192,C,Informe Final de Auditoría,19725,https://www.contraloria.cl/SicaProd/SICAv3-BIFAPortalCGR/servletfichainformegoogle?docIdcm=56ac69261048888272d25d50443ae192&pdf=1
45588,07201,2017-10-03 00:00:00.0,MUNICIPALIDAD DE CAUQUENES,2017,694,INFORME FINAL DE INVESTIGACION ESPECIAL 694-17 MUNICIPALIDAD DE CAUQUENES SOBRE IRREGULARIDADES EN ADJUDICACION DE LICITACION PUBLICA - OCTUBRE 2017,https://www.contraloria.cl/pdfbuscador/auditoria/eaeb7c0aa9deb170e90f9153b239306d/html,07,CAUQUENES,https://www.contraloria.cl/SicaProd/SICAv3-BIFAPortalCGR/faces/newDetalleInforme?docIdcm=eaeb7c0aa9deb170e90f9153b239306d,C,Informe de Investigación Especial,21829,https://www.contraloria.cl/SicaProd/SICAv3-BIFAPortalCGR/servletfichainformegoogle?docIdcm=eaeb7c0aa9deb170e90f9153b239306d&pdf=1
52865,07201,2019-01-11 00:00:00.0,CEMENTERIO CAUQUENES,2018,171,INFORME FINAL 171-18 MUNICIPALIDAD DE CAUQUENES AUDITORÍA A LOS INGRESOS POR VENTA DE SEPULTURAS MANTENCIONES Y DERECHOS EN CEMENTERIOS - ENERO 2019,https://www.contraloria.cl/pdfbuscador/auditoria/f728dac8bc463a7c7d061071c08b3973/html,07,CAUQUENES,https://www.contraloria.cl/SicaProd/SICAv3-BIFAPortalCGR/faces/newDetalleInforme?docIdcm=f728dac8bc463a7c7d061071c08b3973,C,Informe Final de Auditoría,27340,https://www.contraloria.cl/SicaProd/SICAv3-BIFAPortalCGR/servletfichainformegoogle?docIdcm=f728dac8bc463a7c7d061071c08b3973&pdf=1
50895,07201,2019-04-15 00:00:00.0,MUNICIPALIDAD DE CAUQUENES,2018,576,INFORME DE INVESTIGACIÓN ESPECIAL 576-18 MUNICIPALIDAD DE CAUQUENES PRESUNTAS IRREGULARIDADES EN PAGO DE COMETIDOS A CONCEJALES - ABRIL 2019,https://www.contraloria.cl/pdfbuscador/auditoria/198768c6e7d2e3c33d622eec627bc43e/html,07,CAUQUENES,https://www.contraloria.cl/SicaProd/SICAv3-BIFAPortalCGR/faces/newDetalleInforme?docIdcm=198768c6e7d2e3c33d622eec627bc43e,C,Informe de Investigación Especial,28789,https://www.contraloria.cl/SicaProd/SICAv3-BIFAPortalCGR/servletfichainformegoogle?docIdcm=198768c6e7d2e3c33d622eec627bc43e&pdf=1
52685,07201,2019-06-27 00:00:00.0,MUNICIPALIDAD DE CAUQUENES,2018,927,INFORME FINAL 927-18 MUNICIPALIDAD DE CAUQUENES AUDITORIA AL PROCESO DE ENDUDAMIENTO - JULIO 2019,https://www.contraloria.cl/pdfbuscador/auditoria/0931efbc59312f43c28689183ddd0b5e/html,07,CAUQUENES,https://www.contraloria.cl/SicaProd/SICAv3-BIFAPortalCGR/faces/newDetalleInforme?docIdcm=0931efbc59312f43c28689183ddd0b5e,C,Informe Final de Auditoría,29273,https://www.contraloria.cl/SicaProd/SICAv3-BIFAPortalCGR/servletfichainformegoogle?docIdcm=0931efbc59312f43c28689183ddd0b5e&pdf=1
58810,07201,2020-03-05 00:00:00.0,MUNICIPALIDAD DE CAUQUENES,2019,820,INFORME INSPECCIÓN DE OBRA PÚBLICA 820-19 MUNICIPALIDAD DE CAUQUENES OBRA CONSTRUCCIÓN PARQUE RÍO TUTUVÉN CAUQUENES - MARZO 2020,https://www.contraloria.cl/pdfbuscador/auditoria/ac3b7037947814f7dbd6cdce8e3e6a3b/html,07,CAUQUENES,https://www.contraloria.cl/SicaProd/SICAv3-BIFAPortalCGR/faces/newDetalleInforme?docIdcm=ac3b7037947814f7dbd6cdce8e3e6a3b,C,Informe de Inspección de Obra Pública,31884,https://www.contraloria.cl/SicaProd/SICAv3-BIFAPortalCGR/servletfichainformegoogle?docIdcm=ac3b7037947814f7dbd6cdce8e3e6a3b&pdf=1