IDACTIVIDAD,CODIGOSUBDERE,FECHAINFORME,NOMBRESERVICIO,ANOINFORME,NUMEROINFORME,MATERIAINFORME,FICHAINFORMEBIFA,C_REG_SUBDERE,NOMBRESUBDERE,FICHAINFORME,TIPOSUBDERE,TIPOINFORME,IDINFORME,PDFINFORME
31929,08203,2015-09-08 00:00:00.0,MUNICIPALIDAD DE CAÑETE,2015,776,INFORME INVESTIGACIÓN ESPECIAL 776 - 15 MUNICIPALIDAD DE CAÑETE SOBRE ACTUACIONES - SEPTIEMBRE 2015,https://www.contraloria.cl/pdfbuscador/auditoria/2e221fc7aa33d2c2b7565f92d8eb6cbd/html,08,CAÑETE,https://www.contraloria.cl/SicaProd/SICAv3-BIFAPortalCGR/faces/newDetalleInforme?docIdcm=2e221fc7aa33d2c2b7565f92d8eb6cbd,C,Informe de Investigación Especial,14843,https://www.contraloria.cl/SicaProd/SICAv3-BIFAPortalCGR/servletfichainformegoogle?docIdcm=2e221fc7aa33d2c2b7565f92d8eb6cbd&pdf=1
32442,08203,2016-02-04 00:00:00.0,MUNICIPALIDAD DE CAÑETE,2015,1070,INFORME INVESTIGACIÓN ESPECIAL 1.070-15 MUNICIPALIDAD DE CAÑETE SOBRE PRESUNTAS IRREGULARIDADES EN OBRAS EDIFICIO CONSISTORIAL - FEBRERO DE 2016,https://www.contraloria.cl/pdfbuscador/auditoria/0f235868a5c3ec677a7a986065ad3689/html,08,CAÑETE,https://www.contraloria.cl/SicaProd/SICAv3-BIFAPortalCGR/faces/newDetalleInforme?docIdcm=0f235868a5c3ec677a7a986065ad3689,C,Informe de Investigación Especial,17152,https://www.contraloria.cl/SicaProd/SICAv3-BIFAPortalCGR/servletfichainformegoogle?docIdcm=0f235868a5c3ec677a7a986065ad3689&pdf=1
36102,08203,2016-07-08 00:00:00.0,MUNICIPALIDAD DE CAÑETE,2016,272,INFORME INVESTIGACIÓN ESPECIAL 272 - 16 MUNICIPALIDAD DE CAÑETE SOBRE PAGO VIÁTICOS A CONDUCTORES - JULIO 2016,https://www.contraloria.cl/pdfbuscador/auditoria/114d6d2277cf1fb0f078897f2992da78/html,08,CAÑETE,https://www.contraloria.cl/SicaProd/SICAv3-BIFAPortalCGR/faces/newDetalleInforme?docIdcm=114d6d2277cf1fb0f078897f2992da78,C,Informe de Investigación Especial,18591,https://www.contraloria.cl/SicaProd/SICAv3-BIFAPortalCGR/servletfichainformegoogle?docIdcm=114d6d2277cf1fb0f078897f2992da78&pdf=1
38593,08203,2016-12-20 00:00:00.0,DEPARTAMENTO DE ADMINISTRACION DE EDUCACION MUNICIPAL DE CAÑETE,2016,881,INFORME FINAL 881-16 MUNICIPALIDAD DE CAÑETE - AUDITORÍA AL FONDO DE APOYO A LA EDUCACIÓN PÚBLICA MUNICIPAL - DICIEMBRE 2016,https://www.contraloria.cl/pdfbuscador/auditoria/74a14d5888b6599ac0b307378d97b36f/html,08,CAÑETE,https://www.contraloria.cl/SicaProd/SICAv3-BIFAPortalCGR/faces/newDetalleInforme?docIdcm=74a14d5888b6599ac0b307378d97b36f,C,Informe Final de Auditoría,20282,https://www.contraloria.cl/SicaProd/SICAv3-BIFAPortalCGR/servletfichainformegoogle?docIdcm=74a14d5888b6599ac0b307378d97b36f&pdf=1
40177,08203,2016-12-28 00:00:00.0,MUNICIPALIDAD DE CAÑETE,2016,1066,INFORME INVESTIGACIÓN ESPECIAL 1066-16 MUNICIPALIDAD DE CAÑETE SOBRE PRESUNTAS IRREGULARIDADES DE CARÁCTER FINANCIERO - DICIEMBRE 2016,https://www.contraloria.cl/pdfbuscador/auditoria/f6a3143f07a971d2cf693accbd590277/html,08,CAÑETE,https://www.contraloria.cl/SicaProd/SICAv3-BIFAPortalCGR/faces/newDetalleInforme?docIdcm=f6a3143f07a971d2cf693accbd590277,C,Informe de Investigación Especial,20112,https://www.contraloria.cl/SicaProd/SICAv3-BIFAPortalCGR/servletfichainformegoogle?docIdcm=f6a3143f07a971d2cf693accbd590277&pdf=1
42297,08203,2017-05-30 00:00:00.0,MUNICIPALIDAD DE CAÑETE,2017,179,INFORME FINAL 179-17 MUNICIPALIDAD DE CAÑETE - AUDITORÍA A MACROPROCESO DE TECNOLOGÍAS DE INFORMACIÓN Y COMUNICACIÓN - MAYO 2017,https://www.contraloria.cl/pdfbuscador/auditoria/71de3603160fc0e3692f9911ecd67775/html,08,CAÑETE,https://www.contraloria.cl/SicaProd/SICAv3-BIFAPortalCGR/faces/newDetalleInforme?docIdcm=71de3603160fc0e3692f9911ecd67775,C,Informe Final de Auditoría,21100,https://www.contraloria.cl/SicaProd/SICAv3-BIFAPortalCGR/servletfichainformegoogle?docIdcm=71de3603160fc0e3692f9911ecd67775&pdf=1
50260,08203,2018-11-22 00:00:00.0,MUNICIPALIDAD DE CAÑETE,2018,327,INFORME FINAL 327 -18 MUNICIPALIDAD DE CAÑETE AUDITORÍA A LOS MACROPROCESOS DE FINANZAS Y ADMINISTRACIÓN DE RECURSOS FINANCIEROS - NOVIEMBRE 2018,https://www.contraloria.cl/pdfbuscador/auditoria/5bbcf38fd89579c1b3cda18075b17ffe/html,08,CAÑETE,https://www.contraloria.cl/SicaProd/SICAv3-BIFAPortalCGR/faces/newDetalleInforme?docIdcm=5bbcf38fd89579c1b3cda18075b17ffe,C,Informe Final de Auditoría,26664,https://www.contraloria.cl/SicaProd/SICAv3-BIFAPortalCGR/servletfichainformegoogle?docIdcm=5bbcf38fd89579c1b3cda18075b17ffe&pdf=1
51384,08203,2019-01-22 00:00:00.0,DEPARTAMENTO DE ADMINISTRACION DE EDUCACION MUNICIPAL DE CAÑETE,2018,430,INFORME INVESTIGACIÓN ESPECIAL 430-18 DAEM MUNICIPALIDAD DE CAÑETE SOBRE PRESUNTAS IRREGULARIDADES - ENERO 2019,https://www.contraloria.cl/pdfbuscador/auditoria/e8d88aa218c89f58f70a5fa29fab282b/html,08,CAÑETE,https://www.contraloria.cl/SicaProd/SICAv3-BIFAPortalCGR/faces/newDetalleInforme?docIdcm=e8d88aa218c89f58f70a5fa29fab282b,C,Informe de Investigación Especial,27453,https://www.contraloria.cl/SicaProd/SICAv3-BIFAPortalCGR/servletfichainformegoogle?docIdcm=e8d88aa218c89f58f70a5fa29fab282b&pdf=1