IDACTIVIDAD,CODIGOSUBDERE,FECHAINFORME,NOMBRESERVICIO,ANOINFORME,NUMEROINFORME,MATERIAINFORME,FICHAINFORMEBIFA,C_REG_SUBDERE,NOMBRESUBDERE,FICHAINFORME,TIPOSUBDERE,TIPOINFORME,IDINFORME,PDFINFORME
30058,13103,2015-07-14 00:00:00.0,MUNICIPALIDAD DE CERRO NAVIA,2015,532,INVESTIGACION ESPECIAL 532-15 MUNICIPALIDAD DE CERRO NAVIA - SOBRE IRREGULARIDADES EN EL PROGRAMA CHILE CRECE CONTIGO - JULIO 2015,https://www.contraloria.cl/pdfbuscador/auditoria/47424f1ca78665240f78b62327c845c0/html,13,CERRO NAVIA,https://www.contraloria.cl/SicaProd/SICAv3-BIFAPortalCGR/faces/newDetalleInforme?docIdcm=47424f1ca78665240f78b62327c845c0,C,Informe de Investigación Especial,14337,https://www.contraloria.cl/SicaProd/SICAv3-BIFAPortalCGR/servletfichainformegoogle?docIdcm=47424f1ca78665240f78b62327c845c0&pdf=1
28578,13103,2015-10-14 00:00:00.0,MUNICIPALIDAD DE CERRO NAVIA,2015,591,INFORME FINAL 591-15 MUNICIPALIDAD DE CERRO NAVIA - SOBRE AUDITORIA A LAS CONTRATACIONES DE HONORARIOS EN PROGRAMAS COMUNITARIOS - OCTUBRE 2015,https://www.contraloria.cl/pdfbuscador/auditoria/01286496ad1220e054d5f747996a0d32/html,13,CERRO NAVIA,https://www.contraloria.cl/SicaProd/SICAv3-BIFAPortalCGR/faces/newDetalleInforme?docIdcm=01286496ad1220e054d5f747996a0d32,C,Informe Final de Auditoría,15086,https://www.contraloria.cl/SicaProd/SICAv3-BIFAPortalCGR/servletfichainformegoogle?docIdcm=01286496ad1220e054d5f747996a0d32&pdf=1
32027,13103,2016-01-26 00:00:00.0,MUNICIPALIDAD DE CERRO NAVIA,2015,974,INFORME FINAL 974-15 MUNICIPALIDAD DE CERRO NAVIA - SOBRE AUDITORIA A LOS PROCESOS DE PERMISOS DE CIRCULACION Y LICENCIAS DE CONDUCIR - ENERO 2016,https://www.contraloria.cl/pdfbuscador/auditoria/2a50b475e9d291bd25e97bfd50e08402/html,13,CERRO NAVIA,https://www.contraloria.cl/SicaProd/SICAv3-BIFAPortalCGR/faces/newDetalleInforme?docIdcm=2a50b475e9d291bd25e97bfd50e08402,C,Informe Final de Auditoría,17079,https://www.contraloria.cl/SicaProd/SICAv3-BIFAPortalCGR/servletfichainformegoogle?docIdcm=2a50b475e9d291bd25e97bfd50e08402&pdf=1
28449,13103,2016-01-18 00:00:00.0,CORPORACION MUNICIPAL CERRO NAVIA,2015,997,INFORME FINAL 997-15 CORPORACION MUNICIPAL DE CERRO NAVIA - SOBRE AUDITORIA AL PROGRAMA DE GARANTIAS EXPLICITAS DE SALUD GES - ENERO 2016,https://www.contraloria.cl/pdfbuscador/auditoria/8510caf3a71db174dbe457e1f7504cb4/html,13,CERRO NAVIA,https://www.contraloria.cl/SicaProd/SICAv3-BIFAPortalCGR/faces/newDetalleInforme?docIdcm=8510caf3a71db174dbe457e1f7504cb4,C,Informe Final de Auditoría,17009,https://www.contraloria.cl/SicaProd/SICAv3-BIFAPortalCGR/servletfichainformegoogle?docIdcm=8510caf3a71db174dbe457e1f7504cb4&pdf=1
37167,13103,2016-12-02 00:00:00.0,MUNICIPALIDAD DE CERRO NAVIA,2016,580,INVESTIGACIÓN ESPECIAL 580-16 CORPORACIÓN MUNICIPAL DE CERRO NAVIA - SOBRE NO PAGO DE COTIZACIONES PREVISIONALES Y DESCUENTOS REALIZADOS A TRABAJADORES - DICIEMBRE 2016,https://www.contraloria.cl/pdfbuscador/auditoria/b611a088fc024e077af1ee8714ee0e4f/html,13,CERRO NAVIA,https://www.contraloria.cl/SicaProd/SICAv3-BIFAPortalCGR/faces/newDetalleInforme?docIdcm=b611a088fc024e077af1ee8714ee0e4f,C,Informe de Investigación Especial,19773,https://www.contraloria.cl/SicaProd/SICAv3-BIFAPortalCGR/servletfichainformegoogle?docIdcm=b611a088fc024e077af1ee8714ee0e4f&pdf=1
34410,13103,2017-02-02 00:00:00.0,MUNICIPALIDAD DE CERRO NAVIA,2016,590,INFORME FINAL 590-16 - MUNICIPALIDAD DE CERRO NAVIA AUDITORIA AL MACROPROCESO DE TRANSFERENCIAS Y AL CUMPLIMIENTO LEY N° 20730 - FEBRERO 2017,https://www.contraloria.cl/pdfbuscador/auditoria/6e0513fd613ee15bd9030e012f1e7522/html,13,CERRO NAVIA,https://www.contraloria.cl/SicaProd/SICAv3-BIFAPortalCGR/faces/newDetalleInforme?docIdcm=6e0513fd613ee15bd9030e012f1e7522,C,Informe Final de Auditoría,20833,https://www.contraloria.cl/SicaProd/SICAv3-BIFAPortalCGR/servletfichainformegoogle?docIdcm=6e0513fd613ee15bd9030e012f1e7522&pdf=1
34325,13103,2016-10-20 00:00:00.0,MUNICIPALIDAD DE CERRO NAVIA,2016,663,INFORME FINAL 663-16 MUNICIPALIDAD DE CERRO NAVIA - AUDITORÍA AL GASTO EN PERÍODO ELECTORAL - USO DE BIENES - VEHÍCULOS - RRHH - RECURSOS FÍSICOS Y FINANCIEROS - OCTUBRE 2016,https://www.contraloria.cl/pdfbuscador/auditoria/c5b373ddf3357af96572f46d97d061e9/html,13,CERRO NAVIA,https://www.contraloria.cl/SicaProd/SICAv3-BIFAPortalCGR/faces/newDetalleInforme?docIdcm=c5b373ddf3357af96572f46d97d061e9,C,Informe Final de Auditoría,19224,https://www.contraloria.cl/SicaProd/SICAv3-BIFAPortalCGR/servletfichainformegoogle?docIdcm=c5b373ddf3357af96572f46d97d061e9&pdf=1
38723,13103,2016-11-30 00:00:00.0,MUNICIPALIDAD DE CERRO NAVIA,2016,798,INVESTIGACIÓN ESPECIAL 798-2016 MUNICIPALIDAD DE CERRO NAVIA - SOBRE GASTOS EN ELEMENTOS PUBLICITARIOS - NOVIEMBRE 2016,https://www.contraloria.cl/pdfbuscador/auditoria/16bc78c7c122f78976daa773a63ad4b0/html,13,CERRO NAVIA,https://www.contraloria.cl/SicaProd/SICAv3-BIFAPortalCGR/faces/newDetalleInforme?docIdcm=16bc78c7c122f78976daa773a63ad4b0,C,Informe de Investigación Especial,19873,https://www.contraloria.cl/SicaProd/SICAv3-BIFAPortalCGR/servletfichainformegoogle?docIdcm=16bc78c7c122f78976daa773a63ad4b0&pdf=1
42090,13103,2017-09-07 00:00:00.0,MUNICIPALIDAD DE CERRO NAVIA,2017,171,INFORME INVESTIGACIÓN ESPECIAL 171-17 MUNICIPALIDAD DE CERRO NAVIA IRREGULARIDADES EN LA EJECUCIÓN DE LOS CONTRATOS- SEPTIEMBRE 2017,https://www.contraloria.cl/pdfbuscador/auditoria/9fa69c45bff37040f3e3cd678db30839/html,13,CERRO NAVIA,https://www.contraloria.cl/SicaProd/SICAv3-BIFAPortalCGR/faces/newDetalleInforme?docIdcm=9fa69c45bff37040f3e3cd678db30839,C,Informe de Investigación Especial,21737,https://www.contraloria.cl/SicaProd/SICAv3-BIFAPortalCGR/servletfichainformegoogle?docIdcm=9fa69c45bff37040f3e3cd678db30839&pdf=1
41715,13103,2017-11-02 00:00:00.0,MUNICIPALIDAD DE CERRO NAVIA,2017,421,INFORME FINAL N° 421-2017 - MUNICIPALIDAD DE CERRO NAVIA - SOBRE AUDITORIA AL MACROPROCESO DE FINANZAS - NOVIEMBRE 2017,https://www.contraloria.cl/pdfbuscador/auditoria/e61683d47c08175d68573eacd0e1cac3/html,13,CERRO NAVIA,https://www.contraloria.cl/SicaProd/SICAv3-BIFAPortalCGR/faces/newDetalleInforme?docIdcm=e61683d47c08175d68573eacd0e1cac3,C,Informe Final de Auditoría,22081,https://www.contraloria.cl/SicaProd/SICAv3-BIFAPortalCGR/servletfichainformegoogle?docIdcm=e61683d47c08175d68573eacd0e1cac3&pdf=1
45761,13103,2017-10-25 00:00:00.0,MUNICIPALIDAD DE CERRO NAVIA,2017,585,"INFORME FINAL DE INVESTIGACIÓN ESPECIAL N° 585-17 - MUNICIPALIDAD DE CERRO NAVIA - SOBRE EVENTUAL IRREGULARIDAD EN EL OTORGAMIENTO, SUSCRIPCION Y EJECUCION DE CONTRATO DE COMODATO DE INMUEBLE - OCTUBRE 2017",https://www.contraloria.cl/pdfbuscador/auditoria/ec93e65e0dbe995510bf38e8c9058c36/html,13,CERRO NAVIA,https://www.contraloria.cl/SicaProd/SICAv3-BIFAPortalCGR/faces/newDetalleInforme?docIdcm=ec93e65e0dbe995510bf38e8c9058c36,C,Informe de Investigación Especial,22018,https://www.contraloria.cl/SicaProd/SICAv3-BIFAPortalCGR/servletfichainformegoogle?docIdcm=ec93e65e0dbe995510bf38e8c9058c36&pdf=1
42387,13103,2017-12-27 00:00:00.0,CORPORACION MUNICIPAL CERRO NAVIA,2017,913,INFORME FINAL N° 913-17 - CORPORACION MUNICIPAL DE DESARROLLO SOCIAL DE CERRO NAVIA - SOBRE AUDITORIA A LOS RECURSOS DE LA LEY N° 20.248 SUBVENCION ESCOLAR PREFERENCIAL - DICIEMBRE 2017,https://www.contraloria.cl/pdfbuscador/auditoria/fb173ea98a94afad0c744a33dff79d0f/html,13,CERRO NAVIA,https://www.contraloria.cl/SicaProd/SICAv3-BIFAPortalCGR/faces/newDetalleInforme?docIdcm=fb173ea98a94afad0c744a33dff79d0f,C,Informe Final de Auditoría,22550,https://www.contraloria.cl/SicaProd/SICAv3-BIFAPortalCGR/servletfichainformegoogle?docIdcm=fb173ea98a94afad0c744a33dff79d0f&pdf=1
53378,13103,2018-12-24 00:00:00.0,MUNICIPALIDAD DE CERRO NAVIA,2018,842,INFORME FINAL N° 842_2018 MUNICIPALIDAD DE CERRO NAVIA SOBRE CONTRATOS DE OBRAS FINANCIADOS CON RECURSOS DE OTRAS ENTIDADES PÚBLICAS DURANTE EL 2017 - DICIEMBRE 2018,https://www.contraloria.cl/pdfbuscador/auditoria/926e8a812a412ce5b07be88ae28e1de9/html,13,CERRO NAVIA,https://www.contraloria.cl/SicaProd/SICAv3-BIFAPortalCGR/faces/newDetalleInforme?docIdcm=926e8a812a412ce5b07be88ae28e1de9,C,Informe Final de Auditoría,27202,https://www.contraloria.cl/SicaProd/SICAv3-BIFAPortalCGR/servletfichainformegoogle?docIdcm=926e8a812a412ce5b07be88ae28e1de9&pdf=1