IDACTIVIDAD,CODIGOSUBDERE,FECHAINFORME,NOMBRESERVICIO,ANOINFORME,NUMEROINFORME,MATERIAINFORME,FICHAINFORMEBIFA,C_REG_SUBDERE,NOMBRESUBDERE,FICHAINFORME,TIPOSUBDERE,TIPOINFORME,IDINFORME,PDFINFORME
28440,13102,2015-06-23 00:00:00.0,MUNICIPALIDAD DE CERRILLOS,2015,211,INFORME FINAL 211-15 MUNICIPALIDAD DE CERRILLOS - SOBRE AUDITORIA AL OTORGAMIENTO DE PERMISOS DE CIRCULACION Y LICENCIAS DE CONDUCIR - JUNIO 2015,https://www.contraloria.cl/pdfbuscador/auditoria/5e244034fc11f4aa89557545e144f19c/html,13,CERRILLOS,https://www.contraloria.cl/SicaProd/SICAv3-BIFAPortalCGR/faces/newDetalleInforme?docIdcm=5e244034fc11f4aa89557545e144f19c,C,Informe Final de Auditoría,14147,https://www.contraloria.cl/SicaProd/SICAv3-BIFAPortalCGR/servletfichainformegoogle?docIdcm=5e244034fc11f4aa89557545e144f19c&pdf=1
31726,13102,2016-10-14 00:00:00.0,MUNICIPALIDAD DE CERRILLOS,2015,862,"INFORME DE INSPECCIÓN TECNICA DE OBRA PÚBLICA 862-15, MUNICIPALIDAD DE CERRILLOS, CONSTRUCCIÓN ESTADIO BENITO JUÁREZ DE CERRILLOS_OCTUBRE 2016",https://www.contraloria.cl/pdfbuscador/auditoria/71c79643190833cee1dd2b1aaf76b531/html,13,CERRILLOS,https://www.contraloria.cl/SicaProd/SICAv3-BIFAPortalCGR/faces/newDetalleInforme?docIdcm=71c79643190833cee1dd2b1aaf76b531,C,Informe de Inspección de Obra Pública,19443,https://www.contraloria.cl/SicaProd/SICAv3-BIFAPortalCGR/servletfichainformegoogle?docIdcm=71c79643190833cee1dd2b1aaf76b531&pdf=1
34492,13102,2016-11-25 00:00:00.0,DEPARTAMENTO DE EDUCACION DE CERRILLOS,2016,533,INFORME FINAL 533-16 DEPARTAMENTO DE EDUCACIÓN DE CERRILLOS - SOBRE AUDITORIA AL ACTIVO FIJO Y CUMPLIMIENTO DE LA LEY N° 20.730 - NOVIEMBRE 201,https://www.contraloria.cl/pdfbuscador/auditoria/3d2624b03e7ff809058151ce4bf7601d/html,13,CERRILLOS,https://www.contraloria.cl/SicaProd/SICAv3-BIFAPortalCGR/faces/newDetalleInforme?docIdcm=3d2624b03e7ff809058151ce4bf7601d,C,Informe Final de Auditoría,19668,https://www.contraloria.cl/SicaProd/SICAv3-BIFAPortalCGR/servletfichainformegoogle?docIdcm=3d2624b03e7ff809058151ce4bf7601d&pdf=1
37633,13102,2016-10-26 00:00:00.0,MUNICIPALIDAD DE CERRILLOS,2016,654,INVESTIGACIÓN ESPECIAL 654-2016 MUNICIPALIDAD DE CERRILLOS - SOBRE PRESUNTAS IRREGULARIDADES EN ACTIVIDAD FINANCIADA CON RECURSOS MUNICIPALES Y GASTOS PUBLICIDAD Y DIFUSIÓN - OCTUBRE 2016,https://www.contraloria.cl/pdfbuscador/auditoria/7adbfe19b6d4b6f2ca351980117e32f4/html,13,CERRILLOS,https://www.contraloria.cl/SicaProd/SICAv3-BIFAPortalCGR/faces/newDetalleInforme?docIdcm=7adbfe19b6d4b6f2ca351980117e32f4,C,Informe de Investigación Especial,19320,https://www.contraloria.cl/SicaProd/SICAv3-BIFAPortalCGR/servletfichainformegoogle?docIdcm=7adbfe19b6d4b6f2ca351980117e32f4&pdf=1
34457,13102,2016-12-30 00:00:00.0,MUNICIPALIDAD DE CERRILLOS,2016,1029,INFORME FINAL 1029-2016 MUNICIPALIDAD DE CERRILLOS SOBRE AUDITORIA AL MACROPROCESO DE ADQUISICIONES Y ABASTECIMIENTO EN LA MUNICIPALIDAD DE CERRILLOS --DICIEMBRE 2016 ,https://www.contraloria.cl/pdfbuscador/auditoria/83ac3f69916e9566cc93534d30b9ff58/html,13,CERRILLOS,https://www.contraloria.cl/SicaProd/SICAv3-BIFAPortalCGR/faces/newDetalleInforme?docIdcm=83ac3f69916e9566cc93534d30b9ff58,C,Informe Final de Auditoría,20381,https://www.contraloria.cl/SicaProd/SICAv3-BIFAPortalCGR/servletfichainformegoogle?docIdcm=83ac3f69916e9566cc93534d30b9ff58&pdf=1
40252,13102,2017-04-06 00:00:00.0,MUNICIPALIDAD DE CERRILLOS,2016,1161,INFORME FINAL DE INVESTIGACIÓN ESPECIAL 1161-2016 MUNICIPALIDAD DE CERRILLOS SOBRE PRESUNTAS IRREGULARIDADES FINANCIERAS Y PRESUPUESTARIAS - ABRIL 2017,https://www.contraloria.cl/pdfbuscador/auditoria/8c9dfb4ff26f006306405a11761baec4/html,13,CERRILLOS,https://www.contraloria.cl/SicaProd/SICAv3-BIFAPortalCGR/faces/newDetalleInforme?docIdcm=8c9dfb4ff26f006306405a11761baec4,C,Informe de Investigación Especial,20905,https://www.contraloria.cl/SicaProd/SICAv3-BIFAPortalCGR/servletfichainformegoogle?docIdcm=8c9dfb4ff26f006306405a11761baec4&pdf=1
41795,13102,2017-06-28 00:00:00.0,MUNICIPALIDAD DE CERRILLOS,2017,151,INFORME FINAL 151-17 MUNICIPALIDAD DE CERRILLOS SOBRE CONTRATOS FINANCIADOS CON FONDOS DE LOS PROGRAMAS PMU Y PMB DE LA SUBDERE- JUNIO 2017,https://www.contraloria.cl/pdfbuscador/auditoria/4cb7e42cb6e92dbf6c51d5b472dacc7f/html,13,CERRILLOS,https://www.contraloria.cl/SicaProd/SICAv3-BIFAPortalCGR/faces/newDetalleInforme?docIdcm=4cb7e42cb6e92dbf6c51d5b472dacc7f,C,Informe Final de Auditoría,21254,https://www.contraloria.cl/SicaProd/SICAv3-BIFAPortalCGR/servletfichainformegoogle?docIdcm=4cb7e42cb6e92dbf6c51d5b472dacc7f&pdf=1
58442,13102,2019-12-19 00:00:00.0,MUNICIPALIDAD DE CERRILLOS,2019,837,INFORME FINAL 837-2019 MUNICIPALIDAD DE CERRILLOS SOBRE AUDITORÍA AL MACROPROCESO DE ADQUISICIONES Y ABASTECIMIENTO EN LA MUNICIPALIDAD DE CERRILLO- DICIEMBRE 2019,https://www.contraloria.cl/pdfbuscador/auditoria/b9ee748aa82fe93459612afa0457fc19/html,13,CERRILLOS,https://www.contraloria.cl/SicaProd/SICAv3-BIFAPortalCGR/faces/newDetalleInforme?docIdcm=b9ee748aa82fe93459612afa0457fc19,C,Informe Final de Auditoría,30645,https://www.contraloria.cl/SicaProd/SICAv3-BIFAPortalCGR/servletfichainformegoogle?docIdcm=b9ee748aa82fe93459612afa0457fc19&pdf=1
67521,13102,2020-05-28 00:00:00.0,MUNICIPALIDAD DE CERRILLOS,2019,978,"INFORME FINAL N° 978, DE 2019, SOBRE INSPECCIÓN A LAS OBRAS DEL CONTRATO ""CONSTRUCCIÓN CIRCUITO POLIDEPORTIVO URBANO DE CERRILLOS"", EJECUTADO POR LA MUNICIPALIDAD DE CERRILLOS.",https://www.contraloria.cl/pdfbuscador/auditoria/29a073215ead8a8af7bae810cd69c2fc/html,13,CERRILLOS,https://www.contraloria.cl/SicaProd/SICAv3-BIFAPortalCGR/faces/newDetalleInforme?docIdcm=29a073215ead8a8af7bae810cd69c2fc,C,Informe de Inspección de Obra Pública,32916,https://www.contraloria.cl/SicaProd/SICAv3-BIFAPortalCGR/servletfichainformegoogle?docIdcm=29a073215ead8a8af7bae810cd69c2fc&pdf=1