IDACTIVIDAD,CODIGOSUBDERE,FECHAINFORME,NOMBRESERVICIO,ANOINFORME,NUMEROINFORME,MATERIAINFORME,FICHAINFORMEBIFA,C_REG_SUBDERE,NOMBRESUBDERE,FICHAINFORME,TIPOSUBDERE,TIPOINFORME,IDINFORME,PDFINFORME
31780,03201,2015-12-28 00:00:00.0,MUNICIPALIDAD DE CHAÑARAL,2015,1048,INFORME FINAL 1.048-15 MUNICIPALIDAD DE CHAÑARAL RECEPCIÓN DE RECURSOS DE LA CATÁSTROFE DEL NORTE - DICIEMBRE 2015,https://www.contraloria.cl/pdfbuscador/auditoria/02f485d485944f5946b9b7e88ac4693c/html,03,CHAÑARAL,https://www.contraloria.cl/SicaProd/SICAv3-BIFAPortalCGR/faces/newDetalleInforme?docIdcm=02f485d485944f5946b9b7e88ac4693c,C,Informe Final de Auditoría,16853,https://www.contraloria.cl/SicaProd/SICAv3-BIFAPortalCGR/servletfichainformegoogle?docIdcm=02f485d485944f5946b9b7e88ac4693c&pdf=1
41318,03201,2017-08-25 00:00:00.0,MUNICIPALIDAD DE CHAÑARAL,2017,365,IFORME FINAL 365-17 MUNICIPALIDAD DE CHAÑARAL MACROPROCESO DE ADQUISICIÓN Y ABASTECIMIENTO - AGOSTO 2017,https://www.contraloria.cl/pdfbuscador/auditoria/e9e890358bd8354a8984c902395c02e8/html,03,CHAÑARAL,https://www.contraloria.cl/SicaProd/SICAv3-BIFAPortalCGR/faces/newDetalleInforme?docIdcm=e9e890358bd8354a8984c902395c02e8,C,Informe Final de Auditoría,21598,https://www.contraloria.cl/SicaProd/SICAv3-BIFAPortalCGR/servletfichainformegoogle?docIdcm=e9e890358bd8354a8984c902395c02e8&pdf=1
52342,03201,2018-12-24 00:00:00.0,DEPARTAMENTO DE SALUD MUNICIPAL DE CHAÑARAL,2018,812,INFORME FINAL 812-18 MUNICIPALIDAD DE CHAÑARAL AUDITORÍA AL MACROPROCESO REMUNERACIONES - DICIEMBRE 2018,https://www.contraloria.cl/pdfbuscador/auditoria/2b4adc20a7f1d0f4b0536df1bcf70c37/html,03,CHAÑARAL,https://www.contraloria.cl/SicaProd/SICAv3-BIFAPortalCGR/faces/newDetalleInforme?docIdcm=2b4adc20a7f1d0f4b0536df1bcf70c37,C,Informe Final de Auditoría,27214,https://www.contraloria.cl/SicaProd/SICAv3-BIFAPortalCGR/servletfichainformegoogle?docIdcm=2b4adc20a7f1d0f4b0536df1bcf70c37&pdf=1
54101,03201,2018-12-20 00:00:00.0,MUNICIPALIDAD DE CHAÑARAL,2018,901,INFORME FINAL 901-18 MUNICIPALIDAD DE CHAÑARAL INSPECCIÓN A LA OBRA PÚBLICA NORMALIZACIÓN POSTA SALUD RURAL EL SALADO - DICIEMBRE 2018,https://www.contraloria.cl/pdfbuscador/auditoria/d8862ee5e5c423448ad598274e9fd14c/html,03,CHAÑARAL,https://www.contraloria.cl/SicaProd/SICAv3-BIFAPortalCGR/faces/newDetalleInforme?docIdcm=d8862ee5e5c423448ad598274e9fd14c,C,Informe de Inspección de Obra Pública,27151,https://www.contraloria.cl/SicaProd/SICAv3-BIFAPortalCGR/servletfichainformegoogle?docIdcm=d8862ee5e5c423448ad598274e9fd14c&pdf=1
55749,03201,2019-07-03 00:00:00.0,MUNICIPALIDAD DE CHAÑARAL,2019,308,INFORME FINAL 308-19 MUNICIPALIDAD DE CHAÑARAL INSPECCIÓN A LA OBRA PÚBLICA CONSTRUCCIÓN MUROS DE CONTENCIÓN SECTOR VICUÑA MACKENA - JULIO 2019,https://www.contraloria.cl/pdfbuscador/auditoria/ca6d9ca72d4677b87b6a8787e1b0114f/html,03,CHAÑARAL,https://www.contraloria.cl/SicaProd/SICAv3-BIFAPortalCGR/faces/newDetalleInforme?docIdcm=ca6d9ca72d4677b87b6a8787e1b0114f,C,Informe de Inspección de Obra Pública,29390,https://www.contraloria.cl/SicaProd/SICAv3-BIFAPortalCGR/servletfichainformegoogle?docIdcm=ca6d9ca72d4677b87b6a8787e1b0114f&pdf=1