IDACTIVIDAD,CODIGOSUBDERE,FECHAINFORME,NOMBRESERVICIO,ANOINFORME,NUMEROINFORME,MATERIAINFORME,FICHAINFORMEBIFA,C_REG_SUBDERE,NOMBRESUBDERE,FICHAINFORME,TIPOSUBDERE,TIPOINFORME,IDINFORME,PDFINFORME
32270,08103,2015-10-01 00:00:00.0,MUNICIPALIDAD DE CHIGUAYANTE,2015,810,INFORME INVESTIGACIÓN ESPECIAL 810-15 MUNICIPALIDAD DE CHIGUAYANTE SOBRE EXTRACCIÓN DE ÁRIDOS EN CANTERA LONCO - OCTUBRE 2015,https://www.contraloria.cl/pdfbuscador/auditoria/5955055f2646dd8413400de430dd6a0f/html,08,CHIGUAYANTE,https://www.contraloria.cl/SicaProd/SICAv3-BIFAPortalCGR/faces/newDetalleInforme?docIdcm=5955055f2646dd8413400de430dd6a0f,C,Informe de Investigación Especial,15029,https://www.contraloria.cl/SicaProd/SICAv3-BIFAPortalCGR/servletfichainformegoogle?docIdcm=5955055f2646dd8413400de430dd6a0f&pdf=1
33878,08103,2016-10-06 00:00:00.0,MUNICIPALIDAD DE CHIGUAYANTE,2016,36,INFORME INVESTIGACIÓN ESPECIAL 36-16 MUNICIPALIDAD DE CHIGUAYANTE - RELATIVA A PRESUNTAS ANOMALIAS EN EL COBRO DE MULTAS A LA EMPRESA CONCESIONARIA DEL SERVICIO DE ASEO - OCTUBRE 2016,https://www.contraloria.cl/pdfbuscador/auditoria/59654d9673fbbc1cc9ea6166b80bd8ca/html,08,CHIGUAYANTE,https://www.contraloria.cl/SicaProd/SICAv3-BIFAPortalCGR/faces/newDetalleInforme?docIdcm=59654d9673fbbc1cc9ea6166b80bd8ca,C,Informe de Investigación Especial,19189,https://www.contraloria.cl/SicaProd/SICAv3-BIFAPortalCGR/servletfichainformegoogle?docIdcm=59654d9673fbbc1cc9ea6166b80bd8ca&pdf=1
38448,08103,2016-11-22 00:00:00.0,MUNICIPALIDAD DE CHIGUAYANTE,2016,711,INFORME INVESTIGACIÓN ESPECIAL 711-16 MUNICIPALIDAD DE CHIGUAYANTE SOBRE PRESUNTAS IRREGULARIDADES - NOVIEMBRE 2016,https://www.contraloria.cl/pdfbuscador/auditoria/e063a6d1f1f4f84d8a525e4de77d2873/html,08,CHIGUAYANTE,https://www.contraloria.cl/SicaProd/SICAv3-BIFAPortalCGR/faces/newDetalleInforme?docIdcm=e063a6d1f1f4f84d8a525e4de77d2873,C,Informe de Investigación Especial,19600,https://www.contraloria.cl/SicaProd/SICAv3-BIFAPortalCGR/servletfichainformegoogle?docIdcm=e063a6d1f1f4f84d8a525e4de77d2873&pdf=1
42290,08103,2017-12-05 00:00:00.0,MUNICIPALIDAD DE CHIGUAYANTE,2017,467,INFORME FINAL 467-17 MUNICIPALIDAD DE CHIGUAYANTE AUDITORÍA A LOS PROCESOS DE FINANZAS Y ADQUISICIONES DE BIENES Y SERVICIOS - DICIEMBRE 2017,https://www.contraloria.cl/pdfbuscador/auditoria/7d7fa0672ec6a640f11ed6bf8e90d954/html,08,CHIGUAYANTE,https://www.contraloria.cl/SicaProd/SICAv3-BIFAPortalCGR/faces/newDetalleInforme?docIdcm=7d7fa0672ec6a640f11ed6bf8e90d954,C,Informe Final de Auditoría,22391,https://www.contraloria.cl/SicaProd/SICAv3-BIFAPortalCGR/servletfichainformegoogle?docIdcm=7d7fa0672ec6a640f11ed6bf8e90d954&pdf=1
42346,08103,2017-12-29 00:00:00.0,MUNICIPALIDAD DE CHIGUAYANTE,2017,595,INFORME FINAL N°595-17 - MUNICIPALIDAD DE CHIGUAYANTE - SOBRE AUDITORÍA AL MACROPROCESO DE CONCESIÓN DEL SERVICIO DE ASEO - DICIEMBRE 2017,https://www.contraloria.cl/pdfbuscador/auditoria/49c36088d0a21bdf89d0b07fc10aff3a/html,08,CHIGUAYANTE,https://www.contraloria.cl/SicaProd/SICAv3-BIFAPortalCGR/faces/newDetalleInforme?docIdcm=49c36088d0a21bdf89d0b07fc10aff3a,C,Informe Final de Auditoría,22632,https://www.contraloria.cl/SicaProd/SICAv3-BIFAPortalCGR/servletfichainformegoogle?docIdcm=49c36088d0a21bdf89d0b07fc10aff3a&pdf=1
55928,08103,2019-05-15 00:00:00.0,MUNICIPALIDAD DE CHIGUAYANTE,2019,132,INFORME INVESTIGACIÓN ESPECIAL 132-19 MUNICIPALIDAD DE CHIGUAYANTE SOBRE  PRESUNTAS IRREGULARIDADES  - MAYO 2019,https://www.contraloria.cl/pdfbuscador/auditoria/9c873d8076bfdc89ac375844df27fd92/html,08,CHIGUAYANTE,https://www.contraloria.cl/SicaProd/SICAv3-BIFAPortalCGR/faces/newDetalleInforme?docIdcm=9c873d8076bfdc89ac375844df27fd92,C,Informe de Investigación Especial,28964,https://www.contraloria.cl/SicaProd/SICAv3-BIFAPortalCGR/servletfichainformegoogle?docIdcm=9c873d8076bfdc89ac375844df27fd92&pdf=1