IDACTIVIDAD,CODIGOSUBDERE,FECHAINFORME,NOMBRESERVICIO,ANOINFORME,NUMEROINFORME,MATERIAINFORME,FICHAINFORMEBIFA,C_REG_SUBDERE,NOMBRESUBDERE,FICHAINFORME,TIPOSUBDERE,TIPOINFORME,IDINFORME,PDFINFORME
28554,16103,2015-07-30 00:00:00.0,MUNICIPALIDAD DE CHILLAN VIEJO,2015,523,INFORME FINAL 523-15 MUNICIPALIDAD DE CHILLÁN VIEJO PROGRAMA CONTRATACIONES A HONORARIOS - JULIO 2015,https://www.contraloria.cl/pdfbuscador/auditoria/936db2a6e603886eeee1865dc320b9a7/html,16,CHILLAN VIEJO,https://www.contraloria.cl/SicaProd/SICAv3-BIFAPortalCGR/faces/newDetalleInforme?docIdcm=936db2a6e603886eeee1865dc320b9a7,C,Informe Final de Auditoría,14423,https://www.contraloria.cl/SicaProd/SICAv3-BIFAPortalCGR/servletfichainformegoogle?docIdcm=936db2a6e603886eeee1865dc320b9a7&pdf=1
32917,16103,2015-12-03 00:00:00.0,MUNICIPALIDAD DE CHILLAN VIEJO,2015,1030,INFORME INVESTIGACIÓN ESPECIAL 1030 - 15 CHILLÁN VIEJO SOBRE ACTUACIONES IRREGULARES - DICIEMBRE 2015,https://www.contraloria.cl/pdfbuscador/auditoria/a10870531cbd97472e665593b41cbd32/html,16,CHILLAN VIEJO,https://www.contraloria.cl/SicaProd/SICAv3-BIFAPortalCGR/faces/newDetalleInforme?docIdcm=a10870531cbd97472e665593b41cbd32,C,Informe de Investigación Especial,16498,https://www.contraloria.cl/SicaProd/SICAv3-BIFAPortalCGR/servletfichainformegoogle?docIdcm=a10870531cbd97472e665593b41cbd32&pdf=1
34703,16103,2016-12-12 00:00:00.0,MUNICIPALIDAD DE CHILLAN VIEJO,2016,579,INFORME FINAL 579-16 MUNICIPALIDAD DE CHILLÁN VIEJO - AUDITORÍA AL PROCESO DE OTORGAMIENTO DE LICENCIAS DE CONDUCIR - DICIEMBRE 2016,https://www.contraloria.cl/pdfbuscador/auditoria/4aa8503c0d0c78acefc02f2f01efc962/html,16,CHILLAN VIEJO,https://www.contraloria.cl/SicaProd/SICAv3-BIFAPortalCGR/faces/newDetalleInforme?docIdcm=4aa8503c0d0c78acefc02f2f01efc962,C,Informe Final de Auditoría,19913,https://www.contraloria.cl/SicaProd/SICAv3-BIFAPortalCGR/servletfichainformegoogle?docIdcm=4aa8503c0d0c78acefc02f2f01efc962&pdf=1
34654,16103,2016-10-11 00:00:00.0,MUNICIPALIDAD DE CHILLAN VIEJO,2016,665,INFORME FINAL 665-16 MUNICIPALIDAD DE CHILLÁN VIEJO - AUDITORÍA AL GASTO EN PERIODO ELECTORAL - USO DE BIENES - VEHÍCULOS - RRHH - RECURSOS FÍSICOS Y FINANCIEROS - OCTUBRE 2016,https://www.contraloria.cl/pdfbuscador/auditoria/b43aca286138edbb8025c1826f010eed/html,16,CHILLAN VIEJO,https://www.contraloria.cl/SicaProd/SICAv3-BIFAPortalCGR/faces/newDetalleInforme?docIdcm=b43aca286138edbb8025c1826f010eed,C,Informe Final de Auditoría,19088,https://www.contraloria.cl/SicaProd/SICAv3-BIFAPortalCGR/servletfichainformegoogle?docIdcm=b43aca286138edbb8025c1826f010eed&pdf=1
46958,16103,2017-11-29 00:00:00.0,MUNICIPALIDAD DE CHILLAN VIEJO,2017,813,INFORME INVESTIGACIÓN ESPECIAL 813-17 MUNICIPALIDAD DE CHILLÁN VIEJO SOBRE PRESUNTAS IRREGULARIDADES - NOVIEMBRE 2017,https://www.contraloria.cl/pdfbuscador/auditoria/8c747f12599a6657137da7b6998034eb/html,16,CHILLAN VIEJO,https://www.contraloria.cl/SicaProd/SICAv3-BIFAPortalCGR/faces/newDetalleInforme?docIdcm=8c747f12599a6657137da7b6998034eb,C,Informe de Investigación Especial,22239,https://www.contraloria.cl/SicaProd/SICAv3-BIFAPortalCGR/servletfichainformegoogle?docIdcm=8c747f12599a6657137da7b6998034eb&pdf=1