IDACTIVIDAD,CODIGOSUBDERE,FECHAINFORME,NOMBRESERVICIO,ANOINFORME,NUMEROINFORME,MATERIAINFORME,FICHAINFORMEBIFA,C_REG_SUBDERE,NOMBRESUBDERE,FICHAINFORME,TIPOSUBDERE,TIPOINFORME,IDINFORME,PDFINFORME
28553,16101,2015-07-30 00:00:00.0,MUNICIPALIDAD DE CHILLAN,2015,483,INFORME FINAL 483-15 MUNICIPALIDAD DE CHILLÁN PROGRAMA CONTRATACIONES A HONORARIOS - JULIO 2015,https://www.contraloria.cl/pdfbuscador/auditoria/f1c1737c0a33e9ad598315f27c180a69/html,16,CHILLAN,https://www.contraloria.cl/SicaProd/SICAv3-BIFAPortalCGR/faces/newDetalleInforme?docIdcm=f1c1737c0a33e9ad598315f27c180a69,C,Informe Final de Auditoría,14415,https://www.contraloria.cl/SicaProd/SICAv3-BIFAPortalCGR/servletfichainformegoogle?docIdcm=f1c1737c0a33e9ad598315f27c180a69&pdf=1
33431,16101,2016-01-13 00:00:00.0,MUNICIPALIDAD DE CHILLAN,2015,1145,INFORME INVESTIGACIÓN ESPECIAL 1145 - 15 MUNICIPALIDAD DE CHILLÁN SOBRE PRESUNTAS ANOMALÍAS - ENERO 2016,https://www.contraloria.cl/pdfbuscador/auditoria/49cc244e0dbe9f36bf18009c2706a352/html,16,CHILLAN,https://www.contraloria.cl/SicaProd/SICAv3-BIFAPortalCGR/faces/newDetalleInforme?docIdcm=49cc244e0dbe9f36bf18009c2706a352,C,Informe de Investigación Especial,17023,https://www.contraloria.cl/SicaProd/SICAv3-BIFAPortalCGR/servletfichainformegoogle?docIdcm=49cc244e0dbe9f36bf18009c2706a352&pdf=1
35647,16101,2016-05-30 00:00:00.0,MUNICIPALIDAD DE CHILLAN,2016,158,INFORME FINAL 158-16 MUNICIPALIDAD DE CHILLÁN SOBRE AUDITORÍA A LAS HORAS EXTRAORDINARIAS  - MAYO 2016,https://www.contraloria.cl/pdfbuscador/auditoria/d44b0cddecb48159d9148dd01cf0a9fd/html,16,CHILLAN,https://www.contraloria.cl/SicaProd/SICAv3-BIFAPortalCGR/faces/newDetalleInforme?docIdcm=d44b0cddecb48159d9148dd01cf0a9fd,C,Informe Final de Auditoría,18103,https://www.contraloria.cl/SicaProd/SICAv3-BIFAPortalCGR/servletfichainformegoogle?docIdcm=d44b0cddecb48159d9148dd01cf0a9fd&pdf=1
37427,16101,2016-08-08 00:00:00.0,MUNICIPALIDAD DE CHILLAN,2016,470,INFORME INVESTIGACIÓN ESPECIAL 470-16 MUNICIPALIDAD DE CHILLÁN SOBRE PRESUNTAS IRREGULARIDADES RELACIONADAS CON PROCESO LICITATORIO - AGOSTO 2016,https://www.contraloria.cl/pdfbuscador/auditoria/6f8e1d2c52dfda2f4bf79c201d7705b2/html,16,CHILLAN,https://www.contraloria.cl/SicaProd/SICAv3-BIFAPortalCGR/faces/newDetalleInforme?docIdcm=6f8e1d2c52dfda2f4bf79c201d7705b2,C,Informe de Investigación Especial,18657,https://www.contraloria.cl/SicaProd/SICAv3-BIFAPortalCGR/servletfichainformegoogle?docIdcm=6f8e1d2c52dfda2f4bf79c201d7705b2&pdf=1
34653,16101,2016-10-11 00:00:00.0,MUNICIPALIDAD DE CHILLAN,2016,619,INFORME FINAL 619-16 MUNICIPALIDAD DE CHILLÁN - AUDITORÍA AL GASTO EN PERIODO ELECTORAL - USO DE BIENES - VEHÍCULOS - RRHH - RECURSOS FÍSICOS Y FINANCIEROS - OCTUBRE 2016,https://www.contraloria.cl/pdfbuscador/auditoria/c0e9a16921f52c6cd62fc1fa7eaf724f/html,16,CHILLAN,https://www.contraloria.cl/SicaProd/SICAv3-BIFAPortalCGR/faces/newDetalleInforme?docIdcm=c0e9a16921f52c6cd62fc1fa7eaf724f,C,Informe Final de Auditoría,19109,https://www.contraloria.cl/SicaProd/SICAv3-BIFAPortalCGR/servletfichainformegoogle?docIdcm=c0e9a16921f52c6cd62fc1fa7eaf724f&pdf=1
42345,16101,2017-12-12 00:00:00.0,MUNICIPALIDAD DE CHILLAN,2017,799,INFORME FINAL N°799-17 - MUNICIPALIDAD DE CHILLÁN - SOBRE AUDITORÍA AL MACROPROCESO DE CONCESIÓN DEL SERVICIO DE ASEO - DICIEMBRE 2017,https://www.contraloria.cl/pdfbuscador/auditoria/b78d5eb8d93102c7c530f07b3712b7e1/html,16,CHILLAN,https://www.contraloria.cl/SicaProd/SICAv3-BIFAPortalCGR/faces/newDetalleInforme?docIdcm=b78d5eb8d93102c7c530f07b3712b7e1,C,Informe Final de Auditoría,22385,https://www.contraloria.cl/SicaProd/SICAv3-BIFAPortalCGR/servletfichainformegoogle?docIdcm=b78d5eb8d93102c7c530f07b3712b7e1&pdf=1
49288,16101,2018-10-05 00:00:00.0,MUNICIPALIDAD DE CHILLAN,2018,123,INFORME FINAL 123-18 MUNICIPALIDAD DE CHILLÁN AUDITORÍA SOBRE INGRESOS POR CONCEPTO DE PATENTES - OCTUBRE 2018,https://www.contraloria.cl/pdfbuscador/auditoria/d2a0ff862143f1b3f349b7ceedfab95b/html,16,CHILLAN,https://www.contraloria.cl/SicaProd/SICAv3-BIFAPortalCGR/faces/newDetalleInforme?docIdcm=d2a0ff862143f1b3f349b7ceedfab95b,C,Informe Final de Auditoría,26202,https://www.contraloria.cl/SicaProd/SICAv3-BIFAPortalCGR/servletfichainformegoogle?docIdcm=d2a0ff862143f1b3f349b7ceedfab95b&pdf=1