IDACTIVIDAD,CODIGOSUBDERE,FECHAINFORME,NOMBRESERVICIO,ANOINFORME,NUMEROINFORME,MATERIAINFORME,FICHAINFORMEBIFA,C_REG_SUBDERE,NOMBRESUBDERE,FICHAINFORME,TIPOSUBDERE,TIPOINFORME,IDINFORME,PDFINFORME
29446,11401,2015-05-14 00:00:00.0,MUNICIPALIDAD DE CHILE CHICO,2015,175,INFORME DE INVESTIGACIÓN ESPECIAL 175-15-MUNICIPALIDAD DE CHILE CHICO SOBRE PRESUNTAS IRREGULARIDADES EN EL CESE DE FUNCIONES Y EVENTUAL ACOSO LABORAL A PERSONAL DE LA MUNICIPALIDAD DE CHILE CHICO - MAYO 2015,https://www.contraloria.cl/pdfbuscador/auditoria/71636b26626c6aca95d41937ffefdf13/html,11,CHILE CHICO,https://www.contraloria.cl/SicaProd/SICAv3-BIFAPortalCGR/faces/newDetalleInforme?docIdcm=71636b26626c6aca95d41937ffefdf13,C,Informe de Investigación Especial,13824,https://www.contraloria.cl/SicaProd/SICAv3-BIFAPortalCGR/servletfichainformegoogle?docIdcm=71636b26626c6aca95d41937ffefdf13&pdf=1
30699,11401,2015-06-22 00:00:00.0,MUNICIPALIDAD DE CHILE CHICO,2015,471,INFORME DE INVESTIGACIÓN ESPECIAL 471-15 MUNICIPALIDAD DE CHILE CHICO SOBRE EVENTUALES IRREGULARIDADES EN LA CONTRATACIÓN A HONORARIOS DE ASESOR JURÍDICO-JUNIO 2015,https://www.contraloria.cl/pdfbuscador/auditoria/de42ac41a15f09dcecab220aba21a5b5/html,11,CHILE CHICO,https://www.contraloria.cl/SicaProd/SICAv3-BIFAPortalCGR/faces/newDetalleInforme?docIdcm=de42ac41a15f09dcecab220aba21a5b5,C,Informe de Investigación Especial,14168,https://www.contraloria.cl/SicaProd/SICAv3-BIFAPortalCGR/servletfichainformegoogle?docIdcm=de42ac41a15f09dcecab220aba21a5b5&pdf=1
31336,11401,2015-10-14 00:00:00.0,MUNICIPALIDAD DE CHILE CHICO,2015,866,INFORME DE INVESTIGACION ESPECIAL 866-15-MUNICIPALIDAD DE CHILE CHICO-SOBRE EVENTUALES IRREGULARIDADES EN LA EJECUCIÓN DE PROYECTOS -OCTUBRE 2015,https://www.contraloria.cl/pdfbuscador/auditoria/036f7001e656061f89f583f6c38e3f28/html,11,CHILE CHICO,https://www.contraloria.cl/SicaProd/SICAv3-BIFAPortalCGR/faces/newDetalleInforme?docIdcm=036f7001e656061f89f583f6c38e3f28,C,Informe de Investigación Especial,15087,https://www.contraloria.cl/SicaProd/SICAv3-BIFAPortalCGR/servletfichainformegoogle?docIdcm=036f7001e656061f89f583f6c38e3f28&pdf=1
31401,11401,2015-10-27 00:00:00.0,MUNICIPALIDAD DE CHILE CHICO,2015,907,INFORME DE INVESTIGACION ESPECIAL 907-15 - MUNICIPALIDAD DE CHILE CHICO - SOBRE EVENTUALES IRREGULARIDADES-OCTUBRE 2015,https://www.contraloria.cl/pdfbuscador/auditoria/fcb0f34ca0a975a17966fd697b5c6223/html,11,CHILE CHICO,https://www.contraloria.cl/SicaProd/SICAv3-BIFAPortalCGR/faces/newDetalleInforme?docIdcm=fcb0f34ca0a975a17966fd697b5c6223,C,Informe de Investigación Especial,15478,https://www.contraloria.cl/SicaProd/SICAv3-BIFAPortalCGR/servletfichainformegoogle?docIdcm=fcb0f34ca0a975a17966fd697b5c6223&pdf=1
32999,11401,2016-02-09 00:00:00.0,MUNICIPALIDAD DE CHILE CHICO,2016,15,INFORME DE INVESTIGACIÓN EPECIAL 15-16 MUNICIPALIDAD DE CHILE CHICO-SOBRE EVENTUALES FALTAS ADMINISTRATIVAS Y TÉCNICAS A LAS FUNCIONES Y COMPTENCIAS DEL DIRECTOR DE OBRAS-FEBRERO 2016,https://www.contraloria.cl/pdfbuscador/auditoria/a38641d4ae4e510d94fc910b05e7ef44/html,11,CHILE CHICO,https://www.contraloria.cl/SicaProd/SICAv3-BIFAPortalCGR/faces/newDetalleInforme?docIdcm=a38641d4ae4e510d94fc910b05e7ef44,C,Informe de Investigación Especial,17194,https://www.contraloria.cl/SicaProd/SICAv3-BIFAPortalCGR/servletfichainformegoogle?docIdcm=a38641d4ae4e510d94fc910b05e7ef44&pdf=1
34850,11401,2016-06-03 00:00:00.0,DEPARTAMENTO DE EDUCACION DE CHILE CHICO,2016,84,INFORME FINAL 84-16 MUNICIPALIDAD DE CHILE CHICO-SOBRE AUDITORÍA EN EL DEPARTAMENTO DE EDUCACIÓN-JUNIO 2016,https://www.contraloria.cl/pdfbuscador/auditoria/b69fe1e9a601e3528d29f6acf9dcb04b/html,11,CHILE CHICO,https://www.contraloria.cl/SicaProd/SICAv3-BIFAPortalCGR/faces/newDetalleInforme?docIdcm=b69fe1e9a601e3528d29f6acf9dcb04b,C,Informe Final de Auditoría,18086,https://www.contraloria.cl/SicaProd/SICAv3-BIFAPortalCGR/servletfichainformegoogle?docIdcm=b69fe1e9a601e3528d29f6acf9dcb04b&pdf=1
34757,11401,2016-10-12 00:00:00.0,MUNICIPALIDAD DE CHILE CHICO,2016,661,INFORME FINAL 661-16 MUNICIPALIDAD DE CHILE CHICO AUDITORÍA AL GASTO EN PERIODO ELECTORAL - USO DE BIENES - VEHÍCULOS - RRHH - RECURSOS FÍSICOS Y FINANCIEROS - OCTUBRE 2016,https://www.contraloria.cl/pdfbuscador/auditoria/46f5f768d8904ad6f7c47d0ed3546995/html,11,CHILE CHICO,https://www.contraloria.cl/SicaProd/SICAv3-BIFAPortalCGR/faces/newDetalleInforme?docIdcm=46f5f768d8904ad6f7c47d0ed3546995,C,Informe Final de Auditoría,19117,https://www.contraloria.cl/SicaProd/SICAv3-BIFAPortalCGR/servletfichainformegoogle?docIdcm=46f5f768d8904ad6f7c47d0ed3546995&pdf=1
41449,11401,2017-05-19 00:00:00.0,MUNICIPALIDAD DE CHILE CHICO,2017,200,INFORME FINAL 200-17 MUNICIPALIDAD DE CHILE CHICO SOBRE AUDITORIA AL PROCESO PRESUPUESTARIO Y DE CONTROL DE ACTIVOS  - MAYO 2017,https://www.contraloria.cl/pdfbuscador/auditoria/5ddf2b360bfe1e7bf6e10de0148a627b/html,11,CHILE CHICO,https://www.contraloria.cl/SicaProd/SICAv3-BIFAPortalCGR/faces/newDetalleInforme?docIdcm=5ddf2b360bfe1e7bf6e10de0148a627b,C,Informe Final de Auditoría,21002,https://www.contraloria.cl/SicaProd/SICAv3-BIFAPortalCGR/servletfichainformegoogle?docIdcm=5ddf2b360bfe1e7bf6e10de0148a627b&pdf=1
47676,11401,2018-07-13 00:00:00.0,MUNICIPALIDAD DE CHILE CHICO,2018,53,"INFORME FINAL DE INVESTIGACIÓN ESPECIAL N° 53, DE 2018, SOBRE EVENTUALES IRREGULARIDADES EN LA MUNICIPALIDAD DE CHILE CHICO.",https://www.contraloria.cl/pdfbuscador/auditoria/32f1439091d2e5943784287ea87fc648/html,11,CHILE CHICO,https://www.contraloria.cl/SicaProd/SICAv3-BIFAPortalCGR/faces/newDetalleInforme?docIdcm=32f1439091d2e5943784287ea87fc648,C,Informe de Investigación Especial,24981,https://www.contraloria.cl/SicaProd/SICAv3-BIFAPortalCGR/servletfichainformegoogle?docIdcm=32f1439091d2e5943784287ea87fc648&pdf=1
58557,11401,2019-11-07 00:00:00.0,MUNICIPALIDAD DE CHILE CHICO,2019,602,"INFORME FINAL INSPECCIÓN A LA OBRA PÚBLICA Nº 602-2019 MUNICIPALIDAD DE CHILE CHICO ""CONSERVACIÓN ESTABLECIMIENTOS EDUCACIONALES, CHILE CHICO"" NOVIEMBRE-2019",https://www.contraloria.cl/pdfbuscador/auditoria/cf497bd58e7993f6f79426bc71d89f7e/html,11,CHILE CHICO,https://www.contraloria.cl/SicaProd/SICAv3-BIFAPortalCGR/faces/newDetalleInforme?docIdcm=cf497bd58e7993f6f79426bc71d89f7e,C,Informe de Inspección de Obra Pública,30249,https://www.contraloria.cl/SicaProd/SICAv3-BIFAPortalCGR/servletfichainformegoogle?docIdcm=cf497bd58e7993f6f79426bc71d89f7e&pdf=1