IDACTIVIDAD,CODIGOSUBDERE,FECHAINFORME,NOMBRESERVICIO,ANOINFORME,NUMEROINFORME,MATERIAINFORME,FICHAINFORMEBIFA,C_REG_SUBDERE,NOMBRESUBDERE,FICHAINFORME,TIPOSUBDERE,TIPOINFORME,IDINFORME,PDFINFORME
27144,09121,2015-08-20 00:00:00.0,MUNICIPALIDAD DE CHOLCHOL,2015,187,"INFORME INVESTIGACIÓN ESPECIAL 187-15 MUNICIPALIDAD DE CHOLCHOL, SOBRE ADQUISICIÓN DE UN TERRENO-AGOSTO 2015",https://www.contraloria.cl/pdfbuscador/auditoria/0552c920d5845e8b6be133b65a8d9d1b/html,09,CHOLCHOL,https://www.contraloria.cl/SicaProd/SICAv3-BIFAPortalCGR/faces/newDetalleInforme?docIdcm=0552c920d5845e8b6be133b65a8d9d1b,C,Informe de Investigación Especial,14636,https://www.contraloria.cl/SicaProd/SICAv3-BIFAPortalCGR/servletfichainformegoogle?docIdcm=0552c920d5845e8b6be133b65a8d9d1b&pdf=1
32248,09121,2015-12-21 00:00:00.0,MUNICIPALIDAD DE CHOLCHOL,2015,1076,"INFORME DE INVESTIGACIÓN ESPECIAL 1076-15 MUNICIPALIDAD DE CHOLCHOL, SOBRE PAGO DE VIATICOS-DICIEMBRE 2015",https://www.contraloria.cl/pdfbuscador/auditoria/00afa2ebd7e3d83e049063968c3081e1/html,09,CHOLCHOL,https://www.contraloria.cl/SicaProd/SICAv3-BIFAPortalCGR/faces/newDetalleInforme?docIdcm=00afa2ebd7e3d83e049063968c3081e1,C,Informe de Investigación Especial,16736,https://www.contraloria.cl/SicaProd/SICAv3-BIFAPortalCGR/servletfichainformegoogle?docIdcm=00afa2ebd7e3d83e049063968c3081e1&pdf=1
32247,09121,2015-11-27 00:00:00.0,MUNICIPALIDAD DE CHOLCHOL,2015,1136,"INFORME DE INVESTIGACIÓN ESPECIAL 1136-15 MUNICIPALIDAD DE CHOLCHOL, SOBRE CONCESIÓN DE ASEO-NOVIEMBRE 2015",https://www.contraloria.cl/pdfbuscador/auditoria/0c123ad0d8b4d91058d3162ae0447484/html,09,CHOLCHOL,https://www.contraloria.cl/SicaProd/SICAv3-BIFAPortalCGR/faces/newDetalleInforme?docIdcm=0c123ad0d8b4d91058d3162ae0447484,C,Informe de Investigación Especial,16369,https://www.contraloria.cl/SicaProd/SICAv3-BIFAPortalCGR/servletfichainformegoogle?docIdcm=0c123ad0d8b4d91058d3162ae0447484&pdf=1
32398,09121,2015-12-24 00:00:00.0,MUNICIPALIDAD DE CHOLCHOL,2015,1254,"INFORME DE INVESTIGACIÓN ESPECIAL 1254-15 MUNICIPALIDAD DE CHOLCHOL, SOBRE PAGO DE HORAS EXTRAORDINARIAS-DICIEMBRE 2015",https://www.contraloria.cl/pdfbuscador/auditoria/c308ce485f9509a2187b0588a8a9c0f0/html,09,CHOLCHOL,https://www.contraloria.cl/SicaProd/SICAv3-BIFAPortalCGR/faces/newDetalleInforme?docIdcm=c308ce485f9509a2187b0588a8a9c0f0,C,Informe de Investigación Especial,16729,https://www.contraloria.cl/SicaProd/SICAv3-BIFAPortalCGR/servletfichainformegoogle?docIdcm=c308ce485f9509a2187b0588a8a9c0f0&pdf=1
34964,09121,2016-12-22 00:00:00.0,MUNICIPALIDAD DE CHOLCHOL,2016,698,"INFORME FINAL 698-2016 MUNICIPALIDAD DE CHOLCHOL, SOBRE MACROPROCESO DE FINANZAS, PAGO DE VIATICOS Y LEY DEL LOBBY-DICIEMBRE 2016",https://www.contraloria.cl/pdfbuscador/auditoria/7a69c5470ab994803c81e6f06478d7fc/html,09,CHOLCHOL,https://www.contraloria.cl/SicaProd/SICAv3-BIFAPortalCGR/faces/newDetalleInforme?docIdcm=7a69c5470ab994803c81e6f06478d7fc,C,Informe Final de Auditoría,20054,https://www.contraloria.cl/SicaProd/SICAv3-BIFAPortalCGR/servletfichainformegoogle?docIdcm=7a69c5470ab994803c81e6f06478d7fc&pdf=1
39550,09121,2016-11-29 00:00:00.0,MUNICIPALIDAD DE CHOLCHOL,2016,914,"INFORME DE INVESTIGACIÓN ESPECIAL 914-2016 MUNICIPALIDAD DE CHOLCHOL, SOBRE REACONDICIONAMIENTO DE CAMIÓN-NOVIEMBRE 2016",https://www.contraloria.cl/pdfbuscador/auditoria/80df7fedfc3f7b5eca2910290eac886d/html,09,CHOLCHOL,https://www.contraloria.cl/SicaProd/SICAv3-BIFAPortalCGR/faces/newDetalleInforme?docIdcm=80df7fedfc3f7b5eca2910290eac886d,C,Informe de Investigación Especial,19726,https://www.contraloria.cl/SicaProd/SICAv3-BIFAPortalCGR/servletfichainformegoogle?docIdcm=80df7fedfc3f7b5eca2910290eac886d&pdf=1
42026,09121,2017-12-15 00:00:00.0,MUNICIPALIDAD DE CHOLCHOL,2017,970,"INFORME FINAL 970-2017 MUNICIPALIDAD DE CHOLCHOL, SOBRE CONCESIONES DE LA BASURA-DICIEMBRE 2017",https://www.contraloria.cl/pdfbuscador/auditoria/69a051f31dd63ddad3cd9b3b57ada718/html,09,CHOLCHOL,https://www.contraloria.cl/SicaProd/SICAv3-BIFAPortalCGR/faces/newDetalleInforme?docIdcm=69a051f31dd63ddad3cd9b3b57ada718,C,Informe Final de Auditoría,22434,https://www.contraloria.cl/SicaProd/SICAv3-BIFAPortalCGR/servletfichainformegoogle?docIdcm=69a051f31dd63ddad3cd9b3b57ada718&pdf=1
58281,09121,2019-11-05 00:00:00.0,DEPARTAMENTO DE SALUD MUNICIPAL DE CHOLCHOL,2019,716,"INFORME DE INVESTIGACIÓN ESPECIAL 716-19 MUNICIPALIDAD DE CHOLCHOL, SOBRE CONTRATACIONES - NOVIEMBRE 2019",https://www.contraloria.cl/pdfbuscador/auditoria/9ad22606842ac15e55f83cd38692083d/html,09,CHOLCHOL,https://www.contraloria.cl/SicaProd/SICAv3-BIFAPortalCGR/faces/newDetalleInforme?docIdcm=9ad22606842ac15e55f83cd38692083d,C,Informe de Investigación Especial,30265,https://www.contraloria.cl/SicaProd/SICAv3-BIFAPortalCGR/servletfichainformegoogle?docIdcm=9ad22606842ac15e55f83cd38692083d&pdf=1