IDACTIVIDAD,CODIGOSUBDERE,FECHAINFORME,NOMBRESERVICIO,ANOINFORME,NUMEROINFORME,MATERIAINFORME,FICHAINFORMEBIFA,C_REG_SUBDERE,NOMBRESUBDERE,FICHAINFORME,TIPOSUBDERE,TIPOINFORME,IDINFORME,PDFINFORME
24226,16202,2015-06-18 00:00:00.0,MUNICIPALIDAD DE COBQUECURA,2015,30,INFORME INVESTIGACIÓN ESPECIAL 30 - 15 MUNICIPALIDAD DE COBQUECURA SOBRE EVENTUALES ANOMALÍAS EN EL USO DE RECURSOS ESTATALES - JUNIO 2015,https://www.contraloria.cl/pdfbuscador/auditoria/a7c81c04fc2dbb4a857f192e89420b11/html,16,COBQUECURA,https://www.contraloria.cl/SicaProd/SICAv3-BIFAPortalCGR/faces/newDetalleInforme?docIdcm=a7c81c04fc2dbb4a857f192e89420b11,C,Informe de Investigación Especial,14194,https://www.contraloria.cl/SicaProd/SICAv3-BIFAPortalCGR/servletfichainformegoogle?docIdcm=a7c81c04fc2dbb4a857f192e89420b11&pdf=1
25458,16202,2015-06-15 00:00:00.0,MUNICIPALIDAD DE COBQUECURA,2015,122,INFORME INVESTIGACIÓN ESPECIAL 122 - 15 MUNICIPALIDAD DE COBQUECURA SOBRE PRESENTACIÓN DEL CONSEJO DE MONUMENTO NACIONALES - JUNIO 2015,https://www.contraloria.cl/pdfbuscador/auditoria/a4881232749554e5e3553054eeb645e4/html,16,COBQUECURA,https://www.contraloria.cl/SicaProd/SICAv3-BIFAPortalCGR/faces/newDetalleInforme?docIdcm=a4881232749554e5e3553054eeb645e4,C,Informe de Investigación Especial,14081,https://www.contraloria.cl/SicaProd/SICAv3-BIFAPortalCGR/servletfichainformegoogle?docIdcm=a4881232749554e5e3553054eeb645e4&pdf=1
32146,16202,2015-09-25 00:00:00.0,MUNICIPALIDAD DE COBQUECURA,2015,798,INFORME INVESTIGACIÓN ESPECIAL 798-15 MUNICIPALIDAD DE COBQUECURA SOBRE USO IRREGULAR DE RECURSOS PERCIBIDOS - SEPTIEMBRE 2015,https://www.contraloria.cl/pdfbuscador/auditoria/a984691d50ec9f7a7599f469e734f26a/html,16,COBQUECURA,https://www.contraloria.cl/SicaProd/SICAv3-BIFAPortalCGR/faces/newDetalleInforme?docIdcm=a984691d50ec9f7a7599f469e734f26a,C,Informe de Investigación Especial,14967,https://www.contraloria.cl/SicaProd/SICAv3-BIFAPortalCGR/servletfichainformegoogle?docIdcm=a984691d50ec9f7a7599f469e734f26a&pdf=1
31249,16202,2015-12-30 00:00:00.0,DEPARTAMENTO DE ADMINISTRACION DE EDUCACION MUNICIPAL DE COBQUECURA,2015,816,INFORME FINAL 816-15 MUNICIPALIDAD DE COBQUECURA SOBRE AUDITORÍA A LOS PAGOS POR COTIZACIONES PREVISIONALES OBLIGATORIAS Y DESCUENTOS VOLUNTARIOS - DICIEMBRE 2015,https://www.contraloria.cl/pdfbuscador/auditoria/1e608aad7606896d073c06a941e8c14e/html,16,COBQUECURA,https://www.contraloria.cl/SicaProd/SICAv3-BIFAPortalCGR/faces/newDetalleInforme?docIdcm=1e608aad7606896d073c06a941e8c14e,C,Informe Final de Auditoría,16851,https://www.contraloria.cl/SicaProd/SICAv3-BIFAPortalCGR/servletfichainformegoogle?docIdcm=1e608aad7606896d073c06a941e8c14e&pdf=1
35012,16202,2016-11-23 00:00:00.0,DEPARTAMENTO DE ADMINISTRACION DE SALUD MUNICIPAL DE COBQUECURA,2016,67,INFORME FINAL DE INVESTIGACIÓN ESPECIAL 67 DE 2016 MUNICIPALIDAD DE COBQUECURA - PRESUNTAS IRREGULARIDADES EN LOS DEPARTAMENTOS DE ADMINISTRACIÓN DE EDUCACIÓN Y DE SALUD - NOVIEMBRE 2016,https://www.contraloria.cl/pdfbuscador/auditoria/049ff73a0d6299187614eb19a295c309/html,16,COBQUECURA,https://www.contraloria.cl/SicaProd/SICAv3-BIFAPortalCGR/faces/newDetalleInforme?docIdcm=049ff73a0d6299187614eb19a295c309,C,Informe de Investigación Especial,19618,https://www.contraloria.cl/SicaProd/SICAv3-BIFAPortalCGR/servletfichainformegoogle?docIdcm=049ff73a0d6299187614eb19a295c309&pdf=1
34143,16202,2016-12-22 00:00:00.0,MUNICIPALIDAD DE COBQUECURA,2016,264,INFORME FINAL 264-16 MUNICIPALIDAD DE COBQUECURA - AUDITORÍA A DISTINTOS MACROPROCESOS - DICIEMBRE 2016,https://www.contraloria.cl/pdfbuscador/auditoria/43ed6dd28a24161dda6942cb492114d2/html,16,COBQUECURA,https://www.contraloria.cl/SicaProd/SICAv3-BIFAPortalCGR/faces/newDetalleInforme?docIdcm=43ed6dd28a24161dda6942cb492114d2,C,Informe Final de Auditoría,20180,https://www.contraloria.cl/SicaProd/SICAv3-BIFAPortalCGR/servletfichainformegoogle?docIdcm=43ed6dd28a24161dda6942cb492114d2&pdf=1
37250,16202,2016-09-15 00:00:00.0,MUNICIPALIDAD DE COBQUECURA,2016,422,INFORME INVESTIGACIÓN ESPECIAL 422-16 MUNICIPALIDAD DE COBQUECURA SOBRE PRESUNTAS IRREGULARIDADES - SEPTIEMBRE 2016,https://www.contraloria.cl/pdfbuscador/auditoria/531e04c1fc685178011c1d6517759a17/html,16,COBQUECURA,https://www.contraloria.cl/SicaProd/SICAv3-BIFAPortalCGR/faces/newDetalleInforme?docIdcm=531e04c1fc685178011c1d6517759a17,C,Informe de Investigación Especial,18929,https://www.contraloria.cl/SicaProd/SICAv3-BIFAPortalCGR/servletfichainformegoogle?docIdcm=531e04c1fc685178011c1d6517759a17&pdf=1
38163,16202,2016-12-15 00:00:00.0,MUNICIPALIDAD DE COBQUECURA,2016,797,INFORME INVESTIGACIÓN ESPECIAL 797-16 MUNICIPALIDAD DE COBQUECURA SOBRE PRESUNTAS IRREGULARIDADES  - DICIEMBRE 2016,https://www.contraloria.cl/pdfbuscador/auditoria/8bad0225185f486669f78b65b805f0be/html,16,COBQUECURA,https://www.contraloria.cl/SicaProd/SICAv3-BIFAPortalCGR/faces/newDetalleInforme?docIdcm=8bad0225185f486669f78b65b805f0be,C,Informe de Investigación Especial,19928,https://www.contraloria.cl/SicaProd/SICAv3-BIFAPortalCGR/servletfichainformegoogle?docIdcm=8bad0225185f486669f78b65b805f0be&pdf=1
41626,16202,2017-05-30 00:00:00.0,MUNICIPALIDAD DE COBQUECURA,2017,100,INFORME FINAL 100-17 MUNICIPALIDAD DE COBQUECURA SOBRE ADQUISICIONES DE BIENES Y SERVICIOS - MAYO 2017,https://www.contraloria.cl/pdfbuscador/auditoria/34a9f95f12daf8f498ba2d3ee8331f88/html,16,COBQUECURA,https://www.contraloria.cl/SicaProd/SICAv3-BIFAPortalCGR/faces/newDetalleInforme?docIdcm=34a9f95f12daf8f498ba2d3ee8331f88,C,Informe Final de Auditoría,21088,https://www.contraloria.cl/SicaProd/SICAv3-BIFAPortalCGR/servletfichainformegoogle?docIdcm=34a9f95f12daf8f498ba2d3ee8331f88&pdf=1
53257,16202,2018-12-18 00:00:00.0,MUNICIPALIDAD DE COBQUECURA,2018,720,INFORME FINAL 720-18 MUNICIPALIDAD DE COBQUECURA SOBRE AUDITORÍA AL MACROPROCESO DE TECNOLOGÍAS DE LA INFORMACIÓN Y COMUNICACIÓN - DICIEMBRE 2018,https://www.contraloria.cl/pdfbuscador/auditoria/62a63f694a55ae5fcf8099b2a5a4d7c5/html,16,COBQUECURA,https://www.contraloria.cl/SicaProd/SICAv3-BIFAPortalCGR/faces/newDetalleInforme?docIdcm=62a63f694a55ae5fcf8099b2a5a4d7c5,C,Informe Final de Auditoría,27143,https://www.contraloria.cl/SicaProd/SICAv3-BIFAPortalCGR/servletfichainformegoogle?docIdcm=62a63f694a55ae5fcf8099b2a5a4d7c5&pdf=1
58411,16202,2019-12-30 00:00:00.0,MUNICIPALIDAD DE COBQUECURA,2019,929,"INFORME FINAL N° 929-2019, MUNICIPALIDAD DE COBQUECURA, SOBRE AUDITORÍA AL PROCESO DE FORMULACIÓN, EJECUCIÓN Y CONTROL PRESUPUESTARIO Y AL MACROPROCESO DE FINANZAS. DICIEMBRE DE 2019.  ",https://www.contraloria.cl/pdfbuscador/auditoria/fc52f1f363f4cc927eff2cdc7938d598/html,16,COBQUECURA,https://www.contraloria.cl/SicaProd/SICAv3-BIFAPortalCGR/faces/newDetalleInforme?docIdcm=fc52f1f363f4cc927eff2cdc7938d598,C,Informe Final de Auditoría,30892,https://www.contraloria.cl/SicaProd/SICAv3-BIFAPortalCGR/servletfichainformegoogle?docIdcm=fc52f1f363f4cc927eff2cdc7938d598&pdf=1