IDACTIVIDAD,CODIGOSUBDERE,FECHAINFORME,NOMBRESERVICIO,ANOINFORME,NUMEROINFORME,MATERIAINFORME,FICHAINFORMEBIFA,C_REG_SUBDERE,NOMBRESUBDERE,FICHAINFORME,TIPOSUBDERE,TIPOINFORME,IDINFORME,PDFINFORME
25725,16203,2015-06-04 00:00:00.0,MUNICIPALIDAD DE COELEMU,2015,63,INFORME INVESTIGACIÓN ESPECIAL 63 - 15 MUNICIPALIDAD DE COELEMU SOBRE EVENTUALES IRREGULARIDADES EN LA CONTRATACIÓN DE UN ESPACIO RADIAL - MAYO 2015,https://www.contraloria.cl/pdfbuscador/auditoria/9198968ceab27687393aa7bcf9b6e7db/html,16,COELEMU,https://www.contraloria.cl/SicaProd/SICAv3-BIFAPortalCGR/faces/newDetalleInforme?docIdcm=9198968ceab27687393aa7bcf9b6e7db,C,Informe de Investigación Especial,13964,https://www.contraloria.cl/SicaProd/SICAv3-BIFAPortalCGR/servletfichainformegoogle?docIdcm=9198968ceab27687393aa7bcf9b6e7db&pdf=1
32742,16203,2015-12-11 00:00:00.0,MUNICIPALIDAD DE COELEMU,2015,985,INFORME INVESTIGACIÓN ESPECIAL 985 - 1 MUNICIPALIDAD DE COELEMU ASIGNACIÓN Y PAGO DE HORAS EXTRAORDINARIAS - DICIEMBRE 2015,https://www.contraloria.cl/pdfbuscador/auditoria/5d4b36bad9a68e922a31fa5344e8edec/html,16,COELEMU,https://www.contraloria.cl/SicaProd/SICAv3-BIFAPortalCGR/faces/newDetalleInforme?docIdcm=5d4b36bad9a68e922a31fa5344e8edec,C,Informe de Investigación Especial,16604,https://www.contraloria.cl/SicaProd/SICAv3-BIFAPortalCGR/servletfichainformegoogle?docIdcm=5d4b36bad9a68e922a31fa5344e8edec&pdf=1
35940,16203,2016-10-25 00:00:00.0,MUNICIPALIDAD DE COELEMU,2016,145,INFORME INVESTIGACIÓN ESPECIAL 145-16 MUNICIPALIDAD DE COELEMU SOBRE PRESUNTAS ANOMALÍAS COMETIDADS POR LA DIRECTORA DE ADMNISTRACIÓN Y FINANZAS - OCTUBRE 2016,https://www.contraloria.cl/pdfbuscador/auditoria/e09d9e010b5b978e7042d8d2c902fe20/html,16,COELEMU,https://www.contraloria.cl/SicaProd/SICAv3-BIFAPortalCGR/faces/newDetalleInforme?docIdcm=e09d9e010b5b978e7042d8d2c902fe20,C,Informe de Investigación Especial,19341,https://www.contraloria.cl/SicaProd/SICAv3-BIFAPortalCGR/servletfichainformegoogle?docIdcm=e09d9e010b5b978e7042d8d2c902fe20&pdf=1
36430,16203,2017-01-06 00:00:00.0,MUNICIPALIDAD DE COELEMU,2016,177,INFORME INVESTIGACIÓN ESPECIAL 177-16 MUNICIPALIDAD DE COELEMU SOBRE PRESUNTAS IRREGULARIDADES EN JORNADA LABORAL - ENERO 2017,https://www.contraloria.cl/pdfbuscador/auditoria/5593230fb1535bd3ef70fb326e6cc25d/html,16,COELEMU,https://www.contraloria.cl/SicaProd/SICAv3-BIFAPortalCGR/faces/newDetalleInforme?docIdcm=5593230fb1535bd3ef70fb326e6cc25d,C,Informe de Investigación Especial,20269,https://www.contraloria.cl/SicaProd/SICAv3-BIFAPortalCGR/servletfichainformegoogle?docIdcm=5593230fb1535bd3ef70fb326e6cc25d&pdf=1
46140,16203,2017-09-04 00:00:00.0,MUNICIPALIDAD DE COELEMU,2017,591,INFORME INVESTIGACIÓN ESPECIAL 591-17 MUNICIPALIDAD DE COELEMU SOBRE PRESUNTAS IRREGULARIDADES EN LA COMPRA DE TERRENO - SEPTIEMBRE 2017,https://www.contraloria.cl/pdfbuscador/auditoria/611f7b13251b84196fc276ebc526be0e/html,16,COELEMU,https://www.contraloria.cl/SicaProd/SICAv3-BIFAPortalCGR/faces/newDetalleInforme?docIdcm=611f7b13251b84196fc276ebc526be0e,C,Informe de Investigación Especial,21721,https://www.contraloria.cl/SicaProd/SICAv3-BIFAPortalCGR/servletfichainformegoogle?docIdcm=611f7b13251b84196fc276ebc526be0e&pdf=1
46122,16203,2017-12-11 00:00:00.0,MUNICIPALIDAD DE COELEMU,2017,810,INFORME INVESTIGACIÓN ESPECIAL 810-17 MUNICIPALIDAD DE COELEMU SOBRE PROYECTO ASISTENCIA TÉCNICA DE PROFESIONALES - DICIEMBRE 2017,https://www.contraloria.cl/pdfbuscador/auditoria/b91e68b2c30c932061e5344dce1e7655/html,16,COELEMU,https://www.contraloria.cl/SicaProd/SICAv3-BIFAPortalCGR/faces/newDetalleInforme?docIdcm=b91e68b2c30c932061e5344dce1e7655,C,Informe de Investigación Especial,22427,https://www.contraloria.cl/SicaProd/SICAv3-BIFAPortalCGR/servletfichainformegoogle?docIdcm=b91e68b2c30c932061e5344dce1e7655&pdf=1
42295,16203,2017-12-28 00:00:00.0,MUNICIPALIDAD DE COELEMU,2017,877,INFORME FINAL 877-17 MUNICIPALIDAD DE COELEMU AUDITORÍA A LOS PROCESOS DE FINANZAS Y ADQUISICIONES DE BIENES Y SERVICIOS - DICIEMBRE 2017,https://www.contraloria.cl/pdfbuscador/auditoria/277a99b8605cfbd3b0c1d7135b5f7dd8/html,16,COELEMU,https://www.contraloria.cl/SicaProd/SICAv3-BIFAPortalCGR/faces/newDetalleInforme?docIdcm=277a99b8605cfbd3b0c1d7135b5f7dd8,C,Informe Final de Auditoría,22597,https://www.contraloria.cl/SicaProd/SICAv3-BIFAPortalCGR/servletfichainformegoogle?docIdcm=277a99b8605cfbd3b0c1d7135b5f7dd8&pdf=1
55174,16203,2019-09-27 00:00:00.0,MUNICIPALIDAD DE COELEMU,2019,300,"INFORME FINAL DE INVESTIGACIÓN ESPECIAL N° 300-2019, SOBRE EVENTUALES IRREGULARIDADES EN EL PAGO DE HORAS EXTRAORDINARIAS EN LA MUNICIPALIDAD DE COELEMU- SEPTIEMBRE-2019",https://www.contraloria.cl/pdfbuscador/auditoria/5b123319957dbd2c66ad1618f928accd/html,16,COELEMU,https://www.contraloria.cl/SicaProd/SICAv3-BIFAPortalCGR/faces/newDetalleInforme?docIdcm=5b123319957dbd2c66ad1618f928accd,C,Informe de Investigación Especial,30035,https://www.contraloria.cl/SicaProd/SICAv3-BIFAPortalCGR/servletfichainformegoogle?docIdcm=5b123319957dbd2c66ad1618f928accd&pdf=1