IDACTIVIDAD,CODIGOSUBDERE,FECHAINFORME,NOMBRESERVICIO,ANOINFORME,NUMEROINFORME,MATERIAINFORME,FICHAINFORMEBIFA,C_REG_SUBDERE,NOMBRESUBDERE,FICHAINFORME,TIPOSUBDERE,TIPOINFORME,IDINFORME,PDFINFORME
28648,07402,2015-08-31 00:00:00.0,MUNICIPALIDAD DE COLBUN,2015,509,INFORME FINAL 509-15 MUNICIPALIDAD DE COLBUN SOBRE AUDITORIA A LAS CONTRATACIONES DE HONORARIOS EN PROGRAMAS COMUNITARIOS - AGOSTO 2015,https://www.contraloria.cl/pdfbuscador/auditoria/086bc5dc0f26cc6aa6521841797851c5/html,07,COLBUN,https://www.contraloria.cl/SicaProd/SICAv3-BIFAPortalCGR/faces/newDetalleInforme?docIdcm=086bc5dc0f26cc6aa6521841797851c5,C,Informe Final de Auditoría,14704,https://www.contraloria.cl/SicaProd/SICAv3-BIFAPortalCGR/servletfichainformegoogle?docIdcm=086bc5dc0f26cc6aa6521841797851c5&pdf=1
32323,07402,2016-02-08 00:00:00.0,MUNICIPALIDAD DE COLBUN,2015,1311,INFORME DE INVESTIGACION ESPECIAL 1311-15 DEPARTAMENTO DE EDUCACION DE LA MUNICIPALIDAD DE COLBUN LICENCIAS MEDICAS - FEBRERO 2016,https://www.contraloria.cl/pdfbuscador/auditoria/26ce965647be8fd024bbe8bd3b185915/html,07,COLBUN,https://www.contraloria.cl/SicaProd/SICAv3-BIFAPortalCGR/faces/newDetalleInforme?docIdcm=26ce965647be8fd024bbe8bd3b185915,C,Informe de Investigación Especial,17219,https://www.contraloria.cl/SicaProd/SICAv3-BIFAPortalCGR/servletfichainformegoogle?docIdcm=26ce965647be8fd024bbe8bd3b185915&pdf=1
36395,07402,2016-07-29 00:00:00.0,MUNICIPALIDAD DE COLBUN,2016,465,INFORME INVESTIGACION ESPECIAL 465-16 MUNICIPALIDAD DE COLBUN SOBRE IRREGULARIDADES OCURRIDAS EN LOS VIAJES AL EXTRANJERO EFECTUADOS POR CONCEJALES DEL MUNICIPIO - JULIO 2016,https://www.contraloria.cl/pdfbuscador/auditoria/32865655c11c542a6085de38ee71b55f/html,07,COLBUN,https://www.contraloria.cl/SicaProd/SICAv3-BIFAPortalCGR/faces/newDetalleInforme?docIdcm=32865655c11c542a6085de38ee71b55f,C,Informe de Investigación Especial,18585,https://www.contraloria.cl/SicaProd/SICAv3-BIFAPortalCGR/servletfichainformegoogle?docIdcm=32865655c11c542a6085de38ee71b55f&pdf=1
34519,07402,2016-12-21 00:00:00.0,MUNICIPALIDAD DE COLBUN,2016,1013,INFORME FINAL 1013-16 MUNICIPALIDAD DE COLBÚN SOBRE AUDITORIA A LOS MACROPROCESOS DE AMBIENTE DE CONTROL RRHH Y LEY DEL LOBBY-DICIEMBRE-2016 ,https://www.contraloria.cl/pdfbuscador/auditoria/bceb0be995e8bcfc6616435bedba25e7/html,07,COLBUN,https://www.contraloria.cl/SicaProd/SICAv3-BIFAPortalCGR/faces/newDetalleInforme?docIdcm=bceb0be995e8bcfc6616435bedba25e7,C,Informe Final de Auditoría,19960,https://www.contraloria.cl/SicaProd/SICAv3-BIFAPortalCGR/servletfichainformegoogle?docIdcm=bceb0be995e8bcfc6616435bedba25e7&pdf=1
42076,07402,2017-12-26 00:00:00.0,MUNICIPALIDAD DE COLBUN,2017,1025,INFORME FINAL 1025-17 MUNICIPALIDAD DE COLBUN AUDITORIA A LOS MACROPROCESOS DE FINANZAS Y AMBIENTE DE CONTROL INTERNO - DICIEMBRE 2017,https://www.contraloria.cl/pdfbuscador/auditoria/63e1d9615e14d722a16672baeb971be0/html,07,COLBUN,https://www.contraloria.cl/SicaProd/SICAv3-BIFAPortalCGR/faces/newDetalleInforme?docIdcm=63e1d9615e14d722a16672baeb971be0,C,Informe Final de Auditoría,22545,https://www.contraloria.cl/SicaProd/SICAv3-BIFAPortalCGR/servletfichainformegoogle?docIdcm=63e1d9615e14d722a16672baeb971be0&pdf=1