IDACTIVIDAD,CODIGOSUBDERE,FECHAINFORME,NOMBRESERVICIO,ANOINFORME,NUMEROINFORME,MATERIAINFORME,FICHAINFORMEBIFA,C_REG_SUBDERE,NOMBRESUBDERE,FICHAINFORME,TIPOSUBDERE,TIPOINFORME,IDINFORME,PDFINFORME
28577,13301,2015-09-07 00:00:00.0,MUNICIPALIDAD DE COLINA,2015,497,INFORME FINAL 497-15 MUNICIPALIDAD DE COLINA - SOBRE AUDITORIA A LAS CONTRATACIONES DE HONORARIOS EN PROGRAMAS COMUNITARIOS - SEPTIEMBRE 2015,https://www.contraloria.cl/pdfbuscador/auditoria/e8c3fedd32b4d540c7d63137da01e99d/html,13,COLINA,https://www.contraloria.cl/SicaProd/SICAv3-BIFAPortalCGR/faces/newDetalleInforme?docIdcm=e8c3fedd32b4d540c7d63137da01e99d,C,Informe Final de Auditoría,14820,https://www.contraloria.cl/SicaProd/SICAv3-BIFAPortalCGR/servletfichainformegoogle?docIdcm=e8c3fedd32b4d540c7d63137da01e99d&pdf=1
28454,13301,2016-02-02 00:00:00.0,CORPORACION MUNICIPAL COLINA,2015,1033,INFORME FINAL 1.033-15 CORPORACION MUNICIPAL DE COLINA - SOBRE AUDITORIA A LOS PROGRAMAS ODONTOLIGICO INTEGRAL Y GES ODONTOLOGICO ADULTO - FEBRERO 2016,https://www.contraloria.cl/pdfbuscador/auditoria/cc9802e62dc765d03f1f6b67e1c798cc/html,13,COLINA,https://www.contraloria.cl/SicaProd/SICAv3-BIFAPortalCGR/faces/newDetalleInforme?docIdcm=cc9802e62dc765d03f1f6b67e1c798cc,C,Informe Final de Auditoría,17160,https://www.contraloria.cl/SicaProd/SICAv3-BIFAPortalCGR/servletfichainformegoogle?docIdcm=cc9802e62dc765d03f1f6b67e1c798cc&pdf=1
34266,13301,2016-11-11 00:00:00.0,MUNICIPALIDAD DE COLINA,2016,75,"INFORME FINAL 75-16 MUNICIPALIDAD DE COLINA, SOBRE LAS COMO ENTIDAD PATROCINANTE EN LA GESTIÓN DE PROYECTOS E INSPECCIÓN TÉCNICA_NOVIEMBRE 2016",https://www.contraloria.cl/pdfbuscador/auditoria/f8ab947290d0241caafdadeb45128dc4/html,13,COLINA,https://www.contraloria.cl/SicaProd/SICAv3-BIFAPortalCGR/faces/newDetalleInforme?docIdcm=f8ab947290d0241caafdadeb45128dc4,C,Informe Final de Auditoría,20374,https://www.contraloria.cl/SicaProd/SICAv3-BIFAPortalCGR/servletfichainformegoogle?docIdcm=f8ab947290d0241caafdadeb45128dc4&pdf=1
34323,13301,2016-10-21 00:00:00.0,MUNICIPALIDAD DE COLINA,2016,650,INFORME FINAL 650-16 MUNICIPALIDAD DE LA COLINA - AUDITORÍA AL GASTO EN PERÍODO ELECTORAL - USO DE BIENES - VEHÍCULOS - RRHH - RECURSOS FÍSICOS Y FINANCIEROS - OCTUBRE 2016,https://www.contraloria.cl/pdfbuscador/auditoria/8ad965817c3b2b228afb362b631b3d49/html,13,COLINA,https://www.contraloria.cl/SicaProd/SICAv3-BIFAPortalCGR/faces/newDetalleInforme?docIdcm=8ad965817c3b2b228afb362b631b3d49,C,Informe Final de Auditoría,19230,https://www.contraloria.cl/SicaProd/SICAv3-BIFAPortalCGR/servletfichainformegoogle?docIdcm=8ad965817c3b2b228afb362b631b3d49&pdf=1
49233,13301,2018-08-01 00:00:00.0,CORPORACION MUNICIPAL COLINA,2018,206,INFORME FINAL 206-2018 MUNICIPALIDAD DE COLINA AUDITORÍA A LA FARMACIA COMUNAL EN LA CORPORACIÓN MUNICIPAL DE DESARROLLO DE COLINA- AGOSTO 2018,https://www.contraloria.cl/pdfbuscador/auditoria/8f4027a68e2ecbee98dd4abbe9f3341d/html,13,COLINA,https://www.contraloria.cl/SicaProd/SICAv3-BIFAPortalCGR/faces/newDetalleInforme?docIdcm=8f4027a68e2ecbee98dd4abbe9f3341d,C,Informe Final de Auditoría,25041,https://www.contraloria.cl/SicaProd/SICAv3-BIFAPortalCGR/servletfichainformegoogle?docIdcm=8f4027a68e2ecbee98dd4abbe9f3341d&pdf=1
50667,13301,2018-09-13 00:00:00.0,MUNICIPALIDAD DE COLINA,2018,375,INFORME FINAL 375-2018 MUNICIPALIDAD DE COLINA SOBRE AUDITORÍA A LOS CONTRATOS DE OBRA EJECUTADOS PRESUPUESTARIAMENTE POR LA MUNICIPALIDAD DE COLINA SEPTIEMBRE 2018,https://www.contraloria.cl/pdfbuscador/auditoria/d95131e72bb533c5098ea494dfd4cd37/html,13,COLINA,https://www.contraloria.cl/SicaProd/SICAv3-BIFAPortalCGR/faces/newDetalleInforme?docIdcm=d95131e72bb533c5098ea494dfd4cd37,C,Informe Final de Auditoría,25787,https://www.contraloria.cl/SicaProd/SICAv3-BIFAPortalCGR/servletfichainformegoogle?docIdcm=d95131e72bb533c5098ea494dfd4cd37&pdf=1
53384,13301,2019-02-14 00:00:00.0,MUNICIPALIDAD DE COLINA,2018,975,INFORME FINAL 975-2018 MUNICIPALIDAD DE COLINA SOBRE AUDITORIA A LOS INGRESOS PROPIOS POR CONCEPTO DE PATENTES COMERCIALES INDUSTRIALES PROFESIONALES Y DE ALCOHOLES -FEBRERO 2019,https://www.contraloria.cl/pdfbuscador/auditoria/aa569c8d65119fdcd49a056c4de94802/html,13,COLINA,https://www.contraloria.cl/SicaProd/SICAv3-BIFAPortalCGR/faces/newDetalleInforme?docIdcm=aa569c8d65119fdcd49a056c4de94802,C,Informe Final de Auditoría,27704,https://www.contraloria.cl/SicaProd/SICAv3-BIFAPortalCGR/servletfichainformegoogle?docIdcm=aa569c8d65119fdcd49a056c4de94802&pdf=1
54604,13301,2019-04-01 00:00:00.0,MUNICIPALIDAD DE COLINA,2019,35,"INFORME FINAL N° 35, DE 2019, MUNICIPALIDAD DE COLINA SOBRE INSPECCIÓN A LAS OBRAS DEL CONTRATO DENOMINADO ""REPOSICIÓN Y LOCALIZACIÓN POSTA RURAL EL COLORADO” – ABRIL 2019",https://www.contraloria.cl/pdfbuscador/auditoria/fd3c50cca46ddb2d0a5a904f644a8526/html,13,COLINA,https://www.contraloria.cl/SicaProd/SICAv3-BIFAPortalCGR/faces/newDetalleInforme?docIdcm=fd3c50cca46ddb2d0a5a904f644a8526,C,Informe de Inspección de Obra Pública,28606,https://www.contraloria.cl/SicaProd/SICAv3-BIFAPortalCGR/servletfichainformegoogle?docIdcm=fd3c50cca46ddb2d0a5a904f644a8526&pdf=1
55608,13301,2019-07-25 00:00:00.0,MUNICIPALIDAD DE COLINA,2019,252,"INFORME FINAL N° 252, DE 2019, MUNICIPALIDAD DE COLINA AUDITORIA AL PROCESO DE OTORGAMIENTO DE PERMISOS DE EDIFICACIÓN JUNIO – 2019",https://www.contraloria.cl/pdfbuscador/auditoria/232989d56aeef0d51668274415b95f54/html,13,COLINA,https://www.contraloria.cl/SicaProd/SICAv3-BIFAPortalCGR/faces/newDetalleInforme?docIdcm=232989d56aeef0d51668274415b95f54,C,Informe Final de Auditoría,29285,https://www.contraloria.cl/SicaProd/SICAv3-BIFAPortalCGR/servletfichainformegoogle?docIdcm=232989d56aeef0d51668274415b95f54&pdf=1
67009,13301,2020-04-16 00:00:00.0,MUNICIPALIDAD DE COLINA,2019,992,INFORME FINAL N° 992-2019 - MUNICIPALIDAD DE COLINA - SOBRE AUDITORIA AL FIMGM Y GASTOS IMPUTADOS EN LAS CUENTAS CONTABLES ADQUISICION DE ACTIVOS NO FINANCIEROS - ABRIL 2020,https://www.contraloria.cl/pdfbuscador/auditoria/264c92ca20b82b0875eb913962b9507b/html,13,COLINA,https://www.contraloria.cl/SicaProd/SICAv3-BIFAPortalCGR/faces/newDetalleInforme?docIdcm=264c92ca20b82b0875eb913962b9507b,C,Informe Final de Auditoría,32264,https://www.contraloria.cl/SicaProd/SICAv3-BIFAPortalCGR/servletfichainformegoogle?docIdcm=264c92ca20b82b0875eb913962b9507b&pdf=1
66847,13301,2020-03-02 00:00:00.0,CORPORACION MUNICIPAL COLINA,2020,51,INFORME FINAL 51-2020 CORPORACIÓN MUNICIPAL DE DESARROLLO SOCIAL DE COLINA SOBRE AUDITORÍA AL ESTADO DE LA INFRAESTRUTURA DE LOS ESTABLECIMIENTOS EDUCACIONALES DEPENDIENTES Y ADMINISTRADOS-MARZO 2020,https://www.contraloria.cl/pdfbuscador/auditoria/5ceee54d81b8cade37a8707fed1b9e80/html,13,COLINA,https://www.contraloria.cl/SicaProd/SICAv3-BIFAPortalCGR/faces/newDetalleInforme?docIdcm=5ceee54d81b8cade37a8707fed1b9e80,C,Informe Final de Auditoría,31717,https://www.contraloria.cl/SicaProd/SICAv3-BIFAPortalCGR/servletfichainformegoogle?docIdcm=5ceee54d81b8cade37a8707fed1b9e80&pdf=1