IDACTIVIDAD,CODIGOSUBDERE,FECHAINFORME,NOMBRESERVICIO,ANOINFORME,NUMEROINFORME,MATERIAINFORME,FICHAINFORMEBIFA,C_REG_SUBDERE,NOMBRESUBDERE,FICHAINFORME,TIPOSUBDERE,TIPOINFORME,IDINFORME,PDFINFORME
34608,04302,2016-12-20 00:00:00.0,MUNICIPALIDAD DE COMBARBALA,2016,1127,INFORME FINAL N° 1127-16 MUNICIPALIDAD DE COMBARBALÁ SOBRE AUDITORÍA A LOS RECURSOS Y BIENES RECIBIDOS  CON OCASIÓN DEL TERREMOTO AÑO 2015-DICIEMBRE 2016,https://www.contraloria.cl/pdfbuscador/auditoria/5580d2572095bbbe3791c2e955315936/html,04,COMBARBALA,https://www.contraloria.cl/SicaProd/SICAv3-BIFAPortalCGR/faces/newDetalleInforme?docIdcm=5580d2572095bbbe3791c2e955315936,C,Informe Final de Auditoría,19991,https://www.contraloria.cl/SicaProd/SICAv3-BIFAPortalCGR/servletfichainformegoogle?docIdcm=5580d2572095bbbe3791c2e955315936&pdf=1
47820,04302,2018-11-30 00:00:00.0,MUNICIPALIDAD DE COMBARBALA,2018,425,"INFORME FINAL DE INVESTIGACIÓN ESPECIAL N° 425-18, RELATIVO A DIVERSAS IRREGULARIDADES EN LAS ÁREAS DE GESTIÓN. EDUCACIÓN Y SALUD DE LA MUNICIPALIDAD DE COMBARBALÁ.",https://www.contraloria.cl/pdfbuscador/auditoria/06b576d2e4e95233573e5138d26b6ad9/html,04,COMBARBALA,https://www.contraloria.cl/SicaProd/SICAv3-BIFAPortalCGR/faces/newDetalleInforme?docIdcm=06b576d2e4e95233573e5138d26b6ad9,C,Informe de Investigación Especial,26779,https://www.contraloria.cl/SicaProd/SICAv3-BIFAPortalCGR/servletfichainformegoogle?docIdcm=06b576d2e4e95233573e5138d26b6ad9&pdf=1
53585,04302,2019-07-31 00:00:00.0,MUNICIPALIDAD DE COMBARBALA,2018,699,INFORME FINAL DE INVESTIGACIÓN ESPECIAL N° 699-18 MUNICIPALIDAD DE COMBARBALÁ SOBRE EVENTUALES INCUMPLIMIENTOS CONTRACTUALES DEL ASESOR JURÍDICO DEL DEPARTAMENTO DE EDUCACIÓN - AGOSTO 2019,https://www.contraloria.cl/pdfbuscador/auditoria/e38675a0ba9c47614d296be75b087fdc/html,04,COMBARBALA,https://www.contraloria.cl/SicaProd/SICAv3-BIFAPortalCGR/faces/newDetalleInforme?docIdcm=e38675a0ba9c47614d296be75b087fdc,C,Informe de Investigación Especial,29594,https://www.contraloria.cl/SicaProd/SICAv3-BIFAPortalCGR/servletfichainformegoogle?docIdcm=e38675a0ba9c47614d296be75b087fdc&pdf=1
52626,04302,2018-12-28 00:00:00.0,DEPARTAMENTO DE EDUCACION DE COMBARBALA,2018,851,INFORME FINAL N° 851-18 SOBRE AUDITORÍA A LOS FONDOS TRANSFERIDOS DURANTE EL AÑO 2017 POR EL MINISTERIO DE EDUCACIÓN AL DEPARTAMENTO  DE ADMINISTRACIÓN  DE EDUCACIÓN MUNICIPAL DE COMBARBALÁ - DICIEMBRE 2018.,https://www.contraloria.cl/pdfbuscador/auditoria/6f2dd06d435c15bc1b99c3f9feb11fce/html,04,COMBARBALA,https://www.contraloria.cl/SicaProd/SICAv3-BIFAPortalCGR/faces/newDetalleInforme?docIdcm=6f2dd06d435c15bc1b99c3f9feb11fce,C,Informe Final de Auditoría,27318,https://www.contraloria.cl/SicaProd/SICAv3-BIFAPortalCGR/servletfichainformegoogle?docIdcm=6f2dd06d435c15bc1b99c3f9feb11fce&pdf=1
53808,04302,2019-07-02 00:00:00.0,MUNICIPALIDAD DE COMBARBALA,2019,100,INFORME FINAL DE INVESTIGACIÓN ESPECIAL N° 100-19 MUNICIPALIDAD DE COMBARBALÁ SOBRE PRESUNTAS IRREGULARIDADES EN PAGO DE HORAS EXTRAS Y CAPACITACIÓN CONCEJALA - JULIO 2019.,https://www.contraloria.cl/pdfbuscador/auditoria/7fb7110aa9566489f22344868bcfe533/html,04,COMBARBALA,https://www.contraloria.cl/SicaProd/SICAv3-BIFAPortalCGR/faces/newDetalleInforme?docIdcm=7fb7110aa9566489f22344868bcfe533,C,Informe de Investigación Especial,29281,https://www.contraloria.cl/SicaProd/SICAv3-BIFAPortalCGR/servletfichainformegoogle?docIdcm=7fb7110aa9566489f22344868bcfe533&pdf=1
59051,04302,2020-07-14 00:00:00.0,MUNICIPALIDAD DE COMBARBALA,2019,623,"INFORME FINAL DE INVESTIGACIÓN ESPECIAL N° 623_2020 MUNICIPALIDAD DE COMBARBALÁ EVENTUALES INCUMPLIMIENTOS DE LA LEY N° 20.880, SOBRE PROBIDAD EN LA FUNCIÓN PÚBLICA-CONFLICTOS DE INTERESES ENTRE OTROS.JUL2020",https://www.contraloria.cl/pdfbuscador/auditoria/02ce853bf218610c03f17d62eb24fb1f/html,04,COMBARBALA,https://www.contraloria.cl/SicaProd/SICAv3-BIFAPortalCGR/faces/newDetalleInforme?docIdcm=02ce853bf218610c03f17d62eb24fb1f,C,Informe de Investigación Especial,33128,https://www.contraloria.cl/SicaProd/SICAv3-BIFAPortalCGR/servletfichainformegoogle?docIdcm=02ce853bf218610c03f17d62eb24fb1f&pdf=1