IDACTIVIDAD,CODIGOSUBDERE,FECHAINFORME,NOMBRESERVICIO,ANOINFORME,NUMEROINFORME,MATERIAINFORME,FICHAINFORMEBIFA,C_REG_SUBDERE,NOMBRESUBDERE,FICHAINFORME,TIPOSUBDERE,TIPOINFORME,IDINFORME,PDFINFORME
25392,08101,2015-06-04 00:00:00.0,MUNICIPALIDAD DE CONCEPCION,2015,90,INFORME INVESTIGACIÓN ESPECIAL 90 - 15 MUNICIPALIDAD DE CONCEPCIÓN SOBRE INICIATIVAS DE INVERSIÓN  - JUNIO 2015,https://www.contraloria.cl/pdfbuscador/auditoria/54745faa1c39be6a75193ed146734fcd/html,08,CONCEPCION,https://www.contraloria.cl/SicaProd/SICAv3-BIFAPortalCGR/faces/newDetalleInforme?docIdcm=54745faa1c39be6a75193ed146734fcd,C,Informe de Investigación Especial,14263,https://www.contraloria.cl/SicaProd/SICAv3-BIFAPortalCGR/servletfichainformegoogle?docIdcm=54745faa1c39be6a75193ed146734fcd&pdf=1
25827,08101,2015-06-22 00:00:00.0,DEPARTAMENTO DE ADMINISTRACION DE SALUD MUNICIPAL DE CONCEPCION,2015,96,INFORME INVESTIGACIÓN ESPECIAL 96 - 15 MUNICIPALIDAD DE CONCEPCIÓN SOBRE PRESUNTAS IRREGULARIDADES - JUNIO 2015,https://www.contraloria.cl/pdfbuscador/auditoria/dbb5373b60433716756c8d4ffa19b0e2/html,08,CONCEPCION,https://www.contraloria.cl/SicaProd/SICAv3-BIFAPortalCGR/faces/newDetalleInforme?docIdcm=dbb5373b60433716756c8d4ffa19b0e2,C,Informe de Investigación Especial,14539,https://www.contraloria.cl/SicaProd/SICAv3-BIFAPortalCGR/servletfichainformegoogle?docIdcm=dbb5373b60433716756c8d4ffa19b0e2&pdf=1
24669,08101,2015-09-30 00:00:00.0,MUNICIPALIDAD DE CONCEPCION,2015,102,INFORME INVESTIGACIÓN ESPECIAL 102 - 15 MUNICIPALIDAD DE CONCEPCIÓN SOBRE EVENTUALES IRREGULARIDADES - SEPTIEMBRE 2015,https://www.contraloria.cl/pdfbuscador/auditoria/f503ea144c8e3cfb46eefa954faca167/html,08,CONCEPCION,https://www.contraloria.cl/SicaProd/SICAv3-BIFAPortalCGR/faces/newDetalleInforme?docIdcm=f503ea144c8e3cfb46eefa954faca167,C,Informe de Investigación Especial,15028,https://www.contraloria.cl/SicaProd/SICAv3-BIFAPortalCGR/servletfichainformegoogle?docIdcm=f503ea144c8e3cfb46eefa954faca167&pdf=1
25690,08101,2015-06-30 00:00:00.0,MUNICIPALIDAD DE CONCEPCION,2015,121,INFORME INVESTIGACIÓN ESPECIAL 121 - 15 MUNICIPALIDAD DE CONCEPCIÓN RELATIVA A PRESUNTAS IRREGULARIDADES  - JUNIO 2015,https://www.contraloria.cl/pdfbuscador/auditoria/8b94ed59ef5dfe1368351c1d3cbbd0e6/html,08,CONCEPCION,https://www.contraloria.cl/SicaProd/SICAv3-BIFAPortalCGR/faces/newDetalleInforme?docIdcm=8b94ed59ef5dfe1368351c1d3cbbd0e6,C,Informe de Investigación Especial,14215,https://www.contraloria.cl/SicaProd/SICAv3-BIFAPortalCGR/servletfichainformegoogle?docIdcm=8b94ed59ef5dfe1368351c1d3cbbd0e6&pdf=1
25728,08101,2015-06-17 00:00:00.0,MUNICIPALIDAD DE CONCEPCION,2015,144,INFORME INVESTIGACIÓN ESPECIAL 144 - 15 MUNICIPALIDAD DE CONCEPCIÓN SOBRE EVENTUALES IRREGULARIDADES - JULIO 2015,https://www.contraloria.cl/pdfbuscador/auditoria/9cb11a304e8550a11083b16f4414cc8a/html,08,CONCEPCION,https://www.contraloria.cl/SicaProd/SICAv3-BIFAPortalCGR/faces/newDetalleInforme?docIdcm=9cb11a304e8550a11083b16f4414cc8a,C,Informe de Investigación Especial,14449,https://www.contraloria.cl/SicaProd/SICAv3-BIFAPortalCGR/servletfichainformegoogle?docIdcm=9cb11a304e8550a11083b16f4414cc8a&pdf=1
24194,08101,2015-03-04 00:00:00.0,MUNICIPALIDAD DE CONCEPCION,2015,145,INFORME INVESTIGACIÓN ESPECIAL 145- 15 MUNICIPALIDAD DE CONCEPCIÓN SOBRE EVENTUALES IRREGULARIDADES - MARZO 2015,https://www.contraloria.cl/pdfbuscador/auditoria/ab338fbef83f3ee3fe5e6451f3fa68ac/html,08,CONCEPCION,https://www.contraloria.cl/SicaProd/SICAv3-BIFAPortalCGR/faces/newDetalleInforme?docIdcm=ab338fbef83f3ee3fe5e6451f3fa68ac,C,Informe de Investigación Especial,13395,https://www.contraloria.cl/SicaProd/SICAv3-BIFAPortalCGR/servletfichainformegoogle?docIdcm=ab338fbef83f3ee3fe5e6451f3fa68ac&pdf=1
27373,08101,2016-06-07 00:00:00.0,MUNICIPALIDAD DE CONCEPCION,2015,246,"INFORME FINAL DE INVESTIGACION ESPECIAL 246-15, MUNICIPALIDAD DE CONCEPCION SOBRE EL PROYECTO NORMALIZACION DEL ESTADIO MUNICIPAL ESTER ROA REBOLLEDO_JUNIO 2016.",https://www.contraloria.cl/pdfbuscador/auditoria/828038409283eca53c576b4a76e42143/html,08,CONCEPCION,https://www.contraloria.cl/SicaProd/SICAv3-BIFAPortalCGR/faces/newDetalleInforme?docIdcm=828038409283eca53c576b4a76e42143,C,Informe de Investigación Especial,18262,https://www.contraloria.cl/SicaProd/SICAv3-BIFAPortalCGR/servletfichainformegoogle?docIdcm=828038409283eca53c576b4a76e42143&pdf=1
30492,08101,2015-09-03 00:00:00.0,MUNICIPALIDAD DE CONCEPCION,2015,271,INFORME DE INSPECCIÓN TÉCNICA DE OBRA 271-15 MUNICIPALIDAD DE CONCEPCIÓN SOBRE OBRAS DEL CONTRATO NORMALIZACIÓN ESTADIO MUNICIPAL ESTER ROA REBOLLEDO - AGOSTO 2015,https://www.contraloria.cl/pdfbuscador/auditoria/42c14b0ba28dc9155538960df6cab508/html,08,CONCEPCION,https://www.contraloria.cl/SicaProd/SICAv3-BIFAPortalCGR/faces/newDetalleInforme?docIdcm=42c14b0ba28dc9155538960df6cab508,C,Informe de Inspección de Obra Pública,14730,https://www.contraloria.cl/SicaProd/SICAv3-BIFAPortalCGR/servletfichainformegoogle?docIdcm=42c14b0ba28dc9155538960df6cab508&pdf=1
31239,08101,2015-10-05 00:00:00.0,DEPARTAMENTO DE ADMINISTRACION DE EDUCACION MUNICIPAL DE CONCEPCION,2015,579,INFORME INVESTIGACIÓN ESPECIAL 579 - 15 DIRECCIÓN DE ADMINISTRACIÓN DE EDUCACIÓN MUNICIPAL DE CONCEPCIÓN SOBRE PRESUNTAS IRREGULARIDADES  - OCTUBRE 2015,https://www.contraloria.cl/pdfbuscador/auditoria/81a85e171f8851bdf8a8e39f309ded5e/html,08,CONCEPCION,https://www.contraloria.cl/SicaProd/SICAv3-BIFAPortalCGR/faces/newDetalleInforme?docIdcm=81a85e171f8851bdf8a8e39f309ded5e,C,Informe de Investigación Especial,15921,https://www.contraloria.cl/SicaProd/SICAv3-BIFAPortalCGR/servletfichainformegoogle?docIdcm=81a85e171f8851bdf8a8e39f309ded5e&pdf=1
31928,08101,2015-12-10 00:00:00.0,DEPARTAMENTO DE ADMINISTRACION DE EDUCACION MUNICIPAL DE CONCEPCION,2015,812,INFORME INVESTIGACIÓN ESPECIAL 812 - 15 MUNICIPALIDAD DE CONCEPCIÓN  SOBRE ACTUACIONES IRREGULARES - DICIEMBRE 2015,https://www.contraloria.cl/pdfbuscador/auditoria/e9c8ff77e6630984cfc4b591f9973871/html,08,CONCEPCION,https://www.contraloria.cl/SicaProd/SICAv3-BIFAPortalCGR/faces/newDetalleInforme?docIdcm=e9c8ff77e6630984cfc4b591f9973871,C,Informe de Investigación Especial,16497,https://www.contraloria.cl/SicaProd/SICAv3-BIFAPortalCGR/servletfichainformegoogle?docIdcm=e9c8ff77e6630984cfc4b591f9973871&pdf=1
33482,08101,2016-01-21 00:00:00.0,MUNICIPALIDAD DE CONCEPCION,2015,1222,INFORME INVESTIGACIÓN ESPECIAL 1222 - 15 MUNICIPALIDAD DE CONCEPCIÓN SOBRE PRESUNTAS IRREGULARIDADES - ENERO 2016,https://www.contraloria.cl/pdfbuscador/auditoria/b006333854d674137502a905b8af43be/html,08,CONCEPCION,https://www.contraloria.cl/SicaProd/SICAv3-BIFAPortalCGR/faces/newDetalleInforme?docIdcm=b006333854d674137502a905b8af43be,C,Informe de Investigación Especial,17076,https://www.contraloria.cl/SicaProd/SICAv3-BIFAPortalCGR/servletfichainformegoogle?docIdcm=b006333854d674137502a905b8af43be&pdf=1
33493,08101,2016-03-03 00:00:00.0,MUNICIPALIDAD DE CONCEPCION,2015,1276,INFORME DE INSPECCIÓN OBRA PÚBLICA  1276-15 MUNICIPALIDAD DE CONCEPCIÓN SOBRE CONSTRUCCIÓN FERIA DE ABASTOS PRIMER ETAPA - MARZO 2016,https://www.contraloria.cl/pdfbuscador/auditoria/1853db0770bae30eb0f81966552d9771/html,08,CONCEPCION,https://www.contraloria.cl/SicaProd/SICAv3-BIFAPortalCGR/faces/newDetalleInforme?docIdcm=1853db0770bae30eb0f81966552d9771,C,Informe de Inspección de Obra Pública,17458,https://www.contraloria.cl/SicaProd/SICAv3-BIFAPortalCGR/servletfichainformegoogle?docIdcm=1853db0770bae30eb0f81966552d9771&pdf=1
35646,08101,2016-05-16 00:00:00.0,MUNICIPALIDAD DE CONCEPCION,2016,169,INFORME FINAL 169-16 MUNICIPALIDAD DE CONCEPCIÓN SOBRE AUDITORÍA A LAS HORAS EXTRAORDINARIAS  - MAYO 2016,https://www.contraloria.cl/pdfbuscador/auditoria/27cf232e5e7e8aabb9da0dbabc40e86c/html,08,CONCEPCION,https://www.contraloria.cl/SicaProd/SICAv3-BIFAPortalCGR/faces/newDetalleInforme?docIdcm=27cf232e5e7e8aabb9da0dbabc40e86c,C,Informe Final de Auditoría,18032,https://www.contraloria.cl/SicaProd/SICAv3-BIFAPortalCGR/servletfichainformegoogle?docIdcm=27cf232e5e7e8aabb9da0dbabc40e86c&pdf=1
36707,08101,2016-10-21 00:00:00.0,MUNICIPALIDAD DE CONCEPCION,2016,244,INFORME INVESTIGACIÓN ESPECIAL 244-16 MUNICIPALIDAD DE CONCEPCIÓN INSTALACIÓN Y CALIDAD DE LAS BUTACAS DISPUESTAS EN EL ESTADIO ESTER ROA REBOLLEDO DE CONCEPCIÓN - NOVIEMBRE 2016,https://www.contraloria.cl/pdfbuscador/auditoria/f9ec01d15bf392c8fe4b6644ac9679a2/html,08,CONCEPCION,https://www.contraloria.cl/SicaProd/SICAv3-BIFAPortalCGR/faces/newDetalleInforme?docIdcm=f9ec01d15bf392c8fe4b6644ac9679a2,C,Informe de Investigación Especial,20475,https://www.contraloria.cl/SicaProd/SICAv3-BIFAPortalCGR/servletfichainformegoogle?docIdcm=f9ec01d15bf392c8fe4b6644ac9679a2&pdf=1
36767,08101,2016-06-23 00:00:00.0,DEPARTAMENTO DE ADMINISTRACION DE EDUCACION MUNICIPAL DE CONCEPCION,2016,245,INFORME INVESTIGACIÓN ESPECIAL 245-16 MUNICIPALIDAD DE CONCEPCIÓN SOBRE PRESUNTA IRREGULARIDAD EN LA CONTRATACIÓN Y PAGO POR CAPACITACIÓN - AGOSTO 2016,https://www.contraloria.cl/pdfbuscador/auditoria/27ceaedfd3d9ade8b9a4210ee2795ee4/html,08,CONCEPCION,https://www.contraloria.cl/SicaProd/SICAv3-BIFAPortalCGR/faces/newDetalleInforme?docIdcm=27ceaedfd3d9ade8b9a4210ee2795ee4,C,Informe de Investigación Especial,18650,https://www.contraloria.cl/SicaProd/SICAv3-BIFAPortalCGR/servletfichainformegoogle?docIdcm=27ceaedfd3d9ade8b9a4210ee2795ee4&pdf=1
34870,08101,2016-09-14 00:00:00.0,MUNICIPALIDAD DE CONCEPCION,2016,386,INFORME INVESTIGACIÓN ESPECIAL 386-16 MUNICIPALIDAD DE CONCEPCIÓN SOBRE PRESUNTAS IRREGULARIDADES EN LA UTILIZACIÓN DE FONDOS EN PUBLICIDAD Y DIFUSIÓN - SEPTIEMBRE 2016,https://www.contraloria.cl/pdfbuscador/auditoria/54d434abe89ff589b2c50804a34b945b/html,08,CONCEPCION,https://www.contraloria.cl/SicaProd/SICAv3-BIFAPortalCGR/faces/newDetalleInforme?docIdcm=54d434abe89ff589b2c50804a34b945b,C,Informe de Investigación Especial,19279,https://www.contraloria.cl/SicaProd/SICAv3-BIFAPortalCGR/servletfichainformegoogle?docIdcm=54d434abe89ff589b2c50804a34b945b&pdf=1
34655,08101,2016-10-11 00:00:00.0,MUNICIPALIDAD DE CONCEPCION,2016,639,INFORME FINAL 639-2016 MUNICIPALIDAD DE CONCEPCIÓN - AUDITORÍA AL GASTO EN PERIODO ELECTORAL -  USO DE BIENES - VEHÍCULOS - RRHH - RECURSOS FÍSICOS Y FINANCIEROS - OCTUBRE 2016,https://www.contraloria.cl/pdfbuscador/auditoria/0c6a59c82aa77af506966fd9e28a9261/html,08,CONCEPCION,https://www.contraloria.cl/SicaProd/SICAv3-BIFAPortalCGR/faces/newDetalleInforme?docIdcm=0c6a59c82aa77af506966fd9e28a9261,C,Informe Final de Auditoría,19087,https://www.contraloria.cl/SicaProd/SICAv3-BIFAPortalCGR/servletfichainformegoogle?docIdcm=0c6a59c82aa77af506966fd9e28a9261&pdf=1
42347,08101,2017-12-19 00:00:00.0,MUNICIPALIDAD DE CONCEPCION,2016,703,INFORME FINAL 703-17 MUNICIPALIDAD DE CONCEPCIÓN-HUALQUI-TOMÉ-SAN PEDRO DE LA PAZ-LOTA AUDITORÍA A LA AUTORIZACIÓN DE JUEGOS DE HABILIDAD O DESTREZA - DICIEMBRE 2017,https://www.contraloria.cl/pdfbuscador/auditoria/7bbcb0f25999207377afea846e3de80a/html,08,CONCEPCION,https://www.contraloria.cl/SicaProd/SICAv3-BIFAPortalCGR/faces/newDetalleInforme?docIdcm=7bbcb0f25999207377afea846e3de80a,C,Informe Final de Auditoría,22775,https://www.contraloria.cl/SicaProd/SICAv3-BIFAPortalCGR/servletfichainformegoogle?docIdcm=7bbcb0f25999207377afea846e3de80a&pdf=1
38318,08101,2016-11-08 00:00:00.0,MUNICIPALIDAD DE CONCEPCION,2016,717,INFORME FINAL DE INVESTIGACIÓN ESPECIAL 717 DE 2016 MUNICIPALIDAD DE CONCEPCIÓN - PRESUNTAS IRREGULARIDADES EN EL SERVICIO DE BIENESTAR DEL MUNICIPIO - NOVIEMBRE 2016,https://www.contraloria.cl/pdfbuscador/auditoria/7a2daee87b1560a968dad62cae026cb2/html,08,CONCEPCION,https://www.contraloria.cl/SicaProd/SICAv3-BIFAPortalCGR/faces/newDetalleInforme?docIdcm=7a2daee87b1560a968dad62cae026cb2,C,Informe de Investigación Especial,19421,https://www.contraloria.cl/SicaProd/SICAv3-BIFAPortalCGR/servletfichainformegoogle?docIdcm=7a2daee87b1560a968dad62cae026cb2&pdf=1
39427,08101,2017-09-27 00:00:00.0,MUNICIPALIDAD DE CONCEPCION,2016,1108,INFORME INVESTIGACIÓN ESPECIAL 1108-16 MUNICIPALIDAD DE CONCEPCIÓN SOBRE PRESUNTAS IRREGULARIDADES PROGRAMA ESPECTÁCULOS DEPORTIVOS INTERNACIONALES 2015 - SEPTIEMBRE 2017,https://www.contraloria.cl/pdfbuscador/auditoria/9f587bdc4117d9895a62934909415e29/html,08,CONCEPCION,https://www.contraloria.cl/SicaProd/SICAv3-BIFAPortalCGR/faces/newDetalleInforme?docIdcm=9f587bdc4117d9895a62934909415e29,C,Informe de Investigación Especial,21775,https://www.contraloria.cl/SicaProd/SICAv3-BIFAPortalCGR/servletfichainformegoogle?docIdcm=9f587bdc4117d9895a62934909415e29&pdf=1
44532,08101,2017-12-04 00:00:00.0,MUNICIPALIDAD DE CONCEPCION,2017,510,INFORME FINAL 510-17 MUNICIPALIDAD DE CONCEPCIÓN AUDITORÍA AL MACROPROCESO DE TECNOLOGÍAS DE LA INFORMACIÓN Y COMUNICACIÓN - DICIEMBRE 2017,https://www.contraloria.cl/pdfbuscador/auditoria/43e3125eb9307fd8490760d771d63401/html,08,CONCEPCION,https://www.contraloria.cl/SicaProd/SICAv3-BIFAPortalCGR/faces/newDetalleInforme?docIdcm=43e3125eb9307fd8490760d771d63401,C,Informe Final de Auditoría,22309,https://www.contraloria.cl/SicaProd/SICAv3-BIFAPortalCGR/servletfichainformegoogle?docIdcm=43e3125eb9307fd8490760d771d63401&pdf=1
42342,08101,2017-12-20 00:00:00.0,DEPARTAMENTO DE ADMINISTRACION DE EDUCACION MUNICIPAL DE CONCEPCION,2017,811,INFORME FINAL 811-17 DEPARTAMENTO DE EDUCACION MUNICIPAL DE CONCEPCIÓN AUDITORIA A LOS RECURSOS QUE OTORGA LA LEY N°20.248 SEP - DICIEMBRE 2017,https://www.contraloria.cl/pdfbuscador/auditoria/b127d342aa38bfedb96d3ad3e7b66493/html,08,CONCEPCION,https://www.contraloria.cl/SicaProd/SICAv3-BIFAPortalCGR/faces/newDetalleInforme?docIdcm=b127d342aa38bfedb96d3ad3e7b66493,C,Informe Final de Auditoría,22596,https://www.contraloria.cl/SicaProd/SICAv3-BIFAPortalCGR/servletfichainformegoogle?docIdcm=b127d342aa38bfedb96d3ad3e7b66493&pdf=1
48911,08101,2018-10-24 00:00:00.0,MUNICIPALIDAD DE CONCEPCION,2018,22,INFORME INVESTIGACIÓN ESPECIAL 22-18 MUNICIPALIDAD DE CONCEPCIÓN SOBRE PRESUNTAS IRREGULARIDADES EN CAPACITACIONES DE CONCEJALES Y EX CONCEJALES - OCTUBRE 2018,https://www.contraloria.cl/pdfbuscador/auditoria/3edc1987585b24fbd720c9c4c4f59f52/html,08,CONCEPCION,https://www.contraloria.cl/SicaProd/SICAv3-BIFAPortalCGR/faces/newDetalleInforme?docIdcm=3edc1987585b24fbd720c9c4c4f59f52,C,Informe de Investigación Especial,26429,https://www.contraloria.cl/SicaProd/SICAv3-BIFAPortalCGR/servletfichainformegoogle?docIdcm=3edc1987585b24fbd720c9c4c4f59f52&pdf=1
49311,08101,2018-09-26 00:00:00.0,MUNICIPALIDAD DE CONCEPCION,2018,118,INFORME FINAL 118-18 MUNICIPALIDAD DE CONCEPCIÓN AUDITORÍA SOBRE INGRESOS POR CONCEPTOS DE PATENTES Y DERECHOS MUNICIPALES - SEPTIEMBRE 2018,https://www.contraloria.cl/pdfbuscador/auditoria/86bef4b9a5c7538d351ae30cda40d60d/html,08,CONCEPCION,https://www.contraloria.cl/SicaProd/SICAv3-BIFAPortalCGR/faces/newDetalleInforme?docIdcm=86bef4b9a5c7538d351ae30cda40d60d,C,Informe Final de Auditoría,26146,https://www.contraloria.cl/SicaProd/SICAv3-BIFAPortalCGR/servletfichainformegoogle?docIdcm=86bef4b9a5c7538d351ae30cda40d60d&pdf=1
50740,08101,2019-03-12 00:00:00.0,MUNICIPALIDAD DE CONCEPCION,2018,247,INFORME INVESTIGACIÓN ESPECIAL 247-18 MUNICIPALIDAD DE CONCEPCIÓN SOBRE PRESUNTAS IRREGULARIDADES EN LA CONCECIÓN DE LA ADMINISTRACIÓN MERCADO - MARZO 2019,https://www.contraloria.cl/pdfbuscador/auditoria/43077d64783f6af625db7102d517ebe6/html,08,CONCEPCION,https://www.contraloria.cl/SicaProd/SICAv3-BIFAPortalCGR/faces/newDetalleInforme?docIdcm=43077d64783f6af625db7102d517ebe6,C,Informe de Investigación Especial,28525,https://www.contraloria.cl/SicaProd/SICAv3-BIFAPortalCGR/servletfichainformegoogle?docIdcm=43077d64783f6af625db7102d517ebe6&pdf=1
52289,08101,2018-12-12 00:00:00.0,MUNICIPALIDAD DE CONCEPCION,2018,525,INFORME DE INSPECCIÓN OBRA PÚBLICA 525-18 MUNICIPALIDAD DE CONCEPCIÓN SOBRE REPOSICIÓN PAVIMENTOS CALLE MAIPÚ ENTRE PRAT Y ANIBAL PINTO - JULIO 2018,https://www.contraloria.cl/pdfbuscador/auditoria/0307f0239600597b011cc6eef35e835c/html,08,CONCEPCION,https://www.contraloria.cl/SicaProd/SICAv3-BIFAPortalCGR/faces/newDetalleInforme?docIdcm=0307f0239600597b011cc6eef35e835c,C,Informe de Inspección de Obra Pública,26907,https://www.contraloria.cl/SicaProd/SICAv3-BIFAPortalCGR/servletfichainformegoogle?docIdcm=0307f0239600597b011cc6eef35e835c&pdf=1
56626,08101,2019-08-14 00:00:00.0,MUNICIPALIDAD DE CONCEPCION,2019,275,INFORME FINAL 275-19 MUNICIPALIDAD DE CONCEPCIÓN SOBRE AUDITORÍA A LAS TRANSFERENCIAS CORRIENTES AL SECTOR PRIVADO - AGOSTO 2019,https://www.contraloria.cl/pdfbuscador/auditoria/f641c62888ba3980420146c1cc8f106c/html,08,CONCEPCION,https://www.contraloria.cl/SicaProd/SICAv3-BIFAPortalCGR/faces/newDetalleInforme?docIdcm=f641c62888ba3980420146c1cc8f106c,C,Informe Final de Auditoría,29634,https://www.contraloria.cl/SicaProd/SICAv3-BIFAPortalCGR/servletfichainformegoogle?docIdcm=f641c62888ba3980420146c1cc8f106c&pdf=1