IDACTIVIDAD,CODIGOSUBDERE,FECHAINFORME,NOMBRESERVICIO,ANOINFORME,NUMEROINFORME,MATERIAINFORME,FICHAINFORMEBIFA,C_REG_SUBDERE,NOMBRESUBDERE,FICHAINFORME,TIPOSUBDERE,TIPOINFORME,IDINFORME,PDFINFORME
28402,13104,2015-06-30 00:00:00.0,MUNICIPALIDAD DE CONCHALI,2015,280,INFORME FINAL 280-15 MUNICIPALIDAD DE CONCHALI - SOBRE AUDITORIA AL OTORGAMIENTO DE PERMISOS DE CIRCULACION Y LICENCIAS DE CONDUCIR - JUNIO 2015,https://www.contraloria.cl/pdfbuscador/auditoria/b3591ce84702bbe1b474982b6f79c972/html,13,CONCHALI,https://www.contraloria.cl/SicaProd/SICAv3-BIFAPortalCGR/faces/newDetalleInforme?docIdcm=b3591ce84702bbe1b474982b6f79c972,C,Informe Final de Auditoría,14204,https://www.contraloria.cl/SicaProd/SICAv3-BIFAPortalCGR/servletfichainformegoogle?docIdcm=b3591ce84702bbe1b474982b6f79c972&pdf=1
28433,13104,2015-07-03 00:00:00.0,MUNICIPALIDAD DE CONCHALI,2015,296,INFORME FINAL 296-15 MUNICIPALIDAD DE CONCHALI - SOBRE AUDITORIA AL MACROPROCESO DE TECNOLOGIAS DE INFORMACION Y COMUNICACION - JULIO 2015,https://www.contraloria.cl/pdfbuscador/auditoria/c441914663e0e5604edaf7a10997fa59/html,13,CONCHALI,https://www.contraloria.cl/SicaProd/SICAv3-BIFAPortalCGR/faces/newDetalleInforme?docIdcm=c441914663e0e5604edaf7a10997fa59,C,Informe Final de Auditoría,14240,https://www.contraloria.cl/SicaProd/SICAv3-BIFAPortalCGR/servletfichainformegoogle?docIdcm=c441914663e0e5604edaf7a10997fa59&pdf=1
34400,13104,2016-11-28 00:00:00.0,MUNICIPALIDAD DE CONCHALI,2016,186,INFORME FINAL 186-16 MUNICIPALIDAD DE CONCHALÍ - SOBRE AUDITORIA A LOS DEUDORES POR INGRESOS POR PERCIBIR Y CUMPLIMIENTO DE LA LEY N° 20730 - NOVIEMBRE 2016,https://www.contraloria.cl/pdfbuscador/auditoria/d4f8113505dab5f7557184592732499b/html,13,CONCHALI,https://www.contraloria.cl/SicaProd/SICAv3-BIFAPortalCGR/faces/newDetalleInforme?docIdcm=d4f8113505dab5f7557184592732499b,C,Informe Final de Auditoría,19687,https://www.contraloria.cl/SicaProd/SICAv3-BIFAPortalCGR/servletfichainformegoogle?docIdcm=d4f8113505dab5f7557184592732499b&pdf=1
34354,13104,2016-12-30 00:00:00.0,CORPORACION MUNICIPAL CONCHALI,2016,1044,"INFORME FINAL 1044-2016 CORPORACION MUNICIPAL DE CONCHALÍ DE EDUCACIÓN ,SALUD Y ATENCIÓNDE MENORES - DICIEMBRE 2016",https://www.contraloria.cl/pdfbuscador/auditoria/369bf66a410598cf5cacf1665f5650da/html,13,CONCHALI,https://www.contraloria.cl/SicaProd/SICAv3-BIFAPortalCGR/faces/newDetalleInforme?docIdcm=369bf66a410598cf5cacf1665f5650da,C,Informe Final de Auditoría,20407,https://www.contraloria.cl/SicaProd/SICAv3-BIFAPortalCGR/servletfichainformegoogle?docIdcm=369bf66a410598cf5cacf1665f5650da&pdf=1
41756,13104,2017-06-21 00:00:00.0,MUNICIPALIDAD DE CONCHALI,2017,340,"INFORME FINAL 340-17 MUNICIPALIDAD DE CONCHALI SOBRE AUDITORIA AL PROCESO DE FORMULACIÓN ,EJECUCION Y CONTROL DE PRESUPUESTO DE LA GESTION MUNICIPAL EN LA MUNICIPALIDAD DE CONCHALI - JUNIO 2017",https://www.contraloria.cl/pdfbuscador/auditoria/063c2c953017b1a88a406091705c1881/html,13,CONCHALI,https://www.contraloria.cl/SicaProd/SICAv3-BIFAPortalCGR/faces/newDetalleInforme?docIdcm=063c2c953017b1a88a406091705c1881,C,Informe Final de Auditoría,21268,https://www.contraloria.cl/SicaProd/SICAv3-BIFAPortalCGR/servletfichainformegoogle?docIdcm=063c2c953017b1a88a406091705c1881&pdf=1
47742,13104,2018-01-26 00:00:00.0,MUNICIPALIDAD DE CONCHALI,2017,1042,"INFORME DE INVESTIGACIÓN ESPECIAL N° 1.042, DE 2017, SOBRE EL OTORGAMIENTO DE PERMISOS DE EDIFICACIÓN POR PARTE DE LA DIRECCIÓN DE OBRAS MUNICIPALES DE CONCHALÍ",https://www.contraloria.cl/pdfbuscador/auditoria/f536b2dd829a4dfdfd5a82c39de482f9/html,13,CONCHALI,https://www.contraloria.cl/SicaProd/SICAv3-BIFAPortalCGR/faces/newDetalleInforme?docIdcm=f536b2dd829a4dfdfd5a82c39de482f9,C,Informe de Investigación Especial,23881,https://www.contraloria.cl/SicaProd/SICAv3-BIFAPortalCGR/servletfichainformegoogle?docIdcm=f536b2dd829a4dfdfd5a82c39de482f9&pdf=1
50776,13104,2018-08-23 00:00:00.0,MUNICIPALIDAD DE CONCHALI,2018,377,"INFORME FINAL N° 377 DE 2018, SOBRE AUDITORÍA A LOS GASTOS EFECTUADOS CON CARGO A LA CUENTA CONTABLE N°215-31, POR LA MUNICIPALIDAD DE CONCHALÍ DURANTE EL AÑO 2017",https://www.contraloria.cl/pdfbuscador/auditoria/9e4668a3ed73ec94a1d9926e404bee64/html,13,CONCHALI,https://www.contraloria.cl/SicaProd/SICAv3-BIFAPortalCGR/faces/newDetalleInforme?docIdcm=9e4668a3ed73ec94a1d9926e404bee64,C,Informe Final de Auditoría,25442,https://www.contraloria.cl/SicaProd/SICAv3-BIFAPortalCGR/servletfichainformegoogle?docIdcm=9e4668a3ed73ec94a1d9926e404bee64&pdf=1
66814,13104,2020-06-26 00:00:00.0,CORPORACION MUNICIPAL CONCHALI,2019,923,"INFORME FINAL 923-2019 MUNICIPALIDAD DE CONCHALÍ SOBRE AUDITORIA AL USO DE LOS RECURSOS UTILIZADOS EN EL PAGO DE COTIZACIONES PREVISIONALES Y DE SALUD , EN LA CORPORACIÓN MUNICIPAL DE CONCHALÍ DE EDUCACIÓN , SALUD Y ATENCIÓN DE MENORES CORESAM -JUNIO 2020",https://www.contraloria.cl/pdfbuscador/auditoria/3b08822eaab1871e11af3d38527accca/html,13,CONCHALI,https://www.contraloria.cl/SicaProd/SICAv3-BIFAPortalCGR/faces/newDetalleInforme?docIdcm=3b08822eaab1871e11af3d38527accca,C,Informe Final de Auditoría,33034,https://www.contraloria.cl/SicaProd/SICAv3-BIFAPortalCGR/servletfichainformegoogle?docIdcm=3b08822eaab1871e11af3d38527accca&pdf=1
68084,13104,2020-06-01 00:00:00.0,MUNICIPALIDAD DE CONCHALI,2020,13,"INFORME FINAL N° 13-2020, SOBRE INSPECCIÓN A LAS OBRAS DEL CONTRATO ""CONSERVACIÓN DE VEREDAS DE CONCHALÍ III ETAPA"", EJECUTADO POR LA MUNICIPALIDAD DE CONCHALÍ.",https://www.contraloria.cl/pdfbuscador/auditoria/989b233215ceb574c740da495bbb5304/html,13,CONCHALI,https://www.contraloria.cl/SicaProd/SICAv3-BIFAPortalCGR/faces/newDetalleInforme?docIdcm=989b233215ceb574c740da495bbb5304,C,Informe de Inspección de Obra Pública,32909,https://www.contraloria.cl/SicaProd/SICAv3-BIFAPortalCGR/servletfichainformegoogle?docIdcm=989b233215ceb574c740da495bbb5304&pdf=1