IDACTIVIDAD,CODIGOSUBDERE,FECHAINFORME,NOMBRESERVICIO,ANOINFORME,NUMEROINFORME,MATERIAINFORME,FICHAINFORMEBIFA,C_REG_SUBDERE,NOMBRESUBDERE,FICHAINFORME,TIPOSUBDERE,TIPOINFORME,IDINFORME,PDFINFORME
28138,07102,2015-05-26 00:00:00.0,MUNICIPALIDAD DE CONSTITUCION,2015,401,INFORME DE INVESTIGACION ESPECIAL 401-15 MUNICIPALIDAD DE CONSTITUCION IRREGULARIDAD EN COMETIDOS FUNCIONARIOS DE CONCEJALES DE LA COMUNA - MAYO 2015,https://www.contraloria.cl/pdfbuscador/auditoria/77f4c176483d4606ee990525cf43569e/html,07,CONSTITUCION,https://www.contraloria.cl/SicaProd/SICAv3-BIFAPortalCGR/faces/newDetalleInforme?docIdcm=77f4c176483d4606ee990525cf43569e,C,Informe de Investigación Especial,13890,https://www.contraloria.cl/SicaProd/SICAv3-BIFAPortalCGR/servletfichainformegoogle?docIdcm=77f4c176483d4606ee990525cf43569e&pdf=1
28645,07102,2015-08-19 00:00:00.0,MUNICIPALIDAD DE CONSTITUCION,2015,499,INFORME FINAL 499-15 MUNICIPALIDAD DE CONSTITUCION - SOBRE AUDITORIA A LAS CONTRATACIONES DE HONORARIOS EN PROGRAMAS COMUNITARIOS - AGOSTO 2015,https://www.contraloria.cl/pdfbuscador/auditoria/42a144565850d8c825da6f1393df9b6a/html,07,CONSTITUCION,https://www.contraloria.cl/SicaProd/SICAv3-BIFAPortalCGR/faces/newDetalleInforme?docIdcm=42a144565850d8c825da6f1393df9b6a,C,Informe Final de Auditoría,14584,https://www.contraloria.cl/SicaProd/SICAv3-BIFAPortalCGR/servletfichainformegoogle?docIdcm=42a144565850d8c825da6f1393df9b6a&pdf=1
26565,07102,2015-09-29 00:00:00.0,MUNICIPALIDAD DE CONSTITUCION,2015,880,INFORME INVESTIGACION ESPECIAL 880-15 MUNICIPALIDAD DE CONSTITUCION IRREGULARIDADES RESPECTO DE LOTEO RURAL - SEPTIEMBRE 2015,https://www.contraloria.cl/pdfbuscador/auditoria/18316ae62f9d5853d2dde0dfc7a37874/html,07,CONSTITUCION,https://www.contraloria.cl/SicaProd/SICAv3-BIFAPortalCGR/faces/newDetalleInforme?docIdcm=18316ae62f9d5853d2dde0dfc7a37874,C,Informe de Investigación Especial,14943,https://www.contraloria.cl/SicaProd/SICAv3-BIFAPortalCGR/servletfichainformegoogle?docIdcm=18316ae62f9d5853d2dde0dfc7a37874&pdf=1
52600,07102,2019-01-30 00:00:00.0,MUNICIPALIDAD DE CONSTITUCION,2018,648,INFORME INSPECCION DE OBRA PUBLICA 648-18 MUNICIPALIDAD DE CONSTITUCION OBRA MEJORAMIENTO INTEGRAL ACERAS CENTRICAS DE CONSTITUCION - ENERO 2019,https://www.contraloria.cl/pdfbuscador/auditoria/719378bad0d18882aff8ce9ebcda3254/html,07,CONSTITUCION,https://www.contraloria.cl/SicaProd/SICAv3-BIFAPortalCGR/faces/newDetalleInforme?docIdcm=719378bad0d18882aff8ce9ebcda3254,C,Informe de Inspección de Obra Pública,27532,https://www.contraloria.cl/SicaProd/SICAv3-BIFAPortalCGR/servletfichainformegoogle?docIdcm=719378bad0d18882aff8ce9ebcda3254&pdf=1
57877,07102,2020-02-14 00:00:00.0,MUNICIPALIDAD DE CONSTITUCION,2019,782,"INFORME FINAL 782-19 MUNICIPALIDAD DE CONSTITUCIÓN AUDITORÍA AL MACROPROCESO DE CONCESIÓN DEL SERVICIO DE RECOLECCIÓN, TRANSPORTE Y DISPOSICIÓN FINAL DE RESIDUOS DOMICILIARIOS - ENERO 2020",https://www.contraloria.cl/pdfbuscador/auditoria/c3d8e1965355491a9e2041f695a8ac5b/html,07,CONSTITUCION,https://www.contraloria.cl/SicaProd/SICAv3-BIFAPortalCGR/faces/newDetalleInforme?docIdcm=c3d8e1965355491a9e2041f695a8ac5b,C,Informe Final de Auditoría,31384,https://www.contraloria.cl/SicaProd/SICAv3-BIFAPortalCGR/servletfichainformegoogle?docIdcm=c3d8e1965355491a9e2041f695a8ac5b&pdf=1