IDACTIVIDAD,CODIGOSUBDERE,FECHAINFORME,NOMBRESERVICIO,ANOINFORME,NUMEROINFORME,MATERIAINFORME,FICHAINFORMEBIFA,C_REG_SUBDERE,NOMBRESUBDERE,FICHAINFORME,TIPOSUBDERE,TIPOINFORME,IDINFORME,PDFINFORME
24560,08204,2015-06-26 00:00:00.0,MUNICIPALIDAD DE CONTULMO,2015,28,INFORME INVESTIGACIÓN ESPECIAL 28 - 15 MUNICIPALIDAD DE CONTULMO RELATIVA A PRESUNTAS IRREGULARIDADES - JUNIO 2015,https://www.contraloria.cl/pdfbuscador/auditoria/9e2f623cfd260ac220fe53259002e7e2/html,08,CONTULMO,https://www.contraloria.cl/SicaProd/SICAv3-BIFAPortalCGR/faces/newDetalleInforme?docIdcm=9e2f623cfd260ac220fe53259002e7e2,C,Informe de Investigación Especial,14247,https://www.contraloria.cl/SicaProd/SICAv3-BIFAPortalCGR/servletfichainformegoogle?docIdcm=9e2f623cfd260ac220fe53259002e7e2&pdf=1
34814,08204,2016-12-19 00:00:00.0,MUNICIPALIDAD DE CONTULMO,2016,512,INFORME FINAL 512-16 MUNICIPALIDAD DE CONTULMO - AUDITORÍA SOBRE ADQUISICIONES Y HORAS EXTRAORDINARIAS - DICIEMBRE 2016,https://www.contraloria.cl/pdfbuscador/auditoria/ec03311fac7aa0105dd1fcc726fe2e69/html,08,CONTULMO,https://www.contraloria.cl/SicaProd/SICAv3-BIFAPortalCGR/faces/newDetalleInforme?docIdcm=ec03311fac7aa0105dd1fcc726fe2e69,C,Informe Final de Auditoría,19988,https://www.contraloria.cl/SicaProd/SICAv3-BIFAPortalCGR/servletfichainformegoogle?docIdcm=ec03311fac7aa0105dd1fcc726fe2e69&pdf=1
37109,08204,2016-09-21 00:00:00.0,DEPARTAMENTO DE ADMINISTRACION DE SALUD MUNICIPAL DE CONTULMO,2016,556,INFORME INVESTIGACIÓN ESPECIAL 556-16 MUNICIPALIDAD DE CONTULMO SOBRE PAGO DE SUELDOS Y ASIGNACIÓN DE DESEMPEÑO EN CONDICIONES DIFÍCILES - SEPTIEMBRE 2016,https://www.contraloria.cl/pdfbuscador/auditoria/4dab95f222c4c26cb9df42038e0a02e6/html,08,CONTULMO,https://www.contraloria.cl/SicaProd/SICAv3-BIFAPortalCGR/faces/newDetalleInforme?docIdcm=4dab95f222c4c26cb9df42038e0a02e6,C,Informe de Investigación Especial,18939,https://www.contraloria.cl/SicaProd/SICAv3-BIFAPortalCGR/servletfichainformegoogle?docIdcm=4dab95f222c4c26cb9df42038e0a02e6&pdf=1
38268,08204,2017-01-27 00:00:00.0,MUNICIPALIDAD DE CONTULMO,2016,790,INFORME INVESTIGACIÓN ESPECIAL 790-16 MUNICIPALIDAD DE CONTULMO SOBRE PRESUNTAS IRREGULARIDADES - ENERO 2017,https://www.contraloria.cl/pdfbuscador/auditoria/21dba8e3f1b853247ad0461323839838/html,08,CONTULMO,https://www.contraloria.cl/SicaProd/SICAv3-BIFAPortalCGR/faces/newDetalleInforme?docIdcm=21dba8e3f1b853247ad0461323839838,C,Informe de Investigación Especial,20289,https://www.contraloria.cl/SicaProd/SICAv3-BIFAPortalCGR/servletfichainformegoogle?docIdcm=21dba8e3f1b853247ad0461323839838&pdf=1
42291,08204,2017-09-07 00:00:00.0,MUNICIPALIDAD DE CONTULMO,2017,279,INFORME FINAL 279-17 MUNICIPALIDAD DE CONTULMO AUDITORÍA A LOS PROCESOS DE FINANZAS Y ADQUISICIONES DE BIENES Y SERVICIOS - SEPTIEMBRE 2017,https://www.contraloria.cl/pdfbuscador/auditoria/1ff45c877138248800dcac58c5bfe90d/html,08,CONTULMO,https://www.contraloria.cl/SicaProd/SICAv3-BIFAPortalCGR/faces/newDetalleInforme?docIdcm=1ff45c877138248800dcac58c5bfe90d,C,Informe Final de Auditoría,21703,https://www.contraloria.cl/SicaProd/SICAv3-BIFAPortalCGR/servletfichainformegoogle?docIdcm=1ff45c877138248800dcac58c5bfe90d&pdf=1
56664,08204,2019-07-11 00:00:00.0,MUNICIPALIDAD DE CONTULMO,2019,211,INFORME DE INSPECCIÓN OBRA PÚBLICA 211-19 MUNICIPALIDAD DE CONTULMO SOBRE REPOSICIÓN CUARTEL DE BOMBEROS - JULIO 2019,https://www.contraloria.cl/pdfbuscador/auditoria/ab00ae7bba911996760df930ec53c70c/html,08,CONTULMO,https://www.contraloria.cl/SicaProd/SICAv3-BIFAPortalCGR/faces/newDetalleInforme?docIdcm=ab00ae7bba911996760df930ec53c70c,C,Informe de Inspección de Obra Pública,29375,https://www.contraloria.cl/SicaProd/SICAv3-BIFAPortalCGR/servletfichainformegoogle?docIdcm=ab00ae7bba911996760df930ec53c70c&pdf=1