IDACTIVIDAD,CODIGOSUBDERE,FECHAINFORME,NOMBRESERVICIO,ANOINFORME,NUMEROINFORME,MATERIAINFORME,FICHAINFORMEBIFA,C_REG_SUBDERE,NOMBRESUBDERE,FICHAINFORME,TIPOSUBDERE,TIPOINFORME,IDINFORME,PDFINFORME
21173,03101,2015-05-29 00:00:00.0,DEPARTAMENTO DE ADMINISTRACION DE EDUCACION MUNICIPAL DE COPIAPO,2015,130,INFORME FINAL N° 130-15 DIRECCIÓN DE ADMINISTRACIÓN DE EDUCACIÓN MUNICIPALIDAD DE COPIAPÓ AUDITORIA SOBRE AUDITORIA A LOS RECURSOS QUE OTORGA LA LEY SEP - MAYO 2015,https://www.contraloria.cl/pdfbuscador/auditoria/34f3a24f7d763fae6bbf952e0905008b/html,03,COPIAPO,https://www.contraloria.cl/SicaProd/SICAv3-BIFAPortalCGR/faces/newDetalleInforme?docIdcm=34f3a24f7d763fae6bbf952e0905008b,C,Informe Final de Auditoría,13933,https://www.contraloria.cl/SicaProd/SICAv3-BIFAPortalCGR/servletfichainformegoogle?docIdcm=34f3a24f7d763fae6bbf952e0905008b&pdf=1
28621,03101,2015-05-29 00:00:00.0,DEPARTAMENTO DE ADMINISTRACION DE EDUCACION MUNICIPAL DE COPIAPO,2015,242,INFORME DE INVESTIGACIÓN ESPECIAL N° 242-15 MUNICIPALIDAD DE COPIAPÓ EVENTUALES IRREGULARIDADES EN LA GESTIÓN DE LA ADMINISTRACIÓN DELEGADA EN EL LICEO JOSÉ ANTONIO CARVAJAL- MAYO 2015,https://www.contraloria.cl/pdfbuscador/auditoria/bc43cdabc278f74ad9e52ddf94a4d4a8/html,03,COPIAPO,https://www.contraloria.cl/SicaProd/SICAv3-BIFAPortalCGR/faces/newDetalleInforme?docIdcm=bc43cdabc278f74ad9e52ddf94a4d4a8,C,Informe de Investigación Especial,14161,https://www.contraloria.cl/SicaProd/SICAv3-BIFAPortalCGR/servletfichainformegoogle?docIdcm=bc43cdabc278f74ad9e52ddf94a4d4a8&pdf=1
28211,03101,2015-08-31 00:00:00.0,MUNICIPALIDAD DE COPIAPO,2015,712,INFORME FINAL 712-15 MUNICIPALIDAD DE COPIAPÓ - SOBRE AUDITORIA A LAS CONTRATACIONES DE HONORARIOS EN PROGRAMAS COMUNITARIOS – AGOSTO 2015,https://www.contraloria.cl/pdfbuscador/auditoria/fa4efc0c1bace8bfaf5c342559b02dc9/html,03,COPIAPO,https://www.contraloria.cl/SicaProd/SICAv3-BIFAPortalCGR/faces/newDetalleInforme?docIdcm=fa4efc0c1bace8bfaf5c342559b02dc9,C,Informe Final de Auditoría,14842,https://www.contraloria.cl/SicaProd/SICAv3-BIFAPortalCGR/servletfichainformegoogle?docIdcm=fa4efc0c1bace8bfaf5c342559b02dc9&pdf=1
31988,03101,2015-10-21 00:00:00.0,MUNICIPALIDAD DE COPIAPO,2015,848,INFORME INVESTIGACIÓN ESPECIAL 848-15 MUNICIPALIDAD DE COPIAPÓ DISTRIBUCIÓN DE RECURSOS A EMPRESAS DE ASEO - OCTUBRE 2015,https://www.contraloria.cl/pdfbuscador/auditoria/1a57575937e31c9cf970e7af8cf54a53/html,03,COPIAPO,https://www.contraloria.cl/SicaProd/SICAv3-BIFAPortalCGR/faces/newDetalleInforme?docIdcm=1a57575937e31c9cf970e7af8cf54a53,C,Informe de Investigación Especial,16061,https://www.contraloria.cl/SicaProd/SICAv3-BIFAPortalCGR/servletfichainformegoogle?docIdcm=1a57575937e31c9cf970e7af8cf54a53&pdf=1
28739,03101,2015-12-16 00:00:00.0,DEPARTAMENTO DE ADMINISTRACION DE EDUCACION MUNICIPAL DE COPIAPO,2015,976,INFORME FINAL 976-15 DEPARTAMENTO DE ADMINISTRACIÓN DE EDUCACIÓN MUNICIPAL DE COPIAPÓ FONDO DE RECONVERSIÓN - DICIEMBRE 2015,https://www.contraloria.cl/pdfbuscador/auditoria/a6f9da6f36614d2252da3581fc688725/html,03,COPIAPO,https://www.contraloria.cl/SicaProd/SICAv3-BIFAPortalCGR/faces/newDetalleInforme?docIdcm=a6f9da6f36614d2252da3581fc688725,C,Informe Final de Auditoría,16798,https://www.contraloria.cl/SicaProd/SICAv3-BIFAPortalCGR/servletfichainformegoogle?docIdcm=a6f9da6f36614d2252da3581fc688725&pdf=1
31779,03101,2015-12-23 00:00:00.0,MUNICIPALIDAD DE COPIAPO,2015,1079,INFORME FINAL 1.079-15 MUNICIPALIDAD DE COPIAPÓ RECEPCIÓN DE RECURSOS DE LA CATÁSTROFE DEL NORTE - DICIEMBRE 2015,https://www.contraloria.cl/pdfbuscador/auditoria/d8d32849ea478d9533f019f7e7284b93/html,03,COPIAPO,https://www.contraloria.cl/SicaProd/SICAv3-BIFAPortalCGR/faces/newDetalleInforme?docIdcm=d8d32849ea478d9533f019f7e7284b93,C,Informe Final de Auditoría,16834,https://www.contraloria.cl/SicaProd/SICAv3-BIFAPortalCGR/servletfichainformegoogle?docIdcm=d8d32849ea478d9533f019f7e7284b93&pdf=1
32006,03101,2015-12-30 00:00:00.0,MUNICIPALIDAD DE COPIAPO,2015,1116,INFORME FINAL 1.116-15 MUNICIPALIDAD DE COPIAPÓ PROYECTO DE INVERSIÓN CESFAM PEDRO LEÓN GALLO - DICIEMBRE 2015,https://www.contraloria.cl/pdfbuscador/auditoria/dd604b8c98cbf299431a0c40e2696828/html,03,COPIAPO,https://www.contraloria.cl/SicaProd/SICAv3-BIFAPortalCGR/faces/newDetalleInforme?docIdcm=dd604b8c98cbf299431a0c40e2696828,C,Informe Final de Auditoría,16905,https://www.contraloria.cl/SicaProd/SICAv3-BIFAPortalCGR/servletfichainformegoogle?docIdcm=dd604b8c98cbf299431a0c40e2696828&pdf=1
33319,03101,2016-05-12 00:00:00.0,MUNICIPALIDAD DE COPIAPO,2016,14,INFORME INVESTIGACIÓN ESPECIAL 14-16 MUNICIPALIDAD DE COPIAPÓ SOBRE USO DE RECURSOS DEL F.N.D.R. DESTINADOS A MATERIAS DE OBRAS - MAYO 2016,https://www.contraloria.cl/pdfbuscador/auditoria/4a16188934773c1cebf12d0b7356d99b/html,03,COPIAPO,https://www.contraloria.cl/SicaProd/SICAv3-BIFAPortalCGR/faces/newDetalleInforme?docIdcm=4a16188934773c1cebf12d0b7356d99b,C,Informe de Investigación Especial,18010,https://www.contraloria.cl/SicaProd/SICAv3-BIFAPortalCGR/servletfichainformegoogle?docIdcm=4a16188934773c1cebf12d0b7356d99b&pdf=1
33712,03101,2016-06-22 00:00:00.0,MUNICIPALIDAD DE COPIAPO,2016,31,INFORME INVESTIGACIÓN ESPECIAL 31-16 MUNICIPALIDAD DE COPIAPÓ PROYECTO HABITACIONAL 944 VIVIENDAS EMPRESA LOS SILOS III - JUNIO 2016,https://www.contraloria.cl/pdfbuscador/auditoria/c6cea24aea28fe2aef52c24eda9c5d48/html,03,COPIAPO,https://www.contraloria.cl/SicaProd/SICAv3-BIFAPortalCGR/faces/newDetalleInforme?docIdcm=c6cea24aea28fe2aef52c24eda9c5d48,C,Informe de Investigación Especial,18280,https://www.contraloria.cl/SicaProd/SICAv3-BIFAPortalCGR/servletfichainformegoogle?docIdcm=c6cea24aea28fe2aef52c24eda9c5d48&pdf=1
34940,03101,2016-05-12 00:00:00.0,MUNICIPALIDAD DE COPIAPO,2016,188,INFORME INVESTIGACIÓN ESPECIAL 188-16 MUNICIPALIDAD DE COPIAPO SUSPENSIÓN DE SERVICIOS DE RECOLECCIÓN DE RESIDUOS SÓLIDOS DOMICILIARIOS - MAYO 2016,https://www.contraloria.cl/pdfbuscador/auditoria/b8a2feeda3a8634e584da99ba21cb647/html,03,COPIAPO,https://www.contraloria.cl/SicaProd/SICAv3-BIFAPortalCGR/faces/newDetalleInforme?docIdcm=b8a2feeda3a8634e584da99ba21cb647,C,Informe de Investigación Especial,18275,https://www.contraloria.cl/SicaProd/SICAv3-BIFAPortalCGR/servletfichainformegoogle?docIdcm=b8a2feeda3a8634e584da99ba21cb647&pdf=1
34413,03101,2016-10-13 00:00:00.0,MUNICIPALIDAD DE COPIAPO,2016,607,INFORME FINAL 607-16 MUNICIPALIDAD DE COPIAPÓ AUDITORÍA A LOS PROCESOS DE ADQUISICIÓN – ABASTECIMIENTO Y CIRCULACIÓN DE VEHÍCULOS FISCALES - OCTUBRE DE 2016,https://www.contraloria.cl/pdfbuscador/auditoria/07b872e8251dd89e15e1164596af500f/html,03,COPIAPO,https://www.contraloria.cl/SicaProd/SICAv3-BIFAPortalCGR/faces/newDetalleInforme?docIdcm=07b872e8251dd89e15e1164596af500f,C,Informe Final de Auditoría,19126,https://www.contraloria.cl/SicaProd/SICAv3-BIFAPortalCGR/servletfichainformegoogle?docIdcm=07b872e8251dd89e15e1164596af500f&pdf=1
34465,03101,2016-10-07 00:00:00.0,MUNICIPALIDAD DE COPIAPO,2016,735,INFORME FINAL 735-16 MUNICIPALIDAD DE COPIAPÓ - AUDITORÍA AL GASTO EN PERIODO ELECTORAL - USO DE BIENES - VEHÍCULOS - RRHH - RECURSOS FÍSICOS Y FINANCIEROS - OCTUBRE 2016,https://www.contraloria.cl/pdfbuscador/auditoria/de396a629e98f0692019a93489e07137/html,03,COPIAPO,https://www.contraloria.cl/SicaProd/SICAv3-BIFAPortalCGR/faces/newDetalleInforme?docIdcm=de396a629e98f0692019a93489e07137,C,Informe Final de Auditoría,19080,https://www.contraloria.cl/SicaProd/SICAv3-BIFAPortalCGR/servletfichainformegoogle?docIdcm=de396a629e98f0692019a93489e07137&pdf=1
38597,03101,2016-12-09 00:00:00.0,MUNICIPALIDAD DE COPIAPO,2016,923,INFORME DE INVESTIGAIÓN ESPECIAL 923-16 MUNICIPALIDAD DE COPIAPÓ COMETIDOS EN EL EXTRANJERO Y PAGO DE VIÁTICOS - DICIEMBRE 2016,https://www.contraloria.cl/pdfbuscador/auditoria/ef9724ffeff74ff5219196657a9d83ef/html,03,COPIAPO,https://www.contraloria.cl/SicaProd/SICAv3-BIFAPortalCGR/faces/newDetalleInforme?docIdcm=ef9724ffeff74ff5219196657a9d83ef,C,Informe de Investigación Especial,19867,https://www.contraloria.cl/SicaProd/SICAv3-BIFAPortalCGR/servletfichainformegoogle?docIdcm=ef9724ffeff74ff5219196657a9d83ef&pdf=1
42264,03101,2017-07-21 00:00:00.0,DEPARTAMENTO DE ADMINISTRACION DE EDUCACION MUNICIPAL DE COPIAPO,2017,392,INFORME FINAL 392-17 DEPARTAMENTO DE ADMINISTRACIÓN DE EDUCACIÓN MUNICIPAL DE COPIAPÓ AUDITORÍA A LA DEUDA PREVISIONAL Y DESCUENTOS VOLUNTARIOS - JULIO 2017,https://www.contraloria.cl/pdfbuscador/auditoria/6a10df0f6db92a06c4556b65502ccd1b/html,03,COPIAPO,https://www.contraloria.cl/SicaProd/SICAv3-BIFAPortalCGR/faces/newDetalleInforme?docIdcm=6a10df0f6db92a06c4556b65502ccd1b,C,Informe Final de Auditoría,21427,https://www.contraloria.cl/SicaProd/SICAv3-BIFAPortalCGR/servletfichainformegoogle?docIdcm=6a10df0f6db92a06c4556b65502ccd1b&pdf=1
41317,03101,2017-08-25 00:00:00.0,MUNICIPALIDAD DE COPIAPO,2017,423,INFORME FINAL 423-17 MUNICIPALIDAD DE COPIAPÓ AUDITORÍA A LA INVERSIÓN EN INFRAESTRUCTURA EN LA MUNICIPALIDAD DE COPIAPÓ - AGOSTO 2017,https://www.contraloria.cl/pdfbuscador/auditoria/d7230d6f0e20406a41908132d4ba65f5/html,03,COPIAPO,https://www.contraloria.cl/SicaProd/SICAv3-BIFAPortalCGR/faces/newDetalleInforme?docIdcm=d7230d6f0e20406a41908132d4ba65f5,C,Informe Final de Auditoría,21597,https://www.contraloria.cl/SicaProd/SICAv3-BIFAPortalCGR/servletfichainformegoogle?docIdcm=d7230d6f0e20406a41908132d4ba65f5&pdf=1
41335,03101,2017-12-12 00:00:00.0,MUNICIPALIDAD DE COPIAPO,2017,911,INFORME FINAL 911-17 MUNICIPALIDAD DE COPIAPÓ AUDITORÍA AL MACROPROCESO DE CONCESIÓN DEL SERVICIO DE ASEO - DICIEMBRE 2017,https://www.contraloria.cl/pdfbuscador/auditoria/13f904f13757584c7ee092dc1a01fcf5/html,03,COPIAPO,https://www.contraloria.cl/SicaProd/SICAv3-BIFAPortalCGR/faces/newDetalleInforme?docIdcm=13f904f13757584c7ee092dc1a01fcf5,C,Informe Final de Auditoría,22422,https://www.contraloria.cl/SicaProd/SICAv3-BIFAPortalCGR/servletfichainformegoogle?docIdcm=13f904f13757584c7ee092dc1a01fcf5&pdf=1
46737,03101,2018-07-31 00:00:00.0,MUNICIPALIDAD DE COPIAPO,2018,93,INFORME INVESTIGACIÓN ESPECIAL 93-18 MUNICIPALIDAD DE COPIAPÓ ARRIENDO DE VEHÍCULOS Y OFICINAS LEASEBACK Y DERECHOS DE AGUA - JULIO 2018,https://www.contraloria.cl/pdfbuscador/auditoria/ebe9f05af1798a8450df3d9170a356a5/html,03,COPIAPO,https://www.contraloria.cl/SicaProd/SICAv3-BIFAPortalCGR/faces/newDetalleInforme?docIdcm=ebe9f05af1798a8450df3d9170a356a5,C,Informe de Investigación Especial,25090,https://www.contraloria.cl/SicaProd/SICAv3-BIFAPortalCGR/servletfichainformegoogle?docIdcm=ebe9f05af1798a8450df3d9170a356a5&pdf=1
49285,03101,2018-05-28 00:00:00.0,MUNICIPALIDAD DE COPIAPO,2018,163,INFORME FINAL 163-18 MUNICIPALIDAD DE COPIAPÓ AUDITORÍA AL PROCESO DE REEMBOLSOS DE LICENCIAS MÉDICAS - MAYO 2018,https://www.contraloria.cl/pdfbuscador/auditoria/bf6d3b7203b7a730cbd8049dc2c842f7/html,03,COPIAPO,https://www.contraloria.cl/SicaProd/SICAv3-BIFAPortalCGR/faces/newDetalleInforme?docIdcm=bf6d3b7203b7a730cbd8049dc2c842f7,C,Informe Final de Auditoría,23998,https://www.contraloria.cl/SicaProd/SICAv3-BIFAPortalCGR/servletfichainformegoogle?docIdcm=bf6d3b7203b7a730cbd8049dc2c842f7&pdf=1
55810,03101,2019-04-16 00:00:00.0,MUNICIPALIDAD DE COPIAPO,2019,113,INFORME FINAL 113-19 MUNICIPALIDAD DE COPIAPÓ INSPECCIÓN DE OBRA PÚBLICA REPOSICIÓN PLAZA ACCESO NORTE (DEPORTISTAS) COPIAPÓ - ABRIL 2019,https://www.contraloria.cl/pdfbuscador/auditoria/196d7640e044f98602b085f392735f81/html,03,COPIAPO,https://www.contraloria.cl/SicaProd/SICAv3-BIFAPortalCGR/faces/newDetalleInforme?docIdcm=196d7640e044f98602b085f392735f81,C,Informe de Inspección de Obra Pública,28810,https://www.contraloria.cl/SicaProd/SICAv3-BIFAPortalCGR/servletfichainformegoogle?docIdcm=196d7640e044f98602b085f392735f81&pdf=1
57196,03101,2019-07-31 00:00:00.0,DEPARTAMENTO DE SALUD MUNICIPAL DE COPIAPO,2019,448,INFORME FINAL 448-2019 MUNICIPALIDAD DE COPIAPÓ DEPARTAMENTO DE SALUD AUDITORÍA DE ESTADOS FINANCIERO AL 31 DE DICIEMBRE DE 2018 - JULIO 2019,https://www.contraloria.cl/pdfbuscador/auditoria/8e6e6a96ac3b4826899795760b91ba37/html,03,COPIAPO,https://www.contraloria.cl/SicaProd/SICAv3-BIFAPortalCGR/faces/newDetalleInforme?docIdcm=8e6e6a96ac3b4826899795760b91ba37,C,Informe Final de Auditoría,29481,https://www.contraloria.cl/SicaProd/SICAv3-BIFAPortalCGR/servletfichainformegoogle?docIdcm=8e6e6a96ac3b4826899795760b91ba37&pdf=1
57195,03101,2019-07-31 00:00:00.0,DEPARTAMENTO DE ADMINISTRACION DE EDUCACION MUNICIPAL DE COPIAPO,2019,455,INFORME FINAL 455-2019 MUNICIPALIDAD DE COPIAPÓ DAEM AUDITORÍA DE ESTADOS FINANCIERO AL 31 DE DICIEMBRE DE 2018 - JULIO 2019,https://www.contraloria.cl/pdfbuscador/auditoria/180a916b316de4e493b76fa6c47c8f0f/html,03,COPIAPO,https://www.contraloria.cl/SicaProd/SICAv3-BIFAPortalCGR/faces/newDetalleInforme?docIdcm=180a916b316de4e493b76fa6c47c8f0f,C,Informe Final de Auditoría,29549,https://www.contraloria.cl/SicaProd/SICAv3-BIFAPortalCGR/servletfichainformegoogle?docIdcm=180a916b316de4e493b76fa6c47c8f0f&pdf=1
57194,03101,2019-08-31 00:00:00.0,MUNICIPALIDAD DE COPIAPO,2019,456,INFORME FINAL 456-2019 MUNICIPALIDAD DE COPIAPÓ AUDITORÍA DE ESTADOS FINANCIERO ÁREA DE GESTIÓN MUNICIPAL - JULIO 2019,https://www.contraloria.cl/pdfbuscador/auditoria/7c8899d9c1a6ade6642e79ba1c6045c5/html,03,COPIAPO,https://www.contraloria.cl/SicaProd/SICAv3-BIFAPortalCGR/faces/newDetalleInforme?docIdcm=7c8899d9c1a6ade6642e79ba1c6045c5,C,Informe Final de Auditoría,29547,https://www.contraloria.cl/SicaProd/SICAv3-BIFAPortalCGR/servletfichainformegoogle?docIdcm=7c8899d9c1a6ade6642e79ba1c6045c5&pdf=1
58399,03101,2020-06-10 00:00:00.0,MUNICIPALIDAD DE COPIAPO,2020,88,INFORME FINAL 88-20 MUNICIPALIDAD DE COPIAPÓ AUDITORÍA AL PROCESO DE OTORGAMIENTO PAGO Y COBROS DE PATENTES CIPA - JUNIO 2020,https://www.contraloria.cl/pdfbuscador/auditoria/26b4e4b6265c3a5568f36970633006bd/html,03,COPIAPO,https://www.contraloria.cl/SicaProd/SICAv3-BIFAPortalCGR/faces/newDetalleInforme?docIdcm=26b4e4b6265c3a5568f36970633006bd,C,Informe Final de Auditoría,32946,https://www.contraloria.cl/SicaProd/SICAv3-BIFAPortalCGR/servletfichainformegoogle?docIdcm=26b4e4b6265c3a5568f36970633006bd&pdf=1