IDACTIVIDAD,CODIGOSUBDERE,FECHAINFORME,NOMBRESERVICIO,ANOINFORME,NUMEROINFORME,MATERIAINFORME,FICHAINFORMEBIFA,C_REG_SUBDERE,NOMBRESUBDERE,FICHAINFORME,TIPOSUBDERE,TIPOINFORME,IDINFORME,PDFINFORME
28675,04102,2015-08-31 00:00:00.0,MUNICIPALIDAD DE COQUIMBO,2015,704,INFORME FINAL 704-15 MUNICIPALIDAD DE COQUIMBO - SOBRE AUDITORÍA A LAS CONTRATACIONES A HONORARIOS EN PROGRAMAS COMUNITARIOS - AGOSTO 2015,https://www.contraloria.cl/pdfbuscador/auditoria/6150a128311d3fbd66dabccf9b5b43c2/html,04,COQUIMBO,https://www.contraloria.cl/SicaProd/SICAv3-BIFAPortalCGR/faces/newDetalleInforme?docIdcm=6150a128311d3fbd66dabccf9b5b43c2,C,Informe Final de Auditoría,14767,https://www.contraloria.cl/SicaProd/SICAv3-BIFAPortalCGR/servletfichainformegoogle?docIdcm=6150a128311d3fbd66dabccf9b5b43c2&pdf=1
32611,04102,2015-11-02 00:00:00.0,MUNICIPALIDAD DE COQUIMBO,2015,959,INFORME DE INVESTIGACIÓN ESPECIAL 959-15 MUNICIPALIDAD DE COQUIMBO RELATIVO A EVENTUALES IRREGULARIDADES EN CONTRATOS DE ARRIENDO DE INMUEBLES - NOVIEMBRE 2015,https://www.contraloria.cl/pdfbuscador/auditoria/2c0f85e5a0cdd19a2c321aa1acffb4bf/html,04,COQUIMBO,https://www.contraloria.cl/SicaProd/SICAv3-BIFAPortalCGR/faces/newDetalleInforme?docIdcm=2c0f85e5a0cdd19a2c321aa1acffb4bf,C,Informe de Investigación Especial,16059,https://www.contraloria.cl/SicaProd/SICAv3-BIFAPortalCGR/servletfichainformegoogle?docIdcm=2c0f85e5a0cdd19a2c321aa1acffb4bf&pdf=1
30630,04102,2015-12-30 00:00:00.0,DEPARTAMENTO DE EDUCACION MUNICIPAL DE COQUIMBO,2015,1214,INFORME FINAL 1214-15 DEPARTAMENTO DE EDUCACION MUNICIPALIDAD DE COQUIMBO SOBRE  AUDITORIA A LA SUBVENCION ESCOLAR PREFERENCIAL - DICIEMBRE 2015,https://www.contraloria.cl/pdfbuscador/auditoria/e6dec252111fc82737fa908cec15072e/html,04,COQUIMBO,https://www.contraloria.cl/SicaProd/SICAv3-BIFAPortalCGR/faces/newDetalleInforme?docIdcm=e6dec252111fc82737fa908cec15072e,C,Informe Final de Auditoría,16818,https://www.contraloria.cl/SicaProd/SICAv3-BIFAPortalCGR/servletfichainformegoogle?docIdcm=e6dec252111fc82737fa908cec15072e&pdf=1
30280,04102,2015-12-18 00:00:00.0,MUNICIPALIDAD DE COQUIMBO,2015,1277,INFORME INSPECCIÓN DE OBRA PÚBLICA 1277-2015 MUNICIPALIDAD DE COQUIMBO SOBRE INSPECCIÓN A LA OBRA CONSTRUCCIÓN DE EDIFICIO CONSISTORIAL DE COQUIMBO-DICIEMBRE 2015,https://www.contraloria.cl/pdfbuscador/auditoria/959bd586c5608ee3548dcbb89fbf917f/html,04,COQUIMBO,https://www.contraloria.cl/SicaProd/SICAv3-BIFAPortalCGR/faces/newDetalleInforme?docIdcm=959bd586c5608ee3548dcbb89fbf917f,C,Informe de Inspección de Obra Pública,16753,https://www.contraloria.cl/SicaProd/SICAv3-BIFAPortalCGR/servletfichainformegoogle?docIdcm=959bd586c5608ee3548dcbb89fbf917f&pdf=1
34036,04102,2016-07-08 00:00:00.0,MUNICIPALIDAD DE COQUIMBO,2016,316,INFORME DE INVESTIGACIÓN ESPECIAL N° 316-16 MUNICIPALIDAD DE COQUIMBO SOBRE EVENTUALES IRREGULARIDADES EN LA RECUPERACIÓN DEL SUBSIDIO POR INCAPACIDAD LABORAL-JULIO 2016,https://www.contraloria.cl/pdfbuscador/auditoria/b4eab6b512b91deb9ea3e0d5cfb45bba/html,04,COQUIMBO,https://www.contraloria.cl/SicaProd/SICAv3-BIFAPortalCGR/faces/newDetalleInforme?docIdcm=b4eab6b512b91deb9ea3e0d5cfb45bba,C,Informe de Investigación Especial,18392,https://www.contraloria.cl/SicaProd/SICAv3-BIFAPortalCGR/servletfichainformegoogle?docIdcm=b4eab6b512b91deb9ea3e0d5cfb45bba&pdf=1
33608,04102,2016-07-12 00:00:00.0,DEPARTAMENTO DE SALUD MUNICIPAL DE COQUIMBO,2016,365,INFORME DE INVESTIGACIÓN ESPECIAL N° 365-16 DEPARTAMENTO DE SALUD MUNICIPAL DE COQUIMBO SOBRE PRESUNTAS IRREGULARIDADES EN EL CÁLCULO DE LA JORNADA EXTRAORDINARIA-JULIO 2016,https://www.contraloria.cl/pdfbuscador/auditoria/0c8c26b325eaa70a0c84cd21393a3e04/html,04,COQUIMBO,https://www.contraloria.cl/SicaProd/SICAv3-BIFAPortalCGR/faces/newDetalleInforme?docIdcm=0c8c26b325eaa70a0c84cd21393a3e04,C,Informe de Investigación Especial,18526,https://www.contraloria.cl/SicaProd/SICAv3-BIFAPortalCGR/servletfichainformegoogle?docIdcm=0c8c26b325eaa70a0c84cd21393a3e04&pdf=1
34560,04102,2016-10-06 00:00:00.0,MUNICIPALIDAD DE COQUIMBO,2016,776,INFORME FINAL 776-16 MUNICIPALIDAD DE COQUIMBO -  AUDITORÍA AL GASTO EN PERIODO ELECTORAL - USO DE BIENES - VEHÍCULOS - RRHH - RECURSOS FÍSICOS Y FINANCIEROS - SEPTIEMBRE 2016,https://www.contraloria.cl/pdfbuscador/auditoria/621e93332bc8c61fa29e8db506d99de6/html,04,COQUIMBO,https://www.contraloria.cl/SicaProd/SICAv3-BIFAPortalCGR/faces/newDetalleInforme?docIdcm=621e93332bc8c61fa29e8db506d99de6,C,Informe Final de Auditoría,19090,https://www.contraloria.cl/SicaProd/SICAv3-BIFAPortalCGR/servletfichainformegoogle?docIdcm=621e93332bc8c61fa29e8db506d99de6&pdf=1
34694,04102,2016-12-13 00:00:00.0,DEPARTAMENTO DE EDUCACION MUNICIPAL DE COQUIMBO,2016,908,INFORME FINAL N° 908-16 DEPARTAMENTO DE EDUCACIÓN MUNICIPAL DE COQUIMBO SOBRE AUDITORÍA AL FONDO DE APOYO A LA EDUCACIÓN PÚBLICA MUNICIPAL-DICIEMBRE 2016,https://www.contraloria.cl/pdfbuscador/auditoria/b200c1a4c7ae7764454c86f25ae604a5/html,04,COQUIMBO,https://www.contraloria.cl/SicaProd/SICAv3-BIFAPortalCGR/faces/newDetalleInforme?docIdcm=b200c1a4c7ae7764454c86f25ae604a5,C,Informe Final de Auditoría,19847,https://www.contraloria.cl/SicaProd/SICAv3-BIFAPortalCGR/servletfichainformegoogle?docIdcm=b200c1a4c7ae7764454c86f25ae604a5&pdf=1
38332,04102,2016-11-24 00:00:00.0,DEPARTAMENTO DE EDUCACION MUNICIPAL DE COQUIMBO,2016,974,INFORME DE INVESTIGACIÓN ESPECIAL N° 974-16 DEPARTAMENTO DE EDUCACION MUNICIPAL DE COQUIMBO SOBRE PRESUNTAS IRREGULARIDADES - NOVIEMBRE 2016,https://www.contraloria.cl/pdfbuscador/auditoria/c66c7d361acc516451e39227436871cd/html,04,COQUIMBO,https://www.contraloria.cl/SicaProd/SICAv3-BIFAPortalCGR/faces/newDetalleInforme?docIdcm=c66c7d361acc516451e39227436871cd,C,Informe de Investigación Especial,19607,https://www.contraloria.cl/SicaProd/SICAv3-BIFAPortalCGR/servletfichainformegoogle?docIdcm=c66c7d361acc516451e39227436871cd&pdf=1
34610,04102,2016-12-20 00:00:00.0,MUNICIPALIDAD DE COQUIMBO,2016,1094,INFORME FINAL N° 1094-16 MUNICIPALIDAD DE COQUIMBO SOBRE AUDITORÍA A LOS RECURSOS Y BIENES RECIBIDOS  CON OCASIÓN DE TERREMOTO Y TSUNAMI EN SEPTIEMBRE DE 2015-DICIEMBRE 2016,https://www.contraloria.cl/pdfbuscador/auditoria/82b3b99b7d15bdb34dcca438649993ae/html,04,COQUIMBO,https://www.contraloria.cl/SicaProd/SICAv3-BIFAPortalCGR/faces/newDetalleInforme?docIdcm=82b3b99b7d15bdb34dcca438649993ae,C,Informe Final de Auditoría,19992,https://www.contraloria.cl/SicaProd/SICAv3-BIFAPortalCGR/servletfichainformegoogle?docIdcm=82b3b99b7d15bdb34dcca438649993ae&pdf=1
39171,04102,2016-12-13 00:00:00.0,DEPARTAMENTO DE EDUCACION MUNICIPAL DE COQUIMBO,2016,1122,INFORME FINAL DE INVESTIGACIÓN ESPECIAL N° 1122-16 DEPARTAMENTO DE EDUCACIÓN MUNICIPAL DE COQUIMBO SOBRE EXTRAVÍO DE MATERIAL EDUCATIVO-DICIEMBRE 2016,https://www.contraloria.cl/pdfbuscador/auditoria/1856b2f7854eae2129661870f0014278/html,04,COQUIMBO,https://www.contraloria.cl/SicaProd/SICAv3-BIFAPortalCGR/faces/newDetalleInforme?docIdcm=1856b2f7854eae2129661870f0014278,C,Informe de Investigación Especial,19846,https://www.contraloria.cl/SicaProd/SICAv3-BIFAPortalCGR/servletfichainformegoogle?docIdcm=1856b2f7854eae2129661870f0014278&pdf=1
36877,04102,2016-12-23 00:00:00.0,MUNICIPALIDAD DE COQUIMBO,2016,1137,INFORME INSPECCIÓN TÉCNICA DE OBRA N° 1137-16 MUNICIPALIDAD DE COQUIMBO SOBRE  LA OBRA CONSTRUCCIÓN EDIFICIO CONSISTORIAL -DICIEMBRE 2016,https://www.contraloria.cl/pdfbuscador/auditoria/5cd2606d6e36373981d6e83d31cf850b/html,04,COQUIMBO,https://www.contraloria.cl/SicaProd/SICAv3-BIFAPortalCGR/faces/newDetalleInforme?docIdcm=5cd2606d6e36373981d6e83d31cf850b,C,Informe de Inspección de Obra Pública,19978,https://www.contraloria.cl/SicaProd/SICAv3-BIFAPortalCGR/servletfichainformegoogle?docIdcm=5cd2606d6e36373981d6e83d31cf850b&pdf=1
41179,04102,2017-05-08 00:00:00.0,MUNICIPALIDAD DE COQUIMBO,2017,18,INFORME DE INVESTIGACIÓN ESPECIAL N° 18-17 MUNICIPALIDAD DE COQUIMBO SOBRE EVENTUALES IRREGULARIDADES EN MEDIDAS DE SEGURIDAD DE SALVAVIDAS-MAYO 2017,https://www.contraloria.cl/pdfbuscador/auditoria/5e27f100f46ae86530ecc982fe2e5604/html,04,COQUIMBO,https://www.contraloria.cl/SicaProd/SICAv3-BIFAPortalCGR/faces/newDetalleInforme?docIdcm=5e27f100f46ae86530ecc982fe2e5604,C,Informe de Investigación Especial,20985,https://www.contraloria.cl/SicaProd/SICAv3-BIFAPortalCGR/servletfichainformegoogle?docIdcm=5e27f100f46ae86530ecc982fe2e5604&pdf=1
38830,04102,2017-05-09 00:00:00.0,DEPARTAMENTO DE EDUCACION MUNICIPAL DE COQUIMBO,2017,109,INFORME FINAL DE INVESTIGACIÓN ESPECIAL N° 109-17 SOBRE PRESUNTAS IRREGULARIDADES EN EL DEPARTAMENTO DE EDUCACIÓN DE COQUIMBO-MAYO 2017,https://www.contraloria.cl/pdfbuscador/auditoria/e5e1e921949dde43af9f57a6584a8fcd/html,04,COQUIMBO,https://www.contraloria.cl/SicaProd/SICAv3-BIFAPortalCGR/faces/newDetalleInforme?docIdcm=e5e1e921949dde43af9f57a6584a8fcd,C,Informe de Investigación Especial,20988,https://www.contraloria.cl/SicaProd/SICAv3-BIFAPortalCGR/servletfichainformegoogle?docIdcm=e5e1e921949dde43af9f57a6584a8fcd&pdf=1
41291,04102,2018-03-27 00:00:00.0,MUNICIPALIDAD DE COQUIMBO,2017,448,"INFORME FINAL N° 448-17 SOBRE INSPECCIÓN A LA OBRA PÚBLICA CONSTRUCCIÓN MERCADO DEL MAR, COMUNA DE COQUIMBO-ABRIL 2018",https://www.contraloria.cl/pdfbuscador/auditoria/1c329028c3d9e6defe81499b8d638f98/html,04,COQUIMBO,https://www.contraloria.cl/SicaProd/SICAv3-BIFAPortalCGR/faces/newDetalleInforme?docIdcm=1c329028c3d9e6defe81499b8d638f98,C,Informe de Inspección de Obra Pública,23816,https://www.contraloria.cl/SicaProd/SICAv3-BIFAPortalCGR/servletfichainformegoogle?docIdcm=1c329028c3d9e6defe81499b8d638f98&pdf=1
41399,04102,2017-10-02 00:00:00.0,DEPARTAMENTO DE EDUCACION MUNICIPAL DE COQUIMBO,2017,503,INFORME FINAL N° 503-17 AUDITORÍA A LOS MACROPROCESOS DE RR.HH. Y FINANZAS DEL DAEM DE COQUIMBO-OCTUBRE 2017,https://www.contraloria.cl/pdfbuscador/auditoria/9c30d5b3cbf1acc698b9cb0a0ff9008e/html,04,COQUIMBO,https://www.contraloria.cl/SicaProd/SICAv3-BIFAPortalCGR/faces/newDetalleInforme?docIdcm=9c30d5b3cbf1acc698b9cb0a0ff9008e,C,Informe Final de Auditoría,21805,https://www.contraloria.cl/SicaProd/SICAv3-BIFAPortalCGR/servletfichainformegoogle?docIdcm=9c30d5b3cbf1acc698b9cb0a0ff9008e&pdf=1
44762,04102,2017-09-15 00:00:00.0,MUNICIPALIDAD DE COQUIMBO,2017,668,"INFORME DE INVESTIGACIÓN ESPECIAL N° 668-17 MUNICIPALIDAD DE COQUIMBO, SOBRE LA PARALIZACIÓN DE LA OBRA CONSTRUCCIÓN EDIFICIO CONSISTORIAL  DE COQUIMBO-SEPTIEMBRE 2017",https://www.contraloria.cl/pdfbuscador/auditoria/7964bb38757fd9dec89cb707a32892f5/html,04,COQUIMBO,https://www.contraloria.cl/SicaProd/SICAv3-BIFAPortalCGR/faces/newDetalleInforme?docIdcm=7964bb38757fd9dec89cb707a32892f5,C,Informe de Investigación Especial,21753,https://www.contraloria.cl/SicaProd/SICAv3-BIFAPortalCGR/servletfichainformegoogle?docIdcm=7964bb38757fd9dec89cb707a32892f5&pdf=1
41307,04102,2017-11-02 00:00:00.0,MUNICIPALIDAD DE COQUIMBO,2017,751,"INFORME FINAL N° 751-17 SOBRE AUDITORÍA A LA FIESTA DE LA PAMPILLA AÑO 2016, Y A LOS MACROPROCESOS DE FINANZAS ÁREAS DE GESTIÓN Y SALUD DE LA MUNICIPALIDAD DE COQUIMBO-OCTUBRE 2017",https://www.contraloria.cl/pdfbuscador/auditoria/faa873d16407fec54a1a36f2fd731fb2/html,04,COQUIMBO,https://www.contraloria.cl/SicaProd/SICAv3-BIFAPortalCGR/faces/newDetalleInforme?docIdcm=faa873d16407fec54a1a36f2fd731fb2,C,Informe Final de Auditoría,22066,https://www.contraloria.cl/SicaProd/SICAv3-BIFAPortalCGR/servletfichainformegoogle?docIdcm=faa873d16407fec54a1a36f2fd731fb2&pdf=1
46920,04102,2017-11-27 00:00:00.0,MUNICIPALIDAD DE COQUIMBO,2017,873,"INFORME FINAL N° 873-17 SOBRE AUDITORÍA AL PROGRAMA DE REVITALIZACIÓN DE BARRIOS, FINANCIADO CON RECURSOS DEL PRÉSTAMO BID SUBEJECUTADO POR LA MUNICIPALIDAD DE COQUIMBO-NOVIEMBRE 2017",https://www.contraloria.cl/pdfbuscador/auditoria/633c2d6a5d16c5bbe3fa79fad600db91/html,04,COQUIMBO,https://www.contraloria.cl/SicaProd/SICAv3-BIFAPortalCGR/faces/newDetalleInforme?docIdcm=633c2d6a5d16c5bbe3fa79fad600db91,C,Informe Final de Auditoría,22253,https://www.contraloria.cl/SicaProd/SICAv3-BIFAPortalCGR/servletfichainformegoogle?docIdcm=633c2d6a5d16c5bbe3fa79fad600db91&pdf=1
41659,04102,2017-11-27 00:00:00.0,MUNICIPALIDAD DE COQUIMBO,2017,963,INFORME FINAL N° 963-17 SOBRE AUDITORÍA RELACIONADA CON EL PROCESO DE AUTORIZACIÓN DE MÁQUINAS DE JUEGO DE HABILIDAD Y DESTREZA EN LA MUNICIPALIDAD DE COQUIMBO,https://www.contraloria.cl/pdfbuscador/auditoria/610e5ef76e9088abf4828d9f89bd7701/html,04,COQUIMBO,https://www.contraloria.cl/SicaProd/SICAv3-BIFAPortalCGR/faces/newDetalleInforme?docIdcm=610e5ef76e9088abf4828d9f89bd7701,C,Informe Final de Auditoría,22252,https://www.contraloria.cl/SicaProd/SICAv3-BIFAPortalCGR/servletfichainformegoogle?docIdcm=610e5ef76e9088abf4828d9f89bd7701&pdf=1
41328,04102,2017-12-28 00:00:00.0,MUNICIPALIDAD DE COQUIMBO,2017,1022,INFORME FINAL N° 1.022-17 SOBRE AUDITORÍA AL MACROPROCESO DE CONCESIÓN DEL SERVICIO DE ASEO EN LA MUNICIPALIDAD DE COQUIMBO-DICIEMBRE 2017,https://www.contraloria.cl/pdfbuscador/auditoria/c3c14b1d84e152ccbdcb1009e9d86fc4/html,04,COQUIMBO,https://www.contraloria.cl/SicaProd/SICAv3-BIFAPortalCGR/faces/newDetalleInforme?docIdcm=c3c14b1d84e152ccbdcb1009e9d86fc4,C,Informe Final de Auditoría,22696,https://www.contraloria.cl/SicaProd/SICAv3-BIFAPortalCGR/servletfichainformegoogle?docIdcm=c3c14b1d84e152ccbdcb1009e9d86fc4&pdf=1
49863,04102,2018-04-26 00:00:00.0,MUNICIPALIDAD DE COQUIMBO,2018,114,"INFORME FINAL N° 114-18 AUDITORÍA AL PROGRAMA DE REVITALIZACIÓN DE BARRIOS E INFRAESTRUCTURA PATRIMONIAL EMBLEMÁTICA, PRÉSTAMO INTERNACIONAL N°3.564-ABRIL 2018",https://www.contraloria.cl/pdfbuscador/auditoria/023fd1e2956ed2f0ec749865096131ae/html,04,COQUIMBO,https://www.contraloria.cl/SicaProd/SICAv3-BIFAPortalCGR/faces/newDetalleInforme?docIdcm=023fd1e2956ed2f0ec749865096131ae,C,Informe Final de Auditoría,23814,https://www.contraloria.cl/SicaProd/SICAv3-BIFAPortalCGR/servletfichainformegoogle?docIdcm=023fd1e2956ed2f0ec749865096131ae&pdf=1
52385,04102,2018-08-17 00:00:00.0,MUNICIPALIDAD DE COQUIMBO,2018,439,INFORME FINAL DE INVESTIGACIÓN ESPECIAL N° 439-18 SOBRE IRREGULARIDADES COMETIDAS EN RAZÓN DEL CONCURSO MISS MUNDO CHILE 2017 EN LA MUNICIPALIDAD DE COQUIMBO,https://www.contraloria.cl/pdfbuscador/auditoria/9efc3836a5718da816e000396e5f644a/html,04,COQUIMBO,https://www.contraloria.cl/SicaProd/SICAv3-BIFAPortalCGR/faces/newDetalleInforme?docIdcm=9efc3836a5718da816e000396e5f644a,C,Informe de Investigación Especial,25365,https://www.contraloria.cl/SicaProd/SICAv3-BIFAPortalCGR/servletfichainformegoogle?docIdcm=9efc3836a5718da816e000396e5f644a&pdf=1
51528,04102,2018-12-26 00:00:00.0,CORPORACION DE DEPORTES DE COQUIMBO,2018,686,"INFORME FINAL N° 686-18 - SOBRE AUDITORÍA A LAS SUBVENCIONES Y RENDICIONES ENTREGADAS POR LA MUNICIPALIDAD DE COQUIMBO A LA CORPORACIÓN DE DEPORTES, RECREACIÓN Y CULTURA DE COQUIMBO DICIEMBRE 2018.",https://www.contraloria.cl/pdfbuscador/auditoria/93a641eeec688fe6cad594506e7621b4/html,04,COQUIMBO,https://www.contraloria.cl/SicaProd/SICAv3-BIFAPortalCGR/faces/newDetalleInforme?docIdcm=93a641eeec688fe6cad594506e7621b4,C,Informe Final de Auditoría,27292,https://www.contraloria.cl/SicaProd/SICAv3-BIFAPortalCGR/servletfichainformegoogle?docIdcm=93a641eeec688fe6cad594506e7621b4&pdf=1
52345,04102,2018-12-24 00:00:00.0,MUNICIPALIDAD DE COQUIMBO,2018,831,INFORME FINAL N° 831-18 SOBRE AUDITORIA AL CONTRATO CONSTRUCCIÓN EDIFICIO CONSISTORIAL COQUIMBO EN LA MUNICIPALIDAD DE COQUIMBO Y EN EL GOBIERNO REGIONAL - DICIEMBRE 2018.,https://www.contraloria.cl/pdfbuscador/auditoria/f63a38afac3600056dd69ad1f46ef541/html,04,COQUIMBO,https://www.contraloria.cl/SicaProd/SICAv3-BIFAPortalCGR/faces/newDetalleInforme?docIdcm=f63a38afac3600056dd69ad1f46ef541,C,Informe Final de Auditoría,27290,https://www.contraloria.cl/SicaProd/SICAv3-BIFAPortalCGR/servletfichainformegoogle?docIdcm=f63a38afac3600056dd69ad1f46ef541&pdf=1
56305,04102,2019-04-26 00:00:00.0,MUNICIPALIDAD DE COQUIMBO,2019,192,INFORME FINAL N° 192-19 MUNICIPALIDAD DE COQUIMBO SOBRE AUDITORÍA AL PROGRAMA DE REVITALIZACIÓN DE BARRIOS E INFRAESTRUCTURA PATRIMONIAL EMBLEMÁTICA - ABRIL 2019.,https://www.contraloria.cl/pdfbuscador/auditoria/9e88994be5531d3a360494338c8f5d4c/html,04,COQUIMBO,https://www.contraloria.cl/SicaProd/SICAv3-BIFAPortalCGR/faces/newDetalleInforme?docIdcm=9e88994be5531d3a360494338c8f5d4c,C,Informe Final de Auditoría,28868,https://www.contraloria.cl/SicaProd/SICAv3-BIFAPortalCGR/servletfichainformegoogle?docIdcm=9e88994be5531d3a360494338c8f5d4c&pdf=1
52606,04102,2019-06-28 00:00:00.0,MUNICIPALIDAD DE COQUIMBO,2019,193,INFORME FINAL DE INVESTIGACIÓN ESPECIAL N° 193-19 MUNICIPALIDAD DE COQUIMBO SOBRE EVENTUALES IRREGULARIDADES COMETIDAS EN EL PAGO DE HORAS EXTRAORDINARIAS - JUNIO 2019..,https://www.contraloria.cl/pdfbuscador/auditoria/bbab7bcadb86f5557db4bf24ac17fc1e/html,04,COQUIMBO,https://www.contraloria.cl/SicaProd/SICAv3-BIFAPortalCGR/faces/newDetalleInforme?docIdcm=bbab7bcadb86f5557db4bf24ac17fc1e,C,Informe de Investigación Especial,29245,https://www.contraloria.cl/SicaProd/SICAv3-BIFAPortalCGR/servletfichainformegoogle?docIdcm=bbab7bcadb86f5557db4bf24ac17fc1e&pdf=1
59377,04102,2020-04-20 00:00:00.0,MUNICIPALIDAD DE COQUIMBO,2019,697,INFORME FINAL DE INVESTIGACIÓN ESPECIAL N° 697_19 MUNICIPALIDAD DE COQUIMBO EVENTUALES IRREGULARIDADES EN EL EX DEPARTAMENTO DE EDUCACIÓN MUNICIPAL.ABR2020,https://www.contraloria.cl/pdfbuscador/auditoria/73ab60f2e7b657f4a419a4c19d999484/html,04,COQUIMBO,https://www.contraloria.cl/SicaProd/SICAv3-BIFAPortalCGR/faces/newDetalleInforme?docIdcm=73ab60f2e7b657f4a419a4c19d999484,C,Informe de Investigación Especial,32273,https://www.contraloria.cl/SicaProd/SICAv3-BIFAPortalCGR/servletfichainformegoogle?docIdcm=73ab60f2e7b657f4a419a4c19d999484&pdf=1
59362,04102,2019-12-30 00:00:00.0,MUNICIPALIDAD DE COQUIMBO,2019,1019,INFORME FINAL N° 1.019-19 MUNICIPALIDAD DE COQUIMBO SOBRE AUDITORÍA AL MACROPROCESO DE RECURSOS HUMANOS - DIC 2019,https://www.contraloria.cl/pdfbuscador/auditoria/8c7dcc2904cb84efdb3942fd931a3930/html,04,COQUIMBO,https://www.contraloria.cl/SicaProd/SICAv3-BIFAPortalCGR/faces/newDetalleInforme?docIdcm=8c7dcc2904cb84efdb3942fd931a3930,C,Informe Final de Auditoría,30772,https://www.contraloria.cl/SicaProd/SICAv3-BIFAPortalCGR/servletfichainformegoogle?docIdcm=8c7dcc2904cb84efdb3942fd931a3930&pdf=1
68033,04102,2020-05-20 00:00:00.0,MUNICIPALIDAD DE COQUIMBO,2020,20,INFORME FINAL DE INVESTIGACIÓN ESPECIAL N° 20_2020 MUNICIPALIDAD DE COQUIMBO EVENTUALES IRREGULARIDADES EN EL PAGO POR PROTOCOLIZACIÓN DE ESCRITURAS PROYECTO VALLE LA CANTERA.MAY2020,https://www.contraloria.cl/pdfbuscador/auditoria/351ed22a668e077e878e9664312400ff/html,04,COQUIMBO,https://www.contraloria.cl/SicaProd/SICAv3-BIFAPortalCGR/faces/newDetalleInforme?docIdcm=351ed22a668e077e878e9664312400ff,C,Informe de Investigación Especial,32604,https://www.contraloria.cl/SicaProd/SICAv3-BIFAPortalCGR/servletfichainformegoogle?docIdcm=351ed22a668e077e878e9664312400ff&pdf=1
72448,04102,2020-07-03 00:00:00.0,MUNICIPALIDAD DE COQUIMBO,2020,130,INFORME FINAL DE INVESTIGACIÓN ESPECIAL N° 130_2020 MUNICIPALIDAD DE COQUIMBO PRESUNTAS IRREGULARIDADES EN LA EJECUCIÓN DEL CONTRATO CONTRUCCIÓN SKATEPARK PLAZA LAS AMÉRICAS Y SKATEPARK RUTA 5.JUL2020,https://www.contraloria.cl/pdfbuscador/auditoria/d47e34a057f42409a180f82417d9f9a1/html,04,COQUIMBO,https://www.contraloria.cl/SicaProd/SICAv3-BIFAPortalCGR/faces/newDetalleInforme?docIdcm=d47e34a057f42409a180f82417d9f9a1,C,Informe de Investigación Especial,33037,https://www.contraloria.cl/SicaProd/SICAv3-BIFAPortalCGR/servletfichainformegoogle?docIdcm=d47e34a057f42409a180f82417d9f9a1&pdf=1
72305,04102,2020-06-01 00:00:00.0,MUNICIPALIDAD DE COQUIMBO,2020,157,"INFORME FINAL N° 157_2020 MUNICIPALIDAD DE COQUIMBO AUDITORÍA AL PRÉSTAMO DE REVITALIZACIÓN DE BARRIOS E INFRAESTRUCTURA PATRIMONIAL EMBLEMÁTICA, FINANCIADO CON RECURSOS DEL PRÉSTAMO INTERNACIONAL N° 3564.OC-CH.JUN2020",https://www.contraloria.cl/pdfbuscador/auditoria/d50258421dc26a92bc9944bfe60f6cda/html,04,COQUIMBO,https://www.contraloria.cl/SicaProd/SICAv3-BIFAPortalCGR/faces/newDetalleInforme?docIdcm=d50258421dc26a92bc9944bfe60f6cda,C,Informe Final de Auditoría,32725,https://www.contraloria.cl/SicaProd/SICAv3-BIFAPortalCGR/servletfichainformegoogle?docIdcm=d50258421dc26a92bc9944bfe60f6cda&pdf=1