IDACTIVIDAD,CODIGOSUBDERE,FECHAINFORME,NOMBRESERVICIO,ANOINFORME,NUMEROINFORME,MATERIAINFORME,FICHAINFORMEBIFA,C_REG_SUBDERE,NOMBRESUBDERE,FICHAINFORME,TIPOSUBDERE,TIPOINFORME,IDINFORME,PDFINFORME
25765,08102,2015-04-28 00:00:00.0,MUNICIPALIDAD DE CORONEL,2015,10,INFORME INVESTIGACION ESPECIAL 10 - 15 MUNICIPALIDAD DE CORONEL SOBRE PRESUNTAS IRREGULARIDADES - ABRIL 2015,https://www.contraloria.cl/pdfbuscador/auditoria/5bb09ab6ad092b8cf5b7d089faf5b77a/html,08,CORONEL,https://www.contraloria.cl/SicaProd/SICAv3-BIFAPortalCGR/faces/newDetalleInforme?docIdcm=5bb09ab6ad092b8cf5b7d089faf5b77a,C,Informe de Investigación Especial,13796,https://www.contraloria.cl/SicaProd/SICAv3-BIFAPortalCGR/servletfichainformegoogle?docIdcm=5bb09ab6ad092b8cf5b7d089faf5b77a&pdf=1
25744,08102,2015-01-29 00:00:00.0,MUNICIPALIDAD DE CORONEL,2015,43,INFORME INVESTIGACIÓN ESPECIAL 43-15 MUNICIPALIDAD DE CORONEL SOBRE EVENTUALES IRREGULARIDADES - ENERO 2015,https://www.contraloria.cl/pdfbuscador/auditoria/e6c1e30cc8512b3cefce7cf6335d314c/html,08,CORONEL,https://www.contraloria.cl/SicaProd/SICAv3-BIFAPortalCGR/faces/newDetalleInforme?docIdcm=e6c1e30cc8512b3cefce7cf6335d314c,C,Informe de Investigación Especial,13478,https://www.contraloria.cl/SicaProd/SICAv3-BIFAPortalCGR/servletfichainformegoogle?docIdcm=e6c1e30cc8512b3cefce7cf6335d314c&pdf=1
31941,08102,2015-11-27 00:00:00.0,MUNICIPALIDAD DE CORONEL,2015,827,INFORME INVESTIGACIÓN ESPECIAL 827 - 15 MUNICIPALIDAD DE CORONEL SOBRE PRESUNTAS ACTUACIONES IRREGULARES - NOVIEMBRE 2015,https://www.contraloria.cl/pdfbuscador/auditoria/5ef1f706e551562ac975cd4b14a855cd/html,08,CORONEL,https://www.contraloria.cl/SicaProd/SICAv3-BIFAPortalCGR/faces/newDetalleInforme?docIdcm=5ef1f706e551562ac975cd4b14a855cd,C,Informe de Investigación Especial,16356,https://www.contraloria.cl/SicaProd/SICAv3-BIFAPortalCGR/servletfichainformegoogle?docIdcm=5ef1f706e551562ac975cd4b14a855cd&pdf=1
33522,08102,2015-12-28 00:00:00.0,MUNICIPALIDAD DE CORONEL,2015,1166,INFORME INVESTIGACIÓN ESPECIAL 1166 - 15 MUNICIPALIDAD DE CORONEL SOBRE DETERMINACIÓN DEL SALDO INICIAL DE CAJA Y DEUDA EXIGIBLE - DICIEMBRE 2015,https://www.contraloria.cl/pdfbuscador/auditoria/38766815a91239320093f474e36d7eea/html,08,CORONEL,https://www.contraloria.cl/SicaProd/SICAv3-BIFAPortalCGR/faces/newDetalleInforme?docIdcm=38766815a91239320093f474e36d7eea,C,Informe de Investigación Especial,16915,https://www.contraloria.cl/SicaProd/SICAv3-BIFAPortalCGR/servletfichainformegoogle?docIdcm=38766815a91239320093f474e36d7eea&pdf=1
34797,08102,2016-09-12 00:00:00.0,MUNICIPALIDAD DE CORONEL,2016,171,INFORME FINAL 171-16 MUNICIPALIDAD DE CORONEL SOBRE AUDITORÍA AL PROCESO DE ABASTECIMIENTO - SEPTIEMBRE 2016,https://www.contraloria.cl/pdfbuscador/auditoria/21bf28b4edfc21cacc68fe0cc196e3fd/html,08,CORONEL,https://www.contraloria.cl/SicaProd/SICAv3-BIFAPortalCGR/faces/newDetalleInforme?docIdcm=21bf28b4edfc21cacc68fe0cc196e3fd,C,Informe Final de Auditoría,18877,https://www.contraloria.cl/SicaProd/SICAv3-BIFAPortalCGR/servletfichainformegoogle?docIdcm=21bf28b4edfc21cacc68fe0cc196e3fd&pdf=1
37516,08102,2016-10-24 00:00:00.0,MUNICIPALIDAD DE CORONEL,2016,623,INFORME INVESTIGACIÓN ESPECIAL 623-16 MUNICIPALIDAD DE CORONEL- SOBRE PRESUNTAS IRREGULARIDADES ACONTECIDAS EN LA MUNICIPALIDAD - NOVIEMBRE 2016,https://www.contraloria.cl/pdfbuscador/auditoria/e2a7eeb8172a2a86da6988278bb3e3e0/html,08,CORONEL,https://www.contraloria.cl/SicaProd/SICAv3-BIFAPortalCGR/faces/newDetalleInforme?docIdcm=e2a7eeb8172a2a86da6988278bb3e3e0,C,Informe de Investigación Especial,19288,https://www.contraloria.cl/SicaProd/SICAv3-BIFAPortalCGR/servletfichainformegoogle?docIdcm=e2a7eeb8172a2a86da6988278bb3e3e0&pdf=1
46772,08102,2018-05-03 00:00:00.0,MUNICIPALIDAD DE CORONEL,2017,898,"INFORME FINAL 898-17 MUNICIPALIDAD DE CORONEL AUDITORÍA A LOS MACROPROCESOS DE FINANZAS, ADQUISICIONES DE BIENES Y SERVICIOS Y CONTRATACIÓN A HONORARIO - MAYO 2018",https://www.contraloria.cl/pdfbuscador/auditoria/0d0179913a7620828d3d4946186e9bdf/html,08,CORONEL,https://www.contraloria.cl/SicaProd/SICAv3-BIFAPortalCGR/faces/newDetalleInforme?docIdcm=0d0179913a7620828d3d4946186e9bdf,C,Informe Final de Auditoría,24101,https://www.contraloria.cl/SicaProd/SICAv3-BIFAPortalCGR/servletfichainformegoogle?docIdcm=0d0179913a7620828d3d4946186e9bdf&pdf=1
52306,08102,2018-12-27 00:00:00.0,MUNICIPALIDAD DE CORONEL,2018,679,INFORME FINAL 679 -18 MUNICIPALIDAD DE CORONEL SOBRE AUDITORÍA AL PROGRAMA DE MEJORAMIENTO URBANO Y EQUIPAMIENTO COMUNAL - DICIEMBRE 2018,https://www.contraloria.cl/pdfbuscador/auditoria/c47d0cb16aa49238190bda5ea7799762/html,08,CORONEL,https://www.contraloria.cl/SicaProd/SICAv3-BIFAPortalCGR/faces/newDetalleInforme?docIdcm=c47d0cb16aa49238190bda5ea7799762,C,Informe Final de Auditoría,27164,https://www.contraloria.cl/SicaProd/SICAv3-BIFAPortalCGR/servletfichainformegoogle?docIdcm=c47d0cb16aa49238190bda5ea7799762&pdf=1
56663,08102,2019-07-12 00:00:00.0,MUNICIPALIDAD DE CORONEL,2019,159,INFORME DE INSPECCIÓN OBRA PÚBLICA 159-19 MUNICIPALIDAD DE CORONEL SOBRE OBRA CONSTRUCCIÓN EDIFICIO CONSISTORIAL DE CORONEL - JULIO 2019,https://www.contraloria.cl/pdfbuscador/auditoria/b2b9db71af85a537ddaae6c69d5ed57f/html,08,CORONEL,https://www.contraloria.cl/SicaProd/SICAv3-BIFAPortalCGR/faces/newDetalleInforme?docIdcm=b2b9db71af85a537ddaae6c69d5ed57f,C,Informe de Inspección de Obra Pública,29386,https://www.contraloria.cl/SicaProd/SICAv3-BIFAPortalCGR/servletfichainformegoogle?docIdcm=b2b9db71af85a537ddaae6c69d5ed57f&pdf=1
58391,08102,2020-02-26 00:00:00.0,DEPARTAMENTO DE ADMINISTRACION DE EDUCACION MUNICIPAL DE CORONEL,2019,558,INFORME INVESTIGACIÓN ESPECIAL 558- DAEM MUNICIPALIDAD DE CORONEL SOBRE PRESUNTAS IRREGULARIDADES EN PROCESOS LICITATORIOS - FEBRERO 2020,https://www.contraloria.cl/pdfbuscador/auditoria/6bb00e1e9842e08e9e5f9d8a0a4e1a8c/html,08,CORONEL,https://www.contraloria.cl/SicaProd/SICAv3-BIFAPortalCGR/faces/newDetalleInforme?docIdcm=6bb00e1e9842e08e9e5f9d8a0a4e1a8c,C,Informe de Investigación Especial,31648,https://www.contraloria.cl/SicaProd/SICAv3-BIFAPortalCGR/servletfichainformegoogle?docIdcm=6bb00e1e9842e08e9e5f9d8a0a4e1a8c&pdf=1
58098,08102,2019-11-27 00:00:00.0,MUNICIPALIDAD DE CORONEL,2019,562,INFORME FINAL 562-19 MUNICIPALIDAD DE CORONEL AUDITORÍA A LAS ACCIONES EN GESTIÓN Y CONTROL DE LA CONCESIÓN DEL SERVICIO DE EXTRACCIÓN DE RESIDUOS DOMICILIARIOS- NOVIEMBRE 2019,https://www.contraloria.cl/pdfbuscador/auditoria/cb47c1b9ed9812342d18ed4cfa67aaf0/html,08,CORONEL,https://www.contraloria.cl/SicaProd/SICAv3-BIFAPortalCGR/faces/newDetalleInforme?docIdcm=cb47c1b9ed9812342d18ed4cfa67aaf0,C,Informe Final de Auditoría,30449,https://www.contraloria.cl/SicaProd/SICAv3-BIFAPortalCGR/servletfichainformegoogle?docIdcm=cb47c1b9ed9812342d18ed4cfa67aaf0&pdf=1
59271,08102,2019-12-27 00:00:00.0,MUNICIPALIDAD DE CORONEL,2019,675,INFORME INVESTIGACIÓN ESPECIAL 675-19 DAEM MUNICIPALIDAD DE CORONEL SOBRE DIVERSAS CONTRATACONES DE PERSONAL - DICIEMBRE 2019,https://www.contraloria.cl/pdfbuscador/auditoria/869daa6d182a95303080aaf3f685f63b/html,08,CORONEL,https://www.contraloria.cl/SicaProd/SICAv3-BIFAPortalCGR/faces/newDetalleInforme?docIdcm=869daa6d182a95303080aaf3f685f63b,C,Informe de Investigación Especial,30786,https://www.contraloria.cl/SicaProd/SICAv3-BIFAPortalCGR/servletfichainformegoogle?docIdcm=869daa6d182a95303080aaf3f685f63b&pdf=1