IDACTIVIDAD,CODIGOSUBDERE,FECHAINFORME,NOMBRESERVICIO,ANOINFORME,NUMEROINFORME,MATERIAINFORME,FICHAINFORMEBIFA,C_REG_SUBDERE,NOMBRESUBDERE,FICHAINFORME,TIPOSUBDERE,TIPOINFORME,IDINFORME,PDFINFORME
28128,11101,2015-05-25 00:00:00.0,MUNICIPALIDAD DE COYHAIQUE,2015,128,INFORME DE INVESTIGACION ESPECIAL 128-15-MUNICIPALIDAD DE COYHAIQUE- SOBRE EVENTUAL DUPLICIDAD DE PAGO EN LA MUNICIPALIDAD DE COYHAIQUE-MAYO 2015,https://www.contraloria.cl/pdfbuscador/auditoria/98dda6b9a6e322a151c2abc26406da03/html,11,COYHAIQUE,https://www.contraloria.cl/SicaProd/SICAv3-BIFAPortalCGR/faces/newDetalleInforme?docIdcm=98dda6b9a6e322a151c2abc26406da03,C,Informe de Investigación Especial,13896,https://www.contraloria.cl/SicaProd/SICAv3-BIFAPortalCGR/servletfichainformegoogle?docIdcm=98dda6b9a6e322a151c2abc26406da03&pdf=1
31004,11101,2015-08-25 00:00:00.0,MUNICIPALIDAD DE COYHAIQUE,2015,637,INFORME FINAL 637-15-MUNICIPALIDAD DE COYHAIQUE-SOBRE AUDITORIA A LOS RECURSOS TRANSFERIDOS POR CONCEPTO DE LAS OPERACIONES DE CASINOS Y LA INVERSIÓN DE LOS MISMOS DURANTE EL AÑO 2014-AGOSTO 2015,https://www.contraloria.cl/pdfbuscador/auditoria/68f687cfb3b590d783cb7593f9f4f139/html,11,COYHAIQUE,https://www.contraloria.cl/SicaProd/SICAv3-BIFAPortalCGR/faces/newDetalleInforme?docIdcm=68f687cfb3b590d783cb7593f9f4f139,C,Informe Final de Auditoría,14630,https://www.contraloria.cl/SicaProd/SICAv3-BIFAPortalCGR/servletfichainformegoogle?docIdcm=68f687cfb3b590d783cb7593f9f4f139&pdf=1
34879,11101,2016-08-31 00:00:00.0,MUNICIPALIDAD DE COYHAIQUE,2016,523,INFORME FINAL N°523-16 -MUNICIPALIDAD DE COYHAIQUE- SOBRE AUDITORÍA DE INVERSIÓN EN INFRAESTRUCTURA- AGOSTO 2016 ,https://www.contraloria.cl/pdfbuscador/auditoria/f6b68580e5e9de1c80f34d204b0e0936/html,11,COYHAIQUE,https://www.contraloria.cl/SicaProd/SICAv3-BIFAPortalCGR/faces/newDetalleInforme?docIdcm=f6b68580e5e9de1c80f34d204b0e0936,C,Informe Final de Auditoría,18715,https://www.contraloria.cl/SicaProd/SICAv3-BIFAPortalCGR/servletfichainformegoogle?docIdcm=f6b68580e5e9de1c80f34d204b0e0936&pdf=1
34759,11101,2016-11-29 00:00:00.0,MUNICIPALIDAD DE COYHAIQUE,2016,675,"INFORME FINAL N°675-16 SOBRE AUDITORÍA AL USO DE BIENES, VEHÍCULOS Y RECURSOS FINANCIEROS EN AÑO DE ELECCIONES - MUNICIPALIDAD DE COYHAIQUE - NOVIEMBRE 2016",https://www.contraloria.cl/pdfbuscador/auditoria/06339977797050139de321e01543e8d8/html,11,COYHAIQUE,https://www.contraloria.cl/SicaProd/SICAv3-BIFAPortalCGR/faces/newDetalleInforme?docIdcm=06339977797050139de321e01543e8d8,C,Informe Final de Auditoría,19630,https://www.contraloria.cl/SicaProd/SICAv3-BIFAPortalCGR/servletfichainformegoogle?docIdcm=06339977797050139de321e01543e8d8&pdf=1
38296,11101,2016-12-02 00:00:00.0,DEPARTAMENTO DE EDUCACION DE COYHAIQUE,2016,936,"INFORME FINAL DE INVESTIGACIÓN ESPECIAL N° 936-2016, SOBRE EVENTUALES IRREGULARIDADES ADMINISTRATIVAS EN LA DIRECCIÓN DE EDUCACIÓN DE LA MUNICIPALIDAD DE COYHAIQUE",https://www.contraloria.cl/pdfbuscador/auditoria/89488580436d4ec8c20a58705c59406b/html,11,COYHAIQUE,https://www.contraloria.cl/SicaProd/SICAv3-BIFAPortalCGR/faces/newDetalleInforme?docIdcm=89488580436d4ec8c20a58705c59406b,C,Informe de Investigación Especial,19675,https://www.contraloria.cl/SicaProd/SICAv3-BIFAPortalCGR/servletfichainformegoogle?docIdcm=89488580436d4ec8c20a58705c59406b&pdf=1
41353,11101,2017-12-07 00:00:00.0,MUNICIPALIDAD DE COYHAIQUE,2017,820,INFORME FINAL N° 820 -2017 MUNICIPALIDAD DE COYHAIQUE SOBRE AUDITORÍA AL MACROPROCESO DE CONCESIÓN DEL SERVICIO DE ASEO DICIEMBRE -2017,https://www.contraloria.cl/pdfbuscador/auditoria/b4eb77ba395c4f6cca83a7394bb7c904/html,11,COYHAIQUE,https://www.contraloria.cl/SicaProd/SICAv3-BIFAPortalCGR/faces/newDetalleInforme?docIdcm=b4eb77ba395c4f6cca83a7394bb7c904,C,Informe Final de Auditoría,22304,https://www.contraloria.cl/SicaProd/SICAv3-BIFAPortalCGR/servletfichainformegoogle?docIdcm=b4eb77ba395c4f6cca83a7394bb7c904&pdf=1
41443,11101,2017-12-26 00:00:00.0,DEPARTAMENTO DE EDUCACION DE COYHAIQUE,2017,993,"INFORME FINAL 993-17 MUNICIPALIDAD DE COYHAIQUE AUDITORÍA A LOS RECURSOS DE LA LEY N°20.248, SUBVENCIÓN ESCOLAR PREFERENCIAL, EN EL DEPARTAMENTO DE EDUCACIÓN MUNICIPAL DE COYHAIQUE - DICIEMBRE 2017",https://www.contraloria.cl/pdfbuscador/auditoria/e82b32d0139eef7a66b486b11df493e5/html,11,COYHAIQUE,https://www.contraloria.cl/SicaProd/SICAv3-BIFAPortalCGR/faces/newDetalleInforme?docIdcm=e82b32d0139eef7a66b486b11df493e5,C,Informe Final de Auditoría,22530,https://www.contraloria.cl/SicaProd/SICAv3-BIFAPortalCGR/servletfichainformegoogle?docIdcm=e82b32d0139eef7a66b486b11df493e5&pdf=1
47885,11101,2019-12-30 00:00:00.0,MUNICIPALIDAD DE COYHAIQUE,2018,80,"INFORME FINAL DE INVESTIGACIÓN ESPECIAL N° 80, DE 2018, MUNICIPALIDAD DE COYHAIQUE SOBRE DIVERSAS IRREGULARIDADES EN CONTRATACIONES Y EVENTUALES CONFLICTOS DE INTERÉS - DICIEMBRE 2019",https://www.contraloria.cl/pdfbuscador/auditoria/aac52f322deb845cbec01cf46c91638e/html,11,COYHAIQUE,https://www.contraloria.cl/SicaProd/SICAv3-BIFAPortalCGR/faces/newDetalleInforme?docIdcm=aac52f322deb845cbec01cf46c91638e,C,Informe de Investigación Especial,30834,https://www.contraloria.cl/SicaProd/SICAv3-BIFAPortalCGR/servletfichainformegoogle?docIdcm=aac52f322deb845cbec01cf46c91638e&pdf=1
49740,11101,2018-12-10 00:00:00.0,CORPORACION CULTURAL MUNICIPAL COYHAIQUE,2018,352,"INFORME FINAL DE INVESTIGACIÓN ESPECIAL N° 352, DE 2018, SOBRE EVENTUALES IRREGULARIDADES EN LA CORPORACIÓN CULTURAL MUNICIPAL DE COYHAIQUE Y LA MUNICIPALIDAD DE COYHAIQUE",https://www.contraloria.cl/pdfbuscador/auditoria/65a81a87804f88f489327476aa6e9738/html,11,COYHAIQUE,https://www.contraloria.cl/SicaProd/SICAv3-BIFAPortalCGR/faces/newDetalleInforme?docIdcm=65a81a87804f88f489327476aa6e9738,C,Informe de Investigación Especial,26825,https://www.contraloria.cl/SicaProd/SICAv3-BIFAPortalCGR/servletfichainformegoogle?docIdcm=65a81a87804f88f489327476aa6e9738&pdf=1
53277,11101,2019-02-08 00:00:00.0,MUNICIPALIDAD DE COYHAIQUE,2018,1046,"INFORME FINAL N° 1.046, DE 2018, SOBRE INSPECCIÓN A LA OBRA ""REPOSICIÓN SEDE GABRIELA MISTRAL"" EJECUTADA POR LA MUNICIPALIDAD DE COYHAIQUE.",https://www.contraloria.cl/pdfbuscador/auditoria/775310fbda0213804eddcd6c61aed70d/html,11,COYHAIQUE,https://www.contraloria.cl/SicaProd/SICAv3-BIFAPortalCGR/faces/newDetalleInforme?docIdcm=775310fbda0213804eddcd6c61aed70d,C,Informe de Inspección de Obra Pública,27805,https://www.contraloria.cl/SicaProd/SICAv3-BIFAPortalCGR/servletfichainformegoogle?docIdcm=775310fbda0213804eddcd6c61aed70d&pdf=1
53279,11101,2019-04-12 00:00:00.0,MUNICIPALIDAD DE COYHAIQUE,2019,18,"INFORME FINAL N° 18, DE 2019, SOBRE INSPECCIÓN A LA OBRA: REPOSICIÓN PLAZA ANGOL, COYHAIQUE, EJECUTADA POR LA MUNICIPALIDAD DE COYHAIQUE.",https://www.contraloria.cl/pdfbuscador/auditoria/3577ef02d2df96788c61031701896607/html,11,COYHAIQUE,https://www.contraloria.cl/SicaProd/SICAv3-BIFAPortalCGR/faces/newDetalleInforme?docIdcm=3577ef02d2df96788c61031701896607,C,Informe de Inspección de Obra Pública,28863,https://www.contraloria.cl/SicaProd/SICAv3-BIFAPortalCGR/servletfichainformegoogle?docIdcm=3577ef02d2df96788c61031701896607&pdf=1
58284,11101,2019-12-20 00:00:00.0,MUNICIPALIDAD DE COYHAIQUE,2019,833,"Informe Final N°833, de 2019, sobre auditoria a los proceso de ingresos percibidos en el marco de contratos de concesion, y por el impuesto a las sociedades operadoras de casinos de juego destinados al financiamiento de obras de desarrollo en la Municipalidad de Coyhaique",https://www.contraloria.cl/pdfbuscador/auditoria/3c8cef9b166d293eef76dd45164886e4/html,11,COYHAIQUE,https://www.contraloria.cl/SicaProd/SICAv3-BIFAPortalCGR/faces/newDetalleInforme?docIdcm=3c8cef9b166d293eef76dd45164886e4,C,Informe Final de Auditoría,30627,https://www.contraloria.cl/SicaProd/SICAv3-BIFAPortalCGR/servletfichainformegoogle?docIdcm=3c8cef9b166d293eef76dd45164886e4&pdf=1
59337,11101,2020-04-23 00:00:00.0,MUNICIPALIDAD DE COYHAIQUE,2019,1070,"INFORME FINAL DE OBSERVACIONES N° 1070, DE 2019, SOBRE INSPECCIÓN A LA OBRA DEL CONTRATO CONSERVACIÓN DIVERSAS VÍAS URBANAS CIUDAD DE COYHAIQUE, A CARGO DE LA MUNICIPALIDAD DE COYHAIQUE.",https://www.contraloria.cl/pdfbuscador/auditoria/c46983aacb758fbd1488e5df8a86579c/html,11,COYHAIQUE,https://www.contraloria.cl/SicaProd/SICAv3-BIFAPortalCGR/faces/newDetalleInforme?docIdcm=c46983aacb758fbd1488e5df8a86579c,C,Informe de Inspección de Obra Pública,32365,https://www.contraloria.cl/SicaProd/SICAv3-BIFAPortalCGR/servletfichainformegoogle?docIdcm=c46983aacb758fbd1488e5df8a86579c&pdf=1