IDACTIVIDAD,CODIGOSUBDERE,FECHAINFORME,NOMBRESERVICIO,ANOINFORME,NUMEROINFORME,MATERIAINFORME,FICHAINFORMEBIFA,C_REG_SUBDERE,NOMBRESUBDERE,FICHAINFORME,TIPOSUBDERE,TIPOINFORME,IDINFORME,PDFINFORME
28976,09103,2015-05-26 00:00:00.0,MUNICIPALIDAD DE CUNCO,2015,215,"INFORME INVESTIGACIÓN ESPECIAL 215-15 MUNICIPALIDAD DE CUNCO, SOBRE EVENTUALES IRREGULARIDADES EN PROVISIÓN CARGO DE CONTROL-MAYO 2015",https://www.contraloria.cl/pdfbuscador/auditoria/96d116ed35811c878bcce1c3e144583e/html,09,CUNCO,https://www.contraloria.cl/SicaProd/SICAv3-BIFAPortalCGR/faces/newDetalleInforme?docIdcm=96d116ed35811c878bcce1c3e144583e,C,Informe de Investigación Especial,13945,https://www.contraloria.cl/SicaProd/SICAv3-BIFAPortalCGR/servletfichainformegoogle?docIdcm=96d116ed35811c878bcce1c3e144583e&pdf=1
29630,09103,2015-06-22 00:00:00.0,MUNICIPALIDAD DE CUNCO,2015,432,"INFORME INVESTIGACIÓN ESPECIAL 432-15 MUNICIPALIDAD DE CUNCO, SOBRE VARIAS Y EVENTUALES IRREGULARIDADES EN MUNICIPIO-JUNIO 2015",https://www.contraloria.cl/pdfbuscador/auditoria/34e0fd2f79857084dc5892de310d694e/html,09,CUNCO,https://www.contraloria.cl/SicaProd/SICAv3-BIFAPortalCGR/faces/newDetalleInforme?docIdcm=34e0fd2f79857084dc5892de310d694e,C,Informe de Investigación Especial,14150,https://www.contraloria.cl/SicaProd/SICAv3-BIFAPortalCGR/servletfichainformegoogle?docIdcm=34e0fd2f79857084dc5892de310d694e&pdf=1
28756,09103,2015-08-21 00:00:00.0,MUNICIPALIDAD DE CUNCO,2015,504,INFORME FINAL 504-15 MUNICIPALIDAD DE CUNCO - SOBRE AUDITORIA A LAS CONTRATACIONES DE HONORARIOS EN PROGRAMAS COMUNITARIOS-AGOSTO 2015,https://www.contraloria.cl/pdfbuscador/auditoria/d9d125ed403ab8ed20686bc7e7beb9f6/html,09,CUNCO,https://www.contraloria.cl/SicaProd/SICAv3-BIFAPortalCGR/faces/newDetalleInforme?docIdcm=d9d125ed403ab8ed20686bc7e7beb9f6,C,Informe Final de Auditoría,14631,https://www.contraloria.cl/SicaProd/SICAv3-BIFAPortalCGR/servletfichainformegoogle?docIdcm=d9d125ed403ab8ed20686bc7e7beb9f6&pdf=1
43026,09103,2017-05-26 00:00:00.0,MUNICIPALIDAD DE CUNCO,2017,240,"INFORME DE INVESTIGACIÓN ESPECIAL 240-17 MUNICIPALIDAD DE CUNCO, SOBRE DONACIONES DE LA EMPRESA ELÉCTRICA CAREN S.A-MAYO DEL 2017",https://www.contraloria.cl/pdfbuscador/auditoria/f05accc461b29bfa89a2ad08851780fc/html,09,CUNCO,https://www.contraloria.cl/SicaProd/SICAv3-BIFAPortalCGR/faces/newDetalleInforme?docIdcm=f05accc461b29bfa89a2ad08851780fc,C,Informe de Investigación Especial,21072,https://www.contraloria.cl/SicaProd/SICAv3-BIFAPortalCGR/servletfichainformegoogle?docIdcm=f05accc461b29bfa89a2ad08851780fc&pdf=1
51039,09103,2018-10-03 00:00:00.0,MUNICIPALIDAD DE CUNCO,2018,358,"INFORME DE INVESTIGACIÓN ESPECIAL 358-18 MUNICIPALIDAD DE CUNCO, SOBRE GIRA TÉCNICA REALIZADA POR CONCEJALES- OCTUBRE 2018",https://www.contraloria.cl/pdfbuscador/auditoria/976e6294369b835f6ec3f954e7256fb3/html,09,CUNCO,https://www.contraloria.cl/SicaProd/SICAv3-BIFAPortalCGR/faces/newDetalleInforme?docIdcm=976e6294369b835f6ec3f954e7256fb3,C,Informe de Investigación Especial,26181,https://www.contraloria.cl/SicaProd/SICAv3-BIFAPortalCGR/servletfichainformegoogle?docIdcm=976e6294369b835f6ec3f954e7256fb3&pdf=1