IDACTIVIDAD,CODIGOSUBDERE,FECHAINFORME,NOMBRESERVICIO,ANOINFORME,NUMEROINFORME,MATERIAINFORME,FICHAINFORMEBIFA,C_REG_SUBDERE,NOMBRESUBDERE,FICHAINFORME,TIPOSUBDERE,TIPOINFORME,IDINFORME,PDFINFORME
28549,08205,2015-07-30 00:00:00.0,MUNICIPALIDAD DE CURANILAHUE,2015,415,INFORME FINAL 415-15 MUNICIPALIDAD DE CURANILAHUE PROGRAMA CONTRATACIONES A HONORARIOS - JULIO 2015,https://www.contraloria.cl/pdfbuscador/auditoria/25c15f43cb158750e3414bd10ad9b667/html,08,CURANILAHUE,https://www.contraloria.cl/SicaProd/SICAv3-BIFAPortalCGR/faces/newDetalleInforme?docIdcm=25c15f43cb158750e3414bd10ad9b667,C,Informe Final de Auditoría,14421,https://www.contraloria.cl/SicaProd/SICAv3-BIFAPortalCGR/servletfichainformegoogle?docIdcm=25c15f43cb158750e3414bd10ad9b667&pdf=1
30909,08205,2015-07-21 00:00:00.0,MUNICIPALIDAD DE CURANILAHUE,2015,489,INFORME INVESTIGACIÓN ESPECIAL 489 - 15 MUNICIPALIDAD DE CURANILAHUE RELATIVA A PRESUNTAS IRREGULARIDADES EN GASTOS DE PUBLICIDAD  - JUNIO 2015,https://www.contraloria.cl/pdfbuscador/auditoria/7be8ebdf354ed4e411bfac7f54ac7ec2/html,08,CURANILAHUE,https://www.contraloria.cl/SicaProd/SICAv3-BIFAPortalCGR/faces/newDetalleInforme?docIdcm=7be8ebdf354ed4e411bfac7f54ac7ec2,C,Informe de Investigación Especial,14336,https://www.contraloria.cl/SicaProd/SICAv3-BIFAPortalCGR/servletfichainformegoogle?docIdcm=7be8ebdf354ed4e411bfac7f54ac7ec2&pdf=1
40379,08205,2017-10-16 00:00:00.0,MUNICIPALIDAD DE CURANILAHUE,2017,317,INFORME INVESTIGACIÓN ESPECIAL 317-17 MUNICIPALIDAD DE CURANILAHUE SOBRE PRESUNTAS ACTUACIONES IRREGULARES EN EJECUCIÓN DE OBRAS - OCTUBRE 2017,https://www.contraloria.cl/pdfbuscador/auditoria/05c2bbf5d6229c88411b9787aafc8e8b/html,08,CURANILAHUE,https://www.contraloria.cl/SicaProd/SICAv3-BIFAPortalCGR/faces/newDetalleInforme?docIdcm=05c2bbf5d6229c88411b9787aafc8e8b,C,Informe de Investigación Especial,21925,https://www.contraloria.cl/SicaProd/SICAv3-BIFAPortalCGR/servletfichainformegoogle?docIdcm=05c2bbf5d6229c88411b9787aafc8e8b&pdf=1
51875,08205,2018-12-10 00:00:00.0,MUNICIPALIDAD DE CURANILAHUE,2018,590,INFORME FINAL 590 -18 MUNICIPALIDAD DE CURANILAHUE AUDITORÍA AL PROGRAMA DE MEJORAMIENTO URBANO Y EQUIPAMIENTO COMUNAL - DICIEMBRE 2018,https://www.contraloria.cl/pdfbuscador/auditoria/195fc7cc8112ee1dd6ab67b16e99ec55/html,08,CURANILAHUE,https://www.contraloria.cl/SicaProd/SICAv3-BIFAPortalCGR/faces/newDetalleInforme?docIdcm=195fc7cc8112ee1dd6ab67b16e99ec55,C,Informe Final de Auditoría,26849,https://www.contraloria.cl/SicaProd/SICAv3-BIFAPortalCGR/servletfichainformegoogle?docIdcm=195fc7cc8112ee1dd6ab67b16e99ec55&pdf=1
66858,08205,2020-05-05 00:00:00.0,MUNICIPALIDAD DE CURANILAHUE,2019,751,INFORME INVESTIACIÓN ESPECIAL 751-19 DAEM MUNICIPALIDAD DE CURANILAHUE SOBRE PRESUNTAS IRREGULARIDADES EN EL PAGO DE HORAS DE HORAS EXTRAORDINARIAS - MAYO 2020,https://www.contraloria.cl/pdfbuscador/auditoria/46473186f9fcaeaab38105a2cfea8af5/html,08,CURANILAHUE,https://www.contraloria.cl/SicaProd/SICAv3-BIFAPortalCGR/faces/newDetalleInforme?docIdcm=46473186f9fcaeaab38105a2cfea8af5,C,Informe de Investigación Especial,32426,https://www.contraloria.cl/SicaProd/SICAv3-BIFAPortalCGR/servletfichainformegoogle?docIdcm=46473186f9fcaeaab38105a2cfea8af5&pdf=1