IDACTIVIDAD,CODIGOSUBDERE,FECHAINFORME,NOMBRESERVICIO,ANOINFORME,NUMEROINFORME,MATERIAINFORME,FICHAINFORMEBIFA,C_REG_SUBDERE,NOMBRESUBDERE,FICHAINFORME,TIPOSUBDERE,TIPOINFORME,IDINFORME,PDFINFORME
28047,13503,2015-10-06 00:00:00.0,MUNICIPALIDAD DE CURACAVI,2015,160,INFORME FINAL 160-15 MUNICIPALIDAD DE CURACAVI SOBRE AUDITORIA A LOS CONTRATOS DE OBRA FINANCIADOS CON RECURSOS DEL FONDO REGIONAL DE INICIATIVA LOCAL LICITADOS DURANTE EL AÑO 2013  - OCTUBRE 2015,https://www.contraloria.cl/pdfbuscador/auditoria/287b6b72badfdda0d13319e408848950/html,13,CURACAVI,https://www.contraloria.cl/SicaProd/SICAv3-BIFAPortalCGR/faces/newDetalleInforme?docIdcm=287b6b72badfdda0d13319e408848950,C,Informe Final de Auditoría,15416,https://www.contraloria.cl/SicaProd/SICAv3-BIFAPortalCGR/servletfichainformegoogle?docIdcm=287b6b72badfdda0d13319e408848950&pdf=1
28586,13503,2015-10-13 00:00:00.0,MUNICIPALIDAD DE CURACAVI,2015,654,INFORME FINAL 654-15 MUNICIPALIDAD DE CURACAVI - SOBRE AUDITORIA A LAS CONTRATACIONES DE HONORARIOS EN PROGRAMAS COMUNITARIOS - OCTUBRE 2015,https://www.contraloria.cl/pdfbuscador/auditoria/bed158cacd4e6a392106da0a0718a923/html,13,CURACAVI,https://www.contraloria.cl/SicaProd/SICAv3-BIFAPortalCGR/faces/newDetalleInforme?docIdcm=bed158cacd4e6a392106da0a0718a923,C,Informe Final de Auditoría,15082,https://www.contraloria.cl/SicaProd/SICAv3-BIFAPortalCGR/servletfichainformegoogle?docIdcm=bed158cacd4e6a392106da0a0718a923&pdf=1
33105,13503,2016-10-04 00:00:00.0,MUNICIPALIDAD DE CURACAVI,2015,1272,INFORME FINAL 1272-15 INSPECCIÓN  A LAS OBRAS ASOCIADAS A LA EJECUCIÓN PROYECTO CARPETA ASFÁLTICA MUNICIPALIDAD DE CURACAVÍ,https://www.contraloria.cl/pdfbuscador/auditoria/878b2c549c62f0dc65dfddcc570b8328/html,13,CURACAVI,https://www.contraloria.cl/SicaProd/SICAv3-BIFAPortalCGR/faces/newDetalleInforme?docIdcm=878b2c549c62f0dc65dfddcc570b8328,C,Informe de Inspección de Obra Pública,19581,https://www.contraloria.cl/SicaProd/SICAv3-BIFAPortalCGR/servletfichainformegoogle?docIdcm=878b2c549c62f0dc65dfddcc570b8328&pdf=1
53380,13503,2018-12-24 00:00:00.0,MUNICIPALIDAD DE CURACAVI,2018,817,INFORME FINAL N°817_2018 MUNICIPALIDAD DE CURACAVÍ AUDITORIA A LOS CONTRATOS DE OBRAS EJECUTADOS DURANTE EL AÑO 2017 - DICIEMBRE 2018,https://www.contraloria.cl/pdfbuscador/auditoria/1915dbf9c55eef447bd405f7157f4d36/html,13,CURACAVI,https://www.contraloria.cl/SicaProd/SICAv3-BIFAPortalCGR/faces/newDetalleInforme?docIdcm=1915dbf9c55eef447bd405f7157f4d36,C,Informe Final de Auditoría,27150,https://www.contraloria.cl/SicaProd/SICAv3-BIFAPortalCGR/servletfichainformegoogle?docIdcm=1915dbf9c55eef447bd405f7157f4d36&pdf=1
52223,13503,2019-02-11 00:00:00.0,MUNICIPALIDAD DE CURACAVI,2018,951,INFORME FINAL N° 951 DE 2018 MUNICIPALIDAD DE CURACAVÍ SOBRE MEJORAMIENTO GIMNASIO MUNICIPAL EJECUTADO POR LA MUNICIPALIDAD DE CURACAVÍ - FEBRERO 2019,https://www.contraloria.cl/pdfbuscador/auditoria/3219748b871efb87ef9537f8c7f492b9/html,13,CURACAVI,https://www.contraloria.cl/SicaProd/SICAv3-BIFAPortalCGR/faces/newDetalleInforme?docIdcm=3219748b871efb87ef9537f8c7f492b9,C,Informe de Inspección de Obra Pública,27670,https://www.contraloria.cl/SicaProd/SICAv3-BIFAPortalCGR/servletfichainformegoogle?docIdcm=3219748b871efb87ef9537f8c7f492b9&pdf=1
56867,13503,2019-09-11 00:00:00.0,MUNICIPALIDAD DE CURACAVI,2019,450,INFORME FINAL N° 450-2019 - MUNICIPALIDAD DE CURACAVI - SOBRE AUDITORIA AL MACROPROCESO DE INGRESOS PROPIOS - SEPTIEMBRE 2019,https://www.contraloria.cl/pdfbuscador/auditoria/49a71dcdb4a8cd557213822abe5d1add/html,13,CURACAVI,https://www.contraloria.cl/SicaProd/SICAv3-BIFAPortalCGR/faces/newDetalleInforme?docIdcm=49a71dcdb4a8cd557213822abe5d1add,C,Informe Final de Auditoría,29876,https://www.contraloria.cl/SicaProd/SICAv3-BIFAPortalCGR/servletfichainformegoogle?docIdcm=49a71dcdb4a8cd557213822abe5d1add&pdf=1