IDACTIVIDAD,CODIGOSUBDERE,FECHAINFORME,NOMBRESERVICIO,ANOINFORME,NUMEROINFORME,MATERIAINFORME,FICHAINFORMEBIFA,C_REG_SUBDERE,NOMBRESUBDERE,FICHAINFORME,TIPOSUBDERE,TIPOINFORME,IDINFORME,PDFINFORME
24998,07301,2015-08-05 00:00:00.0,MUNICIPALIDAD DE CURICO,2015,217,INFORME DE INVESTIGACION ESPECIAL 217-15 MUNICIPALIDAD DE CURICO IRREGULARIDADES EN EL PAGO DE COMETIDOS A CONCEJALES DE CURICO - AGOSTO 2015,https://www.contraloria.cl/pdfbuscador/auditoria/4c4317838ebfe27d634e6a941cf733f2/html,07,CURICO,https://www.contraloria.cl/SicaProd/SICAv3-BIFAPortalCGR/faces/newDetalleInforme?docIdcm=4c4317838ebfe27d634e6a941cf733f2,C,Informe de Investigación Especial,14489,https://www.contraloria.cl/SicaProd/SICAv3-BIFAPortalCGR/servletfichainformegoogle?docIdcm=4c4317838ebfe27d634e6a941cf733f2&pdf=1
31192,07301,2015-07-29 00:00:00.0,MUNICIPALIDAD DE CURICO,2015,644,INFORME DE INVESTIGACION ESPECIAL 644-15 MUNICIPALIDAD DE CURICO IRREGULARIDAD EN PROYECTO - JULIO 2015,https://www.contraloria.cl/pdfbuscador/auditoria/bad48aba46a6a66e98df4f002ce21327/html,07,CURICO,https://www.contraloria.cl/SicaProd/SICAv3-BIFAPortalCGR/faces/newDetalleInforme?docIdcm=bad48aba46a6a66e98df4f002ce21327,C,Informe de Investigación Especial,14398,https://www.contraloria.cl/SicaProd/SICAv3-BIFAPortalCGR/servletfichainformegoogle?docIdcm=bad48aba46a6a66e98df4f002ce21327&pdf=1
28512,07301,2015-08-31 00:00:00.0,MUNICIPALIDAD DE CURICO,2015,738,INFORME FINAL 738-15 MUNICIPALIDAD DE CURICO PERMISOS DE EDIFICACION - AGOSTO 2015,https://www.contraloria.cl/pdfbuscador/auditoria/b80a1b98aff9eee46c36eeb423d4dac9/html,07,CURICO,https://www.contraloria.cl/SicaProd/SICAv3-BIFAPortalCGR/faces/newDetalleInforme?docIdcm=b80a1b98aff9eee46c36eeb423d4dac9,C,Informe Final de Auditoría,14705,https://www.contraloria.cl/SicaProd/SICAv3-BIFAPortalCGR/servletfichainformegoogle?docIdcm=b80a1b98aff9eee46c36eeb423d4dac9&pdf=1
31406,07301,2015-10-29 00:00:00.0,MUNICIPALIDAD DE CURICO,2015,949,INFORME DE INVESTIGACION ESPECIAL 949-15 MUNICIPALIDAD DE CURICO EVENTUAL IRREGULARIDAD SOBRE USO DE NOMBRE DEL ALCALDE - OCTUBRE 2015,https://www.contraloria.cl/pdfbuscador/auditoria/3055f8a12ae7753ce40f44e50542dbec/html,07,CURICO,https://www.contraloria.cl/SicaProd/SICAv3-BIFAPortalCGR/faces/newDetalleInforme?docIdcm=3055f8a12ae7753ce40f44e50542dbec,C,Informe de Investigación Especial,15637,https://www.contraloria.cl/SicaProd/SICAv3-BIFAPortalCGR/servletfichainformegoogle?docIdcm=3055f8a12ae7753ce40f44e50542dbec&pdf=1
32116,07301,2015-12-04 00:00:00.0,DEPARTAMENTO DE SALUD DE CURICO,2015,1155,INFORME DE INVESTIGACION ESPECIAL 1155-15 DEPARTAMENTO DE SALUD DE LA MUNICIPALIDAD DE CURICO PRESUNTAS IRREGULARIDADES - DICIEMBRE 2015,https://www.contraloria.cl/pdfbuscador/auditoria/5faa70b8560a1f652ff209df6c3ba1ae/html,07,CURICO,https://www.contraloria.cl/SicaProd/SICAv3-BIFAPortalCGR/faces/newDetalleInforme?docIdcm=5faa70b8560a1f652ff209df6c3ba1ae,C,Informe de Investigación Especial,16476,https://www.contraloria.cl/SicaProd/SICAv3-BIFAPortalCGR/servletfichainformegoogle?docIdcm=5faa70b8560a1f652ff209df6c3ba1ae&pdf=1
28126,07301,2015-12-28 00:00:00.0,MUNICIPALIDAD DE CURICO,2015,1156,INFORME FINAL 1156-15 MUNICIPALIDAD DE CURICO HORAS EXTRAORDINARIAS - DICIEMBRE 2015,https://www.contraloria.cl/pdfbuscador/auditoria/66c14c22b20f9543f7dc27c1e30c47da/html,07,CURICO,https://www.contraloria.cl/SicaProd/SICAv3-BIFAPortalCGR/faces/newDetalleInforme?docIdcm=66c14c22b20f9543f7dc27c1e30c47da,C,Informe Final de Auditoría,16734,https://www.contraloria.cl/SicaProd/SICAv3-BIFAPortalCGR/servletfichainformegoogle?docIdcm=66c14c22b20f9543f7dc27c1e30c47da&pdf=1
36419,07301,2016-07-11 00:00:00.0,DEPARTAMENTO DE SALUD DE CURICO,2016,435,INFORME INVESTIGACION ESPECIAL 435-16 DEPARTAMENTO DE SALUD DE LA MUNICIPALIDAD DE CURICO SOBRE EVENTUALES IRREGULARIDADES EN EL CUMPLIMIENTO DE LA JORNADA LABORAL - JULIO 2016,https://www.contraloria.cl/pdfbuscador/auditoria/cfb943d5602e1c0ea7e9c270999f3260/html,07,CURICO,https://www.contraloria.cl/SicaProd/SICAv3-BIFAPortalCGR/faces/newDetalleInforme?docIdcm=cfb943d5602e1c0ea7e9c270999f3260,C,Informe de Investigación Especial,18363,https://www.contraloria.cl/SicaProd/SICAv3-BIFAPortalCGR/servletfichainformegoogle?docIdcm=cfb943d5602e1c0ea7e9c270999f3260&pdf=1
36370,07301,2016-09-12 00:00:00.0,MUNICIPALIDAD DE CURICO,2016,628,INFORME INVESTIGACION ESPECIAL 628-16 MUNICIPALIDAD DE CURICO SOBRE EVENTUALES IRREGULARIDADES RELACIONADAS CON LA INCORPORACIÓN DE LA IMAGEN O NOMBRE DEL ALCALDE - SEPTIEMBRE 2016,https://www.contraloria.cl/pdfbuscador/auditoria/a979b89f0dae97670870f17523c5c730/html,07,CURICO,https://www.contraloria.cl/SicaProd/SICAv3-BIFAPortalCGR/faces/newDetalleInforme?docIdcm=a979b89f0dae97670870f17523c5c730,C,Informe de Investigación Especial,18878,https://www.contraloria.cl/SicaProd/SICAv3-BIFAPortalCGR/servletfichainformegoogle?docIdcm=a979b89f0dae97670870f17523c5c730&pdf=1
34416,07301,2016-10-14 00:00:00.0,MUNICIPALIDAD DE CURICO,2016,733,INFORME FINAL 733 -16 MUNICIPALIDAD DE CURICO - AUDITORÍA AL GASTO EN PERIODO ELECTORAL - USO DE BIENES - VEHÍCULOS - RRHH - RECURSOS FISICOS Y FINANCIEROS - OCTUBRE 2016,https://www.contraloria.cl/pdfbuscador/auditoria/147a59214cf7a8bf6fb9013930610c61/html,07,CURICO,https://www.contraloria.cl/SicaProd/SICAv3-BIFAPortalCGR/faces/newDetalleInforme?docIdcm=147a59214cf7a8bf6fb9013930610c61,C,Informe Final de Auditoría,19163,https://www.contraloria.cl/SicaProd/SICAv3-BIFAPortalCGR/servletfichainformegoogle?docIdcm=147a59214cf7a8bf6fb9013930610c61&pdf=1
34518,07301,2016-12-22 00:00:00.0,DEPARTAMENTO DE EDUCACION DE CURICO,2016,1125,INFORME FINAL 1125-16 DAEM MUNICIPALIDAD DE CURICÓ SOBRE AUDITORIA A LOS RECURSOS QUE OTORGA LA LEY 20.248 Y DEL CUMPLIMIENTO DE LEY 20.730-DICIEMBRE-2016 ,https://www.contraloria.cl/pdfbuscador/auditoria/f6c9a6bedde942f31a2830e24f9975aa/html,07,CURICO,https://www.contraloria.cl/SicaProd/SICAv3-BIFAPortalCGR/faces/newDetalleInforme?docIdcm=f6c9a6bedde942f31a2830e24f9975aa,C,Informe Final de Auditoría,19993,https://www.contraloria.cl/SicaProd/SICAv3-BIFAPortalCGR/servletfichainformegoogle?docIdcm=f6c9a6bedde942f31a2830e24f9975aa&pdf=1
41912,07301,2017-08-30 00:00:00.0,MUNICIPALIDAD DE CURICO,2017,278,INFORME FINAL INSPECCIÓN DE OBRA PUBLICA 278-17 MUNICIPALIDAD DE CURICÓ OBRA MEJORAMIENTO ESTADIO ANFA LUIS HERNÁN ALVAREZ - AGOSTO 2017.,https://www.contraloria.cl/pdfbuscador/auditoria/b3f41dd403efa6d48f6a20c7f0b51277/html,07,CURICO,https://www.contraloria.cl/SicaProd/SICAv3-BIFAPortalCGR/faces/newDetalleInforme?docIdcm=b3f41dd403efa6d48f6a20c7f0b51277,C,Informe de Inspección de Obra Pública,21608,https://www.contraloria.cl/SicaProd/SICAv3-BIFAPortalCGR/servletfichainformegoogle?docIdcm=b3f41dd403efa6d48f6a20c7f0b51277&pdf=1
45410,07301,2017-08-22 00:00:00.0,DEPARTAMENTO DE SALUD DE CURICO,2017,572,INFORME DE INVESTIGACION ESPECIAL 572-17 DESAM DE CURICO SUPUESTAS IRREGULARIDADES EN CUMPLIMIENTO DE JORNADA LABORAL Y HORAS EXTRAS  - AGOSTO 2017,https://www.contraloria.cl/pdfbuscador/auditoria/b3d99f51328e8bad2aaf6d231eb2d217/html,07,CURICO,https://www.contraloria.cl/SicaProd/SICAv3-BIFAPortalCGR/faces/newDetalleInforme?docIdcm=b3d99f51328e8bad2aaf6d231eb2d217,C,Informe de Investigación Especial,21579,https://www.contraloria.cl/SicaProd/SICAv3-BIFAPortalCGR/servletfichainformegoogle?docIdcm=b3d99f51328e8bad2aaf6d231eb2d217&pdf=1
41315,07301,2017-12-15 00:00:00.0,MUNICIPALIDAD DE CURICO,2017,893,INFORME FINAL 893-17 MUNICIPALIDAD DE CURICO AUDITORIA AL MACROPROCESO DE CONCESION DEL SERVICIO DE ASEO - DICIEMBRE 2017,https://www.contraloria.cl/pdfbuscador/auditoria/1ffa110708d961e6949d2b302fdd8723/html,07,CURICO,https://www.contraloria.cl/SicaProd/SICAv3-BIFAPortalCGR/faces/newDetalleInforme?docIdcm=1ffa110708d961e6949d2b302fdd8723,C,Informe Final de Auditoría,22395,https://www.contraloria.cl/SicaProd/SICAv3-BIFAPortalCGR/servletfichainformegoogle?docIdcm=1ffa110708d961e6949d2b302fdd8723&pdf=1
46911,07301,2018-12-04 00:00:00.0,MUNICIPALIDAD DE CURICO,2018,205,INFORME DE INVESTIGACION ESPECIAL 205-2018 MUNICIPALIDAD DE CURICÓ TÉRMINO ANTICIPADO Y LIQUIDACIÓN DE CONTRATO OBRA REPARACIÓN SANTUARIO EL CARMEN_DICIEMBRE 2018,https://www.contraloria.cl/pdfbuscador/auditoria/a72fa9f093c4597daf0d9cc943ef5831/html,07,CURICO,https://www.contraloria.cl/SicaProd/SICAv3-BIFAPortalCGR/faces/newDetalleInforme?docIdcm=a72fa9f093c4597daf0d9cc943ef5831,C,Informe de Investigación Especial,27404,https://www.contraloria.cl/SicaProd/SICAv3-BIFAPortalCGR/servletfichainformegoogle?docIdcm=a72fa9f093c4597daf0d9cc943ef5831&pdf=1
51585,07301,2019-01-30 00:00:00.0,DEPARTAMENTO DE SALUD DE CURICO,2018,697,"INFORME FINAL 697-18 DEPARTAMENTO DE SALUD MUNICIPAL DE CURICO AUDITORIA A LAS ASIGNACIONES Y HORAS EXTRAORDINARIAS PAGADAS A PERSONAL DE PLANTA, CONTRATA Y REEMPLAZOS - ENERO 2019",https://www.contraloria.cl/pdfbuscador/auditoria/aeb907e809f6001da4abf08294bd3859/html,07,CURICO,https://www.contraloria.cl/SicaProd/SICAv3-BIFAPortalCGR/faces/newDetalleInforme?docIdcm=aeb907e809f6001da4abf08294bd3859,C,Informe Final de Auditoría,27565,https://www.contraloria.cl/SicaProd/SICAv3-BIFAPortalCGR/servletfichainformegoogle?docIdcm=aeb907e809f6001da4abf08294bd3859&pdf=1
53339,07301,2019-03-12 00:00:00.0,MUNICIPALIDAD DE CURICO,2018,911,INFORME FINAL 911-18 MUNICIPALIDAD DE CURICO AUDITORIA AL OTORGAMIENTO DE PERMISOS DE LOTEO Y LOTEO CON CONSTRUCCION SIMULTANEA - MARZO 2019,https://www.contraloria.cl/pdfbuscador/auditoria/c032b38a9057cc04f15553f5af0622a9/html,07,CURICO,https://www.contraloria.cl/SicaProd/SICAv3-BIFAPortalCGR/faces/newDetalleInforme?docIdcm=c032b38a9057cc04f15553f5af0622a9,C,Informe Final de Auditoría,28164,https://www.contraloria.cl/SicaProd/SICAv3-BIFAPortalCGR/servletfichainformegoogle?docIdcm=c032b38a9057cc04f15553f5af0622a9&pdf=1
57347,07301,2019-10-22 00:00:00.0,CEMENTERIO CURICO,2019,578,INFORME FINAL 578-19 CEMENTERIO MUNICIPAL DE CURICÓ AUDITORÍA A LOS INGRESOS Y GASTOS - OCTUBRE 2019,https://www.contraloria.cl/pdfbuscador/auditoria/3707556c665ecaecf5a8526826ff88a8/html,07,CURICO,https://www.contraloria.cl/SicaProd/SICAv3-BIFAPortalCGR/faces/newDetalleInforme?docIdcm=3707556c665ecaecf5a8526826ff88a8,C,Informe Final de Auditoría,30117,https://www.contraloria.cl/SicaProd/SICAv3-BIFAPortalCGR/servletfichainformegoogle?docIdcm=3707556c665ecaecf5a8526826ff88a8&pdf=1