IDACTIVIDAD,CODIGOSUBDERE,FECHAINFORME,NOMBRESERVICIO,ANOINFORME,NUMEROINFORME,MATERIAINFORME,FICHAINFORMEBIFA,C_REG_SUBDERE,NOMBRESUBDERE,FICHAINFORME,TIPOSUBDERE,TIPOINFORME,IDINFORME,PDFINFORME
26963,06105,2015-06-12 00:00:00.0,DEPARTAMENTO DE EDUCACION DOÑIHUE,2015,8,INFORME INVESTIGACIÓN ESPECIAL 8 - 15 DEPARTAMENTO DE EDUCACIÓN MUNICIPAL DE DOÑIHUE IRREGULARIDADES RECURSOS LEY SUBVENCIÓN ESCOLAR PREFERENCIAL - JUNIO 2015,https://www.contraloria.cl/pdfbuscador/auditoria/b3ac7a8be050a7d854007bacd40e68d1/html,06,DOÑIHUE,https://www.contraloria.cl/SicaProd/SICAv3-BIFAPortalCGR/faces/newDetalleInforme?docIdcm=b3ac7a8be050a7d854007bacd40e68d1,C,Informe de Investigación Especial,14139,https://www.contraloria.cl/SicaProd/SICAv3-BIFAPortalCGR/servletfichainformegoogle?docIdcm=b3ac7a8be050a7d854007bacd40e68d1&pdf=1
27800,06105,2015-05-25 00:00:00.0,MUNICIPALIDAD DE DOÑIHUE,2015,47,INFORME INVESTIGACIÓN ESPECIAL 47 - 15 MUNICIPALIDAD DE DOÑIHUE EVENTUALES IRREGULARIDADES APLICACIÓN DE SUBVENCIONES - MAYO 2015,https://www.contraloria.cl/pdfbuscador/auditoria/9347184cd2c88d71a8eb0e48c3ada0d2/html,06,DOÑIHUE,https://www.contraloria.cl/SicaProd/SICAv3-BIFAPortalCGR/faces/newDetalleInforme?docIdcm=9347184cd2c88d71a8eb0e48c3ada0d2,C,Informe de Investigación Especial,13891,https://www.contraloria.cl/SicaProd/SICAv3-BIFAPortalCGR/servletfichainformegoogle?docIdcm=9347184cd2c88d71a8eb0e48c3ada0d2&pdf=1
38175,06105,2017-01-05 00:00:00.0,MUNICIPALIDAD DE DOÑIHUE,2016,625,INFORME INSPECCIÓN DE OBRA PÚBLICA 625 - 16 MUNICIPALIDAD DE DOÑIHUE OBRA REPOSICIÓN PARROQUIA NUESTRA SEÑORA DE LA MERCED - ENERO 2017,https://www.contraloria.cl/pdfbuscador/auditoria/e1316feb5eea25511171100263cde8be/html,06,DOÑIHUE,https://www.contraloria.cl/SicaProd/SICAv3-BIFAPortalCGR/faces/newDetalleInforme?docIdcm=e1316feb5eea25511171100263cde8be,C,Informe de Inspección de Obra Pública,20220,https://www.contraloria.cl/SicaProd/SICAv3-BIFAPortalCGR/servletfichainformegoogle?docIdcm=e1316feb5eea25511171100263cde8be&pdf=1
38518,06105,2016-12-23 00:00:00.0,DEPARTAMENTO DE EDUCACION DOÑIHUE,2016,704,INFORME DE INVESTIGACIÓN ESPECIAL 704 - 16 DEPARTAMENTO DE EDUCACIÓN MUNICIPAL DE DOÑIHUE EVENTUALES IRREGULARIDADES ADQUISICIÓN DE RED INFORMATIZADA - DICIEMBRE 2016,https://www.contraloria.cl/pdfbuscador/auditoria/e7cfb72d4fe80040344d94eb17864fb7/html,06,DOÑIHUE,https://www.contraloria.cl/SicaProd/SICAv3-BIFAPortalCGR/faces/newDetalleInforme?docIdcm=e7cfb72d4fe80040344d94eb17864fb7,C,Informe de Investigación Especial,20063,https://www.contraloria.cl/SicaProd/SICAv3-BIFAPortalCGR/servletfichainformegoogle?docIdcm=e7cfb72d4fe80040344d94eb17864fb7&pdf=1
44493,06105,2017-09-15 00:00:00.0,DEPARTAMENTO DE EDUCACION DOÑIHUE,2017,604,INFORME DE INVESTIGACIÓN ESPECIAL 604 - 17 DEPARTAMENTO DE EDUCACIÓN MUNICIPAL DOÑIHUE IRREGULARIDADES EN LA RENDICIÓN DE FONDOS RECIBIDOS PARA LA EDUCACIÓN - SEPTIEMBRE 2017,https://www.contraloria.cl/pdfbuscador/auditoria/d8c06c21852adb0f56c80056e9b8b4bc/html,06,DOÑIHUE,https://www.contraloria.cl/SicaProd/SICAv3-BIFAPortalCGR/faces/newDetalleInforme?docIdcm=d8c06c21852adb0f56c80056e9b8b4bc,C,Informe de Investigación Especial,21756,https://www.contraloria.cl/SicaProd/SICAv3-BIFAPortalCGR/servletfichainformegoogle?docIdcm=d8c06c21852adb0f56c80056e9b8b4bc&pdf=1
49497,06105,2018-10-04 00:00:00.0,DEPARTAMENTO DE EDUCACION DOÑIHUE,2018,357,INFORME FINAL 357-18 MUNICIPALIDAD DE DOÑIHUE - OCTUBRE 2018,https://www.contraloria.cl/pdfbuscador/auditoria/27d92b5e3436b49a5b21aaa515af9b37/html,06,DOÑIHUE,https://www.contraloria.cl/SicaProd/SICAv3-BIFAPortalCGR/faces/newDetalleInforme?docIdcm=27d92b5e3436b49a5b21aaa515af9b37,C,Informe Final de Auditoría,26211,https://www.contraloria.cl/SicaProd/SICAv3-BIFAPortalCGR/servletfichainformegoogle?docIdcm=27d92b5e3436b49a5b21aaa515af9b37&pdf=1
50243,06105,2019-10-07 00:00:00.0,MUNICIPALIDAD DE DOÑIHUE,2019,3,INFORME DE INVESTIGACIÓN ESPECIAL 3-19 - MUNICIPALIDAD DE DOÑIHUE - IRREGULARIDADES EN MATERIA DE PERSONAL DESAM- OCTUBRE 2019,https://www.contraloria.cl/pdfbuscador/auditoria/48cdcb90038fcd4d2d674247bb91168c/html,06,DOÑIHUE,https://www.contraloria.cl/SicaProd/SICAv3-BIFAPortalCGR/faces/newDetalleInforme?docIdcm=48cdcb90038fcd4d2d674247bb91168c,C,Informe de Investigación Especial,30074,https://www.contraloria.cl/SicaProd/SICAv3-BIFAPortalCGR/servletfichainformegoogle?docIdcm=48cdcb90038fcd4d2d674247bb91168c&pdf=1
59019,06105,2020-07-15 00:00:00.0,MUNICIPALIDAD DE DOÑIHUE,2020,150,INVESTIGACIÓN ESPECIAL N° 150-2020 - MUNICIPALIDAD DE DOÑIHUE - IRREGULARIDADES EN OTORGAMIENTIO DE VIATICOS PARA XIV CONGRESO ALCALDES Y CONCEJALES Y ASISTENCIAS FUNCIONARIOS  - JULIO 2020,https://www.contraloria.cl/pdfbuscador/auditoria/5c94e844399b5d89f9df0c8d9406852c/html,06,DOÑIHUE,https://www.contraloria.cl/SicaProd/SICAv3-BIFAPortalCGR/faces/newDetalleInforme?docIdcm=5c94e844399b5d89f9df0c8d9406852c,C,Informe de Investigación Especial,33220,https://www.contraloria.cl/SicaProd/SICAv3-BIFAPortalCGR/servletfichainformegoogle?docIdcm=5c94e844399b5d89f9df0c8d9406852c&pdf=1