IDACTIVIDAD,CODIGOSUBDERE,FECHAINFORME,NOMBRESERVICIO,ANOINFORME,NUMEROINFORME,MATERIAINFORME,FICHAINFORMEBIFA,C_REG_SUBDERE,NOMBRESUBDERE,FICHAINFORME,TIPOSUBDERE,TIPOINFORME,IDINFORME,PDFINFORME
30638,13105,2015-11-16 00:00:00.0,MUNICIPALIDAD DE EL BOSQUE,2015,397,INFORME INSPECCION OBRA PUBLICA 397-15 MUNICIPALIDAD DE EL BOSQUE SOBRE INSPECCION AL CONTRATO REPOSICION EDIFICIO CONSISTORIAL-NOVIEMBRE 2015,https://www.contraloria.cl/pdfbuscador/auditoria/d7ddd4d53a6a5c67e78de052a368d784/html,13,EL BOSQUE,https://www.contraloria.cl/SicaProd/SICAv3-BIFAPortalCGR/faces/newDetalleInforme?docIdcm=d7ddd4d53a6a5c67e78de052a368d784,C,Informe de Inspección de Obra Pública,16285,https://www.contraloria.cl/SicaProd/SICAv3-BIFAPortalCGR/servletfichainformegoogle?docIdcm=d7ddd4d53a6a5c67e78de052a368d784&pdf=1
28557,13105,2015-10-08 00:00:00.0,MUNICIPALIDAD DE EL BOSQUE,2015,663,INFORME FINAL 663-15 MUNICIPALIDAD DE EL BOSQUE - SOBRE AUDITORIA A LAS CONTRATACIONES DE HONORARIOS EN PROGRAMAS COMUNITARIOS - OCTUBRE 2015,https://www.contraloria.cl/pdfbuscador/auditoria/82814d6287bab63fb78f9b6b8df6b8b4/html,13,EL BOSQUE,https://www.contraloria.cl/SicaProd/SICAv3-BIFAPortalCGR/faces/newDetalleInforme?docIdcm=82814d6287bab63fb78f9b6b8df6b8b4,C,Informe Final de Auditoría,15081,https://www.contraloria.cl/SicaProd/SICAv3-BIFAPortalCGR/servletfichainformegoogle?docIdcm=82814d6287bab63fb78f9b6b8df6b8b4&pdf=1
28452,13105,2016-02-02 00:00:00.0,DEPARTAMENTO DE EDUCACION DE EL BOSQUE,2015,958,INFORME FINAL 958-15 DEPARTAMENTO DE EDUCACION DE EL BOSQUE - SOBRE AUDITORIA AL MACROPROCESO DE RECURSOS HUMANOS - FEBRERO 2016,https://www.contraloria.cl/pdfbuscador/auditoria/5ca48f7e11a60b8a0eee20d2457c2a99/html,13,EL BOSQUE,https://www.contraloria.cl/SicaProd/SICAv3-BIFAPortalCGR/faces/newDetalleInforme?docIdcm=5ca48f7e11a60b8a0eee20d2457c2a99,C,Informe Final de Auditoría,17159,https://www.contraloria.cl/SicaProd/SICAv3-BIFAPortalCGR/servletfichainformegoogle?docIdcm=5ca48f7e11a60b8a0eee20d2457c2a99&pdf=1
34529,13105,2016-12-30 00:00:00.0,MUNICIPALIDAD DE EL BOSQUE,2016,434,INFORME FINAL 434-2016 MUNICIPALIDAD DE EL BOSQUE SOBRE AUDITORIA AL MACROPROCESO DE RECURSOS HUMANOS Y CUMPLIMIENTO DE LA LEY N° 20730 EN LA MUNICIPALIDAD DE EL BOSQUE - DICIEMBRE 2016,https://www.contraloria.cl/pdfbuscador/auditoria/747644d07a4539116a93beff82005292/html,13,EL BOSQUE,https://www.contraloria.cl/SicaProd/SICAv3-BIFAPortalCGR/faces/newDetalleInforme?docIdcm=747644d07a4539116a93beff82005292,C,Informe Final de Auditoría,20378,https://www.contraloria.cl/SicaProd/SICAv3-BIFAPortalCGR/servletfichainformegoogle?docIdcm=747644d07a4539116a93beff82005292&pdf=1
34203,13105,2016-11-14 00:00:00.0,MUNICIPALIDAD DE EL BOSQUE,2016,612,INFORME FINAL 612-16 MUNICIPALIDAD DE EL BOSQUE - AUDITORÍA A LAS TRANSFERENCIAS CORRIENTES REALIZADAS POR LA SUBSECRETARÍA DE PREVENCIÓN DEL DELITO - NOVIEMBRE 2016,https://www.contraloria.cl/pdfbuscador/auditoria/07be95050e7129c962b1a7a927be2e19/html,13,EL BOSQUE,https://www.contraloria.cl/SicaProd/SICAv3-BIFAPortalCGR/faces/newDetalleInforme?docIdcm=07be95050e7129c962b1a7a927be2e19,C,Informe Final de Auditoría,19562,https://www.contraloria.cl/SicaProd/SICAv3-BIFAPortalCGR/servletfichainformegoogle?docIdcm=07be95050e7129c962b1a7a927be2e19&pdf=1
41783,13105,2017-05-17 00:00:00.0,MUNICIPALIDAD DE EL BOSQUE,2017,122,INFORME FINAL 122-17 MUNICIPALIDAD DE EL BOSQUE SOBRE AUDITORÍA A LOS CONTRATOS IMPUTADOS A LA CUENTA CONTABLE 215.31.02.004 - MAYO 2017,https://www.contraloria.cl/pdfbuscador/auditoria/5ea2b5a3548ff8366a8ea2eca9a3ff49/html,13,EL BOSQUE,https://www.contraloria.cl/SicaProd/SICAv3-BIFAPortalCGR/faces/newDetalleInforme?docIdcm=5ea2b5a3548ff8366a8ea2eca9a3ff49,C,Informe Final de Auditoría,21001,https://www.contraloria.cl/SicaProd/SICAv3-BIFAPortalCGR/servletfichainformegoogle?docIdcm=5ea2b5a3548ff8366a8ea2eca9a3ff49&pdf=1
42726,13105,2017-12-15 00:00:00.0,DEPARTAMENTO DE EDUCACION DE EL BOSQUE,2017,590,INFORME FINAL 590-2017 DIRECCIÓN DE EDUCACIÓN DE LA MUNICIPALIDAD DE EL BOSQUE SOBRE AUDITORIA AL FONDO DE APOYO A LA EDUCACIÓN PUBLICA EN LA DIRECCIÓN DE EDUCACIÓN DE LA MUNICIPALIDAD DE EL BOSQUE- NOVIEMBRE 2017,https://www.contraloria.cl/pdfbuscador/auditoria/acab6ea653cd83e893b6b7b402de5bb9/html,13,EL BOSQUE,https://www.contraloria.cl/SicaProd/SICAv3-BIFAPortalCGR/faces/newDetalleInforme?docIdcm=acab6ea653cd83e893b6b7b402de5bb9,C,Informe Final de Auditoría,22438,https://www.contraloria.cl/SicaProd/SICAv3-BIFAPortalCGR/servletfichainformegoogle?docIdcm=acab6ea653cd83e893b6b7b402de5bb9&pdf=1
42783,13105,2017-12-21 00:00:00.0,MUNICIPALIDAD DE EL BOSQUE,2017,814,INFORME FINAL 814-2017 MUNICIPALIDAD DE EL BOSQUE SOBRE AUDITORIA AL MACROPROCESO DE CONTRATACIÓN DEL SERVICIO DE ASEO EN LA MUNICIPALIDAD DE EL BOSQUE- DICIEMBRE 2017,https://www.contraloria.cl/pdfbuscador/auditoria/59bcdee5b10ed4f6c840c4fae37b5f80/html,13,EL BOSQUE,https://www.contraloria.cl/SicaProd/SICAv3-BIFAPortalCGR/faces/newDetalleInforme?docIdcm=59bcdee5b10ed4f6c840c4fae37b5f80,C,Informe Final de Auditoría,22560,https://www.contraloria.cl/SicaProd/SICAv3-BIFAPortalCGR/servletfichainformegoogle?docIdcm=59bcdee5b10ed4f6c840c4fae37b5f80&pdf=1
49361,13105,2018-07-10 00:00:00.0,MUNICIPALIDAD DE EL BOSQUE,2018,276,INFORME FINAL 276-2018 MUNICIPALIDAD DE EL BOSQUE SOBRE AUDITORIA AL PROCESO DE ENDEUDAMIENTO EN LA MUNICIPALIDAD DE EL BOSQUE -JULIO 2018,https://www.contraloria.cl/pdfbuscador/auditoria/27798618e716b2350486ecc73a50373f/html,13,EL BOSQUE,https://www.contraloria.cl/SicaProd/SICAv3-BIFAPortalCGR/faces/newDetalleInforme?docIdcm=27798618e716b2350486ecc73a50373f,C,Informe Final de Auditoría,25122,https://www.contraloria.cl/SicaProd/SICAv3-BIFAPortalCGR/servletfichainformegoogle?docIdcm=27798618e716b2350486ecc73a50373f&pdf=1
50780,13105,2018-09-06 00:00:00.0,MUNICIPALIDAD DE EL BOSQUE,2018,366,"INFORME FINAL N° 366 DE 2018, SOBRE AUDITORÍA AL ESTADO DE LA INFRAESTRUCTURA DE LOS ESTABLECIMIENTOS DE ATENCIÓN PRIMARIA DE SALUD, DEPENDIENTES DE LA DIRECCIÓN DE SALUD  DE LA MUNICIPALIDAD DE EL BOSQUE",https://www.contraloria.cl/pdfbuscador/auditoria/9fe6549099bd6d831592ee6f626e0811/html,13,EL BOSQUE,https://www.contraloria.cl/SicaProd/SICAv3-BIFAPortalCGR/faces/newDetalleInforme?docIdcm=9fe6549099bd6d831592ee6f626e0811,C,Informe Final de Auditoría,25702,https://www.contraloria.cl/SicaProd/SICAv3-BIFAPortalCGR/servletfichainformegoogle?docIdcm=9fe6549099bd6d831592ee6f626e0811&pdf=1
57974,13105,2019-11-20 00:00:00.0,DEPARTAMENTO DE SALUD DE EL BOSQUE,2019,657,INFORME FINAL 657-2019 MUNICIPALIDAD DE EL BOSQUE SOBRE AUDITORIA A LOS INGRESOS  POR RECUPERACIÓN Y REEMBOLSOS DE LICENCIAS MEDICAS  EN LA DIRECCIÓN DE SALUD  DE LA MUNICIPALIDAD DE EL BOSQUE - NOVIEMBRE 2018,https://www.contraloria.cl/pdfbuscador/auditoria/fb1af485871e6b243d9377af52109b25/html,13,EL BOSQUE,https://www.contraloria.cl/SicaProd/SICAv3-BIFAPortalCGR/faces/newDetalleInforme?docIdcm=fb1af485871e6b243d9377af52109b25,C,Informe Final de Auditoría,30415,https://www.contraloria.cl/SicaProd/SICAv3-BIFAPortalCGR/servletfichainformegoogle?docIdcm=fb1af485871e6b243d9377af52109b25&pdf=1