IDACTIVIDAD,CODIGOSUBDERE,FECHAINFORME,NOMBRESERVICIO,ANOINFORME,NUMEROINFORME,MATERIAINFORME,FICHAINFORMEBIFA,C_REG_SUBDERE,NOMBRESUBDERE,FICHAINFORME,TIPOSUBDERE,TIPOINFORME,IDINFORME,PDFINFORME
28048,13602,2016-02-16 00:00:00.0,MUNICIPALIDAD DE EL MONTE,2015,213,INFORME FINAL 213-15 MUNICIPALIDAD DE EL MONTE SOBRE AUDITORIA A LOS GASTOS EFECTUADOS CON CARGO A LA CUENTA CONTABLE N° 215-31 DURANTE LOS  AÑOS 2013 Y 2014 EN LA MUNICIPALIDAD DE EL MONTE - FEBRERO 2016INFORME FINAL 213-15  MUNICIPALIDAD DE EL MONTE SOBRE LOS GASTOS EFECTUADOS CON CARGO A LA CUENTA N° 215-31 -FEBRERO 2016.,https://www.contraloria.cl/pdfbuscador/auditoria/131319069737f4cbaf8d0df0b2e0c116/html,13,EL MONTE,https://www.contraloria.cl/SicaProd/SICAv3-BIFAPortalCGR/faces/newDetalleInforme?docIdcm=131319069737f4cbaf8d0df0b2e0c116,C,Informe Final de Auditoría,17331,https://www.contraloria.cl/SicaProd/SICAv3-BIFAPortalCGR/servletfichainformegoogle?docIdcm=131319069737f4cbaf8d0df0b2e0c116&pdf=1
28446,13602,2015-12-11 00:00:00.0,DEPARTAMENTO DE SALUD EL MONTE,2015,823,INFORME FINAL 823-15 DEPARTAMENTO DE SALUD DE EL MONTE - SOBRE AUDITORIA AL PROGRAMA DE SERVICIOS DE ATENCION PRIMARIA DE URGENCIA SAPU - DICIEMBRE 2015,https://www.contraloria.cl/pdfbuscador/auditoria/2bbb27e14ddf2d285c0bc7ee39bc8a89/html,13,EL MONTE,https://www.contraloria.cl/SicaProd/SICAv3-BIFAPortalCGR/faces/newDetalleInforme?docIdcm=2bbb27e14ddf2d285c0bc7ee39bc8a89,C,Informe Final de Auditoría,16580,https://www.contraloria.cl/SicaProd/SICAv3-BIFAPortalCGR/servletfichainformegoogle?docIdcm=2bbb27e14ddf2d285c0bc7ee39bc8a89&pdf=1
28432,13602,2016-02-05 00:00:00.0,MUNICIPALIDAD DE EL MONTE,2015,1165,INFORME FINAL 1.165-15 MUNICIPALIDAD DE EL MONTE - SOBRE AUDITORIA AL MACROPROCESO DE ADQUISICION Y ABASTECIMIENTO - FEBRERO 2016,https://www.contraloria.cl/pdfbuscador/auditoria/0c72631278b543ad19719d0e112375f1/html,13,EL MONTE,https://www.contraloria.cl/SicaProd/SICAv3-BIFAPortalCGR/faces/newDetalleInforme?docIdcm=0c72631278b543ad19719d0e112375f1,C,Informe Final de Auditoría,17196,https://www.contraloria.cl/SicaProd/SICAv3-BIFAPortalCGR/servletfichainformegoogle?docIdcm=0c72631278b543ad19719d0e112375f1&pdf=1
40668,13602,2017-07-11 00:00:00.0,MUNICIPALIDAD DE EL MONTE,2017,17,INFORME FINAL DE INVESTIGACION ESPECIAL N° 17-17 - MUNICIPALIDAD DE EL MONTE - SOBRE EVENTUAL FINANCIAMIENTO DE ACTIVIDADES POLITICAS CON FONDOS DE LA MUNICIPALIDAD DE EL MONTE - JULIO 2017,https://www.contraloria.cl/pdfbuscador/auditoria/842c65c8495f29914aa369c4be979d24/html,13,EL MONTE,https://www.contraloria.cl/SicaProd/SICAv3-BIFAPortalCGR/faces/newDetalleInforme?docIdcm=842c65c8495f29914aa369c4be979d24,C,Informe de Investigación Especial,21421,https://www.contraloria.cl/SicaProd/SICAv3-BIFAPortalCGR/servletfichainformegoogle?docIdcm=842c65c8495f29914aa369c4be979d24&pdf=1
41763,13602,2017-12-06 00:00:00.0,MUNICIPALIDAD DE EL MONTE,2017,673,INFORME FINAL N° 673-2017 - MUNICIPALIDAD EL MONTE - AUDITORIA AL PROCESO DE FORMULACION Y CONTROL DEL PRESUPUESTO DE LA GESTION MUNICIPAL - DCIIEMBRE 2017,https://www.contraloria.cl/pdfbuscador/auditoria/d752a8e4c67ff0c90499d07ee87043de/html,13,EL MONTE,https://www.contraloria.cl/SicaProd/SICAv3-BIFAPortalCGR/faces/newDetalleInforme?docIdcm=d752a8e4c67ff0c90499d07ee87043de,C,Informe Final de Auditoría,22820,https://www.contraloria.cl/SicaProd/SICAv3-BIFAPortalCGR/servletfichainformegoogle?docIdcm=d752a8e4c67ff0c90499d07ee87043de&pdf=1
56123,13602,2019-12-19 00:00:00.0,DEPARTAMENTO DE EDUCACION DE EL MONTE,2019,294,INFORME FINAL 294-2019 MUNICIPALIDAD EL MONTE AUDITORÍA EN LA EJECUCIÓN PRESUPUESTARIA EN EL DEPARTAMENTO DE ADMINISTRACIÓN DE LA EDUCACIÓN MUNICIPAL - DICIEMBRE 2019,https://www.contraloria.cl/pdfbuscador/auditoria/df8bb2dc8ce2725c0f1de89f71d66f7b/html,13,EL MONTE,https://www.contraloria.cl/SicaProd/SICAv3-BIFAPortalCGR/faces/newDetalleInforme?docIdcm=df8bb2dc8ce2725c0f1de89f71d66f7b,C,Informe Final de Auditoría,30671,https://www.contraloria.cl/SicaProd/SICAv3-BIFAPortalCGR/servletfichainformegoogle?docIdcm=df8bb2dc8ce2725c0f1de89f71d66f7b&pdf=1