IDACTIVIDAD,CODIGOSUBDERE,FECHAINFORME,NOMBRESERVICIO,ANOINFORME,NUMEROINFORME,MATERIAINFORME,FICHAINFORMEBIFA,C_REG_SUBDERE,NOMBRESUBDERE,FICHAINFORME,TIPOSUBDERE,TIPOINFORME,IDINFORME,PDFINFORME
31908,05604,2015-09-25 00:00:00.0,MUNICIPALIDAD DE EL QUISCO,2015,770,INFORME INVESTIGACIÓN ESPECIAL 770-15 MUNICIPALIDAD DE EL QUISCO SOBRE DIVERSAS IRREGULARIDADES EN CONSTRUCCIÓN MULTICANCHA VILLAS MARINAS - SEPTIEMBRE 2015,https://www.contraloria.cl/pdfbuscador/auditoria/bb5df74737cea6058c26ad4973795705/html,05,EL QUISCO,https://www.contraloria.cl/SicaProd/SICAv3-BIFAPortalCGR/faces/newDetalleInforme?docIdcm=bb5df74737cea6058c26ad4973795705,C,Informe de Investigación Especial,14949,https://www.contraloria.cl/SicaProd/SICAv3-BIFAPortalCGR/servletfichainformegoogle?docIdcm=bb5df74737cea6058c26ad4973795705&pdf=1
31654,05604,2015-10-23 00:00:00.0,MUNICIPALIDAD DE EL QUISCO,2015,802,INFORME INVESTIGACIÓN ESPECIAL 802-15 MUNICIPALIDAD DE EL QUISCO SOBRE PRESUNTAS IRREGULARIDADES - OCTUBRE 2015,https://www.contraloria.cl/pdfbuscador/auditoria/ece566dd08876e85d2dbdba01bdc5651/html,05,EL QUISCO,https://www.contraloria.cl/SicaProd/SICAv3-BIFAPortalCGR/faces/newDetalleInforme?docIdcm=ece566dd08876e85d2dbdba01bdc5651,C,Informe de Investigación Especial,15360,https://www.contraloria.cl/SicaProd/SICAv3-BIFAPortalCGR/servletfichainformegoogle?docIdcm=ece566dd08876e85d2dbdba01bdc5651&pdf=1
36745,05604,2016-06-07 00:00:00.0,MUNICIPALIDAD DE EL QUISCO,2016,333,INFORME INVESTIGACIÓN ESPECIAL 333-16 MUNICIPALIDAD DE EL QUISCO Y SEREMI DE SALUD DE VALPARAÍSO SOBRE CONTROL DE PERROS VAGOS - JUNIO 2016,https://www.contraloria.cl/pdfbuscador/auditoria/9d4900d926901cc734042bdc5075f26e/html,05,EL QUISCO,https://www.contraloria.cl/SicaProd/SICAv3-BIFAPortalCGR/faces/newDetalleInforme?docIdcm=9d4900d926901cc734042bdc5075f26e,C,Informe de Investigación Especial,18150,https://www.contraloria.cl/SicaProd/SICAv3-BIFAPortalCGR/servletfichainformegoogle?docIdcm=9d4900d926901cc734042bdc5075f26e&pdf=1
34855,05604,2016-12-12 00:00:00.0,DEPARTAMENTO DE EDUCACION DE EL QUISCO,2016,915,INFORME FINAL 915-16 DEPARTAMENTO DE EDUCACIÓN DE LA MUNICIPALIDAD DE EL QUISCO SOBRE AUDITORÍA AL CUMPLIMIENTO DE LAS NORMAS LEGALES Y REGLAMENTARIAS - DICIEMBRE 2016,https://www.contraloria.cl/pdfbuscador/auditoria/e813d50e74d5d1aca2f002ab4eab7b04/html,05,EL QUISCO,https://www.contraloria.cl/SicaProd/SICAv3-BIFAPortalCGR/faces/newDetalleInforme?docIdcm=e813d50e74d5d1aca2f002ab4eab7b04,C,Informe Final de Auditoría,19849,https://www.contraloria.cl/SicaProd/SICAv3-BIFAPortalCGR/servletfichainformegoogle?docIdcm=e813d50e74d5d1aca2f002ab4eab7b04&pdf=1
38717,05604,2016-12-01 00:00:00.0,MUNICIPALIDAD DE EL QUISCO,2016,991,INFORME INVESTIGACIÓN ESPECIAL 991-16 MUNICIPALIDAD DE EL QUISCO SOBRE INCUMPLIMIENTOS EN MATERIA DE ACTIVIDADES DE CAPACITACIÓN DE CONCEJALES - DICIEMBRE 2016,https://www.contraloria.cl/pdfbuscador/auditoria/fb1a2ad18bf9e707fb58b28f508440c0/html,05,EL QUISCO,https://www.contraloria.cl/SicaProd/SICAv3-BIFAPortalCGR/faces/newDetalleInforme?docIdcm=fb1a2ad18bf9e707fb58b28f508440c0,C,Informe de Investigación Especial,19722,https://www.contraloria.cl/SicaProd/SICAv3-BIFAPortalCGR/servletfichainformegoogle?docIdcm=fb1a2ad18bf9e707fb58b28f508440c0&pdf=1
55087,05604,2018-12-26 00:00:00.0,MUNICIPALIDAD DE EL QUISCO,2018,1043,INFORME DE INSPECCIÓN DE OBRA PÚBLICA 1.043-18 MUNICIPALIDAD DE EL QUISCO SOBRE CONSTRUCCIÓN EXTENSIÓN ALCANTARILLADO CAMPO Y MAR - DICIEMBRE 2018,https://www.contraloria.cl/pdfbuscador/auditoria/eb409d91273487524c0bd9122f90cd38/html,05,EL QUISCO,https://www.contraloria.cl/SicaProd/SICAv3-BIFAPortalCGR/faces/newDetalleInforme?docIdcm=eb409d91273487524c0bd9122f90cd38,C,Informe de Inspección de Obra Pública,27215,https://www.contraloria.cl/SicaProd/SICAv3-BIFAPortalCGR/servletfichainformegoogle?docIdcm=eb409d91273487524c0bd9122f90cd38&pdf=1