IDACTIVIDAD,CODIGOSUBDERE,FECHAINFORME,NOMBRESERVICIO,ANOINFORME,NUMEROINFORME,MATERIAINFORME,FICHAINFORMEBIFA,C_REG_SUBDERE,NOMBRESUBDERE,FICHAINFORME,TIPOSUBDERE,TIPOINFORME,IDINFORME,PDFINFORME
30188,05605,2015-08-12 00:00:00.0,MUNICIPALIDAD DE EL TABO,2015,507,INFORME INVESTIGACIÓN ESPECIAL 507-15 MUNICIPALIDAD DE EL TABO SOBRE EVENTUALES IRREGULARIDADES EN EL DEPARTAMENTO DE INSPECCIÓN Y SEGURIDAD CIUDADANA - AGOSTO 2015,https://www.contraloria.cl/pdfbuscador/auditoria/49fd62d05bd0a30a85239a79f0b54b4e/html,05,EL TABO,https://www.contraloria.cl/SicaProd/SICAv3-BIFAPortalCGR/faces/newDetalleInforme?docIdcm=49fd62d05bd0a30a85239a79f0b54b4e,C,Informe de Investigación Especial,14531,https://www.contraloria.cl/SicaProd/SICAv3-BIFAPortalCGR/servletfichainformegoogle?docIdcm=49fd62d05bd0a30a85239a79f0b54b4e&pdf=1
31729,05605,2015-09-09 00:00:00.0,DEPARTAMENTO DE EDUCACION DE EL TABO,2015,724,INFORME INVESTIGACIÓN ESPECIAL 724-15 DEPARTAMENTO DE EDUCACIÓN DE EL TABO SOBRE EVENTUALES IRREGULARIDADES EN EL SERVICIO DE PINTADO DE LOS ESTABLECIMIENTOS - SEPTIEMBRE 2015,https://www.contraloria.cl/pdfbuscador/auditoria/cca806b489543f2daf2d20b4fe764f1a/html,05,EL TABO,https://www.contraloria.cl/SicaProd/SICAv3-BIFAPortalCGR/faces/newDetalleInforme?docIdcm=cca806b489543f2daf2d20b4fe764f1a,C,Informe de Investigación Especial,14847,https://www.contraloria.cl/SicaProd/SICAv3-BIFAPortalCGR/servletfichainformegoogle?docIdcm=cca806b489543f2daf2d20b4fe764f1a&pdf=1
46842,05605,2018-01-24 00:00:00.0,MUNICIPALIDAD DE EL TABO,2017,1136,INFORME FINAL DE INVESTIGACIÓN ESPECIAL 1.136-17 MUNICIPALIDAD DE EL TABO SOBRE EVENTUALES IRREGULARIDADES - ENERO 2018,https://www.contraloria.cl/pdfbuscador/auditoria/e7cdea02bb408b0c7b90bfb87bc10e89/html,05,EL TABO,https://www.contraloria.cl/SicaProd/SICAv3-BIFAPortalCGR/faces/newDetalleInforme?docIdcm=e7cdea02bb408b0c7b90bfb87bc10e89,C,Informe de Investigación Especial,22935,https://www.contraloria.cl/SicaProd/SICAv3-BIFAPortalCGR/servletfichainformegoogle?docIdcm=e7cdea02bb408b0c7b90bfb87bc10e89&pdf=1
52699,05605,2018-12-12 00:00:00.0,MUNICIPALIDAD DE EL TABO,2018,871,INFORME FINAL DE INVESTIGACIÓN ESPECIAL 871-18 MUNICIPALIDAD DE EL TABO SOBRE EVENTUALES IRREGULARIDADES - DICIEMBRE 2018,https://www.contraloria.cl/pdfbuscador/auditoria/37dbae9c9e51a9d3fb7f408514484d36/html,05,EL TABO,https://www.contraloria.cl/SicaProd/SICAv3-BIFAPortalCGR/faces/newDetalleInforme?docIdcm=37dbae9c9e51a9d3fb7f408514484d36,C,Informe de Investigación Especial,26858,https://www.contraloria.cl/SicaProd/SICAv3-BIFAPortalCGR/servletfichainformegoogle?docIdcm=37dbae9c9e51a9d3fb7f408514484d36&pdf=1
56945,05605,2019-09-12 00:00:00.0,MUNICIPALIDAD DE EL TABO,2019,466,INFORME FINAL 466-19 MUNICIPALIDAD DE EL TABO SOBRE AUDITORÍA AL PAGO DE REMUNERACIONES Y A LA RECUPERACIÓN DE SUBSIDIOS POR INCAPACIDAD LABORAL - SEPTIEMBRE 2019,https://www.contraloria.cl/pdfbuscador/auditoria/10b5cb0c241f6e85ba83cbbe9eba4675/html,05,EL TABO,https://www.contraloria.cl/SicaProd/SICAv3-BIFAPortalCGR/faces/newDetalleInforme?docIdcm=10b5cb0c241f6e85ba83cbbe9eba4675,C,Informe Final de Auditoría,29883,https://www.contraloria.cl/SicaProd/SICAv3-BIFAPortalCGR/servletfichainformegoogle?docIdcm=10b5cb0c241f6e85ba83cbbe9eba4675&pdf=1
66853,05605,2020-05-06 00:00:00.0,MUNICIPALIDAD DE EL TABO,2020,169,INFORME FINAL DE INVESTIGACIÓN ESPECIAL 169-20 MUNICIPALIDAD DE EL TABO SOBRE EVENTUALES IRREGULARIDADES EN LOS CONTRATOS DE OBRAS MUNICIPALES - MAYO 2020,https://www.contraloria.cl/pdfbuscador/auditoria/58ef9b53e3cc564fef0ff88936483a87/html,05,EL TABO,https://www.contraloria.cl/SicaProd/SICAv3-BIFAPortalCGR/faces/newDetalleInforme?docIdcm=58ef9b53e3cc564fef0ff88936483a87,C,Informe de Investigación Especial,32383,https://www.contraloria.cl/SicaProd/SICAv3-BIFAPortalCGR/servletfichainformegoogle?docIdcm=58ef9b53e3cc564fef0ff88936483a87&pdf=1