IDACTIVIDAD,CODIGOSUBDERE,FECHAINFORME,NOMBRESERVICIO,ANOINFORME,NUMEROINFORME,MATERIAINFORME,FICHAINFORMEBIFA,C_REG_SUBDERE,NOMBRESUBDERE,FICHAINFORME,TIPOSUBDERE,TIPOINFORME,IDINFORME,PDFINFORME
30285,09204,2015-08-20 00:00:00.0,MUNICIPALIDAD DE ERCILLA,2015,754,"INFORME DE INVESTIGACIÓN ESPECIAL 754-15 MUNICIPALIDAD DE ERCILLA, SOBRE INFRAESTRUCTURA SANITARIA-AGOSTO 2015",https://www.contraloria.cl/pdfbuscador/auditoria/1543d2148858ca4b7b3de546a968c941/html,09,ERCILLA,https://www.contraloria.cl/SicaProd/SICAv3-BIFAPortalCGR/faces/newDetalleInforme?docIdcm=1543d2148858ca4b7b3de546a968c941,C,Informe de Investigación Especial,14618,https://www.contraloria.cl/SicaProd/SICAv3-BIFAPortalCGR/servletfichainformegoogle?docIdcm=1543d2148858ca4b7b3de546a968c941&pdf=1
31752,09204,2015-10-29 00:00:00.0,MUNICIPALIDAD DE ERCILLA,2015,948,"INFORME DE INVESTIGACIÓN ESPECIAL 948-15 MUNICIPALIDAD DE ERCILLA, SOBRE POLIDEPORTIVO Y CESFAM-OCTUBRE 2015",https://www.contraloria.cl/pdfbuscador/auditoria/cf3fa4845de479b0daed79b4a6a489a5/html,09,ERCILLA,https://www.contraloria.cl/SicaProd/SICAv3-BIFAPortalCGR/faces/newDetalleInforme?docIdcm=cf3fa4845de479b0daed79b4a6a489a5,C,Informe de Investigación Especial,15616,https://www.contraloria.cl/SicaProd/SICAv3-BIFAPortalCGR/servletfichainformegoogle?docIdcm=cf3fa4845de479b0daed79b4a6a489a5&pdf=1
38014,09204,2017-04-13 00:00:00.0,MUNICIPALIDAD DE ERCILLA,2016,1147,"INFORME DE INVESTIGACIÓN ESPECIAL 1147-2016 MUNICIPALIDAD DE ERCILLA, SOBRE DEPARTAMENTO DE EDUCACIÓN MUNICIPAL DE ERCILLA-ABRIL 2017",https://www.contraloria.cl/pdfbuscador/auditoria/88adf41897113bfbbe237f730a83c8ff/html,09,ERCILLA,https://www.contraloria.cl/SicaProd/SICAv3-BIFAPortalCGR/faces/newDetalleInforme?docIdcm=88adf41897113bfbbe237f730a83c8ff,C,Informe de Investigación Especial,20880,https://www.contraloria.cl/SicaProd/SICAv3-BIFAPortalCGR/servletfichainformegoogle?docIdcm=88adf41897113bfbbe237f730a83c8ff&pdf=1
43039,09204,2017-06-30 00:00:00.0,MUNICIPALIDAD DE ERCILLA,2017,406,INFORME DE INVESTIGACIÓN ESPECIAL 406-17 MUNICIPALIDAD DE ERCILLA SOBRE ABASTOS DE AGUA EN COMUNIDAD INDÍGENA- JUNIO DE 2017,https://www.contraloria.cl/pdfbuscador/auditoria/38f6e21baed70cc9684a437113420ea9/html,09,ERCILLA,https://www.contraloria.cl/SicaProd/SICAv3-BIFAPortalCGR/faces/newDetalleInforme?docIdcm=38f6e21baed70cc9684a437113420ea9,C,Informe de Investigación Especial,21292,https://www.contraloria.cl/SicaProd/SICAv3-BIFAPortalCGR/servletfichainformegoogle?docIdcm=38f6e21baed70cc9684a437113420ea9&pdf=1
44798,09204,2017-10-06 00:00:00.0,MUNICIPALIDAD DE ERCILLA,2017,695,"INFORME DE INVESTIGACIÓN ESPECIAL 695-17 MUNICIPALIDAD DE ERCILLA, SOBRE  CONTRATACION PERSONAL HONORARIO- OCTUBRE 2017",https://www.contraloria.cl/pdfbuscador/auditoria/7de0b5751d3acd6b387ec172ccdfe149/html,09,ERCILLA,https://www.contraloria.cl/SicaProd/SICAv3-BIFAPortalCGR/faces/newDetalleInforme?docIdcm=7de0b5751d3acd6b387ec172ccdfe149,C,Informe de Investigación Especial,21838,https://www.contraloria.cl/SicaProd/SICAv3-BIFAPortalCGR/servletfichainformegoogle?docIdcm=7de0b5751d3acd6b387ec172ccdfe149&pdf=1
46870,09204,2018-12-24 00:00:00.0,MUNICIPALIDAD DE ERCILLA,2018,735,"INFORME FINAL N° 735-2018 MUNICIPALIDAD DE ERCILLA, SOBRE AUDITORÍA A LOS INGRESOS- DICIEMBRE  2018",https://www.contraloria.cl/pdfbuscador/auditoria/f0ebbd53f33d4064d72650f6cfb681d4/html,09,ERCILLA,https://www.contraloria.cl/SicaProd/SICAv3-BIFAPortalCGR/faces/newDetalleInforme?docIdcm=f0ebbd53f33d4064d72650f6cfb681d4,C,Informe Final de Auditoría,27293,https://www.contraloria.cl/SicaProd/SICAv3-BIFAPortalCGR/servletfichainformegoogle?docIdcm=f0ebbd53f33d4064d72650f6cfb681d4&pdf=1
57034,09204,2019-05-16 00:00:00.0,MUNICIPALIDAD DE ERCILLA,2019,227,"INFORME DE INVESTIGACIÓN ESPECIAL 227-19 MUNICIPALIDAD DE ERCILLA, SOBRE INASISTENCIAS DE SERVIDORES- MAYO 2019",https://www.contraloria.cl/pdfbuscador/auditoria/29ba0f7fc1bccf46b0c8b84a9b487329/html,09,ERCILLA,https://www.contraloria.cl/SicaProd/SICAv3-BIFAPortalCGR/faces/newDetalleInforme?docIdcm=29ba0f7fc1bccf46b0c8b84a9b487329,C,Informe de Investigación Especial,28959,https://www.contraloria.cl/SicaProd/SICAv3-BIFAPortalCGR/servletfichainformegoogle?docIdcm=29ba0f7fc1bccf46b0c8b84a9b487329&pdf=1
57548,09204,2019-09-02 00:00:00.0,MUNICIPALIDAD DE ERCILLA,2019,592,"INFORME DE INVESTIGACIÓN ESPECIAL 592-19 MUNICIPALIDAD DE ERCILLA, SOBRE OBRA DE ABASTOS DE AGUA POTABLE-SEPTIEMBRE 2019",https://www.contraloria.cl/pdfbuscador/auditoria/65e88e35974e2ae61158f25746193fec/html,09,ERCILLA,https://www.contraloria.cl/SicaProd/SICAv3-BIFAPortalCGR/faces/newDetalleInforme?docIdcm=65e88e35974e2ae61158f25746193fec,C,Informe de Investigación Especial,29762,https://www.contraloria.cl/SicaProd/SICAv3-BIFAPortalCGR/servletfichainformegoogle?docIdcm=65e88e35974e2ae61158f25746193fec&pdf=1
66775,09204,2019-12-04 00:00:00.0,MUNICIPALIDAD DE ERCILLA,2019,794,"INFORME INSPECCIÓN DE OBRA PÚBLICA 794-2019 MUNICIPALIDAD DE ERCILLA, SOBRE NORMALIZACIÓN LICEO ALONSO DE ERCILLA - DICIEMBRE 2019",https://www.contraloria.cl/pdfbuscador/auditoria/588a5160f733c39d43e76144603807f8/html,09,ERCILLA,https://www.contraloria.cl/SicaProd/SICAv3-BIFAPortalCGR/faces/newDetalleInforme?docIdcm=588a5160f733c39d43e76144603807f8,C,Informe de Inspección de Obra Pública,30455,https://www.contraloria.cl/SicaProd/SICAv3-BIFAPortalCGR/servletfichainformegoogle?docIdcm=588a5160f733c39d43e76144603807f8&pdf=1