IDACTIVIDAD,CODIGOSUBDERE,FECHAINFORME,NOMBRESERVICIO,ANOINFORME,NUMEROINFORME,MATERIAINFORME,FICHAINFORMEBIFA,C_REG_SUBDERE,NOMBRESUBDERE,FICHAINFORME,TIPOSUBDERE,TIPOINFORME,IDINFORME,PDFINFORME
28455,13106,2015-08-11 00:00:00.0,MUNICIPALIDAD DE ESTACION CENTRAL,2015,219,INFORME FINAL 219-15 MUNICIPALIDAD DE ESTACION CENTRAL - SOBRE AUDITORIA AL USO Y ADQUISICION DE VEHICULOS MUNICIPALES- AGOSTO 2015,https://www.contraloria.cl/pdfbuscador/auditoria/efb2f9b72319c40126706da9c8b67241/html,13,ESTACION CENTRAL,https://www.contraloria.cl/SicaProd/SICAv3-BIFAPortalCGR/faces/newDetalleInforme?docIdcm=efb2f9b72319c40126706da9c8b67241,C,Informe Final de Auditoría,14516,https://www.contraloria.cl/SicaProd/SICAv3-BIFAPortalCGR/servletfichainformegoogle?docIdcm=efb2f9b72319c40126706da9c8b67241&pdf=1
30594,13106,2016-08-09 00:00:00.0,MUNICIPALIDAD DE ESTACION CENTRAL,2015,404,INSPECCION DE OBRA PÚBLICA 404-15 MUNICIPALIDAD DE ESTACION CENTRAL CONTRATO CONSERVACIÓN VEREDAS DIFERENTES CALLES DE ESTACIÓN CENTRAL _AGOSTO 2016.,https://www.contraloria.cl/pdfbuscador/auditoria/809d89ce45dc985e7c8be06376cf2043/html,13,ESTACION CENTRAL,https://www.contraloria.cl/SicaProd/SICAv3-BIFAPortalCGR/faces/newDetalleInforme?docIdcm=809d89ce45dc985e7c8be06376cf2043,C,Informe de Inspección de Obra Pública,18687,https://www.contraloria.cl/SicaProd/SICAv3-BIFAPortalCGR/servletfichainformegoogle?docIdcm=809d89ce45dc985e7c8be06376cf2043&pdf=1
34412,13106,2016-11-28 00:00:00.0,MUNICIPALIDAD DE ESTACION CENTRAL,2016,472,INFORME FINAL 472-16 MUNICIPALIDAD DE ESTACIÓN CENTRAL - SOBRE AUDITORÍA A LOS INGRESOS POR PATENTES CIPA Y CUMPLIMIENTO DE LA LEY 20.730 - NOVIEMBRE 2016,https://www.contraloria.cl/pdfbuscador/auditoria/3a5ce4a3faca524c6546a29c2488c2aa/html,13,ESTACION CENTRAL,https://www.contraloria.cl/SicaProd/SICAv3-BIFAPortalCGR/faces/newDetalleInforme?docIdcm=3a5ce4a3faca524c6546a29c2488c2aa,C,Informe Final de Auditoría,19660,https://www.contraloria.cl/SicaProd/SICAv3-BIFAPortalCGR/servletfichainformegoogle?docIdcm=3a5ce4a3faca524c6546a29c2488c2aa&pdf=1
34316,13106,2016-10-20 00:00:00.0,MUNICIPALIDAD DE ESTACION CENTRAL,2016,786,INFORME FINAL 786-16 MUNICIPALIDAD DE ESTACIÓN CENTRAL - AUDITORÍA AL GASTO EN PERÍODO ELECTORAL - USO DE BIENES - VEHÍCULOS - RRHH - RECURSOS FÍSICOS Y FINANCIEROS - OCTUBRE 2016,https://www.contraloria.cl/pdfbuscador/auditoria/8fad0bf039f5d7a8a859885885dae7f1/html,13,ESTACION CENTRAL,https://www.contraloria.cl/SicaProd/SICAv3-BIFAPortalCGR/faces/newDetalleInforme?docIdcm=8fad0bf039f5d7a8a859885885dae7f1,C,Informe Final de Auditoría,19223,https://www.contraloria.cl/SicaProd/SICAv3-BIFAPortalCGR/servletfichainformegoogle?docIdcm=8fad0bf039f5d7a8a859885885dae7f1&pdf=1
41733,13106,2018-06-15 00:00:00.0,MUNICIPALIDAD DE ESTACION CENTRAL,2017,517,"INFORME FINAL N° 517-2017 - MUNICIPALIDAD DE ESTACION CENTRAL - SOBRE AUDITORIA A LOS PROCEDIMIENTOS DE CONTROL Y FISCALIZACION EJERCIDOS POR LA MUNICIPALIDAD, RESPECTO DE LA INSTALACION Y EXPLOTACION DE MAQUINAS DE JUEGO - JUNIO 2018",https://www.contraloria.cl/pdfbuscador/auditoria/468458328e6f38c02284713fa76a6bbc/html,13,ESTACION CENTRAL,https://www.contraloria.cl/SicaProd/SICAv3-BIFAPortalCGR/faces/newDetalleInforme?docIdcm=468458328e6f38c02284713fa76a6bbc,C,Informe Final de Auditoría,24371,https://www.contraloria.cl/SicaProd/SICAv3-BIFAPortalCGR/servletfichainformegoogle?docIdcm=468458328e6f38c02284713fa76a6bbc&pdf=1
41768,13106,2017-12-12 00:00:00.0,MUNICIPALIDAD DE ESTACION CENTRAL,2017,760,INFORME FINAL N° 760-17 - MUNICIPALIDAD DE ESTACION CENTRAL - SOBRE AUDITORIA AL MACROPROCESO DE CONCESIONES - DICIEMBRE 2017,https://www.contraloria.cl/pdfbuscador/auditoria/28a3cf6d67cb248610d0548307284bba/html,13,ESTACION CENTRAL,https://www.contraloria.cl/SicaProd/SICAv3-BIFAPortalCGR/faces/newDetalleInforme?docIdcm=28a3cf6d67cb248610d0548307284bba,C,Informe Final de Auditoría,22429,https://www.contraloria.cl/SicaProd/SICAv3-BIFAPortalCGR/servletfichainformegoogle?docIdcm=28a3cf6d67cb248610d0548307284bba&pdf=1
45667,13106,2018-06-08 00:00:00.0,MUNICIPALIDAD DE ESTACION CENTRAL,2018,46,INFORME FINAL N° 46-2018 - MUNICIPALIDAD DE ESTACON CENTRAL - AUDITORIA AL MACROPROCESO DE FINANZAS Y SERVICIO DE LA DEUDA - JUNIO 2018,https://www.contraloria.cl/pdfbuscador/auditoria/b17c32a0e7a75c61c0f702fc1d50d9cf/html,13,ESTACION CENTRAL,https://www.contraloria.cl/SicaProd/SICAv3-BIFAPortalCGR/faces/newDetalleInforme?docIdcm=b17c32a0e7a75c61c0f702fc1d50d9cf,C,Informe Final de Auditoría,24223,https://www.contraloria.cl/SicaProd/SICAv3-BIFAPortalCGR/servletfichainformegoogle?docIdcm=b17c32a0e7a75c61c0f702fc1d50d9cf&pdf=1
52269,13106,2019-02-11 00:00:00.0,MUNICIPALIDAD DE ESTACION CENTRAL,2018,755,"INFORME FINAL N°755, 2018 MUNICIPALIDAD DE ESTACIÓN CENTRAL. SOBRE AUDITORÍA AL MACROPOCESO DE ADQUISICIONES Y ABASTECIMIENTO",https://www.contraloria.cl/pdfbuscador/auditoria/affed444165a8c627128987d3bf1d042/html,13,ESTACION CENTRAL,https://www.contraloria.cl/SicaProd/SICAv3-BIFAPortalCGR/faces/newDetalleInforme?docIdcm=affed444165a8c627128987d3bf1d042,C,Informe Final de Auditoría,27669,https://www.contraloria.cl/SicaProd/SICAv3-BIFAPortalCGR/servletfichainformegoogle?docIdcm=affed444165a8c627128987d3bf1d042&pdf=1
54656,13106,2019-04-08 00:00:00.0,MUNICIPALIDAD DE ESTACION CENTRAL,2018,1130,"INFORME FINAL DE INVESTIGACIÓN ESPECIAL N° 1.130, DE 2018, MUNICIPALIDAD DE ESTACIÓN CENTRAL DENUNCIA POR EVENTUALES IRREGULARIDADES EN LA DESTINACIÓN Y EXISTENCIA DE LOS FONDOS TRANSFERIDOS DESDE EL SERVICIO DE VIVIENDA Y URBANIZACIÓN METROPOLITANO EN EL MARCO DEL PROGRAMA “RECUPERACIÓN DE BARRIOS” – ABRIL 2019.",https://www.contraloria.cl/pdfbuscador/auditoria/590ab1e1ebe53d337398377eb2fce020/html,13,ESTACION CENTRAL,https://www.contraloria.cl/SicaProd/SICAv3-BIFAPortalCGR/faces/newDetalleInforme?docIdcm=590ab1e1ebe53d337398377eb2fce020,C,Informe de Investigación Especial,28655,https://www.contraloria.cl/SicaProd/SICAv3-BIFAPortalCGR/servletfichainformegoogle?docIdcm=590ab1e1ebe53d337398377eb2fce020&pdf=1
58504,13106,2019-12-09 00:00:00.0,MUNICIPALIDAD DE ESTACION CENTRAL,2019,877,INFORME FINAL N° 877-2019 - MUNICIPALIDAD DE ESTACION CENTRAL - SOBRE AUDITORIA A LOS INGRESOS PERCIBIDOS EN EL MARCO DE CONCESION DE ADMINISTRACION TERMINAL DE BUSES - DICIEMBRE 2019,https://www.contraloria.cl/pdfbuscador/auditoria/3004867c8117aebbde37d305135e2764/html,13,ESTACION CENTRAL,https://www.contraloria.cl/SicaProd/SICAv3-BIFAPortalCGR/faces/newDetalleInforme?docIdcm=3004867c8117aebbde37d305135e2764,C,Informe Final de Auditoría,30481,https://www.contraloria.cl/SicaProd/SICAv3-BIFAPortalCGR/servletfichainformegoogle?docIdcm=3004867c8117aebbde37d305135e2764&pdf=1
72206,13106,2020-07-13 00:00:00.0,MUNICIPALIDAD DE ESTACION CENTRAL,2020,158,"INFORME FINAL N 158-2020 MUNICIPALIDAD DE ESTACIÓN CENTRAL SOBRE  AUDITORÍA AL PROGRAMA DE REVITALIZACIÓN DE BARRIOS E INFRAESTRUCTURA PATRIMONIAL EMBLEMÁTICA, FINANCIADO CON RECURSOS DEL  PRÉSTAMO INTERNACIONAL N° 3564OC - CH -JULIO 2020",https://www.contraloria.cl/pdfbuscador/auditoria/e2a20812867fc85980ce9a6f04ce2d77/html,13,ESTACION CENTRAL,https://www.contraloria.cl/SicaProd/SICAv3-BIFAPortalCGR/faces/newDetalleInforme?docIdcm=e2a20812867fc85980ce9a6f04ce2d77,C,Informe Final de Auditoría,33069,https://www.contraloria.cl/SicaProd/SICAv3-BIFAPortalCGR/servletfichainformegoogle?docIdcm=e2a20812867fc85980ce9a6f04ce2d77&pdf=1