IDACTIVIDAD,CODIGOSUBDERE,FECHAINFORME,NOMBRESERVICIO,ANOINFORME,NUMEROINFORME,MATERIAINFORME,FICHAINFORMEBIFA,C_REG_SUBDERE,NOMBRESUBDERE,FICHAINFORME,TIPOSUBDERE,TIPOINFORME,IDINFORME,PDFINFORME
28865,10105,2015-08-27 00:00:00.0,MUNICIPALIDAD DE FRUTILLAR,2015,594,INFORME FINAL 594-15 MUNICIPALIDAD DE FRUTILLAR - SOBRE AUDITORIA A LAS CONTRATACIONES DE HONORARIOS EN PROGRAMAS COMUNITARIOS - AGOSTO 2015,https://www.contraloria.cl/pdfbuscador/auditoria/17c75fbd921c906f58cf3c0038af3a0c/html,10,FRUTILLAR,https://www.contraloria.cl/SicaProd/SICAv3-BIFAPortalCGR/faces/newDetalleInforme?docIdcm=17c75fbd921c906f58cf3c0038af3a0c,C,Informe Final de Auditoría,14732,https://www.contraloria.cl/SicaProd/SICAv3-BIFAPortalCGR/servletfichainformegoogle?docIdcm=17c75fbd921c906f58cf3c0038af3a0c&pdf=1
31125,10105,2015-08-07 00:00:00.0,MUNICIPALIDAD DE FRUTILLAR,2015,665,INFORME INVESTIGACION ESPECIAL 665-15 MUNICIPALIDAD DE FRUTILLAR CONTRUCCION INFRAESTRUCTURA SANITARIA LOCALIDAD DE CASMA - AGOSTO 2015,https://www.contraloria.cl/pdfbuscador/auditoria/70860327fa081dd6f6ea9aa4516e7164/html,10,FRUTILLAR,https://www.contraloria.cl/SicaProd/SICAv3-BIFAPortalCGR/faces/newDetalleInforme?docIdcm=70860327fa081dd6f6ea9aa4516e7164,C,Informe de Investigación Especial,14552,https://www.contraloria.cl/SicaProd/SICAv3-BIFAPortalCGR/servletfichainformegoogle?docIdcm=70860327fa081dd6f6ea9aa4516e7164&pdf=1
35363,10105,2017-04-10 00:00:00.0,MUNICIPALIDAD DE FRUTILLAR,2016,180,INFORME DE INVESTIGACION ESPECIAL 180-16 MUNICIPALIDAD DE FRUTILLAR EVENTUALES IRREGULARIDADES EN CONTRATACION A HONORARIOS Y PRESTACION DE SERVICIOS - ABRIL 2017,https://www.contraloria.cl/pdfbuscador/auditoria/6664814a4b256f788ad3f7fa5fbca295/html,10,FRUTILLAR,https://www.contraloria.cl/SicaProd/SICAv3-BIFAPortalCGR/faces/newDetalleInforme?docIdcm=6664814a4b256f788ad3f7fa5fbca295,C,Informe de Investigación Especial,20920,https://www.contraloria.cl/SicaProd/SICAv3-BIFAPortalCGR/servletfichainformegoogle?docIdcm=6664814a4b256f788ad3f7fa5fbca295&pdf=1
41552,10105,2017-09-27 00:00:00.0,MUNICIPALIDAD DE FRUTILLAR,2017,241,INFORME_FINAL_241_17_MUNICIPALIDAD_DE_FRUTILLAR_AUDITORIA_MACROPROCESO_DE_FINANZAS_SEPTIEMBRE_2017,https://www.contraloria.cl/pdfbuscador/auditoria/737725706be1ab8a4d80b390c5f071c5/html,10,FRUTILLAR,https://www.contraloria.cl/SicaProd/SICAv3-BIFAPortalCGR/faces/newDetalleInforme?docIdcm=737725706be1ab8a4d80b390c5f071c5,C,Informe Final de Auditoría,21837,https://www.contraloria.cl/SicaProd/SICAv3-BIFAPortalCGR/servletfichainformegoogle?docIdcm=737725706be1ab8a4d80b390c5f071c5&pdf=1
41808,10105,2017-10-30 00:00:00.0,DEPARTAMENTO DE EDUCACION DE FRUTILLAR,2017,275,INFORME_DE_INVESTIGACION_ESPECIAL_275_17_DAEM_DE_FRUTILLAR_EVENTUALES_IRREGULARIDADES_PRESUPUESTARIO_FINANCIERO_ADMINISTRATIVO_CONTABLE_Y_PERSONAL_OCTUBRE_2017,https://www.contraloria.cl/pdfbuscador/auditoria/f93d2f9884d019d45d2d8aa1a433bc9b/html,10,FRUTILLAR,https://www.contraloria.cl/SicaProd/SICAv3-BIFAPortalCGR/faces/newDetalleInforme?docIdcm=f93d2f9884d019d45d2d8aa1a433bc9b,C,Informe de Investigación Especial,22299,https://www.contraloria.cl/SicaProd/SICAv3-BIFAPortalCGR/servletfichainformegoogle?docIdcm=f93d2f9884d019d45d2d8aa1a433bc9b&pdf=1
46007,10105,2017-09-06 00:00:00.0,MUNICIPALIDAD DE FRUTILLAR,2017,593,INFORME_DE_INVESTIGACION_ESPECIAL_593_17_MUNICIPALIDAD_DE_FRUTILLAR_EVENTUALES_IRREGULARIDADES_EN_LICITACION_PUBLICA_DISEÑO_ESTRATEGICO_IMAGEN_CORPORATIVA_SEPTIEMBRE_2017,https://www.contraloria.cl/pdfbuscador/auditoria/fd1ba5423d7297485a98d0133cb0e463/html,10,FRUTILLAR,https://www.contraloria.cl/SicaProd/SICAv3-BIFAPortalCGR/faces/newDetalleInforme?docIdcm=fd1ba5423d7297485a98d0133cb0e463,C,Informe de Investigación Especial,21850,https://www.contraloria.cl/SicaProd/SICAv3-BIFAPortalCGR/servletfichainformegoogle?docIdcm=fd1ba5423d7297485a98d0133cb0e463&pdf=1
45398,10105,2017-11-08 00:00:00.0,DEPARTAMENTO DE EDUCACION DE FRUTILLAR,2017,740,INFORME_DE_INVESTIGACION_ESPECIAL_740_17_DAEM_DE_FRUTILLAR_EVENTUALES_IRREGULARIDADES_COMPRAS_Y_CONTRATACION_PUBLICA_NOVIEMBRE_2017,https://www.contraloria.cl/pdfbuscador/auditoria/43740c763a764803989156efcb050ea2/html,10,FRUTILLAR,https://www.contraloria.cl/SicaProd/SICAv3-BIFAPortalCGR/faces/newDetalleInforme?docIdcm=43740c763a764803989156efcb050ea2,C,Informe de Investigación Especial,22183,https://www.contraloria.cl/SicaProd/SICAv3-BIFAPortalCGR/servletfichainformegoogle?docIdcm=43740c763a764803989156efcb050ea2&pdf=1
50828,10105,2019-10-17 00:00:00.0,DEPARTAMENTO DE EDUCACION DE FRUTILLAR,2019,58,INFORME DE INVESTIGACION ESPECIAL 58-19 DAEM DE FRUTILLAR EVENTUALES IRREGULARIDADES EN MANEJO DE RECURSOS SEP - OCTUBRE 2019,https://www.contraloria.cl/pdfbuscador/auditoria/b4313509b830bef4ca1773cc0ff114de/html,10,FRUTILLAR,https://www.contraloria.cl/SicaProd/SICAv3-BIFAPortalCGR/faces/newDetalleInforme?docIdcm=b4313509b830bef4ca1773cc0ff114de,C,Informe de Investigación Especial,30189,https://www.contraloria.cl/SicaProd/SICAv3-BIFAPortalCGR/servletfichainformegoogle?docIdcm=b4313509b830bef4ca1773cc0ff114de&pdf=1
54511,10105,2019-10-21 00:00:00.0,MUNICIPALIDAD DE FRUTILLAR,2019,72,INFORME DE INVESTIGACION ESPECIAL 72-19 MUNICIPALIDAD DE FRUTILLAR IRREGULARIDADES EN FINANCIMENTO DE TRANSMISION SATELITAL DEL RALLY MOBIL 2018 - OCTUBRE 2019,https://www.contraloria.cl/pdfbuscador/auditoria/914e8319d9355986f05e080047b551e2/html,10,FRUTILLAR,https://www.contraloria.cl/SicaProd/SICAv3-BIFAPortalCGR/faces/newDetalleInforme?docIdcm=914e8319d9355986f05e080047b551e2,C,Informe de Investigación Especial,30191,https://www.contraloria.cl/SicaProd/SICAv3-BIFAPortalCGR/servletfichainformegoogle?docIdcm=914e8319d9355986f05e080047b551e2&pdf=1
57854,10105,2019-11-13 00:00:00.0,DEPARTAMENTO DE SALUD DE FRUTILLAR,2019,535,INFORME FINAL 535-19 DESAM DE FRUTILLAR AUDITORIA AL PROCESO DE PAGO REMUNERACIONES Y EXAMEN DE CUENTAS PAGO ASIGNACIONES ART. 27 Y 45 DE LA LEY 19378 - NOVIEMBRE 2019,https://www.contraloria.cl/pdfbuscador/auditoria/77b63cab2eed29ca4125ea66f4a3dd7d/html,10,FRUTILLAR,https://www.contraloria.cl/SicaProd/SICAv3-BIFAPortalCGR/faces/newDetalleInforme?docIdcm=77b63cab2eed29ca4125ea66f4a3dd7d,C,Informe Final de Auditoría,30423,https://www.contraloria.cl/SicaProd/SICAv3-BIFAPortalCGR/servletfichainformegoogle?docIdcm=77b63cab2eed29ca4125ea66f4a3dd7d&pdf=1