IDACTIVIDAD,CODIGOSUBDERE,FECHAINFORME,NOMBRESERVICIO,ANOINFORME,NUMEROINFORME,MATERIAINFORME,FICHAINFORMEBIFA,C_REG_SUBDERE,NOMBRESUBDERE,FICHAINFORME,TIPOSUBDERE,TIPOINFORME,IDINFORME,PDFINFORME
33334,14202,2016-02-11 00:00:00.0,MUNICIPALIDAD DE FUTRONO,2015,1281,"INFORME FINAL 1281-15 MUNICIPALIDAD DE FUTRONO, INSPECCIÓN DE OBRA PÚBLICA MEJORAMIENTO CALLE LOS PINOS, COMUNA DE FUTRONO - FEBRERO 2016",https://www.contraloria.cl/pdfbuscador/auditoria/64ecf318c0e8200427b7cec547dc2635/html,14,FUTRONO,https://www.contraloria.cl/SicaProd/SICAv3-BIFAPortalCGR/faces/newDetalleInforme?docIdcm=64ecf318c0e8200427b7cec547dc2635,C,Informe de Inspección de Obra Pública,17329,https://www.contraloria.cl/SicaProd/SICAv3-BIFAPortalCGR/servletfichainformegoogle?docIdcm=64ecf318c0e8200427b7cec547dc2635&pdf=1
33333,14202,2016-02-16 00:00:00.0,MUNICIPALIDAD DE FUTRONO,2016,1184,"INFORME FINAL 1184-15 MUNICIPALIDAD DE FUTRONO, INSPECCIÓN DE OBRA PÚBLICA REPOSICIÓN CUARTEL PRIMERA COMPAÑÍA DE BOMBEROS DE FUTRONO  - FEBRERO 2016",https://www.contraloria.cl/pdfbuscador/auditoria/50cea0ef387c1d2bdf6344ade40a58c9/html,14,FUTRONO,https://www.contraloria.cl/SicaProd/SICAv3-BIFAPortalCGR/faces/newDetalleInforme?docIdcm=50cea0ef387c1d2bdf6344ade40a58c9,C,Informe de Inspección de Obra Pública,17356,https://www.contraloria.cl/SicaProd/SICAv3-BIFAPortalCGR/servletfichainformegoogle?docIdcm=50cea0ef387c1d2bdf6344ade40a58c9&pdf=1
41708,14202,2017-09-04 00:00:00.0,MUNICIPALIDAD DE FUTRONO,2017,364,"INFORME FINAL 364-17 MUNICIPALIDAD DE FUTRONO, AUDITORÍA A LAS TRANSFERENCIAS DEL SECTOR PRIVADO - AGOSTO 2016",https://www.contraloria.cl/pdfbuscador/auditoria/0497f177b28011f6aa11d04db57d0891/html,14,FUTRONO,https://www.contraloria.cl/SicaProd/SICAv3-BIFAPortalCGR/faces/newDetalleInforme?docIdcm=0497f177b28011f6aa11d04db57d0891,C,Informe Final de Auditoría,21731,https://www.contraloria.cl/SicaProd/SICAv3-BIFAPortalCGR/servletfichainformegoogle?docIdcm=0497f177b28011f6aa11d04db57d0891&pdf=1
50989,14202,2018-12-18 00:00:00.0,MUNICIPALIDAD DE FUTRONO,2018,603,"INFORME FINAL N° 603-MUNICIPALIDAD DE FUTRONO, SOBRE AUDITORIA AL PROCESO DE FORMULACIÓN, EJECUCIÓN Y CONTROL DEL PRESUPUESTO, DICIEMBRE-2018",https://www.contraloria.cl/pdfbuscador/auditoria/848559c330f114c4c01329259ca1749c/html,14,FUTRONO,https://www.contraloria.cl/SicaProd/SICAv3-BIFAPortalCGR/faces/newDetalleInforme?docIdcm=848559c330f114c4c01329259ca1749c,C,Informe Final de Auditoría,27073,https://www.contraloria.cl/SicaProd/SICAv3-BIFAPortalCGR/servletfichainformegoogle?docIdcm=848559c330f114c4c01329259ca1749c&pdf=1
53853,14202,2019-04-10 00:00:00.0,MUNICIPALIDAD DE FUTRONO,2019,20,"INFORME DE INVESTIGACIÓN ESPECIAL N° 20-2019, MUNICIPALIDAD DE FUTRONO, SOBRE LAS CONTRATACIONES DE SERVICIOS DE COBRO DE ESTACIONAMIENTOS Y LIMPIEZA DE CALLES Y MANTENCIÓN DE ÁREAS VERDES, ABRIL 2019",https://www.contraloria.cl/pdfbuscador/auditoria/3f55130c9a0f6ec08c6b073bd20d9bb7/html,14,FUTRONO,https://www.contraloria.cl/SicaProd/SICAv3-BIFAPortalCGR/faces/newDetalleInforme?docIdcm=3f55130c9a0f6ec08c6b073bd20d9bb7,C,Informe de Investigación Especial,28691,https://www.contraloria.cl/SicaProd/SICAv3-BIFAPortalCGR/servletfichainformegoogle?docIdcm=3f55130c9a0f6ec08c6b073bd20d9bb7&pdf=1
56339,14202,2019-07-12 00:00:00.0,DEPARTAMENTO DE SALUD DE FUTRONO,2019,383,INFORME FINAL N° 383-19 MUNICIPALIDAD DE FUTRONO AUDITORIA AL PAGO DE REMUNERACIONES DEL PERSONAL - JULIO 2019,https://www.contraloria.cl/pdfbuscador/auditoria/2b314e261d6aa3335e9413eb0c85ac67/html,14,FUTRONO,https://www.contraloria.cl/SicaProd/SICAv3-BIFAPortalCGR/faces/newDetalleInforme?docIdcm=2b314e261d6aa3335e9413eb0c85ac67,C,Informe Final de Auditoría,29383,https://www.contraloria.cl/SicaProd/SICAv3-BIFAPortalCGR/servletfichainformegoogle?docIdcm=2b314e261d6aa3335e9413eb0c85ac67&pdf=1