IDACTIVIDAD,CODIGOSUBDERE,FECHAINFORME,NOMBRESERVICIO,ANOINFORME,NUMEROINFORME,MATERIAINFORME,FICHAINFORMEBIFA,C_REG_SUBDERE,NOMBRESUBDERE,FICHAINFORME,TIPOSUBDERE,TIPOINFORME,IDINFORME,PDFINFORME
32209,09106,2015-12-21 00:00:00.0,MUNICIPALIDAD DE GALVARINO,2015,1122,"INFORME DE INVESTIGACIÓN ESPECIAL 1122-15 MUNICIPALIDAD DE GALVARINO, SOBRE OCUPACIÓN DE BIEN INMUEBLE-DICIEMBRE 2015",https://www.contraloria.cl/pdfbuscador/auditoria/eb80c8b1a26a08d8119ecc015d68572b/html,09,GALVARINO,https://www.contraloria.cl/SicaProd/SICAv3-BIFAPortalCGR/faces/newDetalleInforme?docIdcm=eb80c8b1a26a08d8119ecc015d68572b,C,Informe de Investigación Especial,16844,https://www.contraloria.cl/SicaProd/SICAv3-BIFAPortalCGR/servletfichainformegoogle?docIdcm=eb80c8b1a26a08d8119ecc015d68572b&pdf=1
38976,09106,2017-04-10 00:00:00.0,DEPARTAMENTO DE EDUCACION MUNICIPAL DE GALVARINO,2016,1120,"INFORME DE INVESTIGACIÓN ESPECIAL 1120-2016 MUNICIPALIDAD DE GALVARINO, SOBRE IRREGULARIDADES EN EL PAGO ART 1° LEY 19.464-ABRIL 2017",https://www.contraloria.cl/pdfbuscador/auditoria/70b9d6bc8aa35c5f72ce3d714799665c/html,09,GALVARINO,https://www.contraloria.cl/SicaProd/SICAv3-BIFAPortalCGR/faces/newDetalleInforme?docIdcm=70b9d6bc8aa35c5f72ce3d714799665c,C,Informe de Investigación Especial,20798,https://www.contraloria.cl/SicaProd/SICAv3-BIFAPortalCGR/servletfichainformegoogle?docIdcm=70b9d6bc8aa35c5f72ce3d714799665c&pdf=1
50709,09106,2018-10-30 00:00:00.0,MUNICIPALIDAD DE GALVARINO,2018,534,"INFORME FINAL 534-2018 MUNICIPALIDAD DE GALVARINO, SOBRE DISPONIBILIDAD DEL AÑO 2017 ÁREAS SALUD Y EDUCACIÓN-OCTUBRE 2018",https://www.contraloria.cl/pdfbuscador/auditoria/00178879f807323c40622e632a028e67/html,09,GALVARINO,https://www.contraloria.cl/SicaProd/SICAv3-BIFAPortalCGR/faces/newDetalleInforme?docIdcm=00178879f807323c40622e632a028e67,C,Informe Final de Auditoría,26426,https://www.contraloria.cl/SicaProd/SICAv3-BIFAPortalCGR/servletfichainformegoogle?docIdcm=00178879f807323c40622e632a028e67&pdf=1
53388,09106,2018-12-27 00:00:00.0,MUNICIPALIDAD DE GALVARINO,2018,815,"INFORME DE INVESTIGACIÓN ESPECIAL 815-18 MUNICIPALIDAD DE GALVARINO, SOBRE PROGRAMA AUTOCONSUMO-DIEMBRE 2018",https://www.contraloria.cl/pdfbuscador/auditoria/2dcbbf74fa4310424b2ebb461b4d2d16/html,09,GALVARINO,https://www.contraloria.cl/SicaProd/SICAv3-BIFAPortalCGR/faces/newDetalleInforme?docIdcm=2dcbbf74fa4310424b2ebb461b4d2d16,C,Informe de Investigación Especial,27188,https://www.contraloria.cl/SicaProd/SICAv3-BIFAPortalCGR/servletfichainformegoogle?docIdcm=2dcbbf74fa4310424b2ebb461b4d2d16&pdf=1
53388,09106,2018-12-27 00:00:00.0,MUNICIPALIDAD DE GALVARINO,2018,815,"INFORME DE INVESTIGACIÓN ESPECIAL 815-2018 MUNICIPALIDAD DE GALVARINO, SOBRE PROGRAMA AUTOCONSUMO-DICIEMBRE 2018",https://www.contraloria.cl/pdfbuscador/auditoria/967f5c00e43310779790900853384fdb/html,09,GALVARINO,https://www.contraloria.cl/SicaProd/SICAv3-BIFAPortalCGR/faces/newDetalleInforme?docIdcm=967f5c00e43310779790900853384fdb,C,Informe de Investigación Especial,27865,https://www.contraloria.cl/SicaProd/SICAv3-BIFAPortalCGR/servletfichainformegoogle?docIdcm=967f5c00e43310779790900853384fdb&pdf=1
53094,09106,2019-01-24 00:00:00.0,MUNICIPALIDAD DE GALVARINO,2018,939,"INFORME FINAL N° 939-2018 MUNICIPALIDAD DE GALVARINO, SOBRE REMUNERACIONES PAGADAS 2017 Y 2018- ENERO 2019",https://www.contraloria.cl/pdfbuscador/auditoria/3b8797b64de943afd14765975bb852cd/html,09,GALVARINO,https://www.contraloria.cl/SicaProd/SICAv3-BIFAPortalCGR/faces/newDetalleInforme?docIdcm=3b8797b64de943afd14765975bb852cd,C,Informe Final de Auditoría,27504,https://www.contraloria.cl/SicaProd/SICAv3-BIFAPortalCGR/servletfichainformegoogle?docIdcm=3b8797b64de943afd14765975bb852cd&pdf=1
57039,09106,2019-05-23 00:00:00.0,MUNICIPALIDAD DE GALVARINO,2019,42,"INFORME DE INVESTIGACIÓN ESPECIAL 42-19 MUNICIPALIDAD DE GALVARINO, SOBRE OFICINA DE ASUNTOS RELOGIOSOS- MAYO 2019",https://www.contraloria.cl/pdfbuscador/auditoria/b534d552b625bf1f235d00f844d2dc3c/html,09,GALVARINO,https://www.contraloria.cl/SicaProd/SICAv3-BIFAPortalCGR/faces/newDetalleInforme?docIdcm=b534d552b625bf1f235d00f844d2dc3c,C,Informe de Investigación Especial,29027,https://www.contraloria.cl/SicaProd/SICAv3-BIFAPortalCGR/servletfichainformegoogle?docIdcm=b534d552b625bf1f235d00f844d2dc3c&pdf=1
57475,09106,2019-09-06 00:00:00.0,MUNICIPALIDAD DE GALVARINO,2019,481,"INFORME FINAL DE INVESTIGACIÓN ESPECIAL N° 481, DE 2019, MUNICIPALIDAD DE GALVARINO, SOBRE PRESUNTAS IRREGULARIDADES EN LA DIDECO-SEPTIEMBRE",https://www.contraloria.cl/pdfbuscador/auditoria/f99190b93e564d43936f708ec09f3021/html,09,GALVARINO,https://www.contraloria.cl/SicaProd/SICAv3-BIFAPortalCGR/faces/newDetalleInforme?docIdcm=f99190b93e564d43936f708ec09f3021,C,Informe de Investigación Especial,29931,https://www.contraloria.cl/SicaProd/SICAv3-BIFAPortalCGR/servletfichainformegoogle?docIdcm=f99190b93e564d43936f708ec09f3021&pdf=1