IDACTIVIDAD,CODIGOSUBDERE,FECHAINFORME,NOMBRESERVICIO,ANOINFORME,NUMEROINFORME,MATERIAINFORME,FICHAINFORMEBIFA,C_REG_SUBDERE,NOMBRESUBDERE,FICHAINFORME,TIPOSUBDERE,TIPOINFORME,IDINFORME,PDFINFORME
33281,15202,2016-09-13 00:00:00.0,MUNICIPALIDAD DE GENERAL LAGOS,2016,246,INFORME DE INVESTIGACIÓN ESPECIAL 246-16 MUNICIPALIDAD DE GENERAL LAGOS IRREGULARIDADES EN PROCESOS DE ADJUDICACIÓN EJECUCIÓN DE PROYECTOS-SEPTIEMBRE 2016,https://www.contraloria.cl/pdfbuscador/auditoria/3076d00ccffc2adccbc50284248cefe1/html,15,GENERAL LAGOS,https://www.contraloria.cl/SicaProd/SICAv3-BIFAPortalCGR/faces/newDetalleInforme?docIdcm=3076d00ccffc2adccbc50284248cefe1,C,Informe de Investigación Especial,18919,https://www.contraloria.cl/SicaProd/SICAv3-BIFAPortalCGR/servletfichainformegoogle?docIdcm=3076d00ccffc2adccbc50284248cefe1&pdf=1
36188,15202,2016-10-18 00:00:00.0,MUNICIPALIDAD DE GENERAL LAGOS,2016,485,INFORME DE INVESTIGACIÓN ESPECIAL 485-16 MUNICIPALIDAD DE GENERAL LAGOS IRREGULARIDADES EN LOS PROCESOS DE CONTRATACIÓN DE PERSONAS Y SERVICIOS-OCTUBRE 2016,https://www.contraloria.cl/pdfbuscador/auditoria/9843d9bd980f04334ad3695c236bc69e/html,15,GENERAL LAGOS,https://www.contraloria.cl/SicaProd/SICAv3-BIFAPortalCGR/faces/newDetalleInforme?docIdcm=9843d9bd980f04334ad3695c236bc69e,C,Informe de Investigación Especial,19301,https://www.contraloria.cl/SicaProd/SICAv3-BIFAPortalCGR/servletfichainformegoogle?docIdcm=9843d9bd980f04334ad3695c236bc69e&pdf=1
43598,15202,2017-08-08 00:00:00.0,MUNICIPALIDAD DE GENERAL LAGOS,2017,492,INFORME DE INVESTIGACIÓN ESPECIAL 492-17 MUNICIPALIDAD DE GENERAL LAGOS PAGOS POR CONCEPTO DE PUBLICIDAD Y DIFUSIÓN-AGOSTO 2017,https://www.contraloria.cl/pdfbuscador/auditoria/27ac3320964e2a75d91031ce80201dbb/html,15,GENERAL LAGOS,https://www.contraloria.cl/SicaProd/SICAv3-BIFAPortalCGR/faces/newDetalleInforme?docIdcm=27ac3320964e2a75d91031ce80201dbb,C,Informe de Investigación Especial,21532,https://www.contraloria.cl/SicaProd/SICAv3-BIFAPortalCGR/servletfichainformegoogle?docIdcm=27ac3320964e2a75d91031ce80201dbb&pdf=1
41267,15202,2017-11-02 00:00:00.0,MUNICIPALIDAD DE GENERAL LAGOS,2017,775,INFORME FINAL 755-17 MUNICIPALIDAD DE GENERAL LAGOS AUDITORÍA AL PROCEDIMIENTO DE RECOLECCIÓN DE RESIDUOS DOMICILIARIOS-NOVIEMBRE 2017,https://www.contraloria.cl/pdfbuscador/auditoria/bac71087bfd91b63920ed7f111aa126c/html,15,GENERAL LAGOS,https://www.contraloria.cl/SicaProd/SICAv3-BIFAPortalCGR/faces/newDetalleInforme?docIdcm=bac71087bfd91b63920ed7f111aa126c,C,Informe Final de Auditoría,22116,https://www.contraloria.cl/SicaProd/SICAv3-BIFAPortalCGR/servletfichainformegoogle?docIdcm=bac71087bfd91b63920ed7f111aa126c&pdf=1
53839,15202,2018-12-26 00:00:00.0,MUNICIPALIDAD DE GENERAL LAGOS,2018,907,INFORME FINAL 907-18 MUNICIPALIDAD DE GENERAL LAGOS AUDITORÍA AL PROCESO DE COMPRAS Y CUMPLIMIENTO DE LA NORMATIVA CONTABLE-DICIEMBRE 2018,https://www.contraloria.cl/pdfbuscador/auditoria/53d242e6e149ad1f81d342ab57f47c0a/html,15,GENERAL LAGOS,https://www.contraloria.cl/SicaProd/SICAv3-BIFAPortalCGR/faces/newDetalleInforme?docIdcm=53d242e6e149ad1f81d342ab57f47c0a,C,Informe Final de Auditoría,27133,https://www.contraloria.cl/SicaProd/SICAv3-BIFAPortalCGR/servletfichainformegoogle?docIdcm=53d242e6e149ad1f81d342ab57f47c0a&pdf=1