IDACTIVIDAD,CODIGOSUBDERE,FECHAINFORME,NOMBRESERVICIO,ANOINFORME,NUMEROINFORME,MATERIAINFORME,FICHAINFORMEBIFA,C_REG_SUBDERE,NOMBRESUBDERE,FICHAINFORME,TIPOSUBDERE,TIPOINFORME,IDINFORME,PDFINFORME
29371,09107,2015-09-28 00:00:00.0,DEPARTAMENTO DE EDUCACION MUNICIPAL DE GORBEA,2015,400,"INFORME INVESTIGACIÓN ESPECIAL 400-15 MUNICIPALIDAD DE GORBEA, SOBRE PRESUNTAS IRREGULARIDADES-SEPTIEMBRE 2015",https://www.contraloria.cl/pdfbuscador/auditoria/46c1703f1bee949ebffb385fcb082105/html,09,GORBEA,https://www.contraloria.cl/SicaProd/SICAv3-BIFAPortalCGR/faces/newDetalleInforme?docIdcm=46c1703f1bee949ebffb385fcb082105,C,Informe de Investigación Especial,14926,https://www.contraloria.cl/SicaProd/SICAv3-BIFAPortalCGR/servletfichainformegoogle?docIdcm=46c1703f1bee949ebffb385fcb082105&pdf=1
29875,09107,2016-04-11 00:00:00.0,DEPARTAMENTO DE EDUCACION MUNICIPAL DE GORBEA,2015,1114,"INFORME DE INVESTIGACIÓN ESPECIAL 1114-15 DEPARTAMENTO DE EDUCACIÓN MUNICIPAL DE GORBEA, SOBRE LICITACIONES PÚBLICAS-ABRIL 2016",https://www.contraloria.cl/pdfbuscador/auditoria/0a2a8ba399725310bec507bf1e23ed55/html,09,GORBEA,https://www.contraloria.cl/SicaProd/SICAv3-BIFAPortalCGR/faces/newDetalleInforme?docIdcm=0a2a8ba399725310bec507bf1e23ed55,C,Informe de Investigación Especial,17837,https://www.contraloria.cl/SicaProd/SICAv3-BIFAPortalCGR/servletfichainformegoogle?docIdcm=0a2a8ba399725310bec507bf1e23ed55&pdf=1
33184,09107,2015-12-29 00:00:00.0,MUNICIPALIDAD DE GORBEA,2015,1264,"INFORME DE INVESTIGACIÓN ESPECIAL 1264-15 MUNICIPALIDAD DE GORBEA, SOBRE PRESUNTAS IRREGULARIDADES-DICIEMBRE 2015",https://www.contraloria.cl/pdfbuscador/auditoria/c517c921b82a3cff812d3016e3a5ceaf/html,09,GORBEA,https://www.contraloria.cl/SicaProd/SICAv3-BIFAPortalCGR/faces/newDetalleInforme?docIdcm=c517c921b82a3cff812d3016e3a5ceaf,C,Informe de Investigación Especial,16917,https://www.contraloria.cl/SicaProd/SICAv3-BIFAPortalCGR/servletfichainformegoogle?docIdcm=c517c921b82a3cff812d3016e3a5ceaf&pdf=1
37933,09107,2016-09-15 00:00:00.0,DEPARTAMENTO DE EDUCACION MUNICIPAL DE GORBEA,2016,535,"INFORME DE  INVESTIGACIÓN ESPECIAL 535-2016 MUNICIPALIDAD DE GORBEA, SOBR PROGRAMA PIE-SEPTIEMBRE 2016",https://www.contraloria.cl/pdfbuscador/auditoria/876d82802c5d3ca3a647759f1296d79d/html,09,GORBEA,https://www.contraloria.cl/SicaProd/SICAv3-BIFAPortalCGR/faces/newDetalleInforme?docIdcm=876d82802c5d3ca3a647759f1296d79d,C,Informe de Investigación Especial,18921,https://www.contraloria.cl/SicaProd/SICAv3-BIFAPortalCGR/servletfichainformegoogle?docIdcm=876d82802c5d3ca3a647759f1296d79d&pdf=1
38460,09107,2017-04-13 00:00:00.0,DEPARTAMENTO DE EDUCACION MUNICIPAL DE GORBEA,2016,1062,INFORME DE INVESTIGACIÓN ESPECIAL 1062-2016 MUNICIPALIDAD DE GORBEA SOBRE CONTRATACIONES Y PAGOS DE LOS ASISTENTES DE LA EDUCACIÓN - ABRIL 2017,https://www.contraloria.cl/pdfbuscador/auditoria/c79aef8fb03342a49c3c563302aaddb7/html,09,GORBEA,https://www.contraloria.cl/SicaProd/SICAv3-BIFAPortalCGR/faces/newDetalleInforme?docIdcm=c79aef8fb03342a49c3c563302aaddb7,C,Informe de Investigación Especial,20817,https://www.contraloria.cl/SicaProd/SICAv3-BIFAPortalCGR/servletfichainformegoogle?docIdcm=c79aef8fb03342a49c3c563302aaddb7&pdf=1
40649,09107,2017-05-26 00:00:00.0,DEPARTAMENTO DE EDUCACION MUNICIPAL DE GORBEA,2017,116,"INFORME DE INVESTIGACIÓN ESPECIAL 116-17 DEPTO DE EDUCACIÓN DE GORBEA, SOBRE INCUMPLIMIENTO DE JORNADA EN COMPLEJO EDUCACIONAL-MAYO DEL 2017",https://www.contraloria.cl/pdfbuscador/auditoria/a68331505fd397995bc0fd612b0c182d/html,09,GORBEA,https://www.contraloria.cl/SicaProd/SICAv3-BIFAPortalCGR/faces/newDetalleInforme?docIdcm=a68331505fd397995bc0fd612b0c182d,C,Informe de Investigación Especial,21084,https://www.contraloria.cl/SicaProd/SICAv3-BIFAPortalCGR/servletfichainformegoogle?docIdcm=a68331505fd397995bc0fd612b0c182d&pdf=1
51383,09107,2018-09-21 00:00:00.0,MUNICIPALIDAD DE GORBEA,2018,318,"INFORME DE INVESTIGACIÓN ESPECIAL 318-18 MUNICIPALIDAD DE GORBEA, SOBRE PROYECTO PILOTO CAPTACIÓN DE AGUAS LLUVIAS- SEPTIEMBRE 2018",https://www.contraloria.cl/pdfbuscador/auditoria/5bd6fdf41408fcc8012e18689c5f7650/html,09,GORBEA,https://www.contraloria.cl/SicaProd/SICAv3-BIFAPortalCGR/faces/newDetalleInforme?docIdcm=5bd6fdf41408fcc8012e18689c5f7650,C,Informe de Investigación Especial,26023,https://www.contraloria.cl/SicaProd/SICAv3-BIFAPortalCGR/servletfichainformegoogle?docIdcm=5bd6fdf41408fcc8012e18689c5f7650&pdf=1
52374,09107,2018-12-27 00:00:00.0,DEPARTAMENTO DE SALUD MUNICIPAL DE GORBEA,2018,804,"INFORME FINAL N° 804-2018 MUNICIPALIDAD DE GORBEA, SOBRE EJECUCCIÓN PRESUPUESTO 2017- DICIEMBRE  2018",https://www.contraloria.cl/pdfbuscador/auditoria/4e4395ebf022fc15db72c0ebb8445691/html,09,GORBEA,https://www.contraloria.cl/SicaProd/SICAv3-BIFAPortalCGR/faces/newDetalleInforme?docIdcm=4e4395ebf022fc15db72c0ebb8445691,C,Informe Final de Auditoría,27195,https://www.contraloria.cl/SicaProd/SICAv3-BIFAPortalCGR/servletfichainformegoogle?docIdcm=4e4395ebf022fc15db72c0ebb8445691&pdf=1
56611,09107,2019-05-17 00:00:00.0,MUNICIPALIDAD DE GORBEA,2019,270,"INFORME DE INVESTIGACIÓN ESPECIAL 270-19 MUNICIPALIDAD DE GORBEA, SOBRE JORNADA LABORAL JUZGADO DE POLICÍA LOCAL-MAYO 2019",https://www.contraloria.cl/pdfbuscador/auditoria/8c625ef8c8daf505ade3f2308b456e23/html,09,GORBEA,https://www.contraloria.cl/SicaProd/SICAv3-BIFAPortalCGR/faces/newDetalleInforme?docIdcm=8c625ef8c8daf505ade3f2308b456e23,C,Informe de Investigación Especial,28970,https://www.contraloria.cl/SicaProd/SICAv3-BIFAPortalCGR/servletfichainformegoogle?docIdcm=8c625ef8c8daf505ade3f2308b456e23&pdf=1
56946,09107,2019-10-30 00:00:00.0,MUNICIPALIDAD DE GORBEA,2019,585,"INFORME FINAL N° 585-2019 MUNICIPALIDAD DE GORBEA, SOBRE PERMISOS DE CIRCULACIÓN-OCTUBRE 2019",https://www.contraloria.cl/pdfbuscador/auditoria/6b5b0ab18275f95bf01255b71edfbb23/html,09,GORBEA,https://www.contraloria.cl/SicaProd/SICAv3-BIFAPortalCGR/faces/newDetalleInforme?docIdcm=6b5b0ab18275f95bf01255b71edfbb23,C,Informe Final de Auditoría,30267,https://www.contraloria.cl/SicaProd/SICAv3-BIFAPortalCGR/servletfichainformegoogle?docIdcm=6b5b0ab18275f95bf01255b71edfbb23&pdf=1