IDACTIVIDAD,CODIGOSUBDERE,FECHAINFORME,NOMBRESERVICIO,ANOINFORME,NUMEROINFORME,MATERIAINFORME,FICHAINFORMEBIFA,C_REG_SUBDERE,NOMBRESUBDERE,FICHAINFORME,TIPOSUBDERE,TIPOINFORME,IDINFORME,PDFINFORME
28492,06106,2015-07-06 00:00:00.0,MUNICIPALIDAD DE GRANEROS,2015,386,INFORME FINAL 386 - 15 MUNICIPALIDAD DE GRANEROS RECURSOS HUMANOS PROGRAMAS COMUNITARIOS - JULIO 2015,https://www.contraloria.cl/pdfbuscador/auditoria/c0e591fd85de71265369423e5e09fdd6/html,06,GRANEROS,https://www.contraloria.cl/SicaProd/SICAv3-BIFAPortalCGR/faces/newDetalleInforme?docIdcm=c0e591fd85de71265369423e5e09fdd6,C,Informe Final de Auditoría,14224,https://www.contraloria.cl/SicaProd/SICAv3-BIFAPortalCGR/servletfichainformegoogle?docIdcm=c0e591fd85de71265369423e5e09fdd6&pdf=1
28593,06106,2015-12-28 00:00:00.0,DEPARTAMENTO DE EDUCACION GRANEROS,2015,1059,INFORME FINAL 1059 - 15 DEPARTAMENTO DE EDUCACIÓN MUNICIPAL DE GRANEROS TRANSFERENCIAS LEY DE SUBVENCIÓN ESCOLAR PREFERENCIAL - DICIEMBRE 2015,https://www.contraloria.cl/pdfbuscador/auditoria/ffdea90a72ba115cab7007c9c47c7edc/html,06,GRANEROS,https://www.contraloria.cl/SicaProd/SICAv3-BIFAPortalCGR/faces/newDetalleInforme?docIdcm=ffdea90a72ba115cab7007c9c47c7edc,C,Informe Final de Auditoría,16784,https://www.contraloria.cl/SicaProd/SICAv3-BIFAPortalCGR/servletfichainformegoogle?docIdcm=ffdea90a72ba115cab7007c9c47c7edc&pdf=1
36377,06106,2016-08-11 00:00:00.0,MUNICIPALIDAD DE GRANEROS,2016,307,INFORME DE INVESTIGACIÓN ESPECIAL 307 - 16 MUNICIPALIDAD DE GRANEROS EVENTUALES IRREGULARIDADES USO DE RECURSOS MUNICIPALES PARA FINES ELECTORALES Y EN CONTRATACIÓN DE GRUPO MUSICAL - AGOSTO 2016,https://www.contraloria.cl/pdfbuscador/auditoria/4aeeb88e9e4924c88d80bd797d2515b7/html,06,GRANEROS,https://www.contraloria.cl/SicaProd/SICAv3-BIFAPortalCGR/faces/newDetalleInforme?docIdcm=4aeeb88e9e4924c88d80bd797d2515b7,C,Informe de Investigación Especial,18763,https://www.contraloria.cl/SicaProd/SICAv3-BIFAPortalCGR/servletfichainformegoogle?docIdcm=4aeeb88e9e4924c88d80bd797d2515b7&pdf=1
34594,06106,2016-10-18 00:00:00.0,MUNICIPALIDAD DE GRANEROS,2016,634,INFORME FINAL 634-2016 MUNICIPALIDAD DE GRANEROS - AUDITORÍA AL GASTO EN PERIODO ELECTORAL - USO DE BIENES - VEHÍCULOS - RRHH - RECURSOS FÍSICOS Y FINANCIEROS - OCTUBRE 2016,https://www.contraloria.cl/pdfbuscador/auditoria/63093ef64364cd0f7f95b53ef006c810/html,06,GRANEROS,https://www.contraloria.cl/SicaProd/SICAv3-BIFAPortalCGR/faces/newDetalleInforme?docIdcm=63093ef64364cd0f7f95b53ef006c810,C,Informe Final de Auditoría,19201,https://www.contraloria.cl/SicaProd/SICAv3-BIFAPortalCGR/servletfichainformegoogle?docIdcm=63093ef64364cd0f7f95b53ef006c810&pdf=1
42174,06106,2019-06-20 00:00:00.0,MUNICIPALIDAD DE GRANEROS,2017,326,1-INFORME INVESTIGACIÓN ESPECIAL 326-17 -MUNICIPALIDAD DE GRANEROS- EMISIÓN Y PAGO BOLETAS HONORARIOS Y VIAJES CONCEJALES-JU,https://www.contraloria.cl/pdfbuscador/auditoria/52a98a4219eb29643f039883b71c4536/html,06,GRANEROS,https://www.contraloria.cl/SicaProd/SICAv3-BIFAPortalCGR/faces/newDetalleInforme?docIdcm=52a98a4219eb29643f039883b71c4536,C,Informe de Investigación Especial,29336,https://www.contraloria.cl/SicaProd/SICAv3-BIFAPortalCGR/servletfichainformegoogle?docIdcm=52a98a4219eb29643f039883b71c4536&pdf=1
47597,06106,2019-02-01 00:00:00.0,MUNICIPALIDAD DE GRANEROS,2018,33,INFORME DE INVESTIGACIÓN ESPECIAL 33-18 - MUNICIPALIDAD DE GRANEROS - FEBRERO 2019,https://www.contraloria.cl/pdfbuscador/auditoria/0cc489c7913c2d655b10f4d9db29c2f8/html,06,GRANEROS,https://www.contraloria.cl/SicaProd/SICAv3-BIFAPortalCGR/faces/newDetalleInforme?docIdcm=0cc489c7913c2d655b10f4d9db29c2f8,C,Informe de Investigación Especial,27593,https://www.contraloria.cl/SicaProd/SICAv3-BIFAPortalCGR/servletfichainformegoogle?docIdcm=0cc489c7913c2d655b10f4d9db29c2f8&pdf=1