IDACTIVIDAD,CODIGOSUBDERE,FECHAINFORME,NOMBRESERVICIO,ANOINFORME,NUMEROINFORME,MATERIAINFORME,FICHAINFORMEBIFA,C_REG_SUBDERE,NOMBRESUBDERE,FICHAINFORME,TIPOSUBDERE,TIPOINFORME,IDINFORME,PDFINFORME
27344,08112,2015-06-26 00:00:00.0,MUNICIPALIDAD DE HUALPEN,2015,123,INFORME INVESTIGACIÓN ESPECIAL 123 - 15 MUNICIPALIDAD DE HUALPÉN SOBRE EVENTUALES IRREGULARIDADES - JULIO 2015,https://www.contraloria.cl/pdfbuscador/auditoria/391b9c2ad4d19b8dbb2aafab941328f2/html,08,HUALPEN,https://www.contraloria.cl/SicaProd/SICAv3-BIFAPortalCGR/faces/newDetalleInforme?docIdcm=391b9c2ad4d19b8dbb2aafab941328f2,C,Informe de Investigación Especial,14451,https://www.contraloria.cl/SicaProd/SICAv3-BIFAPortalCGR/servletfichainformegoogle?docIdcm=391b9c2ad4d19b8dbb2aafab941328f2&pdf=1
29644,08112,2015-05-27 00:00:00.0,MUNICIPALIDAD DE HUALPEN,2015,181,INFORME INVESTIGACIÓN ESPECIAL 181 - 15 MUNICIPALIDAD DE HUALPÉN SOBRE PRESUNTAS ANOMALÍAS EN CAPACITACIONES Y GIRAS TÉCNICAS NACIONALES E INTERNACIONALES - MAYO 2015,https://www.contraloria.cl/pdfbuscador/auditoria/d49fd186fde061ef6ff8a452ac57302f/html,08,HUALPEN,https://www.contraloria.cl/SicaProd/SICAv3-BIFAPortalCGR/faces/newDetalleInforme?docIdcm=d49fd186fde061ef6ff8a452ac57302f,C,Informe de Investigación Especial,13909,https://www.contraloria.cl/SicaProd/SICAv3-BIFAPortalCGR/servletfichainformegoogle?docIdcm=d49fd186fde061ef6ff8a452ac57302f&pdf=1
27323,08112,2015-11-24 00:00:00.0,MUNICIPALIDAD DE HUALPEN,2015,334,INFORME INVESTIGACIÓN ESPECIAL 334-15 MUNICIPALIDAD DE HUALPÉN SOBRE PROCESO LICITATORIO - NOVIEMBRE 2015,https://www.contraloria.cl/pdfbuscador/auditoria/fecbf6a337a71f36d3fd2102fd43a1a8/html,08,HUALPEN,https://www.contraloria.cl/SicaProd/SICAv3-BIFAPortalCGR/faces/newDetalleInforme?docIdcm=fecbf6a337a71f36d3fd2102fd43a1a8,C,Informe de Investigación Especial,16317,https://www.contraloria.cl/SicaProd/SICAv3-BIFAPortalCGR/servletfichainformegoogle?docIdcm=fecbf6a337a71f36d3fd2102fd43a1a8&pdf=1
32005,08112,2015-11-18 00:00:00.0,MUNICIPALIDAD DE HUALPEN,2015,861,INFORME DE INVESTIGACIÓN ESPECIAL 861 DE 2015 MUNICIPALIDAD DE HUALPÉN - ACTUACIONES DE LA MUNICIPALIDAD EN LA EJECUCIÓN DE SIETE PROYECTOS DE CONSTRUCCIÓN - NOVIEMBRE 2015,https://www.contraloria.cl/pdfbuscador/auditoria/1f8174ede14e6359192f22dac30e572a/html,08,HUALPEN,https://www.contraloria.cl/SicaProd/SICAv3-BIFAPortalCGR/faces/newDetalleInforme?docIdcm=1f8174ede14e6359192f22dac30e572a,C,Informe de Investigación Especial,16276,https://www.contraloria.cl/SicaProd/SICAv3-BIFAPortalCGR/servletfichainformegoogle?docIdcm=1f8174ede14e6359192f22dac30e572a&pdf=1
32842,08112,2015-12-23 00:00:00.0,MUNICIPALIDAD DE HUALPEN,2015,1071,INFORME INVESTIGACIÓN ESPECIAL 1071 - 15 MUNICIPALIDAD DE HUALPÉN SOBRE ACTIVIDADES EXTRACTIVAS SIN AUTORIZACIÓN - DICIEMBRE 2015,https://www.contraloria.cl/pdfbuscador/auditoria/2934e611ef319df12900724c54200be3/html,08,HUALPEN,https://www.contraloria.cl/SicaProd/SICAv3-BIFAPortalCGR/faces/newDetalleInforme?docIdcm=2934e611ef319df12900724c54200be3,C,Informe de Investigación Especial,16936,https://www.contraloria.cl/SicaProd/SICAv3-BIFAPortalCGR/servletfichainformegoogle?docIdcm=2934e611ef319df12900724c54200be3&pdf=1
34907,08112,2016-04-20 00:00:00.0,MUNICIPALIDAD DE HUALPEN,2016,50,INFORME INVESTIGACIÓN ESPECIAL 50-16 MUNICIPALIDAD DE HUALPÉN SOBRE PRESUNTAS IRREGULARIDADES EN LA EJECUCIÓN DE TALLER - ABRIL DE 2016,https://www.contraloria.cl/pdfbuscador/auditoria/a6c08b09d7c31e5dff6a19f4dff5c52d/html,08,HUALPEN,https://www.contraloria.cl/SicaProd/SICAv3-BIFAPortalCGR/faces/newDetalleInforme?docIdcm=a6c08b09d7c31e5dff6a19f4dff5c52d,C,Informe de Investigación Especial,17862,https://www.contraloria.cl/SicaProd/SICAv3-BIFAPortalCGR/servletfichainformegoogle?docIdcm=a6c08b09d7c31e5dff6a19f4dff5c52d&pdf=1
34652,08112,2016-10-07 00:00:00.0,MUNICIPALIDAD DE HUALPEN,2016,606,INFORME FINAL 606-16 MUNICIPALIDAD DE HUALPÉN - AUDITORÍA AL GASTO EN PERIODO ELECTORAL - USO DE BIENES - VEHÍCULOS - RRHH - RECURSOS FÍSICOS Y FINANCIEROS - OCTUBRE 2016,https://www.contraloria.cl/pdfbuscador/auditoria/973459df5e7f3d0600aba80aebab04be/html,08,HUALPEN,https://www.contraloria.cl/SicaProd/SICAv3-BIFAPortalCGR/faces/newDetalleInforme?docIdcm=973459df5e7f3d0600aba80aebab04be,C,Informe Final de Auditoría,19058,https://www.contraloria.cl/SicaProd/SICAv3-BIFAPortalCGR/servletfichainformegoogle?docIdcm=973459df5e7f3d0600aba80aebab04be&pdf=1
41845,08112,2017-12-22 00:00:00.0,MUNICIPALIDAD DE HUALPEN,2017,778,INFORME FINAL 778-17 MUNICIPALIDAD DE HUALPÉN AUDITORÍA A LOS PROCESOS DE FINANZAS Y ADQUISICIONES DE BIENES Y SERVICIOS - DICIEMBRE 2017,https://www.contraloria.cl/pdfbuscador/auditoria/662ead063014dbaec5c986582dcb546a/html,08,HUALPEN,https://www.contraloria.cl/SicaProd/SICAv3-BIFAPortalCGR/faces/newDetalleInforme?docIdcm=662ead063014dbaec5c986582dcb546a,C,Informe Final de Auditoría,22664,https://www.contraloria.cl/SicaProd/SICAv3-BIFAPortalCGR/servletfichainformegoogle?docIdcm=662ead063014dbaec5c986582dcb546a&pdf=1
55083,08112,2019-09-30 00:00:00.0,MUNICIPALIDAD DE HUALPEN,2019,96,INFORME FINAL 96-19 MUNICIPALIDAD DE HUALPÉN AUDITORÍA AL MACROPROCESO DE FINANZAS ADQUISICIONES Y RECURSOS HUMANOS - SEPTIEMBRE 2019,https://www.contraloria.cl/pdfbuscador/auditoria/f64ce0e28e942e0168f30d54083353cb/html,08,HUALPEN,https://www.contraloria.cl/SicaProd/SICAv3-BIFAPortalCGR/faces/newDetalleInforme?docIdcm=f64ce0e28e942e0168f30d54083353cb,C,Informe Final de Auditoría,30008,https://www.contraloria.cl/SicaProd/SICAv3-BIFAPortalCGR/servletfichainformegoogle?docIdcm=f64ce0e28e942e0168f30d54083353cb&pdf=1
58094,08112,2019-12-09 00:00:00.0,MUNICIPALIDAD DE HUALPEN,2019,580,INFORME FINAL 580-19 MUNICIPALIDAD DE HUALPÉN AUDITORÍA A LOS INGRESOS POR PERMISOS DE CIRCULACIÓN - DICIEMBRE 2019,https://www.contraloria.cl/pdfbuscador/auditoria/00329bdd1af82f38ed9908d3e94c5606/html,08,HUALPEN,https://www.contraloria.cl/SicaProd/SICAv3-BIFAPortalCGR/faces/newDetalleInforme?docIdcm=00329bdd1af82f38ed9908d3e94c5606,C,Informe Final de Auditoría,30494,https://www.contraloria.cl/SicaProd/SICAv3-BIFAPortalCGR/servletfichainformegoogle?docIdcm=00329bdd1af82f38ed9908d3e94c5606&pdf=1