IDACTIVIDAD,CODIGOSUBDERE,FECHAINFORME,NOMBRESERVICIO,ANOINFORME,NUMEROINFORME,MATERIAINFORME,FICHAINFORMEBIFA,C_REG_SUBDERE,NOMBRESUBDERE,FICHAINFORME,TIPOSUBDERE,TIPOINFORME,IDINFORME,PDFINFORME
27441,07302,2015-09-29 00:00:00.0,MUNICIPALIDAD DE HUALAÑE,2015,927,INFORME INVESTIGACION ESPECIAL 927-15 MUNICIPALIDAD DE HUALAÑE IRREGULARIDADES RESPECTO DE PLANTA SECADO DE TABACO - SEPTIEMBRE 2015,https://www.contraloria.cl/pdfbuscador/auditoria/ed2ffff18abdfe0d17a9fad6a53263ae/html,07,HUALAÑE,https://www.contraloria.cl/SicaProd/SICAv3-BIFAPortalCGR/faces/newDetalleInforme?docIdcm=ed2ffff18abdfe0d17a9fad6a53263ae,C,Informe de Investigación Especial,14966,https://www.contraloria.cl/SicaProd/SICAv3-BIFAPortalCGR/servletfichainformegoogle?docIdcm=ed2ffff18abdfe0d17a9fad6a53263ae&pdf=1
28517,07302,2015-12-29 00:00:00.0,DEPARTAMENTO DE EDUCACION DE HUALAÑE,2015,1234,INFORME FINAL 1234-15 DEPARTAMENTO DE EDUCACION MUNICIPALIDAD DE HUALAÑE SUBVENCION ESCOLAR PREFERENCIAL - DICIEMBRE 2015,https://www.contraloria.cl/pdfbuscador/auditoria/ea05b2bee52e7714ea53319993bc5241/html,07,HUALAÑE,https://www.contraloria.cl/SicaProd/SICAv3-BIFAPortalCGR/faces/newDetalleInforme?docIdcm=ea05b2bee52e7714ea53319993bc5241,C,Informe Final de Auditoría,16756,https://www.contraloria.cl/SicaProd/SICAv3-BIFAPortalCGR/servletfichainformegoogle?docIdcm=ea05b2bee52e7714ea53319993bc5241&pdf=1
41861,07302,2017-05-30 00:00:00.0,DEPARTAMENTO DE EDUCACION DE HUALAÑE,2017,215,INFORME DE INVESTIGACION ESPECIAL 215-17 DAEM HUALAÑE SOBRE IRREGULARIDADES EN PAGO DE BONO ARTICULO DECIMO TRANSITORIO LEY N°20501- MAYO 2017.,https://www.contraloria.cl/pdfbuscador/auditoria/9e784ce68a494c83bd51cadc7928bc19/html,07,HUALAÑE,https://www.contraloria.cl/SicaProd/SICAv3-BIFAPortalCGR/faces/newDetalleInforme?docIdcm=9e784ce68a494c83bd51cadc7928bc19,C,Informe de Investigación Especial,21048,https://www.contraloria.cl/SicaProd/SICAv3-BIFAPortalCGR/servletfichainformegoogle?docIdcm=9e784ce68a494c83bd51cadc7928bc19&pdf=1
41154,07302,2017-12-13 00:00:00.0,MUNICIPALIDAD DE HUALAÑE,2017,737,INFORME FINAL 737-17 MUNICIPALIDAD DE HUALAÑE MACROPROCESO DE INGRESOS PROPIOS DERECHOS POR PERMISOS DE EDIFICACION Y URBANIZACION - DICIEMBRE 2017,https://www.contraloria.cl/pdfbuscador/auditoria/52acfa7454d1705912f8e18873e1bba9/html,07,HUALAÑE,https://www.contraloria.cl/SicaProd/SICAv3-BIFAPortalCGR/faces/newDetalleInforme?docIdcm=52acfa7454d1705912f8e18873e1bba9,C,Informe Final de Auditoría,22382,https://www.contraloria.cl/SicaProd/SICAv3-BIFAPortalCGR/servletfichainformegoogle?docIdcm=52acfa7454d1705912f8e18873e1bba9&pdf=1
47708,07302,2018-08-31 00:00:00.0,MUNICIPALIDAD DE HUALAÑE,2018,363,INFORME DE INVESTIGACION ESPECIAL 363-2018 MUNICIPALIDAD DE HUALAÑE SENTENCIA IMPAGA EN MUNICIPIO -AGOSTO 2018,https://www.contraloria.cl/pdfbuscador/auditoria/fbfa4e2861e76395b492eab860d8ff0e/html,07,HUALAÑE,https://www.contraloria.cl/SicaProd/SICAv3-BIFAPortalCGR/faces/newDetalleInforme?docIdcm=fbfa4e2861e76395b492eab860d8ff0e,C,Informe de Investigación Especial,25582,https://www.contraloria.cl/SicaProd/SICAv3-BIFAPortalCGR/servletfichainformegoogle?docIdcm=fbfa4e2861e76395b492eab860d8ff0e&pdf=1