IDACTIVIDAD,CODIGOSUBDERE,FECHAINFORME,NOMBRESERVICIO,ANOINFORME,NUMEROINFORME,MATERIAINFORME,FICHAINFORMEBIFA,C_REG_SUBDERE,NOMBRESUBDERE,FICHAINFORME,TIPOSUBDERE,TIPOINFORME,IDINFORME,PDFINFORME
28234,01404,2015-08-28 00:00:00.0,MUNICIPALIDAD DE HUARA,2015,715,INFORME FINAL 715-15 MUNICIPALIDAD DE HUARA SOBRE AUDITORIA A LAS CONTRATACIONES DE HONORARIOS EN PROGRAMAS COMUNITARIOS- AGOSTO 2015,https://www.contraloria.cl/pdfbuscador/auditoria/17be0017d3eece957d91fc9af8eabf21/html,01,HUARA,https://www.contraloria.cl/SicaProd/SICAv3-BIFAPortalCGR/faces/newDetalleInforme?docIdcm=17be0017d3eece957d91fc9af8eabf21,C,Informe Final de Auditoría,14673,https://www.contraloria.cl/SicaProd/SICAv3-BIFAPortalCGR/servletfichainformegoogle?docIdcm=17be0017d3eece957d91fc9af8eabf21&pdf=1
34819,01404,2016-12-20 00:00:00.0,MUNICIPALIDAD DE HUARA,2016,842,INFORME FINAL N° 842 - 2016 MUNICIPALIDAD DE HUARA SOBRE AUDITORIA DE TRANSACCION EN MATERIA DE ADQUISICIONES Y RECUPERACION DE LICENCIAS MEDICAS - DICIEMBRE 2016,https://www.contraloria.cl/pdfbuscador/auditoria/12c858d185f6dc3ef01545d05cafd8df/html,01,HUARA,https://www.contraloria.cl/SicaProd/SICAv3-BIFAPortalCGR/faces/newDetalleInforme?docIdcm=12c858d185f6dc3ef01545d05cafd8df,C,Informe Final de Auditoría,20229,https://www.contraloria.cl/SicaProd/SICAv3-BIFAPortalCGR/servletfichainformegoogle?docIdcm=12c858d185f6dc3ef01545d05cafd8df&pdf=1
44398,01404,2017-09-13 00:00:00.0,MUNICIPALIDAD DE HUARA,2017,655,"INFORME DE INVESTIGACIÓN ESPECIAL N° 655-17 DE LA MUNICIPALIDAD DE HUARA SOBRE IRREGULARIDADES EN MATERIA DE PERSONAL, ADQUISICIONES, ENTRE OTRAS - SEPTIEMBRE 2017",https://www.contraloria.cl/pdfbuscador/auditoria/3977e16711164d14a2a59bdfda0a97d2/html,01,HUARA,https://www.contraloria.cl/SicaProd/SICAv3-BIFAPortalCGR/faces/newDetalleInforme?docIdcm=3977e16711164d14a2a59bdfda0a97d2,C,Informe de Investigación Especial,21715,https://www.contraloria.cl/SicaProd/SICAv3-BIFAPortalCGR/servletfichainformegoogle?docIdcm=3977e16711164d14a2a59bdfda0a97d2&pdf=1
41423,01404,2018-06-06 00:00:00.0,MUNICIPALIDAD DE HUARA,2018,69,INFORME FINAL N° 69-18 EN LA MUNICIPALIDAD DE HUARA SOBRE AUDITORIA A LOS CONTRATOS DE OBRA PUBLICA - JUNIO 2018,https://www.contraloria.cl/pdfbuscador/auditoria/232bc95f6a0fbb10a4b8061615f20bfb/html,01,HUARA,https://www.contraloria.cl/SicaProd/SICAv3-BIFAPortalCGR/faces/newDetalleInforme?docIdcm=232bc95f6a0fbb10a4b8061615f20bfb,C,Informe Final de Auditoría,24123,https://www.contraloria.cl/SicaProd/SICAv3-BIFAPortalCGR/servletfichainformegoogle?docIdcm=232bc95f6a0fbb10a4b8061615f20bfb&pdf=1
57745,01404,2019-08-07 00:00:00.0,MUNICIPALIDAD DE HUARA,2019,416,INFORME DE INVESTIGACIÓN ESPECIAL N° 416-19 EN LA MUNICIPALIDAD DE HUARA SOBRE CONTRATO ESCUELA BASICA CHUSMIZA - AGOSTO 2019,https://www.contraloria.cl/pdfbuscador/auditoria/50a985b27d0fc6b285e6e753177c81b1/html,01,HUARA,https://www.contraloria.cl/SicaProd/SICAv3-BIFAPortalCGR/faces/newDetalleInforme?docIdcm=50a985b27d0fc6b285e6e753177c81b1,C,Informe de Investigación Especial,29649,https://www.contraloria.cl/SicaProd/SICAv3-BIFAPortalCGR/servletfichainformegoogle?docIdcm=50a985b27d0fc6b285e6e753177c81b1&pdf=1
67271,01404,2019-12-27 00:00:00.0,MUNICIPALIDAD DE HUARA,2019,988,INFORME FINAL N° 988-19 EN LA MUNICIPALIDAD DE HUARA SOBRE TRANSFERENCIAS CORRIENTES AL SECTOR PRIVADO - DICIEMBRE 2019,https://www.contraloria.cl/pdfbuscador/auditoria/45be8f1fc0973acde116a7935ca6aaff/html,01,HUARA,https://www.contraloria.cl/SicaProd/SICAv3-BIFAPortalCGR/faces/newDetalleInforme?docIdcm=45be8f1fc0973acde116a7935ca6aaff,C,Informe Final de Auditoría,30987,https://www.contraloria.cl/SicaProd/SICAv3-BIFAPortalCGR/servletfichainformegoogle?docIdcm=45be8f1fc0973acde116a7935ca6aaff&pdf=1