IDACTIVIDAD,CODIGOSUBDERE,FECHAINFORME,NOMBRESERVICIO,ANOINFORME,NUMEROINFORME,MATERIAINFORME,FICHAINFORMEBIFA,C_REG_SUBDERE,NOMBRESUBDERE,FICHAINFORME,TIPOSUBDERE,TIPOINFORME,IDINFORME,PDFINFORME
28791,03304,2015-08-21 00:00:00.0,DEPARTAMENTO DE ADMINISTRACION DE EDUCACION MUNICIPAL DE HUASCO,2015,544,INFORME FINAL 544-15 DEPARTAMENTO DE EDUCACIÓN DE LA MUNICIPALIDAD DE HUASCO AUDITORÍA A LOS RECURSOS S.E.P. AGOSTO 2015 ,https://www.contraloria.cl/pdfbuscador/auditoria/59ffeb9f5366cd12caffd792fa8f7012/html,03,HUASCO,https://www.contraloria.cl/SicaProd/SICAv3-BIFAPortalCGR/faces/newDetalleInforme?docIdcm=59ffeb9f5366cd12caffd792fa8f7012,C,Informe Final de Auditoría,14659,https://www.contraloria.cl/SicaProd/SICAv3-BIFAPortalCGR/servletfichainformegoogle?docIdcm=59ffeb9f5366cd12caffd792fa8f7012&pdf=1
31216,03304,2015-09-16 00:00:00.0,MUNICIPALIDAD DE HUASCO,2015,745,INFORME INVESTIGACIÓN ESPECIAL 745-15 MUNICIPALIDAD DE HUASCO USO DE VEHÍCULOS FISCALES Y ADQUISICIÓN DE BIENES - SEPTIEMBRE 2015,https://www.contraloria.cl/pdfbuscador/auditoria/736ec38acfc02da4c6ff45fc557e4f21/html,03,HUASCO,https://www.contraloria.cl/SicaProd/SICAv3-BIFAPortalCGR/faces/newDetalleInforme?docIdcm=736ec38acfc02da4c6ff45fc557e4f21,C,Informe de Investigación Especial,14920,https://www.contraloria.cl/SicaProd/SICAv3-BIFAPortalCGR/servletfichainformegoogle?docIdcm=736ec38acfc02da4c6ff45fc557e4f21&pdf=1
33382,03304,2015-12-29 00:00:00.0,MUNICIPALIDAD DE HUASCO,2015,1225,INFORME INSPECCIÓN DE OBRA PÚBLICA 1.225-15 MUNICIPALIDAD DE HUASCO CONSTRUCCIÓN CENTRO POLIVALENTE - DICIEMBRE 2015,https://www.contraloria.cl/pdfbuscador/auditoria/160cf0af116cec347832a4af387b8664/html,03,HUASCO,https://www.contraloria.cl/SicaProd/SICAv3-BIFAPortalCGR/faces/newDetalleInforme?docIdcm=160cf0af116cec347832a4af387b8664,C,Informe de Inspección de Obra Pública,17019,https://www.contraloria.cl/SicaProd/SICAv3-BIFAPortalCGR/servletfichainformegoogle?docIdcm=160cf0af116cec347832a4af387b8664&pdf=1
47695,03304,2017-12-18 00:00:00.0,MUNICIPALIDAD DE HUASCO,2017,1043,INFORME FINAL DE INSPECCIÓN DE OBRA PÚBLICA 1.043-17 MUNICIPALIDAD DE HUASCO CONSTRUCCIÓN ESTADIO MUNICIPAL - DICIEMBRE 2017,https://www.contraloria.cl/pdfbuscador/auditoria/9bd1a33d3fdefd778cf025e07cb04b9e/html,03,HUASCO,https://www.contraloria.cl/SicaProd/SICAv3-BIFAPortalCGR/faces/newDetalleInforme?docIdcm=9bd1a33d3fdefd778cf025e07cb04b9e,C,Informe de Inspección de Obra Pública,22510,https://www.contraloria.cl/SicaProd/SICAv3-BIFAPortalCGR/servletfichainformegoogle?docIdcm=9bd1a33d3fdefd778cf025e07cb04b9e&pdf=1
52338,03304,2018-12-26 00:00:00.0,MUNICIPALIDAD DE HUASCO,2018,827,INFORME FINAL 827-18 MUNICIPALIDAD DE HUASCO - AUDITORÍA AL MACROPROCESO DE ADQUISICIÓN Y ABASTECIMIENTO - DICIEMBRE 2018,https://www.contraloria.cl/pdfbuscador/auditoria/4a7151fc8b3c1f95d228678b13179377/html,03,HUASCO,https://www.contraloria.cl/SicaProd/SICAv3-BIFAPortalCGR/faces/newDetalleInforme?docIdcm=4a7151fc8b3c1f95d228678b13179377,C,Informe Final de Auditoría,27203,https://www.contraloria.cl/SicaProd/SICAv3-BIFAPortalCGR/servletfichainformegoogle?docIdcm=4a7151fc8b3c1f95d228678b13179377&pdf=1
54102,03304,2018-12-17 00:00:00.0,MUNICIPALIDAD DE HUASCO,2018,898,INFORME DE INSPECCIÓN DE OBRA PÚBLICA 898-18 MUNICIPALIDAD DE HUASCO CONSTRUCCIÓN CASETAS SANITARIAS Y SISTEMA DE ALCANTARILLADO LA ARENA - DICIEMBRE 2018,https://www.contraloria.cl/pdfbuscador/auditoria/be4af84cd2b6888f0e4593b885f69222/html,03,HUASCO,https://www.contraloria.cl/SicaProd/SICAv3-BIFAPortalCGR/faces/newDetalleInforme?docIdcm=be4af84cd2b6888f0e4593b885f69222,C,Informe de Inspección de Obra Pública,27110,https://www.contraloria.cl/SicaProd/SICAv3-BIFAPortalCGR/servletfichainformegoogle?docIdcm=be4af84cd2b6888f0e4593b885f69222&pdf=1