IDACTIVIDAD,CODIGOSUBDERE,FECHAINFORME,NOMBRESERVICIO,ANOINFORME,NUMEROINFORME,MATERIAINFORME,FICHAINFORMEBIFA,C_REG_SUBDERE,NOMBRESUBDERE,FICHAINFORME,TIPOSUBDERE,TIPOINFORME,IDINFORME,PDFINFORME
27987,13107,2015-04-29 00:00:00.0,MUNICIPALIDAD DE HUECHURABA,2015,190,INFORME DE INVESTIGACION ESPECIAL 190-2015 MUNICIPALIDAD DE HUECHURABA LICITACIONES PUBLICAS ABRIL 2015,https://www.contraloria.cl/pdfbuscador/auditoria/68c72957e9c7726fb0b3ab36cf702592/html,13,HUECHURABA,https://www.contraloria.cl/SicaProd/SICAv3-BIFAPortalCGR/faces/newDetalleInforme?docIdcm=68c72957e9c7726fb0b3ab36cf702592,C,Informe de Investigación Especial,13733,https://www.contraloria.cl/SicaProd/SICAv3-BIFAPortalCGR/servletfichainformegoogle?docIdcm=68c72957e9c7726fb0b3ab36cf702592&pdf=1
28581,13107,2015-10-14 00:00:00.0,MUNICIPALIDAD DE HUECHURABA,2015,576,INFORME FINAL 576-15 MUNICIPALIDAD DE HUECHURABA - SOBRE AUDITORIA A LAS CONTRATACIONES DE HONORARIOS EN PROGRAMAS COMUNITARIOS - OCTUBRE 2015,https://www.contraloria.cl/pdfbuscador/auditoria/1e26d93acf734a772114126ba0c17c90/html,13,HUECHURABA,https://www.contraloria.cl/SicaProd/SICAv3-BIFAPortalCGR/faces/newDetalleInforme?docIdcm=1e26d93acf734a772114126ba0c17c90,C,Informe Final de Auditoría,15083,https://www.contraloria.cl/SicaProd/SICAv3-BIFAPortalCGR/servletfichainformegoogle?docIdcm=1e26d93acf734a772114126ba0c17c90&pdf=1
28423,13107,2016-02-03 00:00:00.0,MUNICIPALIDAD DE HUECHURABA,2015,1080,INFORME FINAL 1.080-15 MUNICIPALIDAD DE HUECHURABA - SOBRE AUDITORIA AL MACROPROCESO DE TECNOLOGIAS DE INFORMACION - FEBRERO 2016,https://www.contraloria.cl/pdfbuscador/auditoria/c8a9fee8b3026784aa4613ebb5ae3733/html,13,HUECHURABA,https://www.contraloria.cl/SicaProd/SICAv3-BIFAPortalCGR/faces/newDetalleInforme?docIdcm=c8a9fee8b3026784aa4613ebb5ae3733,C,Informe Final de Auditoría,17144,https://www.contraloria.cl/SicaProd/SICAv3-BIFAPortalCGR/servletfichainformegoogle?docIdcm=c8a9fee8b3026784aa4613ebb5ae3733&pdf=1
35139,13107,2016-09-16 00:00:00.0,MUNICIPALIDAD DE HUECHURABA,2016,325,INVESTIGACION ESPECIAL 325-16 MUNICIPALIDAD DE HUECHURABA - SOBRE CONTRATACIONES VIA TRATO DIRECTO DISPUESTAS POR LA MUNICIPALIDAD DE HUECHURABA - SEPTIEMBRE 2016,https://www.contraloria.cl/pdfbuscador/auditoria/9547a50dadf65bdce9411aa5eab4f30c/html,13,HUECHURABA,https://www.contraloria.cl/SicaProd/SICAv3-BIFAPortalCGR/faces/newDetalleInforme?docIdcm=9547a50dadf65bdce9411aa5eab4f30c,C,Informe de Investigación Especial,19142,https://www.contraloria.cl/SicaProd/SICAv3-BIFAPortalCGR/servletfichainformegoogle?docIdcm=9547a50dadf65bdce9411aa5eab4f30c&pdf=1
34345,13107,2016-12-30 00:00:00.0,MUNICIPALIDAD DE HUECHURABA,2016,785,INFORME FINAL 785-16 MUNICIPALIDAD DE HUECHURABA AUDITORÍA AL MACROPROCESO DE TRANSFERENCIAS EN LA MUNICIPALIDAD DE HUECHURABA - DICIEMBRE 2016,https://www.contraloria.cl/pdfbuscador/auditoria/333b2440d494cf687c889c676cc821f2/html,13,HUECHURABA,https://www.contraloria.cl/SicaProd/SICAv3-BIFAPortalCGR/faces/newDetalleInforme?docIdcm=333b2440d494cf687c889c676cc821f2,C,Informe Final de Auditoría,20492,https://www.contraloria.cl/SicaProd/SICAv3-BIFAPortalCGR/servletfichainformegoogle?docIdcm=333b2440d494cf687c889c676cc821f2&pdf=1
34399,13107,2017-01-31 00:00:00.0,DEPARTAMENTO DE EDUCACION DE HUECHURABA,2016,1133,INFORME FINAL 1133-16 MUNICIPALIDAD DE HUECHURABA AUDITORIA A LOS RECURSOS DE LA LEY 20.248 SUBVENCIÓN ESCOLAR PREFERENCIAL - ENERO 2017,https://www.contraloria.cl/pdfbuscador/auditoria/b7a22449e1fc14fea94c57b1ad89e853/html,13,HUECHURABA,https://www.contraloria.cl/SicaProd/SICAv3-BIFAPortalCGR/faces/newDetalleInforme?docIdcm=b7a22449e1fc14fea94c57b1ad89e853,C,Informe Final de Auditoría,20333,https://www.contraloria.cl/SicaProd/SICAv3-BIFAPortalCGR/servletfichainformegoogle?docIdcm=b7a22449e1fc14fea94c57b1ad89e853&pdf=1
39436,13107,2017-07-19 00:00:00.0,MUNICIPALIDAD DE HUECHURABA,2016,1197,INFORME FINAL DE INVESTIGACION ESPECIAL N° 1.197-16 - MUNICIPALIDAD DE HUECHURABA - SOBRE ADQUISICIÓN DE ELEMENTOS PUBLICITARIOS - JULIO 2017,https://www.contraloria.cl/pdfbuscador/auditoria/6fb05da74a1b1b84e1f80d6b7d40f0fc/html,13,HUECHURABA,https://www.contraloria.cl/SicaProd/SICAv3-BIFAPortalCGR/faces/newDetalleInforme?docIdcm=6fb05da74a1b1b84e1f80d6b7d40f0fc,C,Informe de Investigación Especial,21426,https://www.contraloria.cl/SicaProd/SICAv3-BIFAPortalCGR/servletfichainformegoogle?docIdcm=6fb05da74a1b1b84e1f80d6b7d40f0fc&pdf=1
41716,13107,2017-08-30 00:00:00.0,MUNICIPALIDAD DE HUECHURABA,2017,248,"INFORME FINAL N° 248-17 - MUNICIPALIDAD DE HUECHURABA - SOBRE AUDITORIA A LAS CONTRATACIONES A HONORARIOS CON CARGO A LA CUENTA 21.04.004, TRABAJOS EXTRAORDINARIOS, GASTOS EN CAPACITACION Y VIATICOS - AGOSTO 2017",https://www.contraloria.cl/pdfbuscador/auditoria/2ca0a4c8ea124c57820e3cd6333b18e1/html,13,HUECHURABA,https://www.contraloria.cl/SicaProd/SICAv3-BIFAPortalCGR/faces/newDetalleInforme?docIdcm=2ca0a4c8ea124c57820e3cd6333b18e1,C,Informe Final de Auditoría,21652,https://www.contraloria.cl/SicaProd/SICAv3-BIFAPortalCGR/servletfichainformegoogle?docIdcm=2ca0a4c8ea124c57820e3cd6333b18e1&pdf=1
50289,13107,2018-08-06 00:00:00.0,MUNICIPALIDAD DE HUECHURABA,2018,286,INVESTIGACIÓN ESPECIAL 286-2018 MUNICIPALIDAD DE HUECHURABA SOBRE EVENTUALES IRREGULARIDADES EN EL SERVICIO DE BIENESTAR DE HUECHURABA-AGOSTO 2018,https://www.contraloria.cl/pdfbuscador/auditoria/a93f56ef1005a147eda0bc1b764a8f0a/html,13,HUECHURABA,https://www.contraloria.cl/SicaProd/SICAv3-BIFAPortalCGR/faces/newDetalleInforme?docIdcm=a93f56ef1005a147eda0bc1b764a8f0a,C,Informe de Investigación Especial,25130,https://www.contraloria.cl/SicaProd/SICAv3-BIFAPortalCGR/servletfichainformegoogle?docIdcm=a93f56ef1005a147eda0bc1b764a8f0a&pdf=1
53379,13107,2019-02-22 00:00:00.0,MUNICIPALIDAD DE HUECHURABA,2018,753,INFORME FINAL 753-2018 MUNICIPALIDAD DE HUECHURABA SOBRE AUDITORÍA A LA EJECUCIÓN DEL CONTRATO DE OBRA DENOMINADO CONSTRUCCIÓN DE EDIFICIO CONSISTORIAL PARA LA MUNICIPALIDAD DE HUECHURABA POR ESTA ENTIDAD-FEBRERO 2019,https://www.contraloria.cl/pdfbuscador/auditoria/af94c5bfcce4c7214814de159baeb167/html,13,HUECHURABA,https://www.contraloria.cl/SicaProd/SICAv3-BIFAPortalCGR/faces/newDetalleInforme?docIdcm=af94c5bfcce4c7214814de159baeb167,C,Informe Final de Auditoría,27825,https://www.contraloria.cl/SicaProd/SICAv3-BIFAPortalCGR/servletfichainformegoogle?docIdcm=af94c5bfcce4c7214814de159baeb167&pdf=1
57616,13107,2019-11-14 00:00:00.0,MUNICIPALIDAD DE HUECHURABA,2019,678,"INFORME FINAL N° 678-2019 - MUNICIPALIDAD DE HUECHURABA - SOBRE AUDITORIA A LOS INGRESOS PROPIOS POR CONCEPTO DE PATENTES COMERCIALES, INDUSTRIALES, PROFESIONALES Y DE ALCOHOLES - NOVIEMBRE 2019",https://www.contraloria.cl/pdfbuscador/auditoria/efd50e700dba3274cc81e69751dc211c/html,13,HUECHURABA,https://www.contraloria.cl/SicaProd/SICAv3-BIFAPortalCGR/faces/newDetalleInforme?docIdcm=efd50e700dba3274cc81e69751dc211c,C,Informe Final de Auditoría,30324,https://www.contraloria.cl/SicaProd/SICAv3-BIFAPortalCGR/servletfichainformegoogle?docIdcm=efd50e700dba3274cc81e69751dc211c&pdf=1
67747,13107,2020-03-12 00:00:00.0,MUNICIPALIDAD DE HUECHURABA,2019,1110,"INFORME FINAL DE INSPECCIÓN DE OBRA PÚBLICA N°1.110-2019 MUNICIPALIDAD DE HUECHURABA-SOBRE INSPECCIÓN A LAS OBRAS DEL CONTRATO DENOMINADO CONSTRUCCIÓN CENTRO CULTURAL HUECHURABA""  MARZO 2020",https://www.contraloria.cl/pdfbuscador/auditoria/1020a9b93366ca365a244e6db1a05e2b/html,13,HUECHURABA,https://www.contraloria.cl/SicaProd/SICAv3-BIFAPortalCGR/faces/newDetalleInforme?docIdcm=1020a9b93366ca365a244e6db1a05e2b,C,Informe de Inspección de Obra Pública,32412,https://www.contraloria.cl/SicaProd/SICAv3-BIFAPortalCGR/servletfichainformegoogle?docIdcm=1020a9b93366ca365a244e6db1a05e2b&pdf=1
67745,13107,2020-02-28 00:00:00.0,MUNICIPALIDAD DE HUECHURABA,2020,56,"INFORME DE INSPECCIÓN DE OBRA PÚBLICA 56-2019 MUNICIPALIDAD DE HUECHURABA SOBRE INSPECCIÓN A LAS OBRAS DEL CONTRATO DENOMINADO ""PAVIMENTACIÓN Y AGUAS LLUVIAS AV. GUANACO""- FEBRERO 2020",https://www.contraloria.cl/pdfbuscador/auditoria/8cb2d7f8dd0b97fad669d2cce7408de4/html,13,HUECHURABA,https://www.contraloria.cl/SicaProd/SICAv3-BIFAPortalCGR/faces/newDetalleInforme?docIdcm=8cb2d7f8dd0b97fad669d2cce7408de4,C,Informe de Inspección de Obra Pública,31804,https://www.contraloria.cl/SicaProd/SICAv3-BIFAPortalCGR/servletfichainformegoogle?docIdcm=8cb2d7f8dd0b97fad669d2cce7408de4&pdf=1