IDACTIVIDAD,CODIGOSUBDERE,FECHAINFORME,NOMBRESERVICIO,ANOINFORME,NUMEROINFORME,MATERIAINFORME,FICHAINFORMEBIFA,C_REG_SUBDERE,NOMBRESUBDERE,FICHAINFORME,TIPOSUBDERE,TIPOINFORME,IDINFORME,PDFINFORME
31433,04201,2015-09-01 00:00:00.0,MUNICIPALIDAD DE ILLAPEL,2015,788,INFORME DE INVESTIGACIÓN ESPECIAL 788-15 MUNICIPALIDAD DE ILLAPEL SOBRE PRESUNTAS IRREGULARIDADES EN EL EMPLAZAMIENTO DE LA PLAZA DE ABASTOS EN LA COMUNA DE ILLAPEL - SEPTIEMBRE 2015,https://www.contraloria.cl/pdfbuscador/auditoria/264cc17bc309defa11b006bd815ed13a/html,04,ILLAPEL,https://www.contraloria.cl/SicaProd/SICAv3-BIFAPortalCGR/faces/newDetalleInforme?docIdcm=264cc17bc309defa11b006bd815ed13a,C,Informe de Investigación Especial,14891,https://www.contraloria.cl/SicaProd/SICAv3-BIFAPortalCGR/servletfichainformegoogle?docIdcm=264cc17bc309defa11b006bd815ed13a&pdf=1
28653,04201,2015-12-17 00:00:00.0,MUNICIPALIDAD DE ILLAPEL,2015,1163,INFORME FINAL 1163-15 MUNICIPALIDAD DE ILLAPEL SOBRE AUDITORÍA A LOS MACROPROCESOS DE INGRESOS PROPIOS Y FINANZAS-DICIEMBRE 2015,https://www.contraloria.cl/pdfbuscador/auditoria/f8df105cf2ed5d24e30ee7f7e9e4d359/html,04,ILLAPEL,https://www.contraloria.cl/SicaProd/SICAv3-BIFAPortalCGR/faces/newDetalleInforme?docIdcm=f8df105cf2ed5d24e30ee7f7e9e4d359,C,Informe Final de Auditoría,16718,https://www.contraloria.cl/SicaProd/SICAv3-BIFAPortalCGR/servletfichainformegoogle?docIdcm=f8df105cf2ed5d24e30ee7f7e9e4d359&pdf=1
34069,04201,2016-05-31 00:00:00.0,DEPARTAMENTO DE EDUCACION DE ILLAPEL,2016,100,INFORME DE INVESTIGACIÓN ESPECIAL N° 100-2016 MUNICIPALIDAD DE ILLAPEL SOBRE EVENTUALES IRREGULARIDADES EN HORAS EXTRAORDINARIAS Y MODIFICACIONES DE REMUNERACIONES DEPARTAMENTO EDUCACIÓN-MAYO 2016,https://www.contraloria.cl/pdfbuscador/auditoria/12c28d2215363ba9cd264e5cd1086ccd/html,04,ILLAPEL,https://www.contraloria.cl/SicaProd/SICAv3-BIFAPortalCGR/faces/newDetalleInforme?docIdcm=12c28d2215363ba9cd264e5cd1086ccd,C,Informe de Investigación Especial,18158,https://www.contraloria.cl/SicaProd/SICAv3-BIFAPortalCGR/servletfichainformegoogle?docIdcm=12c28d2215363ba9cd264e5cd1086ccd&pdf=1
39719,04201,2017-05-10 00:00:00.0,MUNICIPALIDAD DE ILLAPEL,2017,149,"INFORME FINAL DE INVESTIGACIÓN ESPECIAL N° 149-17 SOBRE EVENTUALES IRREGULARIDADES EN MATERIAS DE RR.HH. FINANCIEROS, ENTRE OTROS, EN LA MUNICIPALIDAD DE ILLAPEL-MAYO 2017",https://www.contraloria.cl/pdfbuscador/auditoria/484fefaf78968ec19a6fc7f53e2bb249/html,04,ILLAPEL,https://www.contraloria.cl/SicaProd/SICAv3-BIFAPortalCGR/faces/newDetalleInforme?docIdcm=484fefaf78968ec19a6fc7f53e2bb249,C,Informe de Investigación Especial,20990,https://www.contraloria.cl/SicaProd/SICAv3-BIFAPortalCGR/servletfichainformegoogle?docIdcm=484fefaf78968ec19a6fc7f53e2bb249&pdf=1
41401,04201,2017-12-27 00:00:00.0,MUNICIPALIDAD DE ILLAPEL,2017,852,"INFORME FINAL N° 852-17 SOBRE AUDITORÍA AL MACROPROCESO DE FINANZAS EN LAS ÁREAS DE GESTIÓN MUNICIPAL, EDUCACIÓN Y SALUD EN LA MUNICIPALIDAD DE ILLAPEL-DICIEMBRE 2017",https://www.contraloria.cl/pdfbuscador/auditoria/3f80e422fd3b9bf7060f12b293fc4600/html,04,ILLAPEL,https://www.contraloria.cl/SicaProd/SICAv3-BIFAPortalCGR/faces/newDetalleInforme?docIdcm=3f80e422fd3b9bf7060f12b293fc4600,C,Informe Final de Auditoría,22618,https://www.contraloria.cl/SicaProd/SICAv3-BIFAPortalCGR/servletfichainformegoogle?docIdcm=3f80e422fd3b9bf7060f12b293fc4600&pdf=1
48523,04201,2018-11-30 00:00:00.0,MUNICIPALIDAD DE ILLAPEL,2018,345,"INFORME FINAL DE INVESTIGACIÓN ESPECIAL N° 345-18, SOBRE PRESUNTAS IRREGULARIDADES EN LA ENTREGA DE AYUDA Y EJECUCIÓN DE PROYECTOS DERIVADOS DEL TERREMOTO DEL AÑO 2015, OCURRIDAS EN LA MUNICIPALIDAD DE ILLAPEL-NOVIEMBRE 2018. ",https://www.contraloria.cl/pdfbuscador/auditoria/20bb3556f26ca74e49b46338b800f5d1/html,04,ILLAPEL,https://www.contraloria.cl/SicaProd/SICAv3-BIFAPortalCGR/faces/newDetalleInforme?docIdcm=20bb3556f26ca74e49b46338b800f5d1,C,Informe de Investigación Especial,27125,https://www.contraloria.cl/SicaProd/SICAv3-BIFAPortalCGR/servletfichainformegoogle?docIdcm=20bb3556f26ca74e49b46338b800f5d1&pdf=1
52761,04201,2019-04-24 00:00:00.0,MUNICIPALIDAD DE ILLAPEL,2018,714,"INFORME FINAL DE INVESTIGACIÓN ESPECIAL N° 714-2018 MUNICIPALIDAD DE ILLAPEL SOBRE PRESUNTO INTERVENCIONISMO ELECTORAL E IRREGULARIDADES EN LA ENTREGA DE AYUDA DERIVADA DEL TERREMOTO DEL AÑO 2015, EN PERÍODO ELECCIONARIO - ABRIL 2019.",https://www.contraloria.cl/pdfbuscador/auditoria/d9cf1297377095b218f1275d134019d1/html,04,ILLAPEL,https://www.contraloria.cl/SicaProd/SICAv3-BIFAPortalCGR/faces/newDetalleInforme?docIdcm=d9cf1297377095b218f1275d134019d1,C,Informe de Investigación Especial,28869,https://www.contraloria.cl/SicaProd/SICAv3-BIFAPortalCGR/servletfichainformegoogle?docIdcm=d9cf1297377095b218f1275d134019d1&pdf=1