IDACTIVIDAD,CODIGOSUBDERE,FECHAINFORME,NOMBRESERVICIO,ANOINFORME,NUMEROINFORME,MATERIAINFORME,FICHAINFORMEBIFA,C_REG_SUBDERE,NOMBRESUBDERE,FICHAINFORME,TIPOSUBDERE,TIPOINFORME,IDINFORME,PDFINFORME
28441,13108,2015-09-11 00:00:00.0,MUNICIPALIDAD DE INDEPENDENCIA,2015,367,"INFORME FINAL 367-15 MUNICIPALIDAD DE INDEPENDENCIA -SOBRE AUDITORIA A LOS PROGRAMAS OPD, SISTEMAS DE TELEVIGILANCIA Y PLAZ212-PSE25 - SEPTIEMBRE 2015",https://www.contraloria.cl/pdfbuscador/auditoria/3ffc0c04ed963a01abf8390e7636b8aa/html,13,INDEPENDENCIA,https://www.contraloria.cl/SicaProd/SICAv3-BIFAPortalCGR/faces/newDetalleInforme?docIdcm=3ffc0c04ed963a01abf8390e7636b8aa,C,Informe Final de Auditoría,14854,https://www.contraloria.cl/SicaProd/SICAv3-BIFAPortalCGR/servletfichainformegoogle?docIdcm=3ffc0c04ed963a01abf8390e7636b8aa&pdf=1
34401,13108,2017-02-13 00:00:00.0,DEPARTAMENTO DE EDUCACION INDEPENDENCIA,2016,1030,INFORME FINAL 1030-2016 DEPARTAMENTO DE EDUCACION DE LA MUNICIPALIDAD DE INDEPENDENCIA SOBRE AUDITORIA A LOS RECURSOS DE LEY N° 20.248 SUBVENCION ESCOLAR PREFERENCIAL EN EL DEPARTAMENTO DE EDUCACION DE LA MUNICIPALIDAD DE INDEPENDENCIA - DICIEMBRE 2016,https://www.contraloria.cl/pdfbuscador/auditoria/ef9f0e5f11e5faf5c93026bd6efb76c8/html,13,INDEPENDENCIA,https://www.contraloria.cl/SicaProd/SICAv3-BIFAPortalCGR/faces/newDetalleInforme?docIdcm=ef9f0e5f11e5faf5c93026bd6efb76c8,C,Informe Final de Auditoría,20432,https://www.contraloria.cl/SicaProd/SICAv3-BIFAPortalCGR/servletfichainformegoogle?docIdcm=ef9f0e5f11e5faf5c93026bd6efb76c8&pdf=1
39932,13108,2017-02-23 00:00:00.0,MUNICIPALIDAD DE INDEPENDENCIA,2016,1215,"INFORME DE INSPECCIÓN DE OBRA 1215-16 MUNICIPALIDAD DE INDEPENDENCIA CONTRATO ""CONSTRUCCIÓN COMPLEJO POLIDEPORTIVO SECTOR CANCHA N° 1 ENRIQUE SORO""- FEBRERO 2017",https://www.contraloria.cl/pdfbuscador/auditoria/76e40ad07d6abe55970cbe8a56f4d921/html,13,INDEPENDENCIA,https://www.contraloria.cl/SicaProd/SICAv3-BIFAPortalCGR/faces/newDetalleInforme?docIdcm=76e40ad07d6abe55970cbe8a56f4d921,C,Informe de Inspección de Obra Pública,20522,https://www.contraloria.cl/SicaProd/SICAv3-BIFAPortalCGR/servletfichainformegoogle?docIdcm=76e40ad07d6abe55970cbe8a56f4d921&pdf=1
38391,13108,2017-08-16 00:00:00.0,MUNICIPALIDAD DE INDEPENDENCIA,2017,201,INFORME FINAL 201-2017 MUNICIPALIDAD DE INDEPENDENCIA AUDITORIA A LOS PERMISOS DE EDIFICACIÓN EN LA MUNICIPALIDAD DE INDEPENDENCIA -AGOSTO 2017,https://www.contraloria.cl/pdfbuscador/auditoria/464772817004292aa76ae08c8f275ea1/html,13,INDEPENDENCIA,https://www.contraloria.cl/SicaProd/SICAv3-BIFAPortalCGR/faces/newDetalleInforme?docIdcm=464772817004292aa76ae08c8f275ea1,C,Informe Final de Auditoría,21569,https://www.contraloria.cl/SicaProd/SICAv3-BIFAPortalCGR/servletfichainformegoogle?docIdcm=464772817004292aa76ae08c8f275ea1&pdf=1
42787,13108,2017-10-26 00:00:00.0,MUNICIPALIDAD DE INDEPENDENCIA,2017,617,"INFORME FINAL N° 617 DE 2017, SOBRE AUDITORÍA A LOS GASTOS EFECTUADOS CON CARGO A LA CUENTA CONTABLE N° 215-31, POR LA MUNICIPALIDAD DE INDEPENDENCIA DURANTE EL AÑO 2016 OCTUBRE 2017",https://www.contraloria.cl/pdfbuscador/auditoria/c390392dd5c7829e265dfb90be718c13/html,13,INDEPENDENCIA,https://www.contraloria.cl/SicaProd/SICAv3-BIFAPortalCGR/faces/newDetalleInforme?docIdcm=c390392dd5c7829e265dfb90be718c13,C,Informe Final de Auditoría,22042,https://www.contraloria.cl/SicaProd/SICAv3-BIFAPortalCGR/servletfichainformegoogle?docIdcm=c390392dd5c7829e265dfb90be718c13&pdf=1
49114,13108,2018-06-04 00:00:00.0,MUNICIPALIDAD DE INDEPENDENCIA,2018,87,INFORME FINAL 87-18 MUNICIPALIDAD DE INDEPENDENCIA SOBRE AUDITORIA A LOS PERMISOS DE EDIFICACIÓN OTORGADOS POR LA MUNICIPALIDAD-JUNIO 2018,https://www.contraloria.cl/pdfbuscador/auditoria/0e9bd081823a694ada5ce86adda7ce91/html,13,INDEPENDENCIA,https://www.contraloria.cl/SicaProd/SICAv3-BIFAPortalCGR/faces/newDetalleInforme?docIdcm=0e9bd081823a694ada5ce86adda7ce91,C,Informe Final de Auditoría,24201,https://www.contraloria.cl/SicaProd/SICAv3-BIFAPortalCGR/servletfichainformegoogle?docIdcm=0e9bd081823a694ada5ce86adda7ce91&pdf=1
49362,13108,2018-07-26 00:00:00.0,MUNICIPALIDAD DE INDEPENDENCIA,2018,271,INFORME FINAL 271-18 MUNICIPALIDAD DE INDEPENDENCIA SOBRE AUDITORÍA AL PROCESO DE ENDEUDAMIENTO-JULIO 2018,https://www.contraloria.cl/pdfbuscador/auditoria/86bac59fdd07799ed6b8b2f41650f85a/html,13,INDEPENDENCIA,https://www.contraloria.cl/SicaProd/SICAv3-BIFAPortalCGR/faces/newDetalleInforme?docIdcm=86bac59fdd07799ed6b8b2f41650f85a,C,Informe Final de Auditoría,25089,https://www.contraloria.cl/SicaProd/SICAv3-BIFAPortalCGR/servletfichainformegoogle?docIdcm=86bac59fdd07799ed6b8b2f41650f85a&pdf=1
52869,13108,2019-03-28 00:00:00.0,MUNICIPALIDAD DE INDEPENDENCIA,2018,924,INFORME FINAL 924-2018 MUNICIPALIDAD DE INDEPENDENCIA SOBRE AUDITORIA A LOS INGRESOS POR RECUPERACIÓN Y REEMBOLSO DE LICENCIAS MEDICAS EN LA MUNICIPALIDAD DE INDEPENDENCIA MARZO 2018 ,https://www.contraloria.cl/pdfbuscador/auditoria/b8fbe2881c15c8f08f7679cabf95aaf8/html,13,INDEPENDENCIA,https://www.contraloria.cl/SicaProd/SICAv3-BIFAPortalCGR/faces/newDetalleInforme?docIdcm=b8fbe2881c15c8f08f7679cabf95aaf8,C,Informe Final de Auditoría,28625,https://www.contraloria.cl/SicaProd/SICAv3-BIFAPortalCGR/servletfichainformegoogle?docIdcm=b8fbe2881c15c8f08f7679cabf95aaf8&pdf=1
56170,13108,2019-06-18 00:00:00.0,MUNICIPALIDAD DE INDEPENDENCIA,2019,171,"INFORME FINAL N°171-2019, SOBRE AUDITORÍA AL ESTADO DE LA INFRAESTRUCTURA DE LOS ESTABLECIMIENTOS DE ATENCIÓN PRIMARIA DE SALUD, ADMINISTRADOS POR LA MUNICIPALIDAD DE INDEPENDENCIA",https://www.contraloria.cl/pdfbuscador/auditoria/455c7d650818886ecdcfe103cb542911/html,13,INDEPENDENCIA,https://www.contraloria.cl/SicaProd/SICAv3-BIFAPortalCGR/faces/newDetalleInforme?docIdcm=455c7d650818886ecdcfe103cb542911,C,Informe Final de Auditoría,29164,https://www.contraloria.cl/SicaProd/SICAv3-BIFAPortalCGR/servletfichainformegoogle?docIdcm=455c7d650818886ecdcfe103cb542911&pdf=1
58871,13108,2019-11-19 00:00:00.0,MUNICIPALIDAD DE INDEPENDENCIA,2019,745,INFORME FINAL 745-2019 DEPARTAMENTO DE EDUCACIÓN DE LA MUNICIPALIDAD DE INDEPENDENCIA SOBRE AUDITORÍA AL PAGO DE COTIZACIONES PREVISIONALES Y SALUD - NOVIEMBRE 2019,https://www.contraloria.cl/pdfbuscador/auditoria/94f1d04c083f89f5c42d620eb23910cd/html,13,INDEPENDENCIA,https://www.contraloria.cl/SicaProd/SICAv3-BIFAPortalCGR/faces/newDetalleInforme?docIdcm=94f1d04c083f89f5c42d620eb23910cd,C,Informe Final de Auditoría,30354,https://www.contraloria.cl/SicaProd/SICAv3-BIFAPortalCGR/servletfichainformegoogle?docIdcm=94f1d04c083f89f5c42d620eb23910cd&pdf=1