IDACTIVIDAD,CODIGOSUBDERE,FECHAINFORME,NOMBRESERVICIO,ANOINFORME,NUMEROINFORME,MATERIAINFORME,FICHAINFORMEBIFA,C_REG_SUBDERE,NOMBRESUBDERE,FICHAINFORME,TIPOSUBDERE,TIPOINFORME,IDINFORME,PDFINFORME
28236,01101,2015-08-28 00:00:00.0,MUNICIPALIDAD DE IQUIQUE,2015,713,INFORME FINAL 713-15 MUNICIPALIDAD DE IQUIQUE SOBRE AUDITORIA A LAS CONTRATACIONES DE HONORARIOS EN PROGRAMAS COMUNITARIOS- AGOSTO 2015,https://www.contraloria.cl/pdfbuscador/auditoria/f1e631f2fe4a39753f55348aa487d4fb/html,01,IQUIQUE,https://www.contraloria.cl/SicaProd/SICAv3-BIFAPortalCGR/faces/newDetalleInforme?docIdcm=f1e631f2fe4a39753f55348aa487d4fb,C,Informe Final de Auditoría,14698,https://www.contraloria.cl/SicaProd/SICAv3-BIFAPortalCGR/servletfichainformegoogle?docIdcm=f1e631f2fe4a39753f55348aa487d4fb&pdf=1
30328,01101,2015-07-27 00:00:00.0,MUNICIPALIDAD DE IQUIQUE,2015,719,INFORME INVESTIGACIÓN ESPECIAL 719-15 MUNICIPALIDAD DE IQUIQUE IRREGULARES EN MATERIAS DE PERSONAL Y COMPRAS PÚBLICAS-JULIO 2015,https://www.contraloria.cl/pdfbuscador/auditoria/3dd127379bfeaf744b5032c0232462da/html,01,IQUIQUE,https://www.contraloria.cl/SicaProd/SICAv3-BIFAPortalCGR/faces/newDetalleInforme?docIdcm=3dd127379bfeaf744b5032c0232462da,C,Informe de Investigación Especial,14401,https://www.contraloria.cl/SicaProd/SICAv3-BIFAPortalCGR/servletfichainformegoogle?docIdcm=3dd127379bfeaf744b5032c0232462da&pdf=1
35142,01101,2016-10-25 00:00:00.0,MUNICIPALIDAD DE IQUIQUE,2016,298,INFORME INVESTIGACIÓN ESPECIAL 298-16 MUNICIPALIDAD DE IQUIQUE HORAS EXTRAORDINARIAS Y CONTRATOS DE ARRIENDO DE INMUEBLES- OCTUBRE 2016,https://www.contraloria.cl/pdfbuscador/auditoria/63acef05e98c6d3005d53f548f07ecd1/html,01,IQUIQUE,https://www.contraloria.cl/SicaProd/SICAv3-BIFAPortalCGR/faces/newDetalleInforme?docIdcm=63acef05e98c6d3005d53f548f07ecd1,C,Informe de Investigación Especial,19295,https://www.contraloria.cl/SicaProd/SICAv3-BIFAPortalCGR/servletfichainformegoogle?docIdcm=63acef05e98c6d3005d53f548f07ecd1&pdf=1
35634,01101,2016-06-24 00:00:00.0,MUNICIPALIDAD DE IQUIQUE,2016,335,INFORME INVESTIGACION ESPECIAL 335-16  MUNICIPALIDAD DE IQUIQUE SOBRE GASTOS EN PUBLICIDAD- MAYO 2016,https://www.contraloria.cl/pdfbuscador/auditoria/bd56ac5b056e2b674bc753ba01e6b8ac/html,01,IQUIQUE,https://www.contraloria.cl/SicaProd/SICAv3-BIFAPortalCGR/faces/newDetalleInforme?docIdcm=bd56ac5b056e2b674bc753ba01e6b8ac,C,Informe de Investigación Especial,18357,https://www.contraloria.cl/SicaProd/SICAv3-BIFAPortalCGR/servletfichainformegoogle?docIdcm=bd56ac5b056e2b674bc753ba01e6b8ac&pdf=1
35557,01101,2016-07-27 00:00:00.0,MUNICIPALIDAD DE IQUIQUE,2016,346,INFORME INVESTIGACIÓN ESPECIAL 346-16 MUNICIPALIDAD DE IQUIQUE IRREGULARIDADES EN LA ADQUISICIÓN DE JUEGOS INFANTILES- JULIO 2016,https://www.contraloria.cl/pdfbuscador/auditoria/a15c6a12ff49a6488fd604899592ba89/html,01,IQUIQUE,https://www.contraloria.cl/SicaProd/SICAv3-BIFAPortalCGR/faces/newDetalleInforme?docIdcm=a15c6a12ff49a6488fd604899592ba89,C,Informe de Investigación Especial,18576,https://www.contraloria.cl/SicaProd/SICAv3-BIFAPortalCGR/servletfichainformegoogle?docIdcm=a15c6a12ff49a6488fd604899592ba89&pdf=1
34822,01101,2016-10-26 00:00:00.0,MUNICIPALIDAD DE IQUIQUE,2016,739,"INFORME FINAL 739-16 MUNICIPALIDAD DE IQUIQUE AUDITORÍA AL ""MEJORAMIENTO PARQUE PLAYA BRAVA, ETAPA I""- OCTUBRE 2016",https://www.contraloria.cl/pdfbuscador/auditoria/a6fca583adb0408bcaefc94dee3aad4d/html,01,IQUIQUE,https://www.contraloria.cl/SicaProd/SICAv3-BIFAPortalCGR/faces/newDetalleInforme?docIdcm=a6fca583adb0408bcaefc94dee3aad4d,C,Informe Final de Auditoría,19304,https://www.contraloria.cl/SicaProd/SICAv3-BIFAPortalCGR/servletfichainformegoogle?docIdcm=a6fca583adb0408bcaefc94dee3aad4d&pdf=1
34732,01101,2016-10-14 00:00:00.0,MUNICIPALIDAD DE IQUIQUE,2016,791,INFORME FINAL 791-16 MUNICIPALIDAD DE IQUIQUE- AUDITORÍA AL GASTO EN PERIODO ELECTORAL - USO DE BIENES - VEHÍCULOS - RRHH - RECURSOS FÍSICOS Y FINANCIEROS - OCTUBRE 2016,https://www.contraloria.cl/pdfbuscador/auditoria/28234cb6bd81a5ffc35fbeed039b95cf/html,01,IQUIQUE,https://www.contraloria.cl/SicaProd/SICAv3-BIFAPortalCGR/faces/newDetalleInforme?docIdcm=28234cb6bd81a5ffc35fbeed039b95cf,C,Informe Final de Auditoría,19148,https://www.contraloria.cl/SicaProd/SICAv3-BIFAPortalCGR/servletfichainformegoogle?docIdcm=28234cb6bd81a5ffc35fbeed039b95cf&pdf=1
38445,01101,2017-07-13 00:00:00.0,MUNICIPALIDAD DE IQUIQUE,2016,1114,INFORME FINAL N° 1.114 - 16 DE LA MUNICIPALIDAD DE IQUIQUE SOBRE AUDITORÍA DE ADQUISICIONES - JULIO 2017,https://www.contraloria.cl/pdfbuscador/auditoria/a400da6279d1fd9844ee912517b5dc12/html,01,IQUIQUE,https://www.contraloria.cl/SicaProd/SICAv3-BIFAPortalCGR/faces/newDetalleInforme?docIdcm=a400da6279d1fd9844ee912517b5dc12,C,Informe Final de Auditoría,21373,https://www.contraloria.cl/SicaProd/SICAv3-BIFAPortalCGR/servletfichainformegoogle?docIdcm=a400da6279d1fd9844ee912517b5dc12&pdf=1
40922,01101,2017-04-26 00:00:00.0,MUNICIPALIDAD DE IQUIQUE,2017,88,INFORME DE INVESTIGACIÓN ESPECIAL N° 88-17 MUNICIPALIDAD DE IQUIQUE SOBRE IRREGULARIDADES EN OTORGAMIENTO DE SUBVENCION-ABRIL 2017,https://www.contraloria.cl/pdfbuscador/auditoria/dac44f5a640ea8ed159b3cb8a84fa10f/html,01,IQUIQUE,https://www.contraloria.cl/SicaProd/SICAv3-BIFAPortalCGR/faces/newDetalleInforme?docIdcm=dac44f5a640ea8ed159b3cb8a84fa10f,C,Informe de Investigación Especial,20943,https://www.contraloria.cl/SicaProd/SICAv3-BIFAPortalCGR/servletfichainformegoogle?docIdcm=dac44f5a640ea8ed159b3cb8a84fa10f&pdf=1
41406,01101,2017-11-29 00:00:00.0,MUNICIPALIDAD DE IQUIQUE,2017,946,INFORME FINAL N° 946-17 EN LA MUNICIPALIDAD DE IQUIQUE SOBRE MACROPROCESO DE CONCESIÓN DEL SERVICIO DE ASEO - NOVIEMBRE 2017,https://www.contraloria.cl/pdfbuscador/auditoria/7bca560535bdc286d22b771094b79256/html,01,IQUIQUE,https://www.contraloria.cl/SicaProd/SICAv3-BIFAPortalCGR/faces/newDetalleInforme?docIdcm=7bca560535bdc286d22b771094b79256,C,Informe Final de Auditoría,22237,https://www.contraloria.cl/SicaProd/SICAv3-BIFAPortalCGR/servletfichainformegoogle?docIdcm=7bca560535bdc286d22b771094b79256&pdf=1
41409,01101,2017-12-14 00:00:00.0,CORPORACION MUNICIPAL DE DESARROLLO SOCIAL DE IQUIQUE,2017,999,"INFORME FINAL N° 999-17 DE LA CORPORACIÓN MUNICIPAL DE DESARROLLO SOCIAL DE IQUIQUE SOBRE AUDITORIA A LOS RECURSOS DE LA LEY N° 20.248, DE LA SUBVENCIÓN ESCOLAR PREFERENCIAL - DICIEMBRE 2017",https://www.contraloria.cl/pdfbuscador/auditoria/67c7e526c9279378eed3706e66971c2f/html,01,IQUIQUE,https://www.contraloria.cl/SicaProd/SICAv3-BIFAPortalCGR/faces/newDetalleInforme?docIdcm=67c7e526c9279378eed3706e66971c2f,C,Informe Final de Auditoría,22439,https://www.contraloria.cl/SicaProd/SICAv3-BIFAPortalCGR/servletfichainformegoogle?docIdcm=67c7e526c9279378eed3706e66971c2f&pdf=1
47976,01101,2018-03-22 00:00:00.0,MUNICIPALIDAD DE IQUIQUE,2018,36,INFORME DE INVESTIGACIÓN ESPECIAL N°36-18 DE LA MUNICIPALIDAD DE IQUIQUE SOBRE IRREGULARIDADES EN PAGOS DE PREMIOS EN CARNAVAL DE VERANO IQUIQUE 2017 - MARZO 2018,https://www.contraloria.cl/pdfbuscador/auditoria/846b8c9e1a0b4ae6cce20db0309ba322/html,01,IQUIQUE,https://www.contraloria.cl/SicaProd/SICAv3-BIFAPortalCGR/faces/newDetalleInforme?docIdcm=846b8c9e1a0b4ae6cce20db0309ba322,C,Informe de Investigación Especial,23482,https://www.contraloria.cl/SicaProd/SICAv3-BIFAPortalCGR/servletfichainformegoogle?docIdcm=846b8c9e1a0b4ae6cce20db0309ba322&pdf=1
48484,01101,2018-06-21 00:00:00.0,MUNICIPALIDAD DE IQUIQUE,2018,109,INFORME DE INVESTIGACIÓN ESPECIAL N° 109-18 EN LA MUNICIPALIDAD DE IQUIQUE SOBRE GASTOS ASOCIADOS A LA CARAVANA DE LA INTEGRACION - JUNIO 2018,https://www.contraloria.cl/pdfbuscador/auditoria/d17451dcbad3c8355b4616411561c018/html,01,IQUIQUE,https://www.contraloria.cl/SicaProd/SICAv3-BIFAPortalCGR/faces/newDetalleInforme?docIdcm=d17451dcbad3c8355b4616411561c018,C,Informe de Investigación Especial,24665,https://www.contraloria.cl/SicaProd/SICAv3-BIFAPortalCGR/servletfichainformegoogle?docIdcm=d17451dcbad3c8355b4616411561c018&pdf=1
49105,01101,2018-07-06 00:00:00.0,MUNICIPALIDAD DE IQUIQUE,2018,149,INFORME FINAL N° 149-18 EN LA MUNICIPALIDAD DE IQUIQUE SOBRE AUDITORÍA AL PROCESO ENTREGA BENEFICIOS SOCIALES PARA LA COMUNIDAD - JULIO 2018,https://www.contraloria.cl/pdfbuscador/auditoria/bf95f09804c8d33aeb30e07c0439d64b/html,01,IQUIQUE,https://www.contraloria.cl/SicaProd/SICAv3-BIFAPortalCGR/faces/newDetalleInforme?docIdcm=bf95f09804c8d33aeb30e07c0439d64b,C,Informe Final de Auditoría,24667,https://www.contraloria.cl/SicaProd/SICAv3-BIFAPortalCGR/servletfichainformegoogle?docIdcm=bf95f09804c8d33aeb30e07c0439d64b&pdf=1
53129,01101,2018-12-11 00:00:00.0,MUNICIPALIDAD DE IQUIQUE,2018,655,INFORME DE INSPECCIÓN DE OBRA PÚBLICA N° 655-18 EN LA MUNICIPALIDAD DE IQUIQUE SOBRE OBRA REPARACION PISCINA ALCALDE GODOY - DICIEMBRE 2018,https://www.contraloria.cl/pdfbuscador/auditoria/dd789881259dc588857fab528ab26e02/html,01,IQUIQUE,https://www.contraloria.cl/SicaProd/SICAv3-BIFAPortalCGR/faces/newDetalleInforme?docIdcm=dd789881259dc588857fab528ab26e02,C,Informe de Inspección de Obra Pública,26908,https://www.contraloria.cl/SicaProd/SICAv3-BIFAPortalCGR/servletfichainformegoogle?docIdcm=dd789881259dc588857fab528ab26e02&pdf=1
52540,01101,2018-12-19 00:00:00.0,CORPORACION MUNICIPAL DE DESARROLLO SOCIAL DE IQUIQUE,2018,856,INFORME FINAL N° 856-18 EN LA CORPORACION MUNICIPAL DE DESARROLLO SOCIAL DE IQUIQUE SOBRE PROGRAMA DE REFORZAMIENTO APS - DICIEMBRE 2018,https://www.contraloria.cl/pdfbuscador/auditoria/405c0810c0014bddc8ea1e077044b6f8/html,01,IQUIQUE,https://www.contraloria.cl/SicaProd/SICAv3-BIFAPortalCGR/faces/newDetalleInforme?docIdcm=405c0810c0014bddc8ea1e077044b6f8,C,Informe Final de Auditoría,27075,https://www.contraloria.cl/SicaProd/SICAv3-BIFAPortalCGR/servletfichainformegoogle?docIdcm=405c0810c0014bddc8ea1e077044b6f8&pdf=1
55497,01101,2019-10-02 00:00:00.0,MUNICIPALIDAD DE IQUIQUE,2019,207,INFORME DE INVESTIGACION ESPECIAL N° 207-19 EN LA MUNICIPALIDAD DE IQUIQUE SOBRE IRREGULARIDADES EN OTORGAMIENTO DE PATENTES DE ALCOHOLES Y OTROS - OCTUBRE 2019,https://www.contraloria.cl/pdfbuscador/auditoria/42c4d0e4d9ebad65db9691e0ab43348f/html,01,IQUIQUE,https://www.contraloria.cl/SicaProd/SICAv3-BIFAPortalCGR/faces/newDetalleInforme?docIdcm=42c4d0e4d9ebad65db9691e0ab43348f,C,Informe de Investigación Especial,30027,https://www.contraloria.cl/SicaProd/SICAv3-BIFAPortalCGR/servletfichainformegoogle?docIdcm=42c4d0e4d9ebad65db9691e0ab43348f&pdf=1
56866,01101,2019-12-06 00:00:00.0,MUNICIPALIDAD DE IQUIQUE,2019,403,INFORME DE INVESTIGACION ESPECIAL N° 403-19 EN LA MUNICIPALIDAD DE IQUIQUE SOBRE IRREGULARIDADES EN LA EJECUCION DE CONTRATOS DE OBRA - DICIEMBRE 2019,https://www.contraloria.cl/pdfbuscador/auditoria/c073760c99f371752c032c9e11b278db/html,01,IQUIQUE,https://www.contraloria.cl/SicaProd/SICAv3-BIFAPortalCGR/faces/newDetalleInforme?docIdcm=c073760c99f371752c032c9e11b278db,C,Informe de Investigación Especial,30492,https://www.contraloria.cl/SicaProd/SICAv3-BIFAPortalCGR/servletfichainformegoogle?docIdcm=c073760c99f371752c032c9e11b278db&pdf=1
58163,01101,2019-08-07 00:00:00.0,MUNICIPALIDAD DE IQUIQUE,2019,491,INFORME DE INVESTIGACIÓN ESPECIAL N° 491-19 EN LA MUNICIPALIDAD DE IQUIQUE SOBRE IRREGULARIDADES EN VERTEDERO EL BORO - AGOSTO 2019,https://www.contraloria.cl/pdfbuscador/auditoria/d3bd909eb80d3c04961f530ef1906a97/html,01,IQUIQUE,https://www.contraloria.cl/SicaProd/SICAv3-BIFAPortalCGR/faces/newDetalleInforme?docIdcm=d3bd909eb80d3c04961f530ef1906a97,C,Informe de Investigación Especial,29648,https://www.contraloria.cl/SicaProd/SICAv3-BIFAPortalCGR/servletfichainformegoogle?docIdcm=d3bd909eb80d3c04961f530ef1906a97&pdf=1
58379,01101,2019-10-18 00:00:00.0,MUNICIPALIDAD DE IQUIQUE,2019,628,INFORME DE INVESTIGACION ESPECIAL N° 628-19 EN LA MUNICIPALIDAD DE IQUIQUE SOBRE INCUMPLIMIENTO DE CONTRATO DE OBRA - OCTUBRE 2019,https://www.contraloria.cl/pdfbuscador/auditoria/3dd5749fed7022e83918138747755cdd/html,01,IQUIQUE,https://www.contraloria.cl/SicaProd/SICAv3-BIFAPortalCGR/faces/newDetalleInforme?docIdcm=3dd5749fed7022e83918138747755cdd,C,Informe de Investigación Especial,30107,https://www.contraloria.cl/SicaProd/SICAv3-BIFAPortalCGR/servletfichainformegoogle?docIdcm=3dd5749fed7022e83918138747755cdd&pdf=1
59158,01101,2020-07-13 00:00:00.0,CORPORACION MUNICIPAL DE DESARROLLO SOCIAL DE IQUIQUE,2019,908,INFORME FINAL N° 908-19 EN LA CORPORACION MUNICIPAL DE DESARROLLO SOCIAL DE IQUIQUE SOBRE CONTROL FINANCIERO RECURSOS TRANSFERIDOS EDUCACION - JULIO 2020,https://www.contraloria.cl/pdfbuscador/auditoria/e9ffd1cb4975c9be485d3f8b5c0387a8/html,01,IQUIQUE,https://www.contraloria.cl/SicaProd/SICAv3-BIFAPortalCGR/faces/newDetalleInforme?docIdcm=e9ffd1cb4975c9be485d3f8b5c0387a8,C,Informe Final de Auditoría,33107,https://www.contraloria.cl/SicaProd/SICAv3-BIFAPortalCGR/servletfichainformegoogle?docIdcm=e9ffd1cb4975c9be485d3f8b5c0387a8&pdf=1