IDACTIVIDAD,CODIGOSUBDERE,FECHAINFORME,NOMBRESERVICIO,ANOINFORME,NUMEROINFORME,MATERIAINFORME,FICHAINFORMEBIFA,C_REG_SUBDERE,NOMBRESUBDERE,FICHAINFORME,TIPOSUBDERE,TIPOINFORME,IDINFORME,PDFINFORME
30636,13603,2016-09-30 00:00:00.0,MUNICIPALIDAD DE ISLA DE MAIPO,2015,229,"INSPECCION DE OBRA PÚBLICA 229-15 MUNICIPALIDAD DE ISLA DE MAIPO,  CONTRATO CONSTRUCCIÓN RED SECUNDARIA ALCANTARILLADO PÚBLICO ISLA DE MAIPO_SEPTIEMBRE 2016.",https://www.contraloria.cl/pdfbuscador/auditoria/c86ffeb37c306c09c65144ef41348100/html,13,ISLA DE MAIPO,https://www.contraloria.cl/SicaProd/SICAv3-BIFAPortalCGR/faces/newDetalleInforme?docIdcm=c86ffeb37c306c09c65144ef41348100,C,Informe de Inspección de Obra Pública,19221,https://www.contraloria.cl/SicaProd/SICAv3-BIFAPortalCGR/servletfichainformegoogle?docIdcm=c86ffeb37c306c09c65144ef41348100&pdf=1
30283,13603,2016-11-21 00:00:00.0,MUNICIPALIDAD DE ISLA DE MAIPO,2015,624,INFORME INVESTIGACIÓN ESPECIAL 624 - 15 MUNICIPALIDAD DE ISLA DE MAIPO CONTRATO MEJORAMIENTO SERVICIO DE AGUA POTABLE RURAL MONTE LAS MERCEDES- NOVIEMBRE 2016,https://www.contraloria.cl/pdfbuscador/auditoria/a8612a3a43bd686f22052e923a41a968/html,13,ISLA DE MAIPO,https://www.contraloria.cl/SicaProd/SICAv3-BIFAPortalCGR/faces/newDetalleInforme?docIdcm=a8612a3a43bd686f22052e923a41a968,C,Informe de Investigación Especial,20466,https://www.contraloria.cl/SicaProd/SICAv3-BIFAPortalCGR/servletfichainformegoogle?docIdcm=a8612a3a43bd686f22052e923a41a968&pdf=1
38392,13603,2016-12-30 00:00:00.0,MUNICIPALIDAD DE ISLA DE MAIPO,2016,1042,INFORME FINAL 1042-2016 MUNICIPALIDAD DE ISLA DE MAIPO SOBRE AUDITORIA EN EL MACROPROCESO DE ADQUISICIONES Y ABASTECIMIENTO EN LA MUNICIPALIDAD DE ISLA DE MAIPO - DICIEMBRE 2016,https://www.contraloria.cl/pdfbuscador/auditoria/ed19cf07ecc6865fab7f2d5bf84f9110/html,13,ISLA DE MAIPO,https://www.contraloria.cl/SicaProd/SICAv3-BIFAPortalCGR/faces/newDetalleInforme?docIdcm=ed19cf07ecc6865fab7f2d5bf84f9110,C,Informe Final de Auditoría,20502,https://www.contraloria.cl/SicaProd/SICAv3-BIFAPortalCGR/servletfichainformegoogle?docIdcm=ed19cf07ecc6865fab7f2d5bf84f9110&pdf=1
41745,13603,2017-06-02 00:00:00.0,MUNICIPALIDAD DE ISLA DE MAIPO,2017,132,INFORME FINAL 132-17 MUNICIPALIDAD DE ISLA DE MAIPO SOBRE AUDITORIA AL  MACROPROCESO DE INGRESOS PROPIOS POR CONCEPTO DE PATENTES INDUSTRIALES COMERCIALES  Y  PROFESIONALES EN LA MUNICIPALIDAD DE ISLA DE MAIPO - JUNIO 2017,https://www.contraloria.cl/pdfbuscador/auditoria/707c2ba0465c4d653fee278f5cf9c358/html,13,ISLA DE MAIPO,https://www.contraloria.cl/SicaProd/SICAv3-BIFAPortalCGR/faces/newDetalleInforme?docIdcm=707c2ba0465c4d653fee278f5cf9c358,C,Informe Final de Auditoría,21180,https://www.contraloria.cl/SicaProd/SICAv3-BIFAPortalCGR/servletfichainformegoogle?docIdcm=707c2ba0465c4d653fee278f5cf9c358&pdf=1
42788,13603,2017-07-27 00:00:00.0,MUNICIPALIDAD DE ISLA DE MAIPO,2017,358,"INFORME FINAL N° 358 DE 2017, SOBRE AUDITORÍA A LOS CONTRATOS DE OBRA ADJUDICADOS POR LA MUNICIPALIDAD DE ISLA DE MAIPO, ENTRE EL 1° DE ENERO DE 2014 Y EL 31 DE DICIEMBRE DE 2016, FINANCIADOS POR EL GOBIERNO REGIONAL METROPOLITANO, CON EL FONDO NACIONAL DE DESARROLLO REGIONAL",https://www.contraloria.cl/pdfbuscador/auditoria/d99c16153be40a3953e379d075652554/html,13,ISLA DE MAIPO,https://www.contraloria.cl/SicaProd/SICAv3-BIFAPortalCGR/faces/newDetalleInforme?docIdcm=d99c16153be40a3953e379d075652554,C,Informe Final de Auditoría,21451,https://www.contraloria.cl/SicaProd/SICAv3-BIFAPortalCGR/servletfichainformegoogle?docIdcm=d99c16153be40a3953e379d075652554&pdf=1
44982,13603,2017-10-04 00:00:00.0,MUNICIPALIDAD DE ISLA DE MAIPO,2017,446,INFORME FINAL 446-2017 SOBRE AUDITORIA A LAS ACTUALIZACIONES MUNICIPALES RELACIONADAS CON EL PROCESO DE EXTRACCIÓN DE ARIDOS MUNICIPALIDAD DE ISLA DE MAIPO - OCTUBRE 2017,https://www.contraloria.cl/pdfbuscador/auditoria/44125c19a71ee044e2fc2365af1945cc/html,13,ISLA DE MAIPO,https://www.contraloria.cl/SicaProd/SICAv3-BIFAPortalCGR/faces/newDetalleInforme?docIdcm=44125c19a71ee044e2fc2365af1945cc,C,Informe Final de Auditoría,21886,https://www.contraloria.cl/SicaProd/SICAv3-BIFAPortalCGR/servletfichainformegoogle?docIdcm=44125c19a71ee044e2fc2365af1945cc&pdf=1
50774,13603,2018-09-24 00:00:00.0,MUNICIPALIDAD DE ISLA DE MAIPO,2018,434,INFORME FINAL 434-2018 MUNICIPALIDAD DE ISLA DE MAIPO SOBRE AUDITORIA AL PROCESO DE ENDEUDAMIENTO EN LA MUNICIPALIDAD DE ISLA DE MAIPO -SEPTIEMBRE 2018,https://www.contraloria.cl/pdfbuscador/auditoria/1e7e7549b0a740caab204d36d75460e8/html,13,ISLA DE MAIPO,https://www.contraloria.cl/SicaProd/SICAv3-BIFAPortalCGR/faces/newDetalleInforme?docIdcm=1e7e7549b0a740caab204d36d75460e8,C,Informe Final de Auditoría,26004,https://www.contraloria.cl/SicaProd/SICAv3-BIFAPortalCGR/servletfichainformegoogle?docIdcm=1e7e7549b0a740caab204d36d75460e8&pdf=1
52897,13603,2019-04-11 00:00:00.0,MUNICIPALIDAD DE ISLA DE MAIPO,2018,1038,"INFORME FINAL N° 1.038, DE 2018, SOBRE AUDITORÍA A LAS ADQUISICIONES Y CONTRATACIONES DE SERVICIOS MEDIANTE LA MODALIDAD DE TRATO DIRECTO EFECTUADAS POR LA MUNICIPALIDAD DE ISLA DE MAIPO",https://www.contraloria.cl/pdfbuscador/auditoria/fc885582708e8c20e7070bd67efd3d7e/html,13,ISLA DE MAIPO,https://www.contraloria.cl/SicaProd/SICAv3-BIFAPortalCGR/faces/newDetalleInforme?docIdcm=fc885582708e8c20e7070bd67efd3d7e,C,Informe Final de Auditoría,28798,https://www.contraloria.cl/SicaProd/SICAv3-BIFAPortalCGR/servletfichainformegoogle?docIdcm=fc885582708e8c20e7070bd67efd3d7e&pdf=1
57097,13603,2019-08-05 00:00:00.0,MUNICIPALIDAD DE ISLA DE MAIPO,2019,327,"INFORME FINAL N° 327, DE 2019, SOBRE AUDITORÍA A LOS GASTOS EFECTUADOS CON CARGO A LA CUENTA CONTABLE N° 215-31, POR LA MUNICIPALIDAD DE ISLA DE MAIPO, DURANTE EL AÑO 2018. ",https://www.contraloria.cl/pdfbuscador/auditoria/107f5d01f4f7a13ee7d3e0e0deedb964/html,13,ISLA DE MAIPO,https://www.contraloria.cl/SicaProd/SICAv3-BIFAPortalCGR/faces/newDetalleInforme?docIdcm=107f5d01f4f7a13ee7d3e0e0deedb964,C,Informe Final de Auditoría,29611,https://www.contraloria.cl/SicaProd/SICAv3-BIFAPortalCGR/servletfichainformegoogle?docIdcm=107f5d01f4f7a13ee7d3e0e0deedb964&pdf=1