IDACTIVIDAD,CODIGOSUBDERE,FECHAINFORME,NOMBRESERVICIO,ANOINFORME,NUMEROINFORME,MATERIAINFORME,FICHAINFORMEBIFA,C_REG_SUBDERE,NOMBRESUBDERE,FICHAINFORME,TIPOSUBDERE,TIPOINFORME,IDINFORME,PDFINFORME
28401,13109,2015-12-17 00:00:00.0,MUNICIPALIDAD DE LA CISTERNA,2015,890,INFORME FINAL 890-15 MUNICIPALIDAD DE LA CISTERNA - SOBRE AUDITORIA AL MACROPROCESO DE ADQUISICION Y ABASTECIMIENTO - DICIEMBRE 2015,https://www.contraloria.cl/pdfbuscador/auditoria/39b65261f456234fdce14d4155006ecf/html,13,LA CISTERNA,https://www.contraloria.cl/SicaProd/SICAv3-BIFAPortalCGR/faces/newDetalleInforme?docIdcm=39b65261f456234fdce14d4155006ecf,C,Informe Final de Auditoría,16637,https://www.contraloria.cl/SicaProd/SICAv3-BIFAPortalCGR/servletfichainformegoogle?docIdcm=39b65261f456234fdce14d4155006ecf&pdf=1
34250,13109,2016-12-29 00:00:00.0,MUNICIPALIDAD DE LA CISTERNA,2016,292,"INFORME FINAL 292-16 MUNICIPALIDAD DE LA CISTERNA, SOBRE GASTOS EFECTUADOS CON CARGO A LA CUENTA CONTABLE N° 215-31_DICIEMBRE 2016",https://www.contraloria.cl/pdfbuscador/auditoria/b7be3e1b4d6b4bf3882a85b9cb5685ef/html,13,LA CISTERNA,https://www.contraloria.cl/SicaProd/SICAv3-BIFAPortalCGR/faces/newDetalleInforme?docIdcm=b7be3e1b4d6b4bf3882a85b9cb5685ef,C,Informe Final de Auditoría,20138,https://www.contraloria.cl/SicaProd/SICAv3-BIFAPortalCGR/servletfichainformegoogle?docIdcm=b7be3e1b4d6b4bf3882a85b9cb5685ef&pdf=1
34313,13109,2016-10-21 00:00:00.0,MUNICIPALIDAD DE LA CISTERNA,2016,714,INFORME FINAL 714-16 MUNICIPALIDAD DE LA CISTERNA - AUDITORÍA AL GASTO EN PERÍODO ELECTORAL - USO DE BIENES - VEHÍCULOS - RRHH - RECURSOS FÍSICOS Y FINANCIEROS - OCTUBRE 2016,https://www.contraloria.cl/pdfbuscador/auditoria/e8dc5615bba1b573fb228a34ba611c76/html,13,LA CISTERNA,https://www.contraloria.cl/SicaProd/SICAv3-BIFAPortalCGR/faces/newDetalleInforme?docIdcm=e8dc5615bba1b573fb228a34ba611c76,C,Informe Final de Auditoría,19228,https://www.contraloria.cl/SicaProd/SICAv3-BIFAPortalCGR/servletfichainformegoogle?docIdcm=e8dc5615bba1b573fb228a34ba611c76&pdf=1
42789,13109,2017-12-27 00:00:00.0,DEPARTAMENTO DE EDUCACION LA CISTERNA,2017,991,INFORME FINAL 991-2017 DEPARTAMENTO DE EDUCACIÓN MUNICIPAL DE LA CISTERNA SOBRE AUDITORIA  A LOS RECURSOS LEY N°20.248 SUBVENCIÓN ESCOLAR PREFERENCIAL DE LA CORPORACIÓN DE EDUCACIÓN DE LA MUNICIPALIDAD DE LA CISTERNA- DICIEMBRE 2017 ,https://www.contraloria.cl/pdfbuscador/auditoria/738a814c6742e362329abbf7dbc46189/html,13,LA CISTERNA,https://www.contraloria.cl/SicaProd/SICAv3-BIFAPortalCGR/faces/newDetalleInforme?docIdcm=738a814c6742e362329abbf7dbc46189,C,Informe Final de Auditoría,22876,https://www.contraloria.cl/SicaProd/SICAv3-BIFAPortalCGR/servletfichainformegoogle?docIdcm=738a814c6742e362329abbf7dbc46189&pdf=1
41747,13109,2017-12-13 00:00:00.0,MUNICIPALIDAD DE LA CISTERNA,2017,1121,INFORME FINAL 1121-2017 MUNICIPALIDAD DE LA CISTERNA SOBRE AUDITORIA DE MACROPROCESO DE ADQUISICIONES Y ABASTECIMIENTO - DICIEMBRE 2017,https://www.contraloria.cl/pdfbuscador/auditoria/e16ff675b99bcde0e16aba46cbc5d5c0/html,13,LA CISTERNA,https://www.contraloria.cl/SicaProd/SICAv3-BIFAPortalCGR/faces/newDetalleInforme?docIdcm=e16ff675b99bcde0e16aba46cbc5d5c0,C,Informe Final de Auditoría,22437,https://www.contraloria.cl/SicaProd/SICAv3-BIFAPortalCGR/servletfichainformegoogle?docIdcm=e16ff675b99bcde0e16aba46cbc5d5c0&pdf=1
39829,13109,2017-11-17 00:00:00.0,MUNICIPALIDAD DE LA CISTERNA,2017,1151,INFORME FINAL DE INVESTIGACIÓN ESPECIAL 1151-2016 MUNICIPALIDAD DE LA CISTERNA SOBRE ADQUISICIONES DE TABLETS Y GASTOS EN PUBLICIDAD Y DIFUSIÓN EN LA MUNICIPALIDAD DE LA CISTERNA - NOVIEMBRE 2017,https://www.contraloria.cl/pdfbuscador/auditoria/743398ccad3b3a0523511d9da8c1ccc0/html,13,LA CISTERNA,https://www.contraloria.cl/SicaProd/SICAv3-BIFAPortalCGR/faces/newDetalleInforme?docIdcm=743398ccad3b3a0523511d9da8c1ccc0,C,Informe de Investigación Especial,22317,https://www.contraloria.cl/SicaProd/SICAv3-BIFAPortalCGR/servletfichainformegoogle?docIdcm=743398ccad3b3a0523511d9da8c1ccc0&pdf=1
50781,13109,2018-08-16 00:00:00.0,MUNICIPALIDAD DE LA CISTERNA,2018,376,"INFORME FINAL N° 376, DE 2018, SOBRE AUDITORÍA A LOS PERMISOS DE EDIFICACIÓN OTORGADOS POR LA MUNICIPALIDAD DE LA CISTERNA DURANTE EL AÑO 2017",https://www.contraloria.cl/pdfbuscador/auditoria/75a343ebbde1825ef1c9c5898a58325b/html,13,LA CISTERNA,https://www.contraloria.cl/SicaProd/SICAv3-BIFAPortalCGR/faces/newDetalleInforme?docIdcm=75a343ebbde1825ef1c9c5898a58325b,C,Informe Final de Auditoría,25301,https://www.contraloria.cl/SicaProd/SICAv3-BIFAPortalCGR/servletfichainformegoogle?docIdcm=75a343ebbde1825ef1c9c5898a58325b&pdf=1
56169,13109,2019-06-26 00:00:00.0,MUNICIPALIDAD DE LA CISTERNA,2019,172,"INFORME FINAL N° 172-2019, SOBRE AUDITORÍA AL ESTADO DE LA INFRAESTRUCTURA DE LOS ESTABLECIMIENTOS DE APS, DEPENDIENTES DEL DEPARTAMENTO DE SALUD DE LA M. DE LA CISTERNA",https://www.contraloria.cl/pdfbuscador/auditoria/6f0fab73b40014edc13d706793da2906/html,13,LA CISTERNA,https://www.contraloria.cl/SicaProd/SICAv3-BIFAPortalCGR/faces/newDetalleInforme?docIdcm=6f0fab73b40014edc13d706793da2906,C,Informe Final de Auditoría,29659,https://www.contraloria.cl/SicaProd/SICAv3-BIFAPortalCGR/servletfichainformegoogle?docIdcm=6f0fab73b40014edc13d706793da2906&pdf=1