IDACTIVIDAD,CODIGOSUBDERE,FECHAINFORME,NOMBRESERVICIO,ANOINFORME,NUMEROINFORME,MATERIAINFORME,FICHAINFORMEBIFA,C_REG_SUBDERE,NOMBRESUBDERE,FICHAINFORME,TIPOSUBDERE,TIPOINFORME,IDINFORME,PDFINFORME
29080,05504,2016-05-25 00:00:00.0,MUNICIPALIDAD DE LA CRUZ,2016,16,"INFORME FINAL 16-16 MUNICIPALIDAD DE LA CRUZ SOBRE EXAMEN DE CUENTAS A MATERIAS ESPECÍFICAS ASOCIADAS A LOS MACROPROCESOS DE FINANZAS, RECURSOS HUMANOS Y ADQUISICIONES - MAYO 2016",https://www.contraloria.cl/pdfbuscador/auditoria/5a7530e09fb4f2da17dc8d47328bce81/html,05,LA CRUZ,https://www.contraloria.cl/SicaProd/SICAv3-BIFAPortalCGR/faces/newDetalleInforme?docIdcm=5a7530e09fb4f2da17dc8d47328bce81,C,Informe Final de Auditoría,18061,https://www.contraloria.cl/SicaProd/SICAv3-BIFAPortalCGR/servletfichainformegoogle?docIdcm=5a7530e09fb4f2da17dc8d47328bce81&pdf=1
38277,05504,2016-12-05 00:00:00.0,MUNICIPALIDAD DE LA CRUZ,2016,934,INFORME FINAL DE INVESTIGACIÓN ESPECIAL 934-16 MUNICIPALIDAD DE LA CRUZ SOBRE EVENTUALES IRREGULARIDADES EN EL PAGO DE HORAS EXTRAORDINARIAS Y HONORARIOS - DICIEMBRE 2016,https://www.contraloria.cl/pdfbuscador/auditoria/f491e4ceef8321fde6cac14f5c289528/html,05,LA CRUZ,https://www.contraloria.cl/SicaProd/SICAv3-BIFAPortalCGR/faces/newDetalleInforme?docIdcm=f491e4ceef8321fde6cac14f5c289528,C,Informe de Investigación Especial,19714,https://www.contraloria.cl/SicaProd/SICAv3-BIFAPortalCGR/servletfichainformegoogle?docIdcm=f491e4ceef8321fde6cac14f5c289528&pdf=1
49305,05504,2018-11-09 00:00:00.0,MUNICIPALIDAD DE LA CRUZ,2018,188,"INFORME FINAL 188-18 MUNICIPALIDAD DE LA CRUZ SOBRE AUDITORÍA A LAS CONTRATACIONES DE PERSONAL, NIVEL DE ENDEUDAMIENTO Y ADQUISICIONES - NOVIEMBRE 2018",https://www.contraloria.cl/pdfbuscador/auditoria/949bb79a9e69f9bda437771830c898e0/html,05,LA CRUZ,https://www.contraloria.cl/SicaProd/SICAv3-BIFAPortalCGR/faces/newDetalleInforme?docIdcm=949bb79a9e69f9bda437771830c898e0,C,Informe Final de Auditoría,26468,https://www.contraloria.cl/SicaProd/SICAv3-BIFAPortalCGR/servletfichainformegoogle?docIdcm=949bb79a9e69f9bda437771830c898e0&pdf=1
57952,05504,2019-10-03 00:00:00.0,DEPARTAMENTO DE SALUD DE LA CRUZ,2019,653,INFORME FINAL DE INVESTIGACIÓN ESPECIAL 653-19 DEPARTAMENTO DE SALUD DE LA CRUZ SOBRE PAGO DE ASIGNACIÓN ESPECIAL TRANSITORIA - OCTUBRE 2019,https://www.contraloria.cl/pdfbuscador/auditoria/d2b20fe877c688737794d0dd20539852/html,05,LA CRUZ,https://www.contraloria.cl/SicaProd/SICAv3-BIFAPortalCGR/faces/newDetalleInforme?docIdcm=d2b20fe877c688737794d0dd20539852,C,Informe de Investigación Especial,30024,https://www.contraloria.cl/SicaProd/SICAv3-BIFAPortalCGR/servletfichainformegoogle?docIdcm=d2b20fe877c688737794d0dd20539852&pdf=1
58184,05504,2020-01-02 00:00:00.0,MUNICIPALIDAD DE LA CRUZ,2019,673,INFORME FINAL DE INVESTIGACIÓN ESPECIAL 673-19 MUNICIPALIDAD DE LA CRUZ SOBRE EVENTUALES IRREGULARIDADES EN CONTRATACIONES A HONORARIOS - ENERO 2020,https://www.contraloria.cl/pdfbuscador/auditoria/af3c5f42846312d8dde151bc8f8d6625/html,05,LA CRUZ,https://www.contraloria.cl/SicaProd/SICAv3-BIFAPortalCGR/faces/newDetalleInforme?docIdcm=af3c5f42846312d8dde151bc8f8d6625,C,Informe de Investigación Especial,30867,https://www.contraloria.cl/SicaProd/SICAv3-BIFAPortalCGR/servletfichainformegoogle?docIdcm=af3c5f42846312d8dde151bc8f8d6625&pdf=1