IDACTIVIDAD,CODIGOSUBDERE,FECHAINFORME,NOMBRESERVICIO,ANOINFORME,NUMEROINFORME,MATERIAINFORME,FICHAINFORMEBIFA,C_REG_SUBDERE,NOMBRESUBDERE,FICHAINFORME,TIPOSUBDERE,TIPOINFORME,IDINFORME,PDFINFORME
32030,13110,2016-01-07 00:00:00.0,MUNICIPALIDAD DE LA FLORIDA,2015,1111,INFORME FINAL 1.111-15 MUNICIPALIDAD DE LA FLORIDA -SOBRE AUDITORIA AL MACROPROCESO DE ADQUISICION Y ABASTECIMIENTO - ENERO 2016,https://www.contraloria.cl/pdfbuscador/auditoria/fac605fea73d6199187e2375aef8d325/html,13,LA FLORIDA,https://www.contraloria.cl/SicaProd/SICAv3-BIFAPortalCGR/faces/newDetalleInforme?docIdcm=fac605fea73d6199187e2375aef8d325,C,Informe Final de Auditoría,16908,https://www.contraloria.cl/SicaProd/SICAv3-BIFAPortalCGR/servletfichainformegoogle?docIdcm=fac605fea73d6199187e2375aef8d325&pdf=1
28397,13110,2016-03-07 00:00:00.0,MUNICIPALIDAD DE LA FLORIDA,2015,1329,INFORME FINAL 1.329-15 MUNICIPALIDAD DE LA FLORIDA - SOBRE AUDITORIA AL MACROPROCESO DE CONCESIONES - MARZO 2016                    ,https://www.contraloria.cl/pdfbuscador/auditoria/6a8472fafb85a004e0a3c4afdc0443ba/html,13,LA FLORIDA,https://www.contraloria.cl/SicaProd/SICAv3-BIFAPortalCGR/faces/newDetalleInforme?docIdcm=6a8472fafb85a004e0a3c4afdc0443ba,C,Informe Final de Auditoría,17428,https://www.contraloria.cl/SicaProd/SICAv3-BIFAPortalCGR/servletfichainformegoogle?docIdcm=6a8472fafb85a004e0a3c4afdc0443ba&pdf=1
34384,13110,2016-07-26 00:00:00.0,MUNICIPALIDAD DE LA FLORIDA,2016,290,"INFORME FINAL 290-16 MUNICIPALIDAD DE LA FLORIDA - SOBRE AUDITORIA A LOS DEUDORES PRESUPUESTARIOS CONTABILIZADOS EN CUENTAS POR COBRAR RECUPERACION DE PRESTAMOS INGRESOS POR PERCIBIR, 115.12.10 Y EL CUMPLIMIENTO DE LA LEY N° 20.730 - JULIO 2016",https://www.contraloria.cl/pdfbuscador/auditoria/48ce7c53d968f4e4d68ec73317ad3224/html,13,LA FLORIDA,https://www.contraloria.cl/SicaProd/SICAv3-BIFAPortalCGR/faces/newDetalleInforme?docIdcm=48ce7c53d968f4e4d68ec73317ad3224,C,Informe Final de Auditoría,18554,https://www.contraloria.cl/SicaProd/SICAv3-BIFAPortalCGR/servletfichainformegoogle?docIdcm=48ce7c53d968f4e4d68ec73317ad3224&pdf=1
34314,13110,2016-10-14 00:00:00.0,MUNICIPALIDAD DE LA FLORIDA,2016,635,INFORME FINAL 635-16 MUNICIPALIDAD DE LA FLORIDA - AUDITORÍA AL GASTO EN PERÍODO ELECTORAL - USO DE BIENES - VEHÍCULOS - RRHH - RECURSOS FÍSICOS Y FINANCIEROS - OCTUBRE 2016,https://www.contraloria.cl/pdfbuscador/auditoria/dfad2a42c7dcaa83ae1680745ae7f7ff/html,13,LA FLORIDA,https://www.contraloria.cl/SicaProd/SICAv3-BIFAPortalCGR/faces/newDetalleInforme?docIdcm=dfad2a42c7dcaa83ae1680745ae7f7ff,C,Informe Final de Auditoría,19141,https://www.contraloria.cl/SicaProd/SICAv3-BIFAPortalCGR/servletfichainformegoogle?docIdcm=dfad2a42c7dcaa83ae1680745ae7f7ff&pdf=1
34368,13110,2016-12-30 00:00:00.0,CORPORACION MUNICIPAL LA FLORIDA,2016,1008,"INFORME FINAL 1008-2016 CORPORACIÓN MUNICIPAL DE EDUCACIÓN , SALUD, CULTURA Y RECREACIÓN DE LA FLORIDA SOBRE AUDITORIA AL PROGRAMA DE FONDO DE FARMACIA PARA ENFERMEDADES CRÓNICAS NO TRANSMISIBLES EN ATENCIÓN PRIMARIA DE SALUD Y FORTALECIMIENTO DE LA MEDICINA FAMILIAR PARA EL SISTEMA PUBLICO DE SALUD EN LA CORPORACIÓN MUNICIPAL DE EDUCACIÓN  , SALUD , CULTURA Y RECREACIÓN DE LA FLORIDA -DICIEMBRE 2016",https://www.contraloria.cl/pdfbuscador/auditoria/117d24082080b73220dd0474be79eee4/html,13,LA FLORIDA,https://www.contraloria.cl/SicaProd/SICAv3-BIFAPortalCGR/faces/newDetalleInforme?docIdcm=117d24082080b73220dd0474be79eee4,C,Informe Final de Auditoría,20501,https://www.contraloria.cl/SicaProd/SICAv3-BIFAPortalCGR/servletfichainformegoogle?docIdcm=117d24082080b73220dd0474be79eee4&pdf=1
39983,13110,2017-02-27 00:00:00.0,MUNICIPALIDAD DE LA FLORIDA,2016,1216,INFORME FINAL 1216-16 MUNICIPALIDAD DE LA FLORIDA SOBRE INSPECCIÓN DE OBRA PUBLICA AL PROYECTO CONSTRUCCIÓN POLIDERPORTIVO - FEBRERO 2017,https://www.contraloria.cl/pdfbuscador/auditoria/a9f671c950b42470eff3bf5a87bb05d9/html,13,LA FLORIDA,https://www.contraloria.cl/SicaProd/SICAv3-BIFAPortalCGR/faces/newDetalleInforme?docIdcm=a9f671c950b42470eff3bf5a87bb05d9,C,Informe de Inspección de Obra Pública,20542,https://www.contraloria.cl/SicaProd/SICAv3-BIFAPortalCGR/servletfichainformegoogle?docIdcm=a9f671c950b42470eff3bf5a87bb05d9&pdf=1
42798,13110,2017-09-21 00:00:00.0,MUNICIPALIDAD DE LA FLORIDA,2017,427,"INFORME FINAL N° 427, DE 2017, SOBRE AUDITORÍA A LOS PROYECTOS FINANCIADOS POR LA SUBSECRETARÍA DE DESARROLLO REGIONAL Y ADMINISTRATIVO, ASOCIADOS A LOS PROGRAMAS DE MEJORAMIENTO URBANO Y EQUIPAMIENTO COMUNAL, Y DE MEJORAMIENTO DE BARRIOS, ENTRE EL 1° DE ENERO DE 2014 Y EL 31 DE DICIEMBRE DE 2016, EN LA MUNICIPALIDAD DE LA FLORIDA SEPTIEMBRE 2017",https://www.contraloria.cl/pdfbuscador/auditoria/3ec732f03491d431644de6a98fc96e85/html,13,LA FLORIDA,https://www.contraloria.cl/SicaProd/SICAv3-BIFAPortalCGR/faces/newDetalleInforme?docIdcm=3ec732f03491d431644de6a98fc96e85,C,Informe Final de Auditoría,21758,https://www.contraloria.cl/SicaProd/SICAv3-BIFAPortalCGR/servletfichainformegoogle?docIdcm=3ec732f03491d431644de6a98fc96e85&pdf=1
46975,13110,2018-02-06 00:00:00.0,CORPORACION MUNICIPAL LA FLORIDA,2017,834,"INFORME FINAL 834-17 CORPORACIÓN MUNICIPAL EDUCACIÓN, SALUD, CULTURAL Y RECREACIÓN DE LA FLORIDA CONTROL FINANCIERO A LOS RECURSOS TRANSFERIDOS POR APORTE MUNICIPAL Y FONDOS EXTERNOS- FEBRERO 2018",https://www.contraloria.cl/pdfbuscador/auditoria/b05f2353fc29ea69af9b4cd5376fbb6a/html,13,LA FLORIDA,https://www.contraloria.cl/SicaProd/SICAv3-BIFAPortalCGR/faces/newDetalleInforme?docIdcm=b05f2353fc29ea69af9b4cd5376fbb6a,C,Informe Final de Auditoría,23126,https://www.contraloria.cl/SicaProd/SICAv3-BIFAPortalCGR/servletfichainformegoogle?docIdcm=b05f2353fc29ea69af9b4cd5376fbb6a&pdf=1
49123,13110,2018-09-25 00:00:00.0,CORPORACION MUNICIPAL LA FLORIDA,2018,29,"INFORME DE INVESTIGACIÓN ESPECIAL 29-2018 CORPORACIÓN MUNICIPAL DE EDUCACIÓN SALUD , CULTURA Y RECREACIÓN DE LA FLORIDA -SEPTIEMBRE 2018",https://www.contraloria.cl/pdfbuscador/auditoria/c91661887ef10d8b133efe73991c89fc/html,13,LA FLORIDA,https://www.contraloria.cl/SicaProd/SICAv3-BIFAPortalCGR/faces/newDetalleInforme?docIdcm=c91661887ef10d8b133efe73991c89fc,C,Informe de Investigación Especial,26224,https://www.contraloria.cl/SicaProd/SICAv3-BIFAPortalCGR/servletfichainformegoogle?docIdcm=c91661887ef10d8b133efe73991c89fc&pdf=1