IDACTIVIDAD,CODIGOSUBDERE,FECHAINFORME,NOMBRESERVICIO,ANOINFORME,NUMEROINFORME,MATERIAINFORME,FICHAINFORMEBIFA,C_REG_SUBDERE,NOMBRESUBDERE,FICHAINFORME,TIPOSUBDERE,TIPOINFORME,IDINFORME,PDFINFORME
28587,13111,2015-10-07 00:00:00.0,MUNICIPALIDAD DE LA GRANJA,2015,574,INFORME FINAL 574-15 MUNICIPALIDAD DE LA GRANJA - SOBRE AUDITORIA A LAS CONTRATACIONES DE HONORARIOS EN PROGRAMAS COMUNITARIOS - OCTUBRE 2015,https://www.contraloria.cl/pdfbuscador/auditoria/82018c71ee8daa3536048ce1d06995f5/html,13,LA GRANJA,https://www.contraloria.cl/SicaProd/SICAv3-BIFAPortalCGR/faces/newDetalleInforme?docIdcm=82018c71ee8daa3536048ce1d06995f5,C,Informe Final de Auditoría,15074,https://www.contraloria.cl/SicaProd/SICAv3-BIFAPortalCGR/servletfichainformegoogle?docIdcm=82018c71ee8daa3536048ce1d06995f5&pdf=1
27290,13111,2015-10-23 00:00:00.0,MUNICIPALIDAD DE LA GRANJA,2015,846,INFORME INVESTIGACION ESPECIAL 846-15 MUNICIPALIDAD DE LA GRANJA - SOBRE EVENTUALES IRREGULARIDADES EN DISTINTAS MATERIAS - OCTUBRE 2015,https://www.contraloria.cl/pdfbuscador/auditoria/185565940afbf25519eec45a8f47c386/html,13,LA GRANJA,https://www.contraloria.cl/SicaProd/SICAv3-BIFAPortalCGR/faces/newDetalleInforme?docIdcm=185565940afbf25519eec45a8f47c386,C,Informe de Investigación Especial,15476,https://www.contraloria.cl/SicaProd/SICAv3-BIFAPortalCGR/servletfichainformegoogle?docIdcm=185565940afbf25519eec45a8f47c386&pdf=1
32187,13111,2016-01-06 00:00:00.0,MUNICIPALIDAD DE LA GRANJA,2015,936,INFORME FINAL DE INVESTIGACION ESPECIAL 936-15 MUNICIPALIDAD DE LA GRANJA SOBRE OBRAS DE MEJORAMIENTO PLAZAS RESIDENCIALES – ENERO 2016,https://www.contraloria.cl/pdfbuscador/auditoria/d2dd07e67c8e7feab0dac7c866cac495/html,13,LA GRANJA,https://www.contraloria.cl/SicaProd/SICAv3-BIFAPortalCGR/faces/newDetalleInforme?docIdcm=d2dd07e67c8e7feab0dac7c866cac495,C,Informe de Investigación Especial,17000,https://www.contraloria.cl/SicaProd/SICAv3-BIFAPortalCGR/servletfichainformegoogle?docIdcm=d2dd07e67c8e7feab0dac7c866cac495&pdf=1
34251,13111,2016-07-25 00:00:00.0,MUNICIPALIDAD DE LA GRANJA,2016,85,INFORME FINAL 85-16 MUNICIPALIDAD DE LA GRANJA SOBRE EL ESTADO DE LA INFRAESTRUCTURA DE ESTABLECIMIENTOS EDUCACIONALES MUNICIPALES_JULIO 2016.,https://www.contraloria.cl/pdfbuscador/auditoria/6ffbac91116ae632a35bd0eb290a88e3/html,13,LA GRANJA,https://www.contraloria.cl/SicaProd/SICAv3-BIFAPortalCGR/faces/newDetalleInforme?docIdcm=6ffbac91116ae632a35bd0eb290a88e3,C,Informe Final de Auditoría,18579,https://www.contraloria.cl/SicaProd/SICAv3-BIFAPortalCGR/servletfichainformegoogle?docIdcm=6ffbac91116ae632a35bd0eb290a88e3&pdf=1
34495,13111,2016-12-15 00:00:00.0,MUNICIPALIDAD DE LA GRANJA,2016,441,INFORME FINAL 441-2016 MUNICIPALIDAD DE LA GRANJA - SOBRE AUDITORÍA AL ACTIVO FIJO Y CUMPLIMIENTO DE LA LEY N° 20.730 - DICIEMBRE 2016,https://www.contraloria.cl/pdfbuscador/auditoria/20b535355af6f0a9d92aa495da733bbd/html,13,LA GRANJA,https://www.contraloria.cl/SicaProd/SICAv3-BIFAPortalCGR/faces/newDetalleInforme?docIdcm=20b535355af6f0a9d92aa495da733bbd,C,Informe Final de Auditoría,19892,https://www.contraloria.cl/SicaProd/SICAv3-BIFAPortalCGR/servletfichainformegoogle?docIdcm=20b535355af6f0a9d92aa495da733bbd&pdf=1
38648,13111,2016-12-30 00:00:00.0,MUNICIPALIDAD DE LA GRANJA,2016,1026,INFORME FINAL DE INVESTIGACION ESPECIAL 1026-2016 MUNICIPALIDAD DE LA GRANJA SOBRE RENDICIÓN DE LOS FONDOS GLOBALES OTORGADOS AL EX JEFE DEL DEPARTAMENTO DE SERVICIOS GENERALES EN LA MUNICIPALIDAD DE LA GRANJA- DICIEMBRE 2016,https://www.contraloria.cl/pdfbuscador/auditoria/57dc94a6e79fe8279174f2b3e2f06d25/html,13,LA GRANJA,https://www.contraloria.cl/SicaProd/SICAv3-BIFAPortalCGR/faces/newDetalleInforme?docIdcm=57dc94a6e79fe8279174f2b3e2f06d25,C,Informe de Investigación Especial,20382,https://www.contraloria.cl/SicaProd/SICAv3-BIFAPortalCGR/servletfichainformegoogle?docIdcm=57dc94a6e79fe8279174f2b3e2f06d25&pdf=1
41751,13111,2017-07-27 00:00:00.0,MUNICIPALIDAD DE LA GRANJA,2017,223,INFORME FINAL 223-2017 MUNICIPALIDAD DE LA GRANJA AUDITORIA A MATERIA DE RECURSOS HUMANOS MUNICIPALIDAD DE LA GRANJA -JULIO 2017,https://www.contraloria.cl/pdfbuscador/auditoria/af94db9bb8de43d27202f7d2e126065a/html,13,LA GRANJA,https://www.contraloria.cl/SicaProd/SICAv3-BIFAPortalCGR/faces/newDetalleInforme?docIdcm=af94db9bb8de43d27202f7d2e126065a,C,Informe Final de Auditoría,21498,https://www.contraloria.cl/SicaProd/SICAv3-BIFAPortalCGR/servletfichainformegoogle?docIdcm=af94db9bb8de43d27202f7d2e126065a&pdf=1
42728,13111,2017-09-07 00:00:00.0,DEPARTAMENTO DE EDUCACION DE LA GRANJA,2017,444,INFORME FINAL 444 - 2017 DEPARTAMENTO DE ADMINISTRACIÓN DE EDUCACIÓN DE LA MUNICIPALIDAD DE LA GRANJA SOBRE AUDITORIA AL FONDO DE APOYO A LA EDUCACIÓN PUBLICA EN EL DEPARTAMENTO DE ADMINISTRACIÓN DE EDUCACIÓN DE LA MUNICIPALIDAD DE LA GRANJA - SEPTIEMBRE 2017,https://www.contraloria.cl/pdfbuscador/auditoria/c7fd6bf067b6b170ba7b60a37ca14538/html,13,LA GRANJA,https://www.contraloria.cl/SicaProd/SICAv3-BIFAPortalCGR/faces/newDetalleInforme?docIdcm=c7fd6bf067b6b170ba7b60a37ca14538,C,Informe Final de Auditoría,21797,https://www.contraloria.cl/SicaProd/SICAv3-BIFAPortalCGR/servletfichainformegoogle?docIdcm=c7fd6bf067b6b170ba7b60a37ca14538&pdf=1
42739,13111,2017-12-21 00:00:00.0,DEPARTAMENTO DE SALUD DE LA GRANJA,2017,762,INFORME FINAL 762-2017 SOBRE AUDITORIA PER CAPITA EN EL DEPARTAMENTO DE ADMINISTRACIÓN DE SALUD DE LA MUNICIPALIDAD DE LA GRANJA- DICIEMBRE 2017,https://www.contraloria.cl/pdfbuscador/auditoria/675b8de27bb47b517e2200a9bdaae35b/html,13,LA GRANJA,https://www.contraloria.cl/SicaProd/SICAv3-BIFAPortalCGR/faces/newDetalleInforme?docIdcm=675b8de27bb47b517e2200a9bdaae35b,C,Informe Final de Auditoría,22562,https://www.contraloria.cl/SicaProd/SICAv3-BIFAPortalCGR/servletfichainformegoogle?docIdcm=675b8de27bb47b517e2200a9bdaae35b&pdf=1
52123,13111,2018-11-05 00:00:00.0,MUNICIPALIDAD DE LA GRANJA,2018,598,INFORME FINAL 598-18 DEPARTAMENTO DE SALUD DE LA MUNICIPALIDAD DE LA GRANJA SOBRE AUDITORÍA AL ESTADO DE LA INFRAESTRUCTURA DE LOS ESTABLECIMIENTOS DE ATENCIÓN PRIMARIA DE SALUD-NOVIEMBRE 2018,https://www.contraloria.cl/pdfbuscador/auditoria/8bd207ca9967bd1d8132dae410ef5cbf/html,13,LA GRANJA,https://www.contraloria.cl/SicaProd/SICAv3-BIFAPortalCGR/faces/newDetalleInforme?docIdcm=8bd207ca9967bd1d8132dae410ef5cbf,C,Informe Final de Auditoría,26466,https://www.contraloria.cl/SicaProd/SICAv3-BIFAPortalCGR/servletfichainformegoogle?docIdcm=8bd207ca9967bd1d8132dae410ef5cbf&pdf=1
56066,13111,2019-06-26 00:00:00.0,DEPARTAMENTO DE SALUD DE LA GRANJA,2019,278,INFORME FINAL 278-2019 DEPARTAMENTO DE ADMINISTRACIÓN DE SALUD DE LA GRANJA SOBRE AUDITORIA A LAS CONTRATACIONES DE HONORARIOS  CON CARGO A LA CUENTA PRESUPUESTARIA  215-21-03-001 DEL DEPARTAMENTO DE ADMINISTRACIÓN DE SALUD DE LA MUNICIPALIDAD DE LA GRANJA - JUNIO 2019,https://www.contraloria.cl/pdfbuscador/auditoria/608c385e9944261c6c52b4320730a3da/html,13,LA GRANJA,https://www.contraloria.cl/SicaProd/SICAv3-BIFAPortalCGR/faces/newDetalleInforme?docIdcm=608c385e9944261c6c52b4320730a3da,C,Informe Final de Auditoría,29329,https://www.contraloria.cl/SicaProd/SICAv3-BIFAPortalCGR/servletfichainformegoogle?docIdcm=608c385e9944261c6c52b4320730a3da&pdf=1
67947,13111,2020-06-03 00:00:00.0,MUNICIPALIDAD DE LA GRANJA,2020,16,"INFORME FINAL 16-20 MUNICIPALIDAD DE LA GRANJA SOBRE INSPECCIÓN A LAS OBRAS DEL CONTRATO ""MEJORAMIENTO COMPLEJO DEPORTIVO MALAQUÍAS CONCHA""-JUNIO 2020",https://www.contraloria.cl/pdfbuscador/auditoria/be5e0060be026c52e4901eeb056e31f6/html,13,LA GRANJA,https://www.contraloria.cl/SicaProd/SICAv3-BIFAPortalCGR/faces/newDetalleInforme?docIdcm=be5e0060be026c52e4901eeb056e31f6,C,Informe de Inspección de Obra Pública,32911,https://www.contraloria.cl/SicaProd/SICAv3-BIFAPortalCGR/servletfichainformegoogle?docIdcm=be5e0060be026c52e4901eeb056e31f6&pdf=1