IDACTIVIDAD,CODIGOSUBDERE,FECHAINFORME,NOMBRESERVICIO,ANOINFORME,NUMEROINFORME,MATERIAINFORME,FICHAINFORMEBIFA,C_REG_SUBDERE,NOMBRESUBDERE,FICHAINFORME,TIPOSUBDERE,TIPOINFORME,IDINFORME,PDFINFORME
28574,13112,2015-09-04 00:00:00.0,MUNICIPALIDAD DE LA PINTANA,2015,435,INFORME FINAL 435-15 MUNICIPALIDAD DE LA PINTANA - SOBRE AUDITORIA A LAS CONTRATACIONES DE HONORARIOS EN PROGRAMAS COMUNITARIOS - SEPTIEMBRE 2015,https://www.contraloria.cl/pdfbuscador/auditoria/3b3868284864b7a17d8d0b3f49c23e50/html,13,LA PINTANA,https://www.contraloria.cl/SicaProd/SICAv3-BIFAPortalCGR/faces/newDetalleInforme?docIdcm=3b3868284864b7a17d8d0b3f49c23e50,C,Informe Final de Auditoría,14770,https://www.contraloria.cl/SicaProd/SICAv3-BIFAPortalCGR/servletfichainformegoogle?docIdcm=3b3868284864b7a17d8d0b3f49c23e50&pdf=1
32033,13112,2016-02-04 00:00:00.0,DEPARTAMENTO DE EDUCACION DE LA PINTANA,2015,1152,"INFORME FINAL 1.152-15 DEPARTAMENTO DE EDUCACION DE LA PINTANA - SOBRE AUDITORIA A LOS RECURSOS DE LA LEY N° 20.248, SUBVENCION ESCOLAR PREFERENCIAL SEP - FEBRERO 2016",https://www.contraloria.cl/pdfbuscador/auditoria/a75bb91506b2f3ed761aeb6d602533bf/html,13,LA PINTANA,https://www.contraloria.cl/SicaProd/SICAv3-BIFAPortalCGR/faces/newDetalleInforme?docIdcm=a75bb91506b2f3ed761aeb6d602533bf,C,Informe Final de Auditoría,17181,https://www.contraloria.cl/SicaProd/SICAv3-BIFAPortalCGR/servletfichainformegoogle?docIdcm=a75bb91506b2f3ed761aeb6d602533bf&pdf=1
32034,13112,2016-04-05 00:00:00.0,MUNICIPALIDAD DE LA PINTANA,2015,1323,INFORME FINAL 1.323-15 MUNICIPALIDAD DE LA PINTANA - SOBRE AUDITORIA AL ACTIVO FIJO - ABRIL 2016,https://www.contraloria.cl/pdfbuscador/auditoria/3cd86a4e2734ca30b711000bc12320c4/html,13,LA PINTANA,https://www.contraloria.cl/SicaProd/SICAv3-BIFAPortalCGR/faces/newDetalleInforme?docIdcm=3cd86a4e2734ca30b711000bc12320c4,C,Informe Final de Auditoría,17636,https://www.contraloria.cl/SicaProd/SICAv3-BIFAPortalCGR/servletfichainformegoogle?docIdcm=3cd86a4e2734ca30b711000bc12320c4&pdf=1
31749,13112,2016-04-19 00:00:00.0,MUNICIPALIDAD DE LA PINTANA,2016,52,INVESTIGACION ESPECIAL 52-16 MUNICIPALIDAD DE LA PINTANA - SOBRE EVENTUALES IRREGULARIDADES EN EL PAGO DE HONORARIOS A PERSONAL DE PLANTA POR PARTE DEL MUNICIPIO - ABRIL 2016,https://www.contraloria.cl/pdfbuscador/auditoria/1447ae76e28a4c731851d0c778083e48/html,13,LA PINTANA,https://www.contraloria.cl/SicaProd/SICAv3-BIFAPortalCGR/faces/newDetalleInforme?docIdcm=1447ae76e28a4c731851d0c778083e48,C,Informe de Investigación Especial,17852,https://www.contraloria.cl/SicaProd/SICAv3-BIFAPortalCGR/servletfichainformegoogle?docIdcm=1447ae76e28a4c731851d0c778083e48&pdf=1
33259,13112,2016-09-06 00:00:00.0,MUNICIPALIDAD DE LA PINTANA,2016,88,"INFORME DE INSPECCIÓN TECNICA DE OBRA PÚBLICA 88-16, MUNICIPALIDAD DE LA PINTANA, CONSERVACIÓN DE INFRAESTRUCTURA DEL LICEO SIMÓN BOLÍVAR DE LA PINTANA_OCTUBRE 2016.",https://www.contraloria.cl/pdfbuscador/auditoria/f99a0aede605a84d89d760e6aff4de94/html,13,LA PINTANA,https://www.contraloria.cl/SicaProd/SICAv3-BIFAPortalCGR/faces/newDetalleInforme?docIdcm=f99a0aede605a84d89d760e6aff4de94,C,Informe de Inspección de Obra Pública,19625,https://www.contraloria.cl/SicaProd/SICAv3-BIFAPortalCGR/servletfichainformegoogle?docIdcm=f99a0aede605a84d89d760e6aff4de94&pdf=1
34205,13112,2016-10-18 00:00:00.0,MUNICIPALIDAD DE LA PINTANA,2016,525,INFORME FINAL 525-16 MUNICIPALIDAD DE LA PINTANA-AUDITORÍA A LAS TRANSFERENCIAS CORRIENTES REALIZADAS POR LA SUBSECRETARÍA DE PREVENCIÓN DEL DELITO-OCTUBRE 2016,https://www.contraloria.cl/pdfbuscador/auditoria/1cd681fcc478fd62a849c922d831481a/html,13,LA PINTANA,https://www.contraloria.cl/SicaProd/SICAv3-BIFAPortalCGR/faces/newDetalleInforme?docIdcm=1cd681fcc478fd62a849c922d831481a,C,Informe Final de Auditoría,19286,https://www.contraloria.cl/SicaProd/SICAv3-BIFAPortalCGR/servletfichainformegoogle?docIdcm=1cd681fcc478fd62a849c922d831481a&pdf=1
34324,13112,2016-10-19 00:00:00.0,MUNICIPALIDAD DE LA PINTANA,2016,647,INFORME FINAL 647-16 MUNICIPALIDAD DE LA PINTANA  - AUDITORÍA AL GASTO EN PERÍODO ELECTORAL - USO DE BIENES - VEHÍCULOS - RRHH - RECURSOS FÍSICOS Y FINANCIEROS - OCTUBRE 2016,https://www.contraloria.cl/pdfbuscador/auditoria/89a20c7fccfe9c4e9a083a739366c0cd/html,13,LA PINTANA,https://www.contraloria.cl/SicaProd/SICAv3-BIFAPortalCGR/faces/newDetalleInforme?docIdcm=89a20c7fccfe9c4e9a083a739366c0cd,C,Informe Final de Auditoría,19205,https://www.contraloria.cl/SicaProd/SICAv3-BIFAPortalCGR/servletfichainformegoogle?docIdcm=89a20c7fccfe9c4e9a083a739366c0cd&pdf=1
39633,13112,2017-03-15 00:00:00.0,MUNICIPALIDAD DE LA PINTANA,2016,994,INFORME FINAL 994-16 MUNICIPALIDAD DE LA PINTANA SOBRE INSPECCIÓN AL CONTRATO CONSTRUCCION COMPLEJO DEPORTIVO LAS ROSAS - MARZO 2017,https://www.contraloria.cl/pdfbuscador/auditoria/8e92f2325b66ce0868500eeefce65561/html,13,LA PINTANA,https://www.contraloria.cl/SicaProd/SICAv3-BIFAPortalCGR/faces/newDetalleInforme?docIdcm=8e92f2325b66ce0868500eeefce65561,C,Informe de Inspección de Obra Pública,20683,https://www.contraloria.cl/SicaProd/SICAv3-BIFAPortalCGR/servletfichainformegoogle?docIdcm=8e92f2325b66ce0868500eeefce65561&pdf=1
39933,13112,2017-03-02 00:00:00.0,MUNICIPALIDAD DE LA PINTANA,2016,1097,"INFORME FINAL N°1.097-16 MUNICIPALIDAD DE LA PINTANA, SOBRE INSPECCION TECNICA AL CONTRATO CONSTRUCCION TEATRO MUNICIPAL DE LA PINTANA_MARZO 2017",https://www.contraloria.cl/pdfbuscador/auditoria/0a19718581808ccb14302ad5fd6485a0/html,13,LA PINTANA,https://www.contraloria.cl/SicaProd/SICAv3-BIFAPortalCGR/faces/newDetalleInforme?docIdcm=0a19718581808ccb14302ad5fd6485a0,C,Informe de Inspección de Obra Pública,20535,https://www.contraloria.cl/SicaProd/SICAv3-BIFAPortalCGR/servletfichainformegoogle?docIdcm=0a19718581808ccb14302ad5fd6485a0&pdf=1
42411,13112,2017-12-12 00:00:00.0,DEPARTAMENTO DE SALUD DE LA PINTANA,2017,702,INFORME FINAL N° 702-17 - DEPARTAMENTO DE SALUD DE LA PINTANA - SOBRE AUDITORIA A LAS FUNCIONES INSTITUCIONALES EN LAS PRESTACIONES A USUARIOS FINALES - DICIEMBRE 2017,https://www.contraloria.cl/pdfbuscador/auditoria/5ffebee726d2c15ec3357810b25211ad/html,13,LA PINTANA,https://www.contraloria.cl/SicaProd/SICAv3-BIFAPortalCGR/faces/newDetalleInforme?docIdcm=5ffebee726d2c15ec3357810b25211ad,C,Informe Final de Auditoría,22428,https://www.contraloria.cl/SicaProd/SICAv3-BIFAPortalCGR/servletfichainformegoogle?docIdcm=5ffebee726d2c15ec3357810b25211ad&pdf=1
42401,13112,2017-11-21 00:00:00.0,MUNICIPALIDAD DE LA PINTANA,2017,848,INFORME FINAL N° 848-17 - MUNICIPALIDAD DE LA PINTANA - SOBRE AUDITORIA AL MACROPROCESO DE CONCESIONES - NOVIEMBRE 2017,https://www.contraloria.cl/pdfbuscador/auditoria/4b6ef16dfa1d2958da13f6048be5f59e/html,13,LA PINTANA,https://www.contraloria.cl/SicaProd/SICAv3-BIFAPortalCGR/faces/newDetalleInforme?docIdcm=4b6ef16dfa1d2958da13f6048be5f59e,C,Informe Final de Auditoría,22208,https://www.contraloria.cl/SicaProd/SICAv3-BIFAPortalCGR/servletfichainformegoogle?docIdcm=4b6ef16dfa1d2958da13f6048be5f59e&pdf=1
42405,13112,2017-12-18 00:00:00.0,DEPARTAMENTO DE EDUCACION DE LA PINTANA,2017,908,"INFORME FINAL N° 908-17 - DEPARTAMENTO DE EDUCACION DE LA PINTANA - SOBRE AUDITORIA A LOS RECURSOS DE LA LEY N° 20.248, SUBVENCION ESCOLAR PREFERENCIAL - DICIEMBRE 2017",https://www.contraloria.cl/pdfbuscador/auditoria/132f8dc2764c6281e4befed53bbc805b/html,13,LA PINTANA,https://www.contraloria.cl/SicaProd/SICAv3-BIFAPortalCGR/faces/newDetalleInforme?docIdcm=132f8dc2764c6281e4befed53bbc805b,C,Informe Final de Auditoría,22488,https://www.contraloria.cl/SicaProd/SICAv3-BIFAPortalCGR/servletfichainformegoogle?docIdcm=132f8dc2764c6281e4befed53bbc805b&pdf=1
52225,13112,2019-02-11 00:00:00.0,MUNICIPALIDAD DE LA PINTANA,2018,567,INFORME FINAL N° 567 DE LA MUNICIPALIDAD DE LA PINTANA MEJORAMIENTO CESFAM PABLO DE ROKHA LA PINTANA - FEBRERO 2019,https://www.contraloria.cl/pdfbuscador/auditoria/ab5f2ddec33206c001ebed5506cdb9f1/html,13,LA PINTANA,https://www.contraloria.cl/SicaProd/SICAv3-BIFAPortalCGR/faces/newDetalleInforme?docIdcm=ab5f2ddec33206c001ebed5506cdb9f1,C,Informe de Inspección de Obra Pública,27668,https://www.contraloria.cl/SicaProd/SICAv3-BIFAPortalCGR/servletfichainformegoogle?docIdcm=ab5f2ddec33206c001ebed5506cdb9f1&pdf=1
53248,13112,2019-05-07 00:00:00.0,DEPARTAMENTO DE SALUD DE LA PINTANA,2018,934,INFORME FINAL 934-2018 DEPARTAMENTO DE SALUD DE LA MUNICIPALIDAD DE LA PINTA INVESTIGACION SOBRE EVENTUALES  IRREGULARIDADES EN DICHA CORPORACIÓN-MAYO 2019,https://www.contraloria.cl/pdfbuscador/auditoria/970b538112291d3d4b6af5a3eaef054e/html,13,LA PINTANA,https://www.contraloria.cl/SicaProd/SICAv3-BIFAPortalCGR/faces/newDetalleInforme?docIdcm=970b538112291d3d4b6af5a3eaef054e,C,Informe de Investigación Especial,28905,https://www.contraloria.cl/SicaProd/SICAv3-BIFAPortalCGR/servletfichainformegoogle?docIdcm=970b538112291d3d4b6af5a3eaef054e&pdf=1
54559,13112,2019-04-08 00:00:00.0,MUNICIPALIDAD DE LA PINTANA,2019,34,INFORME FINAL N° 34 DE 2019 MUNICIPALIDAD DE LA PINTANA SOBRE INSPECCIÓN DE OBRAS DEL CONTRATO MEJORAMIENTO CENTRO DESARROLLO BARRIAL BARRIO LOS EUCALIPTUS 2° LLAMADO EJECUTADO POR LA MUNICIPALIDAD DE LA PINTANA - ABRIL 2019,https://www.contraloria.cl/pdfbuscador/auditoria/396ce5deddef87d356278b5565ceeaa6/html,13,LA PINTANA,https://www.contraloria.cl/SicaProd/SICAv3-BIFAPortalCGR/faces/newDetalleInforme?docIdcm=396ce5deddef87d356278b5565ceeaa6,C,Informe de Inspección de Obra Pública,28687,https://www.contraloria.cl/SicaProd/SICAv3-BIFAPortalCGR/servletfichainformegoogle?docIdcm=396ce5deddef87d356278b5565ceeaa6&pdf=1
57178,13112,2019-09-16 00:00:00.0,MUNICIPALIDAD DE LA PINTANA,2019,480,"INFORME FINAL N° 480 DE 2019 MUNICIPALIDAD DE LA PINTANA SOBRE AUDITORÍA AL ESTADO DE LA INFRAESTRUCTURA DE LOS ESTABLECIMIENTOS DE ATENCIÓN PRIMARIA DE SALUD, DEPENDIENTE DE LA MUNICIPALIDAD DE LA PINTANA - SEPTIEMBRE 2019",https://www.contraloria.cl/pdfbuscador/auditoria/9266abc9bbbb597a82f368d39b059b99/html,13,LA PINTANA,https://www.contraloria.cl/SicaProd/SICAv3-BIFAPortalCGR/faces/newDetalleInforme?docIdcm=9266abc9bbbb597a82f368d39b059b99,C,Informe Final de Auditoría,29930,https://www.contraloria.cl/SicaProd/SICAv3-BIFAPortalCGR/servletfichainformegoogle?docIdcm=9266abc9bbbb597a82f368d39b059b99&pdf=1