IDACTIVIDAD,CODIGOSUBDERE,FECHAINFORME,NOMBRESERVICIO,ANOINFORME,NUMEROINFORME,MATERIAINFORME,FICHAINFORMEBIFA,C_REG_SUBDERE,NOMBRESUBDERE,FICHAINFORME,TIPOSUBDERE,TIPOINFORME,IDINFORME,PDFINFORME
28480,13113,2015-07-14 00:00:00.0,MUNICIPALIDAD DE LA REINA,2015,287,INFORME FINAL 287-15 MUNICIPALIDAD DE LA REINA - SOBRE AUDITORIA AL USO Y ADQUISICION DE VEHICULOS MUNICIPALES Y GASTO EN COMBUSTIBLE - JULIO 2015,https://www.contraloria.cl/pdfbuscador/auditoria/2c7453426e640cce9b8706e41d1f8040/html,13,LA REINA,https://www.contraloria.cl/SicaProd/SICAv3-BIFAPortalCGR/faces/newDetalleInforme?docIdcm=2c7453426e640cce9b8706e41d1f8040,C,Informe Final de Auditoría,14308,https://www.contraloria.cl/SicaProd/SICAv3-BIFAPortalCGR/servletfichainformegoogle?docIdcm=2c7453426e640cce9b8706e41d1f8040&pdf=1
36280,13113,2016-06-20 00:00:00.0,MUNICIPALIDAD DE LA REINA,2016,174,INFORME INSPECCION DE OBRA PUBLICA 174-16 MUNICIPALIDAD DE LA REINA CONTRATO REPOSICION DE ACERAS Y MEJORAMIENTO DEL ESPACIO PUBLICO_JUNIO 2016,https://www.contraloria.cl/pdfbuscador/auditoria/4eac7ff7ab7ba9b2b69b883e7b3ddf16/html,13,LA REINA,https://www.contraloria.cl/SicaProd/SICAv3-BIFAPortalCGR/faces/newDetalleInforme?docIdcm=4eac7ff7ab7ba9b2b69b883e7b3ddf16,C,Informe de Inspección de Obra Pública,18340,https://www.contraloria.cl/SicaProd/SICAv3-BIFAPortalCGR/servletfichainformegoogle?docIdcm=4eac7ff7ab7ba9b2b69b883e7b3ddf16&pdf=1
34405,13113,2016-12-29 00:00:00.0,MUNICIPALIDAD DE LA REINA,2016,642,INFORME FINAL 642-16 MUNICIPALIDAD DE LA REINA - SOBRE AUDITORIA A LAS TRANSFERENCIAS RECIBIDAS DESDE LA SUBSECRETARÍA DE PREVENCIÓN DEL DELITO Y CUMPLIMIENTO DE LA LEY N°20730 - NOVIEMBRE 2016,https://www.contraloria.cl/pdfbuscador/auditoria/976a64fcbbe456bf23130ee8d868746c/html,13,LA REINA,https://www.contraloria.cl/SicaProd/SICAv3-BIFAPortalCGR/faces/newDetalleInforme?docIdcm=976a64fcbbe456bf23130ee8d868746c,C,Informe Final de Auditoría,19669,https://www.contraloria.cl/SicaProd/SICAv3-BIFAPortalCGR/servletfichainformegoogle?docIdcm=976a64fcbbe456bf23130ee8d868746c&pdf=1
41717,13113,2017-08-28 00:00:00.0,MUNICIPALIDAD DE LA REINA,2017,267,"INFORME FINAL N° 267-17 - MUNICIPALIDAD DE LA REINA - SOBRE AUDITORIA A LAS CONTRATACIONES A HONORARIOS, TRABAJOS EXTRAORDINARIOS, GASTOS EN CAPACITACION Y VIATICOS - AGOSTO 2017",https://www.contraloria.cl/pdfbuscador/auditoria/f096b16f8c20db7ae1b0004b696e4995/html,13,LA REINA,https://www.contraloria.cl/SicaProd/SICAv3-BIFAPortalCGR/faces/newDetalleInforme?docIdcm=f096b16f8c20db7ae1b0004b696e4995,C,Informe Final de Auditoría,21651,https://www.contraloria.cl/SicaProd/SICAv3-BIFAPortalCGR/servletfichainformegoogle?docIdcm=f096b16f8c20db7ae1b0004b696e4995&pdf=1
50671,13113,2018-11-14 00:00:00.0,MUNICIPALIDAD DE LA REINA,2018,436,INFORME FINAL 436-2018 MUNICIPALIDAD DE LA REINA SOBRE AUDITORÍA AL PROCESO DE OTORGAMIENTO DE PERMISOS DE EDIFICACIÓN -NOVIEMBRE 2018,https://www.contraloria.cl/pdfbuscador/auditoria/593bf8aeb4dad6ad6d6c19b9a035bcdf/html,13,LA REINA,https://www.contraloria.cl/SicaProd/SICAv3-BIFAPortalCGR/faces/newDetalleInforme?docIdcm=593bf8aeb4dad6ad6d6c19b9a035bcdf,C,Informe Final de Auditoría,26610,https://www.contraloria.cl/SicaProd/SICAv3-BIFAPortalCGR/servletfichainformegoogle?docIdcm=593bf8aeb4dad6ad6d6c19b9a035bcdf&pdf=1