IDACTIVIDAD,CODIGOSUBDERE,FECHAINFORME,NOMBRESERVICIO,ANOINFORME,NUMEROINFORME,MATERIAINFORME,FICHAINFORMEBIFA,C_REG_SUBDERE,NOMBRESUBDERE,FICHAINFORME,TIPOSUBDERE,TIPOINFORME,IDINFORME,PDFINFORME
30571,04101,2015-07-27 00:00:00.0,MUNICIPALIDAD DE LA SERENA,2015,565,INFORME DE INVESTIGACIÓN ESPECIAL 565-15 MUNICIPALIDAD DE LA SERENA SOBRE IRREGULARIDADES DE MULTAS CURSADAS - JULIO 2015,https://www.contraloria.cl/pdfbuscador/auditoria/71d950ac9c9c08843dfcea4bd8014d63/html,04,LA SERENA,https://www.contraloria.cl/SicaProd/SICAv3-BIFAPortalCGR/faces/newDetalleInforme?docIdcm=71d950ac9c9c08843dfcea4bd8014d63,C,Informe de Investigación Especial,14394,https://www.contraloria.cl/SicaProd/SICAv3-BIFAPortalCGR/servletfichainformegoogle?docIdcm=71d950ac9c9c08843dfcea4bd8014d63&pdf=1
28674,04101,2015-08-27 00:00:00.0,MUNICIPALIDAD DE LA SERENA,2015,673,INFORME FINAL 673-15 MUNICIPALIDAD DE LA SERENA - SOBRE AUDITORÍA A LAS CONTRATACIONES DE HONORARIOS EN PROGRAMAS COMUNITARIOS - AGOSTO 2015,https://www.contraloria.cl/pdfbuscador/auditoria/1500ccda3f95bd8e0a357207603ccc6e/html,04,LA SERENA,https://www.contraloria.cl/SicaProd/SICAv3-BIFAPortalCGR/faces/newDetalleInforme?docIdcm=1500ccda3f95bd8e0a357207603ccc6e,C,Informe Final de Auditoría,14845,https://www.contraloria.cl/SicaProd/SICAv3-BIFAPortalCGR/servletfichainformegoogle?docIdcm=1500ccda3f95bd8e0a357207603ccc6e&pdf=1
28802,04101,2015-08-21 00:00:00.0,MUNICIPALIDAD DE LA SERENA,2015,729,INFORME FINAL 729-15 MUNICIPALIDAD DE LA SERENA SOBRE AUDITORÍA AL MACROPROCESO DE INGRESOS PROPIOS - AGOSTO 2015,https://www.contraloria.cl/pdfbuscador/auditoria/2ee59914a18e108b13978476c1d67c7d/html,04,LA SERENA,https://www.contraloria.cl/SicaProd/SICAv3-BIFAPortalCGR/faces/newDetalleInforme?docIdcm=2ee59914a18e108b13978476c1d67c7d,C,Informe Final de Auditoría,14734,https://www.contraloria.cl/SicaProd/SICAv3-BIFAPortalCGR/servletfichainformegoogle?docIdcm=2ee59914a18e108b13978476c1d67c7d&pdf=1
33051,04101,2015-12-31 00:00:00.0,MUNICIPALIDAD DE LA SERENA,2015,1322,INFORME FINAL 1322-15 MUNICIPALIDAD DE LA SERENA SOBRE PAGO DE DIETAS Y FONDOS ENTREGADOS PARA ALOJAMIENTO Y ALIMENTACIÓN CONCEJALES - DICIEMBRE 2015,https://www.contraloria.cl/pdfbuscador/auditoria/75463cd185885e9a5e5e3a9e1ae96f39/html,04,LA SERENA,https://www.contraloria.cl/SicaProd/SICAv3-BIFAPortalCGR/faces/newDetalleInforme?docIdcm=75463cd185885e9a5e5e3a9e1ae96f39,C,Informe Final de Auditoría,16823,https://www.contraloria.cl/SicaProd/SICAv3-BIFAPortalCGR/servletfichainformegoogle?docIdcm=75463cd185885e9a5e5e3a9e1ae96f39&pdf=1
36593,04101,2016-06-24 00:00:00.0,MUNICIPALIDAD DE LA SERENA,2016,429,INFORME DE INVESTIGACIÓN ESPECIAL N° 429-16 MUNICIPALIDAD DE LA SERENA SOBRE EVENTUALES IRREGULARIDADES EN LA RECUPERACIÓN  SUBSIDIO POR INCAPACIDAD LABORAL-JUNIO 2016,https://www.contraloria.cl/pdfbuscador/auditoria/f115f4d0f1fcaca3e6096a50d2d1900d/html,04,LA SERENA,https://www.contraloria.cl/SicaProd/SICAv3-BIFAPortalCGR/faces/newDetalleInforme?docIdcm=f115f4d0f1fcaca3e6096a50d2d1900d,C,Informe de Investigación Especial,18311,https://www.contraloria.cl/SicaProd/SICAv3-BIFAPortalCGR/servletfichainformegoogle?docIdcm=f115f4d0f1fcaca3e6096a50d2d1900d&pdf=1
37180,04101,2016-09-16 00:00:00.0,MUNICIPALIDAD DE LA SERENA,2016,687,INFORME DE INVESTIGACIÓN ESPECIAL N° 687-16 MUNICIPALIDAD DE LA SERENA POR EVENTUAL SOBREPRECIO EN OBRAS MENORES -SEPTIEMBRE 2016,https://www.contraloria.cl/pdfbuscador/auditoria/38468b6799f800f1915992dd2276ae39/html,04,LA SERENA,https://www.contraloria.cl/SicaProd/SICAv3-BIFAPortalCGR/faces/newDetalleInforme?docIdcm=38468b6799f800f1915992dd2276ae39,C,Informe de Investigación Especial,18983,https://www.contraloria.cl/SicaProd/SICAv3-BIFAPortalCGR/servletfichainformegoogle?docIdcm=38468b6799f800f1915992dd2276ae39&pdf=1
34554,04101,2016-09-30 00:00:00.0,MUNICIPALIDAD DE LA SERENA,2016,775,INFORME FINAL N° 775-16 MUNICIPALIDAD DE LA SERENA - AUDITORÍA AL GASTO EN PERIODO ELECTORAL - USO DE BIENES - VEHÍCULOS - RRHH - RECURSOS FÍSICOS Y FINANCIEROS - SEPTIEMBRE 2016,https://www.contraloria.cl/pdfbuscador/auditoria/097178d6c2a7f809a75a27f571972507/html,04,LA SERENA,https://www.contraloria.cl/SicaProd/SICAv3-BIFAPortalCGR/faces/newDetalleInforme?docIdcm=097178d6c2a7f809a75a27f571972507,C,Informe Final de Auditoría,19013,https://www.contraloria.cl/SicaProd/SICAv3-BIFAPortalCGR/servletfichainformegoogle?docIdcm=097178d6c2a7f809a75a27f571972507&pdf=1
36808,04101,2017-02-24 00:00:00.0,MUNICIPALIDAD DE LA SERENA,2016,901,INFORME DE INVESTIGACIÓN ESPECIAL N° 901-16 MUNICIPALIDAD DE LA SERENA Y SUPEREDUC SOBRE EVENTUALES IRREGULARIDADES EN EL COLEGIO SAN MARTIN DE PORRES-MARZO 2017,https://www.contraloria.cl/pdfbuscador/auditoria/cc7784e87bdffc2c361b7080fdcef2dd/html,04,LA SERENA,https://www.contraloria.cl/SicaProd/SICAv3-BIFAPortalCGR/faces/newDetalleInforme?docIdcm=cc7784e87bdffc2c361b7080fdcef2dd,C,Informe de Investigación Especial,20567,https://www.contraloria.cl/SicaProd/SICAv3-BIFAPortalCGR/servletfichainformegoogle?docIdcm=cc7784e87bdffc2c361b7080fdcef2dd&pdf=1
38638,04101,2017-06-30 00:00:00.0,MUNICIPALIDAD DE LA SERENA,2017,235,"INVESTIGACIÓN ESPECIAL N° 235, 2017, SOBRE PRESUNTAS IRREGULARIDADES EN  OTORGAMIENTO  PERMISO DE EDIFICACIÓN  CENTRO COMERCIAL PASEO BALMACEDA OTORGADO POR LA MUNICIPALIDAD DE LA SERENA-JULIO 2017",https://www.contraloria.cl/pdfbuscador/auditoria/4740ffd8a02105ad0b4273ced0864aec/html,04,LA SERENA,https://www.contraloria.cl/SicaProd/SICAv3-BIFAPortalCGR/faces/newDetalleInforme?docIdcm=4740ffd8a02105ad0b4273ced0864aec,C,Informe de Investigación Especial,21295,https://www.contraloria.cl/SicaProd/SICAv3-BIFAPortalCGR/servletfichainformegoogle?docIdcm=4740ffd8a02105ad0b4273ced0864aec&pdf=1
43273,04101,2017-07-25 00:00:00.0,MUNICIPALIDAD DE LA SERENA,2017,273,INFORME DE INVESTIGACIÓN ESPECIAL N° 273-17 RELATIVO A PRESUNTAS IRREGULARIDADES EN INVITACIONES AL PRESIDENTE DEL PARTIDO RADICAL A ACTOS DE LA MUNICIPALIDAD DE LA SERENA-JULIO 2017,https://www.contraloria.cl/pdfbuscador/auditoria/31a347b107e7d51a8b34efd322d2606a/html,04,LA SERENA,https://www.contraloria.cl/SicaProd/SICAv3-BIFAPortalCGR/faces/newDetalleInforme?docIdcm=31a347b107e7d51a8b34efd322d2606a,C,Informe de Investigación Especial,21527,https://www.contraloria.cl/SicaProd/SICAv3-BIFAPortalCGR/servletfichainformegoogle?docIdcm=31a347b107e7d51a8b34efd322d2606a&pdf=1
43423,04101,2017-11-14 00:00:00.0,MUNICIPALIDAD DE LA SERENA,2017,469,INFORME DE INVESTIGACIÓN ESPECIAL N° 469-17 SOBRE PRESUNTAS IRREGULARIDADES ACONTECIDAS EN EL CONTRATO REPOSICIÓN PARCIAL EDIFICIO DEL CUERPO DE BOMBEROS DE LA SERENA-NOVIEMBRE 2017,https://www.contraloria.cl/pdfbuscador/auditoria/918d09f35f9f23f537c26352a1349049/html,04,LA SERENA,https://www.contraloria.cl/SicaProd/SICAv3-BIFAPortalCGR/faces/newDetalleInforme?docIdcm=918d09f35f9f23f537c26352a1349049,C,Informe de Investigación Especial,22232,https://www.contraloria.cl/SicaProd/SICAv3-BIFAPortalCGR/servletfichainformegoogle?docIdcm=918d09f35f9f23f537c26352a1349049&pdf=1
41256,04101,2017-09-29 00:00:00.0,MUNICIPALIDAD DE LA SERENA,2017,676,INFORME FINAL N° 676-17 SOBRE AUDITORÍA AL MACROPROCESO DE TECNOLOGÍAS DE LA INFORMACIÓN Y COMUNICACIÓN EN LA MUNICIPALIDAD DE LA SERENA-OCTUBRE 2017,https://www.contraloria.cl/pdfbuscador/auditoria/e5d4381aa9a9b6e5f4d51293e1c30ade/html,04,LA SERENA,https://www.contraloria.cl/SicaProd/SICAv3-BIFAPortalCGR/faces/newDetalleInforme?docIdcm=e5d4381aa9a9b6e5f4d51293e1c30ade,C,Informe Final de Auditoría,21802,https://www.contraloria.cl/SicaProd/SICAv3-BIFAPortalCGR/servletfichainformegoogle?docIdcm=e5d4381aa9a9b6e5f4d51293e1c30ade&pdf=1
41418,04101,2017-12-29 00:00:00.0,MUNICIPALIDAD DE LA SERENA,2017,1045,INFORME FINAL N° 1.045-17 SOBRE AUDITORÍA A CONTRATOS DE OBRA EN LA MUNICIPALIDAD DE LA SERENA-DICIEMBRE 2017,https://www.contraloria.cl/pdfbuscador/auditoria/3191024f306716432ef306104805f825/html,04,LA SERENA,https://www.contraloria.cl/SicaProd/SICAv3-BIFAPortalCGR/faces/newDetalleInforme?docIdcm=3191024f306716432ef306104805f825,C,Informe Final de Auditoría,22690,https://www.contraloria.cl/SicaProd/SICAv3-BIFAPortalCGR/servletfichainformegoogle?docIdcm=3191024f306716432ef306104805f825&pdf=1
41344,04101,2017-12-29 00:00:00.0,CORPORACION MUNICIPAL DE LA SERENA,2017,1066,"INFORME FINAL N° 1066-17 SOBRE AUDITORÍA A LOS RECURSOS DE LA LEY N° 20.248, SEP, EN LA CORPORACIÓN MUNICIPAL GABRIEL GONZÁLEZ VIDELA DE LA SERENA-DICIEMBRE 2017",https://www.contraloria.cl/pdfbuscador/auditoria/e047457b0e7aa99ad1552dca9080e2be/html,04,LA SERENA,https://www.contraloria.cl/SicaProd/SICAv3-BIFAPortalCGR/faces/newDetalleInforme?docIdcm=e047457b0e7aa99ad1552dca9080e2be,C,Informe Final de Auditoría,22695,https://www.contraloria.cl/SicaProd/SICAv3-BIFAPortalCGR/servletfichainformegoogle?docIdcm=e047457b0e7aa99ad1552dca9080e2be&pdf=1
48010,04101,2018-04-09 00:00:00.0,MUNICIPALIDAD DE LA SERENA,2018,31,INFORME FINAL DE INVESTIGACIÓN ESPECIAL N° 31-18 SOBRE EVENTUALES INCUMPLIMIENTOS A LAS DISPOSICIONES PREVISTAS EN EL ART. 149 DE LA LEY DE TRÁNSITO POR PARTE DE LA MUNICIPALIDAD DE LA SERENA-MARZO 2018,https://www.contraloria.cl/pdfbuscador/auditoria/d2d4a43555840a6c3491a294ad65b657/html,04,LA SERENA,https://www.contraloria.cl/SicaProd/SICAv3-BIFAPortalCGR/faces/newDetalleInforme?docIdcm=d2d4a43555840a6c3491a294ad65b657,C,Informe de Investigación Especial,23612,https://www.contraloria.cl/SicaProd/SICAv3-BIFAPortalCGR/servletfichainformegoogle?docIdcm=d2d4a43555840a6c3491a294ad65b657&pdf=1
49442,04101,2018-08-03 00:00:00.0,MUNICIPALIDAD DE LA SERENA,2018,268,INFORME FINAL N° 268-18 SOBRE AUDITORÍA AL MACROPROCESO DE CONCESIÓN DEL SERVICIO DE ASEO DOMICILIARIO EN LA MUNICIPALIDAD DE LA SERENA,https://www.contraloria.cl/pdfbuscador/auditoria/c90baa514276f1667a9e5bc719a7942e/html,04,LA SERENA,https://www.contraloria.cl/SicaProd/SICAv3-BIFAPortalCGR/faces/newDetalleInforme?docIdcm=c90baa514276f1667a9e5bc719a7942e,C,Informe Final de Auditoría,25094,https://www.contraloria.cl/SicaProd/SICAv3-BIFAPortalCGR/servletfichainformegoogle?docIdcm=c90baa514276f1667a9e5bc719a7942e&pdf=1
52310,04101,2018-12-28 00:00:00.0,MUNICIPALIDAD DE LA SERENA,2018,752,INFORME FINAL N° 752-18 SOBRE INSPECCIÓN A LA OBRA PÚBLICA CONSTRUCCIÓN GIMNASIO POLIDEPORTIVO LAS COMPAÑÍAS - DICIEMBRE 2018.,https://www.contraloria.cl/pdfbuscador/auditoria/03af02ab524bff7c67204e48cdad79e1/html,04,LA SERENA,https://www.contraloria.cl/SicaProd/SICAv3-BIFAPortalCGR/faces/newDetalleInforme?docIdcm=03af02ab524bff7c67204e48cdad79e1,C,Informe de Inspección de Obra Pública,27372,https://www.contraloria.cl/SicaProd/SICAv3-BIFAPortalCGR/servletfichainformegoogle?docIdcm=03af02ab524bff7c67204e48cdad79e1&pdf=1
58139,04101,2019-12-16 00:00:00.0,MUNICIPALIDAD DE LA SERENA,2019,859,"INFORME FINAL N° 859-19 MUNICIPALIDAD DE LA SERENA, AUDITORÍA A LOS INGRESOS POR PERMISOS DE CIRCULACIÓN PERIODO 2017-2018 - DIC 2019",https://www.contraloria.cl/pdfbuscador/auditoria/23cf0d1412d7e3be4860f0b3d6ec7c4a/html,04,LA SERENA,https://www.contraloria.cl/SicaProd/SICAv3-BIFAPortalCGR/faces/newDetalleInforme?docIdcm=23cf0d1412d7e3be4860f0b3d6ec7c4a,C,Informe Final de Auditoría,30619,https://www.contraloria.cl/SicaProd/SICAv3-BIFAPortalCGR/servletfichainformegoogle?docIdcm=23cf0d1412d7e3be4860f0b3d6ec7c4a&pdf=1
58503,04101,2020-08-14 00:00:00.0,MUNICIPALIDAD DE LA SERENA,2019,1073,INFORME FINAL N° 1.073_19 MUNICIPALIDAD DE LA SERENA AUDITORÍA A CONTRATOS DE OBRA.AGO.2020,https://www.contraloria.cl/pdfbuscador/auditoria/38790879be868fedd59adf2eab3683e4/html,04,LA SERENA,https://www.contraloria.cl/SicaProd/SICAv3-BIFAPortalCGR/faces/newDetalleInforme?docIdcm=38790879be868fedd59adf2eab3683e4,C,Informe Final de Auditoría,33347,https://www.contraloria.cl/SicaProd/SICAv3-BIFAPortalCGR/servletfichainformegoogle?docIdcm=38790879be868fedd59adf2eab3683e4&pdf=1