IDACTIVIDAD,CODIGOSUBDERE,FECHAINFORME,NOMBRESERVICIO,ANOINFORME,NUMEROINFORME,MATERIAINFORME,FICHAINFORMEBIFA,C_REG_SUBDERE,NOMBRESUBDERE,FICHAINFORME,TIPOSUBDERE,TIPOINFORME,IDINFORME,PDFINFORME
30538,14201,2015-08-20 00:00:00.0,MUNICIPALIDAD DE LA UNION,2015,398,"INFORME FINAL 398-15 MUNICIPALIDAD DE LA UNIÓN, INSPECCIÓN TÉCNICA DE OBRAS CONSTRUCCIÓN PLAN DE CIERRE VERTEDERO MUNICIPAL DE LA UNIÓN-AGOSTO 2015",https://www.contraloria.cl/pdfbuscador/auditoria/0629becb7e40526a4746744f45479b02/html,14,LA UNION,https://www.contraloria.cl/SicaProd/SICAv3-BIFAPortalCGR/faces/newDetalleInforme?docIdcm=0629becb7e40526a4746744f45479b02,C,Informe de Inspección de Obra Pública,14580,https://www.contraloria.cl/SicaProd/SICAv3-BIFAPortalCGR/servletfichainformegoogle?docIdcm=0629becb7e40526a4746744f45479b02&pdf=1
35161,14201,2016-07-12 00:00:00.0,DEPARTAMENTO DE EDUCACION DE LA UNION,2016,237,"INFORME DE INVESTIGACIÓN ESPECIAL 237-16 MUNICIPALIDAD DE LA UNIÓN, EVENTUALES DESPIDOS DE FUNCIONARIOS AUXILIARES DE PÁRVULO  - MAYO 2016",https://www.contraloria.cl/pdfbuscador/auditoria/8e43adde7b627d63ba5b074f93d6c8a0/html,14,LA UNION,https://www.contraloria.cl/SicaProd/SICAv3-BIFAPortalCGR/faces/newDetalleInforme?docIdcm=8e43adde7b627d63ba5b074f93d6c8a0,C,Informe de Investigación Especial,18385,https://www.contraloria.cl/SicaProd/SICAv3-BIFAPortalCGR/servletfichainformegoogle?docIdcm=8e43adde7b627d63ba5b074f93d6c8a0&pdf=1
38364,14201,2016-11-07 00:00:00.0,MUNICIPALIDAD DE LA UNION,2016,779,"INFORME INVESTIGACIÓN ESPECIAL 779-16 MUNICIPALIDAD DE LA UNIÓN, COMETIDOS REALIZADOS DENTRO DEL TERRITORIO NACIONAL POR CONCEJALES - NOVIEMBRE 2016",https://www.contraloria.cl/pdfbuscador/auditoria/5cdd3368ba7d4d005be4c560a9b81cfd/html,14,LA UNION,https://www.contraloria.cl/SicaProd/SICAv3-BIFAPortalCGR/faces/newDetalleInforme?docIdcm=5cdd3368ba7d4d005be4c560a9b81cfd,C,Informe de Investigación Especial,19346,https://www.contraloria.cl/SicaProd/SICAv3-BIFAPortalCGR/servletfichainformegoogle?docIdcm=5cdd3368ba7d4d005be4c560a9b81cfd&pdf=1
44989,14201,2017-10-17 00:00:00.0,MUNICIPALIDAD DE LA UNION,2017,752,"INFORME FINAL DE INVESTIGACION ESPECIAL 752 - 2017 MUNICIPALIDAD DE LA UNIÓN, SOBRE EVENTUALES IRREGULARIDADES EN LA MUNICIPALIDAD DE LA UNIÓN - OCTUBRE 2017",https://www.contraloria.cl/pdfbuscador/auditoria/c9fc539437db25099fb7723cb6222c82/html,14,LA UNION,https://www.contraloria.cl/SicaProd/SICAv3-BIFAPortalCGR/faces/newDetalleInforme?docIdcm=c9fc539437db25099fb7723cb6222c82,C,Informe de Investigación Especial,21943,https://www.contraloria.cl/SicaProd/SICAv3-BIFAPortalCGR/servletfichainformegoogle?docIdcm=c9fc539437db25099fb7723cb6222c82&pdf=1
42360,14201,2017-12-19 00:00:00.0,DEPARTAMENTO DE EDUCACION DE LA UNION,2017,1020,"INFORME FINAL 1.020 - 2017 DEPARTAMENTO DE EDUCACIÓN DE LA UNIÓN, AUDITORÍA A LOS RECURSOS DE LA LEY N°20.248, SUBVENCIÓN ESCOLAR PREFERENCIAL DEL AÑO 2016 - DICIEMBRE 2017",https://www.contraloria.cl/pdfbuscador/auditoria/9e5589adf57436e5a7b8af3e17fb52a5/html,14,LA UNION,https://www.contraloria.cl/SicaProd/SICAv3-BIFAPortalCGR/faces/newDetalleInforme?docIdcm=9e5589adf57436e5a7b8af3e17fb52a5,C,Informe Final de Auditoría,22502,https://www.contraloria.cl/SicaProd/SICAv3-BIFAPortalCGR/servletfichainformegoogle?docIdcm=9e5589adf57436e5a7b8af3e17fb52a5&pdf=1
47643,14201,2017-12-29 00:00:00.0,MUNICIPALIDAD DE LA UNION,2017,1108,"INFORME FINAL 1108-17 MUNICIPALIDAD DE LA UNIÓN, CONSTRUCCIÓN INFRAESTRUCTURA SANITARIA DE PUERTO NUEVO - DICIEMBRE 2017",https://www.contraloria.cl/pdfbuscador/auditoria/ac336cb2bd7778325066731e2510153b/html,14,LA UNION,https://www.contraloria.cl/SicaProd/SICAv3-BIFAPortalCGR/faces/newDetalleInforme?docIdcm=ac336cb2bd7778325066731e2510153b,C,Informe de Inspección de Obra Pública,23046,https://www.contraloria.cl/SicaProd/SICAv3-BIFAPortalCGR/servletfichainformegoogle?docIdcm=ac336cb2bd7778325066731e2510153b&pdf=1
52615,14201,2019-01-28 00:00:00.0,MUNICIPALIDAD DE LA UNION,2018,952,"INFORME FINAL 952-18, MUNICIPALIDAD DE LA UNIÓN, SOBRE AUDITORÍA A LOS FONDOS PARA INVERSIÓN  EN PROYECTOS DE INFRAESTRUCTURA, DICIEMBRE-2018 DE LA UNIÓN, SOBRE AUDITORÍA A LOS FONDOS PARA INVERSIÓN  EN PROYECTOS DE INFRAESTRUCTURA, DICIEMBRE-2018",https://www.contraloria.cl/pdfbuscador/auditoria/87b4e85ae2957809cc3a0f17b68f37de/html,14,LA UNION,https://www.contraloria.cl/SicaProd/SICAv3-BIFAPortalCGR/faces/newDetalleInforme?docIdcm=87b4e85ae2957809cc3a0f17b68f37de,C,Informe Final de Auditoría,27255,https://www.contraloria.cl/SicaProd/SICAv3-BIFAPortalCGR/servletfichainformegoogle?docIdcm=87b4e85ae2957809cc3a0f17b68f37de&pdf=1
53989,14201,2019-02-04 00:00:00.0,MUNICIPALIDAD DE LA UNION,2018,1102,"INFORME FINAL N° 1.102-18, MUNICIPALIDAD DE LA UNIÓN. SOBRE INSPECCIÓN A LAS OBRAS DEL CONTRATO, MEJORAMIENTO GESTIÓN DE TRÁNSITO LA UNIÓN, ENERO-2019",https://www.contraloria.cl/pdfbuscador/auditoria/f73ba63227c416fe0a3ac8709a3d9cad/html,14,LA UNION,https://www.contraloria.cl/SicaProd/SICAv3-BIFAPortalCGR/faces/newDetalleInforme?docIdcm=f73ba63227c416fe0a3ac8709a3d9cad,C,Informe de Inspección de Obra Pública,27591,https://www.contraloria.cl/SicaProd/SICAv3-BIFAPortalCGR/servletfichainformegoogle?docIdcm=f73ba63227c416fe0a3ac8709a3d9cad&pdf=1