IDACTIVIDAD,CODIGOSUBDERE,FECHAINFORME,NOMBRESERVICIO,ANOINFORME,NUMEROINFORME,MATERIAINFORME,FICHAINFORMEBIFA,C_REG_SUBDERE,NOMBRESUBDERE,FICHAINFORME,TIPOSUBDERE,TIPOINFORME,IDINFORME,PDFINFORME
32699,14203,2015-12-07 00:00:00.0,MUNICIPALIDAD DE LAGO RANCO,2015,1146,"INVESTIGACIÓN ESPECIAL N° 1.146-2015, MUNICIPALIDAD DE LAGO RANCO, IRREGULARIDADES EN COMISIONES  REALIZADAS POR FUNCIONARIOS Y AUTORIDADES. NOVIEMBRE-2015.",https://www.contraloria.cl/pdfbuscador/auditoria/0b80f42c321f0b7e0ff52cd23c862f40/html,14,LAGO RANCO,https://www.contraloria.cl/SicaProd/SICAv3-BIFAPortalCGR/faces/newDetalleInforme?docIdcm=0b80f42c321f0b7e0ff52cd23c862f40,C,Informe de Investigación Especial,16656,https://www.contraloria.cl/SicaProd/SICAv3-BIFAPortalCGR/servletfichainformegoogle?docIdcm=0b80f42c321f0b7e0ff52cd23c862f40&pdf=1
32948,14203,2016-01-19 00:00:00.0,MUNICIPALIDAD DE LAGO RANCO,2015,1151,"INVESTIGACIÓN ESPECIAL 1151-15 MUNICIPALIDAD DE LAGO RANCO, EVENTUALES IRREGULARIDADES EN LA EJECUCIÓN EN LA COSTANERA EN LA COMUNA DE LAGO RANCO - ENERO 2016",https://www.contraloria.cl/pdfbuscador/auditoria/e511f2b28b1e58079a28791ceeed5573/html,14,LAGO RANCO,https://www.contraloria.cl/SicaProd/SICAv3-BIFAPortalCGR/faces/newDetalleInforme?docIdcm=e511f2b28b1e58079a28791ceeed5573,C,Informe de Investigación Especial,17059,https://www.contraloria.cl/SicaProd/SICAv3-BIFAPortalCGR/servletfichainformegoogle?docIdcm=e511f2b28b1e58079a28791ceeed5573&pdf=1
33914,14203,2016-06-08 00:00:00.0,MUNICIPALIDAD DE LAGO RANCO,2016,236,"INFORME DE INVESTIGACIÓN ESPECIAL 236-16 MUNICIPALIDAD DE LAGO RANCO, PRESUNTAS IRREGULARIDADES EN LA ENTREGA DE MATERIALES OFICINA DE EMERGENCIA - JUNIO 2016.",https://www.contraloria.cl/pdfbuscador/auditoria/9fb365da3deb71a0690fb6a7e472e5b8/html,14,LAGO RANCO,https://www.contraloria.cl/SicaProd/SICAv3-BIFAPortalCGR/faces/newDetalleInforme?docIdcm=9fb365da3deb71a0690fb6a7e472e5b8,C,Informe de Investigación Especial,18156,https://www.contraloria.cl/SicaProd/SICAv3-BIFAPortalCGR/servletfichainformegoogle?docIdcm=9fb365da3deb71a0690fb6a7e472e5b8&pdf=1
38773,14203,2017-04-27 00:00:00.0,MUNICIPALIDAD DE LAGO RANCO,2016,1170,"INFORME DE INVESTIGACIÓN ESPECIAL 1.170-17 MUNICIPALIDAD DE LAGO RANCO, SOBRE DIVERSAS IRREGULARIDADES - ABRIL 2017",https://www.contraloria.cl/pdfbuscador/auditoria/2b772bbf0c2ef9a76e71584918971aae/html,14,LAGO RANCO,https://www.contraloria.cl/SicaProd/SICAv3-BIFAPortalCGR/faces/newDetalleInforme?docIdcm=2b772bbf0c2ef9a76e71584918971aae,C,Informe de Investigación Especial,20953,https://www.contraloria.cl/SicaProd/SICAv3-BIFAPortalCGR/servletfichainformegoogle?docIdcm=2b772bbf0c2ef9a76e71584918971aae&pdf=1
40131,14203,2017-06-16 00:00:00.0,MUNICIPALIDAD DE LAGO RANCO,2017,62,"IINFORME DE INVESTIGACIÓN ESPECIAL  62 - 2017 MUNICIPALIDAD DE LAGO RANCO, SOBRE EVENTUALES IRREGULARIDADES - JUNIO 2017",https://www.contraloria.cl/pdfbuscador/auditoria/696c134887e251ed24f588eb0a2fcedc/html,14,LAGO RANCO,https://www.contraloria.cl/SicaProd/SICAv3-BIFAPortalCGR/faces/newDetalleInforme?docIdcm=696c134887e251ed24f588eb0a2fcedc,C,Informe de Investigación Especial,21281,https://www.contraloria.cl/SicaProd/SICAv3-BIFAPortalCGR/servletfichainformegoogle?docIdcm=696c134887e251ed24f588eb0a2fcedc&pdf=1
42137,14203,2017-06-05 00:00:00.0,MUNICIPALIDAD DE LAGO RANCO,2017,280,"INFORME DE  INVESTIGACIÓN ESPECIAL 280-2017 MUNICIPALIDAD DE LAGO RANCO, SOBRE IRREGULARIDADES OCURRIDAS EN PROCESOS DE LICITACION Y CONTRATACION DE PERSONAL A HONORARIOS - JUNIO 2016",https://www.contraloria.cl/pdfbuscador/auditoria/d8b6cdb511327b533ee73580f1598ae1/html,14,LAGO RANCO,https://www.contraloria.cl/SicaProd/SICAv3-BIFAPortalCGR/faces/newDetalleInforme?docIdcm=d8b6cdb511327b533ee73580f1598ae1,C,Informe de Investigación Especial,21107,https://www.contraloria.cl/SicaProd/SICAv3-BIFAPortalCGR/servletfichainformegoogle?docIdcm=d8b6cdb511327b533ee73580f1598ae1&pdf=1
50683,14203,2018-08-10 00:00:00.0,MUNICIPALIDAD DE LAGO RANCO,2018,420,"INFORME DE INVESTIGACIÓN ESPECIAL 420-2018, MUNICIPALIDAD DE LAGO RANCO, SOBRE PRESUNTAS IRREGULARIDADES EN PROYECTO. AGOSTO-2018",https://www.contraloria.cl/pdfbuscador/auditoria/b8fe2a41ef1d97f6af7b61f5581ccaa0/html,14,LAGO RANCO,https://www.contraloria.cl/SicaProd/SICAv3-BIFAPortalCGR/faces/newDetalleInforme?docIdcm=b8fe2a41ef1d97f6af7b61f5581ccaa0,C,Informe de Investigación Especial,25181,https://www.contraloria.cl/SicaProd/SICAv3-BIFAPortalCGR/servletfichainformegoogle?docIdcm=b8fe2a41ef1d97f6af7b61f5581ccaa0&pdf=1
53990,14203,2019-02-11 00:00:00.0,MUNICIPALIDAD DE LAGO RANCO,2018,1103,"INFORME FINAL N° 1.103-18, MUNICIPALIDAD DE LAGO RANCO, SOBRE INSPECCIÓN A LA OBRA CONSTRUCCIÓN INFRAESTRUCTURA SANITARIA DE RIÑINAHUE, ENERO-2019",https://www.contraloria.cl/pdfbuscador/auditoria/2297d3518021bef421823f84113efd61/html,14,LAGO RANCO,https://www.contraloria.cl/SicaProd/SICAv3-BIFAPortalCGR/faces/newDetalleInforme?docIdcm=2297d3518021bef421823f84113efd61,C,Informe de Inspección de Obra Pública,27600,https://www.contraloria.cl/SicaProd/SICAv3-BIFAPortalCGR/servletfichainformegoogle?docIdcm=2297d3518021bef421823f84113efd61&pdf=1