IDACTIVIDAD,CODIGOSUBDERE,FECHAINFORME,NOMBRESERVICIO,ANOINFORME,NUMEROINFORME,MATERIAINFORME,FICHAINFORMEBIFA,C_REG_SUBDERE,NOMBRESUBDERE,FICHAINFORME,TIPOSUBDERE,TIPOINFORME,IDINFORME,PDFINFORME
31335,11102,2015-12-18 00:00:00.0,MUNICIPALIDAD DE LAGO VERDE,2015,839,INFORME FINAL DE INVESTIGACION ESPECIAL 839-15-MUNICIPALIDA DE LAGO VERDE-SOBRE EVENTUALES IRREGULARIDADES ADMINISTRATIVAS-NOVIEMBRE 2015,https://www.contraloria.cl/pdfbuscador/auditoria/acdc90cffcd5b1ed4cc0d8b7cf7431a6/html,11,LAGO VERDE,https://www.contraloria.cl/SicaProd/SICAv3-BIFAPortalCGR/faces/newDetalleInforme?docIdcm=acdc90cffcd5b1ed4cc0d8b7cf7431a6,C,Informe de Investigación Especial,16376,https://www.contraloria.cl/SicaProd/SICAv3-BIFAPortalCGR/servletfichainformegoogle?docIdcm=acdc90cffcd5b1ed4cc0d8b7cf7431a6&pdf=1
32656,11102,2015-12-30 00:00:00.0,MUNICIPALIDAD DE LAGO VERDE,2015,1295,"INFORME FINAL 1.295-15 MUNICIPALIDAD DE LAGO VERDE-SOBRE AUDITORÍA A RECURSOS HUMANOS, FONDOS, SUBSIDIOS, SUBVENCIONES, ADQUISIONES E INFRAESTRUCTURA-DICIEMBRE 2015",https://www.contraloria.cl/pdfbuscador/auditoria/afaab60631d159c3e0e46c988e1b630b/html,11,LAGO VERDE,https://www.contraloria.cl/SicaProd/SICAv3-BIFAPortalCGR/faces/newDetalleInforme?docIdcm=afaab60631d159c3e0e46c988e1b630b,C,Informe Final de Auditoría,16743,https://www.contraloria.cl/SicaProd/SICAv3-BIFAPortalCGR/servletfichainformegoogle?docIdcm=afaab60631d159c3e0e46c988e1b630b&pdf=1
35184,11102,2016-06-20 00:00:00.0,MUNICIPALIDAD DE LAGO VERDE,2016,314,INFORME DE INVESTIGACIÓN ESPECIAL 314-16 MUNICIPALIDAD DE LAGO VERDE-SOBRE EVENTUALES IRREGULARIDADES ADMINISTRATIVAS Y FALTAS A LA PROBIDAD-JUNIO 2016,https://www.contraloria.cl/pdfbuscador/auditoria/32688fa67ec51c20a7ede9511516a07d/html,11,LAGO VERDE,https://www.contraloria.cl/SicaProd/SICAv3-BIFAPortalCGR/faces/newDetalleInforme?docIdcm=32688fa67ec51c20a7ede9511516a07d,C,Informe de Investigación Especial,18250,https://www.contraloria.cl/SicaProd/SICAv3-BIFAPortalCGR/servletfichainformegoogle?docIdcm=32688fa67ec51c20a7ede9511516a07d&pdf=1
39367,11102,2017-06-16 00:00:00.0,MUNICIPALIDAD DE LAGO VERDE,2017,42,"INFORME FINAL DE INVESTIGACIÓN ESPECIAL N°42, DE 2017. SOBRE EVENTUALES IRREGULARIDADES EN LA MUNICIPALIDAD DE LAGO VERDE ",https://www.contraloria.cl/pdfbuscador/auditoria/a4a247c5c6885a985ae28a57ff33620b/html,11,LAGO VERDE,https://www.contraloria.cl/SicaProd/SICAv3-BIFAPortalCGR/faces/newDetalleInforme?docIdcm=a4a247c5c6885a985ae28a57ff33620b,C,Informe de Investigación Especial,21181,https://www.contraloria.cl/SicaProd/SICAv3-BIFAPortalCGR/servletfichainformegoogle?docIdcm=a4a247c5c6885a985ae28a57ff33620b&pdf=1
41450,11102,2017-05-12 00:00:00.0,MUNICIPALIDAD DE LAGO VERDE,2017,131,"INFORME FINAL N° 131, DE 2017, SOBRE AUDITORÍA AL PROCESO PRESUPUESTARIO Y DE CONTROL DE ACTIVOS, EN LA MUNICIPALIDAD DE LAGO VERDE.",https://www.contraloria.cl/pdfbuscador/auditoria/988331ab45c64b2058a53e5df59d24b8/html,11,LAGO VERDE,https://www.contraloria.cl/SicaProd/SICAv3-BIFAPortalCGR/faces/newDetalleInforme?docIdcm=988331ab45c64b2058a53e5df59d24b8,C,Informe Final de Auditoría,20962,https://www.contraloria.cl/SicaProd/SICAv3-BIFAPortalCGR/servletfichainformegoogle?docIdcm=988331ab45c64b2058a53e5df59d24b8&pdf=1
41444,11102,2017-12-01 00:00:00.0,DEPARTAMENTO DE EDUCACION DE LAGO VERDE,2017,941,"INFORME FINAL N° 941-2017 DEPARTAMENTO DE EDUCACIÓN DE LAGO VERDE SOBRE AUDITORÍA A LOS RECURSOS DE LA LEY N° 20.248, SUBVENCIÓN ESCOLAR PREFERENCIAL DICIEMBRE-2017",https://www.contraloria.cl/pdfbuscador/auditoria/018d0b476999464bf10e0fdff071a580/html,11,LAGO VERDE,https://www.contraloria.cl/SicaProd/SICAv3-BIFAPortalCGR/faces/newDetalleInforme?docIdcm=018d0b476999464bf10e0fdff071a580,C,Informe Final de Auditoría,22287,https://www.contraloria.cl/SicaProd/SICAv3-BIFAPortalCGR/servletfichainformegoogle?docIdcm=018d0b476999464bf10e0fdff071a580&pdf=1
49472,11102,2018-08-13 00:00:00.0,DEPARTAMENTO DE EDUCACION DE LAGO VERDE,2018,274,"INFORME FINAL N° 274, DE 2018, SOBRE AUDITORIA AL MACROPROCESO DE RECURSOS HUMANOS EN LA DIRECCIÓN DE ADMINISTRACIÓN DE EDUCACIÓN DE LA MUNICIPALIDAD DE LAGO VERDE",https://www.contraloria.cl/pdfbuscador/auditoria/217ace6d7ffbfbebf85b73260757f1ed/html,11,LAGO VERDE,https://www.contraloria.cl/SicaProd/SICAv3-BIFAPortalCGR/faces/newDetalleInforme?docIdcm=217ace6d7ffbfbebf85b73260757f1ed,C,Informe Final de Auditoría,25243,https://www.contraloria.cl/SicaProd/SICAv3-BIFAPortalCGR/servletfichainformegoogle?docIdcm=217ace6d7ffbfbebf85b73260757f1ed&pdf=1
58589,11102,2019-11-08 00:00:00.0,MUNICIPALIDAD DE LAGO VERDE,2019,626,"INFORME FINAL N° 626, DE 2019, SOBRE INSPECCIÓN A LA OBRA ""CONSERVACIÓN GIMNASIO LOCALIDAD DE LAGO VERDE"", A CARGO DE LA MUNICIPALIDAD DE LAGO VERDE.",https://www.contraloria.cl/pdfbuscador/auditoria/b706ad4c55765437e08d7ecdfa0710ca/html,11,LAGO VERDE,https://www.contraloria.cl/SicaProd/SICAv3-BIFAPortalCGR/faces/newDetalleInforme?docIdcm=b706ad4c55765437e08d7ecdfa0710ca,C,Informe de Inspección de Obra Pública,30326,https://www.contraloria.cl/SicaProd/SICAv3-BIFAPortalCGR/servletfichainformegoogle?docIdcm=b706ad4c55765437e08d7ecdfa0710ca&pdf=1