IDACTIVIDAD,CODIGOSUBDERE,FECHAINFORME,NOMBRESERVICIO,ANOINFORME,NUMEROINFORME,MATERIAINFORME,FICHAINFORMEBIFA,C_REG_SUBDERE,NOMBRESUBDERE,FICHAINFORME,TIPOSUBDERE,TIPOINFORME,IDINFORME,PDFINFORME
28426,13302,2015-11-16 00:00:00.0,MUNICIPALIDAD DE LAMPA,2015,761,INFORME FINAL 761-15 MUNICIPALIDAD DE LAMPA - SOBRE AUDITORIA AL MACROPROCESO DE TECNOLOGIAS DE INFORMACION Y COMUNICACION - NOVIEMBRE 2015,https://www.contraloria.cl/pdfbuscador/auditoria/da6f4af00797f0d655dcecdfbd90ebbe/html,13,LAMPA,https://www.contraloria.cl/SicaProd/SICAv3-BIFAPortalCGR/faces/newDetalleInforme?docIdcm=da6f4af00797f0d655dcecdfbd90ebbe,C,Informe Final de Auditoría,15997,https://www.contraloria.cl/SicaProd/SICAv3-BIFAPortalCGR/servletfichainformegoogle?docIdcm=da6f4af00797f0d655dcecdfbd90ebbe&pdf=1
28346,13302,2016-07-04 00:00:00.0,MUNICIPALIDAD DE LAMPA,2015,1107,INFORME FINAL 1107-15 MUNICIPALIDAD DE LAMPA SOBRE GASTOS EFECTUADOS CON CARGO A LA CUENTA CONTABLE N°215-31_JULIO 2016.,https://www.contraloria.cl/pdfbuscador/auditoria/8da8e042bb919dd890248d8ef7dd95f7/html,13,LAMPA,https://www.contraloria.cl/SicaProd/SICAv3-BIFAPortalCGR/faces/newDetalleInforme?docIdcm=8da8e042bb919dd890248d8ef7dd95f7,C,Informe Final de Auditoría,18570,https://www.contraloria.cl/SicaProd/SICAv3-BIFAPortalCGR/servletfichainformegoogle?docIdcm=8da8e042bb919dd890248d8ef7dd95f7&pdf=1
34338,13302,2016-10-24 00:00:00.0,MUNICIPALIDAD DE LAMPA,2016,166,INFORME FINAL 166-16 MUNICIPALIDAD DE LAMPA - SOBRE AUDITORIA AL MACROPROCESO DE CONCESIONES Y CUMPLIMIENTO DE LA LEY N° 20.730 - OCTUBRE 2016 ,https://www.contraloria.cl/pdfbuscador/auditoria/fe05603cb47ae200d4f3f53ec2ffb8b8/html,13,LAMPA,https://www.contraloria.cl/SicaProd/SICAv3-BIFAPortalCGR/faces/newDetalleInforme?docIdcm=fe05603cb47ae200d4f3f53ec2ffb8b8,C,Informe Final de Auditoría,19281,https://www.contraloria.cl/SicaProd/SICAv3-BIFAPortalCGR/servletfichainformegoogle?docIdcm=fe05603cb47ae200d4f3f53ec2ffb8b8&pdf=1
42754,13302,2017-12-04 00:00:00.0,MUNICIPALIDAD DE LAMPA,2017,725,INFORME FINAL-725-2017 MUNICIPALIDAD DE LAMPA SOBRE AUDITORIA AL PROCESO DE ENTREGA DE BENEFICIOS SOCIALES PARA LA COMUNIDAD EN LA MUNICIPALIDAD DE LAMPA- DICIEMBRE 2017,https://www.contraloria.cl/pdfbuscador/auditoria/962b65fdba450884846283a2bc2c2e79/html,13,LAMPA,https://www.contraloria.cl/SicaProd/SICAv3-BIFAPortalCGR/faces/newDetalleInforme?docIdcm=962b65fdba450884846283a2bc2c2e79,C,Informe Final de Auditoría,22430,https://www.contraloria.cl/SicaProd/SICAv3-BIFAPortalCGR/servletfichainformegoogle?docIdcm=962b65fdba450884846283a2bc2c2e79&pdf=1
42795,13302,2018-01-22 00:00:00.0,CORPORACION MUNICIPAL DE DESARROLLO SOCIAL DE LAMPA,2017,998,INFORME FINAL 998-2017 CORPORACIÓN MUNICIPAL DE DESARROLLO SOCIAL DE LAMPA SOBRE AUDITORIA A LOS RECURSOS  DE LEY N°20.248 SUBVENCIÓN ESCOLAR PREFERENCIAL EN LA CORPORACIÓN DE DESARROLLO SOCIAL DE LAMPA - DICIEMBRE 2017,https://www.contraloria.cl/pdfbuscador/auditoria/5a4637d16512744b45291c5963f7566b/html,13,LAMPA,https://www.contraloria.cl/SicaProd/SICAv3-BIFAPortalCGR/faces/newDetalleInforme?docIdcm=5a4637d16512744b45291c5963f7566b,C,Informe Final de Auditoría,22875,https://www.contraloria.cl/SicaProd/SICAv3-BIFAPortalCGR/servletfichainformegoogle?docIdcm=5a4637d16512744b45291c5963f7566b&pdf=1
48637,13302,2018-04-19 00:00:00.0,CORPORACION MUNICIPAL DE DESARROLLO SOCIAL DE LAMPA,2018,30,INFORME FINAL DE INVESTIGACIÓN ESPECIAL 30-2018 CORPORACIÓN MUNICIPAL DE DESARROLLO SOCIAL DE LAMPA SOBRE EVENTUALES IRREGULARIDADES EN EL PAGO DE COTIZACIONES PREVISIONALES A ISAPRE CONSALUD POR PARTE DE LA CORPORACIÓN MUNICIPAL DE DESARROLLO SOCIAL DE LAMPA - ABRIL 2018,https://www.contraloria.cl/pdfbuscador/auditoria/a9839632dd90a718471dc3b960744e2a/html,13,LAMPA,https://www.contraloria.cl/SicaProd/SICAv3-BIFAPortalCGR/faces/newDetalleInforme?docIdcm=a9839632dd90a718471dc3b960744e2a,C,Informe de Investigación Especial,23915,https://www.contraloria.cl/SicaProd/SICAv3-BIFAPortalCGR/servletfichainformegoogle?docIdcm=a9839632dd90a718471dc3b960744e2a&pdf=1
53192,13302,2019-04-26 00:00:00.0,MUNICIPALIDAD DE LAMPA,2018,791,"INFORME FINAL N°791-2018, MUNICIPALIDAD DE LAMPA, AUDITORÍA A LOS GASTOS EFECTUADOS CON CARGO A LA CUENTA CONTABLE N°215-31, DURANTE EL AÑO 2017",https://www.contraloria.cl/pdfbuscador/auditoria/1b8a959979e8a8d7042cbf898c2167ba/html,13,LAMPA,https://www.contraloria.cl/SicaProd/SICAv3-BIFAPortalCGR/faces/newDetalleInforme?docIdcm=1b8a959979e8a8d7042cbf898c2167ba,C,Informe Final de Auditoría,28859,https://www.contraloria.cl/SicaProd/SICAv3-BIFAPortalCGR/servletfichainformegoogle?docIdcm=1b8a959979e8a8d7042cbf898c2167ba&pdf=1
58159,13302,2020-06-25 00:00:00.0,CORPORACION MUNICIPAL DE DESARROLLO SOCIAL DE LAMPA,2019,785,"INFORME FINAL N° 785, DE 2019, SOBRE AUDITORÍA AL USO DE LOS RECURSOS UTILIZADOS PARA EL PAGO DE COTIZACIONES PREVISIONALES Y DE SALUD EN LA CORPORACIÓN MUNICIPAL DE DESARROLLO SOCIAL DE LAMPA.",https://www.contraloria.cl/pdfbuscador/auditoria/838f3119006829984cae00d72e6b7378/html,13,LAMPA,https://www.contraloria.cl/SicaProd/SICAv3-BIFAPortalCGR/faces/newDetalleInforme?docIdcm=838f3119006829984cae00d72e6b7378,C,Informe Final de Auditoría,33015,https://www.contraloria.cl/SicaProd/SICAv3-BIFAPortalCGR/servletfichainformegoogle?docIdcm=838f3119006829984cae00d72e6b7378&pdf=1