IDACTIVIDAD,CODIGOSUBDERE,FECHAINFORME,NOMBRESERVICIO,ANOINFORME,NUMEROINFORME,MATERIAINFORME,FICHAINFORMEBIFA,C_REG_SUBDERE,NOMBRESUBDERE,FICHAINFORME,TIPOSUBDERE,TIPOINFORME,IDINFORME,PDFINFORME
32011,14103,2015-12-30 00:00:00.0,DEPARTAMENTO DE SALUD DE LANCO,2015,1248,"INFORME FINAL 1.248-15 MUNICIPALIDAD DE LANCO, AUDITORÍA FINANCIERA Y PRESUPUESTARIA DESAM - DICIEMBRE 2015",https://www.contraloria.cl/pdfbuscador/auditoria/a501576c455a173f5e9cdca5d6873333/html,14,LANCO,https://www.contraloria.cl/SicaProd/SICAv3-BIFAPortalCGR/faces/newDetalleInforme?docIdcm=a501576c455a173f5e9cdca5d6873333,C,Informe Final de Auditoría,16778,https://www.contraloria.cl/SicaProd/SICAv3-BIFAPortalCGR/servletfichainformegoogle?docIdcm=a501576c455a173f5e9cdca5d6873333&pdf=1
37946,14103,2016-10-07 00:00:00.0,MUNICIPALIDAD DE LANCO,2016,736,"INFORME DE INVESTIGACIÓN ESPECIAL 736-16 MUNICIPALIDAD DE LANCO, USO DE VEHÍCULO FISCAL, REDES SOCIALES Y OTROS - OCTUBRE 2016",https://www.contraloria.cl/pdfbuscador/auditoria/fa74d60444c8a8d5f07dd543dff9dd8e/html,14,LANCO,https://www.contraloria.cl/SicaProd/SICAv3-BIFAPortalCGR/faces/newDetalleInforme?docIdcm=fa74d60444c8a8d5f07dd543dff9dd8e,C,Informe de Investigación Especial,19122,https://www.contraloria.cl/SicaProd/SICAv3-BIFAPortalCGR/servletfichainformegoogle?docIdcm=fa74d60444c8a8d5f07dd543dff9dd8e&pdf=1
40083,14103,2017-06-21 00:00:00.0,MUNICIPALIDAD DE LANCO,2017,39,"INFORME DE INVESTIGACIÓN ESPECIAL 39 - 2017 MUNICIPALIDAD DE LANCO,CONVENIO CONSERVACIÓN Y MEJORAMIENTO DE LAS AREAS VERDES - JUNIO 2017",https://www.contraloria.cl/pdfbuscador/auditoria/2af90242d1cad340196594aa63ffc3a3/html,14,LANCO,https://www.contraloria.cl/SicaProd/SICAv3-BIFAPortalCGR/faces/newDetalleInforme?docIdcm=2af90242d1cad340196594aa63ffc3a3,C,Informe de Investigación Especial,21284,https://www.contraloria.cl/SicaProd/SICAv3-BIFAPortalCGR/servletfichainformegoogle?docIdcm=2af90242d1cad340196594aa63ffc3a3&pdf=1
47642,14103,2017-12-28 00:00:00.0,MUNICIPALIDAD DE LANCO,2017,1046,"INFORME FINAL 1.046 - 2017 MUNICIPALIDAD DE LANCO, INSPECCIÓN DE OBRA PÚBLICA NORMALIZACIÓN SISTEMA DE TRATAMIENTO DE AGUAS SERVIDAS MALAHUE - DICIEMBRE 2017",https://www.contraloria.cl/pdfbuscador/auditoria/be494bad69928e66e81d126c84187de6/html,14,LANCO,https://www.contraloria.cl/SicaProd/SICAv3-BIFAPortalCGR/faces/newDetalleInforme?docIdcm=be494bad69928e66e81d126c84187de6,C,Informe de Inspección de Obra Pública,22840,https://www.contraloria.cl/SicaProd/SICAv3-BIFAPortalCGR/servletfichainformegoogle?docIdcm=be494bad69928e66e81d126c84187de6&pdf=1
48263,14103,2018-04-05 00:00:00.0,MUNICIPALIDAD DE LANCO,2018,81,"INFORME DE INVESTIGACIÓN ESPECIAL 81-2018 MUNICIPALIDAD DE LANCO, SOBRE PRESUNTAS IRREGULARIDADES OCURRIDAS EN LA MUNICIPALIDAD DE LANCO - ABRIL 2018",https://www.contraloria.cl/pdfbuscador/auditoria/189ff984ab2f6498f5612d163ecb0b56/html,14,LANCO,https://www.contraloria.cl/SicaProd/SICAv3-BIFAPortalCGR/faces/newDetalleInforme?docIdcm=189ff984ab2f6498f5612d163ecb0b56,C,Informe de Investigación Especial,23617,https://www.contraloria.cl/SicaProd/SICAv3-BIFAPortalCGR/servletfichainformegoogle?docIdcm=189ff984ab2f6498f5612d163ecb0b56&pdf=1
51966,14103,2018-09-04 00:00:00.0,MUNICIPALIDAD DE LANCO,2018,550,"INFORME FINAL DE INVESTIGACIÓN ESPECIAL 550-2018, MUNICIPALIDAD DE LOS LAGOS,SOBRE SUPUESTAS IRREGULARIDADES EN EL DEPARTAMENTO ADMINISTRATIVO DE EDUCACIÓN, SEPTIEMBRE-2018",https://www.contraloria.cl/pdfbuscador/auditoria/2b203fe87f4211c74061a75ca2f9068c/html,14,LANCO,https://www.contraloria.cl/SicaProd/SICAv3-BIFAPortalCGR/faces/newDetalleInforme?docIdcm=2b203fe87f4211c74061a75ca2f9068c,C,Informe de Investigación Especial,25703,https://www.contraloria.cl/SicaProd/SICAv3-BIFAPortalCGR/servletfichainformegoogle?docIdcm=2b203fe87f4211c74061a75ca2f9068c&pdf=1
51310,14103,2018-09-20 00:00:00.0,MUNICIPALIDAD DE LANCO,2018,581," INVESTIGACIÓN ESPECIAL, 581-2018, MUNICIPALIDAD DE LANCO, SOBRE PRESUNTAS IRREGULARIDADES OCURRIDAS- SEPTIEMBRE 2018",https://www.contraloria.cl/pdfbuscador/auditoria/10cf07abeaee8104406f4ab90b0759ca/html,14,LANCO,https://www.contraloria.cl/SicaProd/SICAv3-BIFAPortalCGR/faces/newDetalleInforme?docIdcm=10cf07abeaee8104406f4ab90b0759ca,C,Informe de Investigación Especial,25882,https://www.contraloria.cl/SicaProd/SICAv3-BIFAPortalCGR/servletfichainformegoogle?docIdcm=10cf07abeaee8104406f4ab90b0759ca&pdf=1
55445,14103,2019-05-24 00:00:00.0,MUNICIPALIDAD DE LANCO,2019,291,"INFORME FINAL N° 291-2019, MUNICIPALIDAD DE LANCO - SOBRE AUDITORÍA A LOS INGRESOS PERCIBIDOS - MAYO 2019",https://www.contraloria.cl/pdfbuscador/auditoria/c6f1462524d9c5a7398e2a63c81ff8bd/html,14,LANCO,https://www.contraloria.cl/SicaProd/SICAv3-BIFAPortalCGR/faces/newDetalleInforme?docIdcm=c6f1462524d9c5a7398e2a63c81ff8bd,C,Informe Final de Auditoría,28977,https://www.contraloria.cl/SicaProd/SICAv3-BIFAPortalCGR/servletfichainformegoogle?docIdcm=c6f1462524d9c5a7398e2a63c81ff8bd&pdf=1