IDACTIVIDAD,CODIGOSUBDERE,FECHAINFORME,NOMBRESERVICIO,ANOINFORME,NUMEROINFORME,MATERIAINFORME,FICHAINFORMEBIFA,C_REG_SUBDERE,NOMBRESUBDERE,FICHAINFORME,TIPOSUBDERE,TIPOINFORME,IDINFORME,PDFINFORME
26662,06107,2015-05-20 00:00:00.0,DEPARTAMENTO DE EDUCACION LAS CABRAS,2015,112,INFORME INVESTIGACIÓN ESPECIAL 112 - 15 DEPARTAMENTO DE EDUCACIÓN MUNICIPAL DE LAS CABRAS EVENTUALES FALTAS A LA PROBIDAD - MAYO 2015,https://www.contraloria.cl/pdfbuscador/auditoria/ab58d5af86984e12fb0140bd6d10d3c9/html,06,LAS CABRAS,https://www.contraloria.cl/SicaProd/SICAv3-BIFAPortalCGR/faces/newDetalleInforme?docIdcm=ab58d5af86984e12fb0140bd6d10d3c9,C,Informe de Investigación Especial,13875,https://www.contraloria.cl/SicaProd/SICAv3-BIFAPortalCGR/servletfichainformegoogle?docIdcm=ab58d5af86984e12fb0140bd6d10d3c9&pdf=1
28493,06107,2015-06-25 00:00:00.0,MUNICIPALIDAD DE LAS CABRAS,2015,369,INFORME FINAL 369 - 15 MUNICIPALIDAD DE LAS CABRAS RECURSOS HUMANOS PROGRAMAS COMUNITARIOS - JUNIO 2015,https://www.contraloria.cl/pdfbuscador/auditoria/5db2f242ee0fbe1abbb89b2b18c86473/html,06,LAS CABRAS,https://www.contraloria.cl/SicaProd/SICAv3-BIFAPortalCGR/faces/newDetalleInforme?docIdcm=5db2f242ee0fbe1abbb89b2b18c86473,C,Informe Final de Auditoría,14178,https://www.contraloria.cl/SicaProd/SICAv3-BIFAPortalCGR/servletfichainformegoogle?docIdcm=5db2f242ee0fbe1abbb89b2b18c86473&pdf=1
41293,06107,2017-10-19 00:00:00.0,MUNICIPALIDAD DE LAS CABRAS,2017,497,"INFORME FINAL 497 - 17 MUNICIPALIDAD DE LAS CABRAS PATENTES CIPA, PERMISOS DE CIRCULACIÓN Y FINANZAS - OCTUBRE 2017",https://www.contraloria.cl/pdfbuscador/auditoria/b09b10c8357b1f45c49b8c9b8f1401e1/html,06,LAS CABRAS,https://www.contraloria.cl/SicaProd/SICAv3-BIFAPortalCGR/faces/newDetalleInforme?docIdcm=b09b10c8357b1f45c49b8c9b8f1401e1,C,Informe Final de Auditoría,21910,https://www.contraloria.cl/SicaProd/SICAv3-BIFAPortalCGR/servletfichainformegoogle?docIdcm=b09b10c8357b1f45c49b8c9b8f1401e1&pdf=1
46565,06107,2017-12-29 00:00:00.0,MUNICIPALIDAD DE LAS CABRAS,2017,1119,INFORME FINAL DE INVESTIGACIÓN ESPECIAL 1119 - 17 MUNICIPALIDAD DE LAS CABRAS EVENTUALES IRREGULARIDADES EN COMETIDOS DE SERVIDOR A HONORARIOS - DICIEMBRE 2017,https://www.contraloria.cl/pdfbuscador/auditoria/3d3b43e5b54c2812f173ef427fcc169f/html,06,LAS CABRAS,https://www.contraloria.cl/SicaProd/SICAv3-BIFAPortalCGR/faces/newDetalleInforme?docIdcm=3d3b43e5b54c2812f173ef427fcc169f,C,Informe de Investigación Especial,22802,https://www.contraloria.cl/SicaProd/SICAv3-BIFAPortalCGR/servletfichainformegoogle?docIdcm=3d3b43e5b54c2812f173ef427fcc169f&pdf=1
51387,06107,2019-08-09 00:00:00.0,DEPARTAMENTO DE EDUCACION LAS CABRAS,2018,617,INFORME DE INVESTIGACIÓN ESPECIAL 617-18 - DAEM DE LAS CABRAS - AGOSTO 2019,https://www.contraloria.cl/pdfbuscador/auditoria/f00cde87d64620c6342f8091d40a04cb/html,06,LAS CABRAS,https://www.contraloria.cl/SicaProd/SICAv3-BIFAPortalCGR/faces/newDetalleInforme?docIdcm=f00cde87d64620c6342f8091d40a04cb,C,Informe de Investigación Especial,29645,https://www.contraloria.cl/SicaProd/SICAv3-BIFAPortalCGR/servletfichainformegoogle?docIdcm=f00cde87d64620c6342f8091d40a04cb&pdf=1
55576,06107,2019-06-26 00:00:00.0,MUNICIPALIDAD DE LAS CABRAS,2019,260,INFORME FINAL 260-19 MUNICIPALIDAD DE LAS CABRAS INGRESOS PERMISOS EDIFICACIÓN,https://www.contraloria.cl/pdfbuscador/auditoria/7c95bb4fe61f0358ee4ea7b9459bd817/html,06,LAS CABRAS,https://www.contraloria.cl/SicaProd/SICAv3-BIFAPortalCGR/faces/newDetalleInforme?docIdcm=7c95bb4fe61f0358ee4ea7b9459bd817,C,Informe Final de Auditoría,29334,https://www.contraloria.cl/SicaProd/SICAv3-BIFAPortalCGR/servletfichainformegoogle?docIdcm=7c95bb4fe61f0358ee4ea7b9459bd817&pdf=1
54051,06107,2019-12-31 00:00:00.0,MUNICIPALIDAD DE LAS CABRAS,2019,283,INFORME INVESTIGACIÓN ESPECIAL 283-19 - MUNICIPALIDAD DE LAS CABRAS - CONTRATACIÓN ACTIVIDADES FORMATIVAS Y CAPACITACIÓN A CONCEJALES-DICIEMBRE 2019,https://www.contraloria.cl/pdfbuscador/auditoria/16a4b9d4b807a5b4353597e69ecf4417/html,06,LAS CABRAS,https://www.contraloria.cl/SicaProd/SICAv3-BIFAPortalCGR/faces/newDetalleInforme?docIdcm=16a4b9d4b807a5b4353597e69ecf4417,C,Informe de Investigación Especial,30932,https://www.contraloria.cl/SicaProd/SICAv3-BIFAPortalCGR/servletfichainformegoogle?docIdcm=16a4b9d4b807a5b4353597e69ecf4417&pdf=1