IDACTIVIDAD,CODIGOSUBDERE,FECHAINFORME,NOMBRESERVICIO,ANOINFORME,NUMEROINFORME,MATERIAINFORME,FICHAINFORMEBIFA,C_REG_SUBDERE,NOMBRESUBDERE,FICHAINFORME,TIPOSUBDERE,TIPOINFORME,IDINFORME,PDFINFORME
28583,13114,2015-09-09 00:00:00.0,MUNICIPALIDAD DE LAS CONDES,2015,454,INFORME FINAL 454-15 MUNICIPALIDAD DE LAS CONDES - SOBRE AUDITORIA A LAS CONTRATACIONES DE HONORARIOS EN PROGRAMAS COMUNITARIOS - SEPTIEMBRE 2015,https://www.contraloria.cl/pdfbuscador/auditoria/2dcda657a99b02524ab74fef95de4a88/html,13,LAS CONDES,https://www.contraloria.cl/SicaProd/SICAv3-BIFAPortalCGR/faces/newDetalleInforme?docIdcm=2dcda657a99b02524ab74fef95de4a88,C,Informe Final de Auditoría,14837,https://www.contraloria.cl/SicaProd/SICAv3-BIFAPortalCGR/servletfichainformegoogle?docIdcm=2dcda657a99b02524ab74fef95de4a88&pdf=1
35950,13114,2016-10-21 00:00:00.0,MUNICIPALIDAD DE LAS CONDES,2016,92,"INFORME DE INSPECCIÓN DE OBRA PÚBLICA 92-16, MUNICIPALIDAD DE LAS CONDES, CONTRATO EDIFICIO PARA PISCINAS TEMPERADAS Y GIMNASIO EN EL ESTADIO EL ALBA_OCTUBRE 2016.",https://www.contraloria.cl/pdfbuscador/auditoria/1af825031e942a8fd7e87851f139cc4d/html,13,LAS CONDES,https://www.contraloria.cl/SicaProd/SICAv3-BIFAPortalCGR/faces/newDetalleInforme?docIdcm=1af825031e942a8fd7e87851f139cc4d,C,Informe de Inspección de Obra Pública,19610,https://www.contraloria.cl/SicaProd/SICAv3-BIFAPortalCGR/servletfichainformegoogle?docIdcm=1af825031e942a8fd7e87851f139cc4d&pdf=1
38269,13114,2016-12-30 00:00:00.0,MUNICIPALIDAD DE LAS CONDES,2016,950,INFORME FINAL 950-2016 MUNICIPALIDAD DE LAS CONDES AUDITORIA A LOS PERMISOS DE EDIFICACION - DICEMBRE 2016,https://www.contraloria.cl/pdfbuscador/auditoria/69d900bda40a10f9b133fcd91e1efdb2/html,13,LAS CONDES,https://www.contraloria.cl/SicaProd/SICAv3-BIFAPortalCGR/faces/newDetalleInforme?docIdcm=69d900bda40a10f9b133fcd91e1efdb2,C,Informe Final de Auditoría,20438,https://www.contraloria.cl/SicaProd/SICAv3-BIFAPortalCGR/servletfichainformegoogle?docIdcm=69d900bda40a10f9b133fcd91e1efdb2&pdf=1
39162,13114,2017-03-09 00:00:00.0,MUNICIPALIDAD DE LAS CONDES,2016,1141,INFORME FINAL DE INVESTIGACIÓN ESPECIAL 1141-2016 MUNICIPALIDAD DE LAS CONDES SOBRE EVENTUAL USO DE BIENES MUNICIPALES EN ACTIVIDAD POLITICA EN LA MUNICIPALIDAD DE LAS CONDES - MARZO 2017,https://www.contraloria.cl/pdfbuscador/auditoria/435751e4bf3d48ae632187203d28b25e/html,13,LAS CONDES,https://www.contraloria.cl/SicaProd/SICAv3-BIFAPortalCGR/faces/newDetalleInforme?docIdcm=435751e4bf3d48ae632187203d28b25e,C,Informe de Investigación Especial,21120,https://www.contraloria.cl/SicaProd/SICAv3-BIFAPortalCGR/servletfichainformegoogle?docIdcm=435751e4bf3d48ae632187203d28b25e&pdf=1
41787,13114,2017-05-12 00:00:00.0,MUNICIPALIDAD DE LAS CONDES,2017,113,INFORME FINAL 113-17 MUNICIPALIDAD DE LAS CONDES  SOBRE AUDITORÍA A LOS CONTRATOS IMPUTADOS A LA CUENTA CONTABLE 215.31.02.004 - MAYO 2017,https://www.contraloria.cl/pdfbuscador/auditoria/aa549e633b5d48f87068495ac60f38dd/html,13,LAS CONDES,https://www.contraloria.cl/SicaProd/SICAv3-BIFAPortalCGR/faces/newDetalleInforme?docIdcm=aa549e633b5d48f87068495ac60f38dd,C,Informe Final de Auditoría,20973,https://www.contraloria.cl/SicaProd/SICAv3-BIFAPortalCGR/servletfichainformegoogle?docIdcm=aa549e633b5d48f87068495ac60f38dd&pdf=1
42816,13114,2017-11-06 00:00:00.0,MUNICIPALIDAD DE LAS CONDES,2017,680,INFORME FINAL 680-17 MUNICIPALIDAD DE LAS CONDES SOBRE AUDITORIA A LAS HORAS EXTRAORDINARIAS EN EL MUNICIPIO NOVIEMBRE 2017,https://www.contraloria.cl/pdfbuscador/auditoria/ddbafa3b337252e5934d2274cd701cfa/html,13,LAS CONDES,https://www.contraloria.cl/SicaProd/SICAv3-BIFAPortalCGR/faces/newDetalleInforme?docIdcm=ddbafa3b337252e5934d2274cd701cfa,C,Informe Final de Auditoría,22155,https://www.contraloria.cl/SicaProd/SICAv3-BIFAPortalCGR/servletfichainformegoogle?docIdcm=ddbafa3b337252e5934d2274cd701cfa&pdf=1
42784,13114,2017-12-21 00:00:00.0,MUNICIPALIDAD DE LAS CONDES,2017,861,"INFORME FINAL 861-2017 AUDITORIA AL MACROPROCESO DE CONCESIÓN DEL SERVICIO DE RECOLECCIÓN ,TRANSPORTE Y DISPOSICIÓN FINAL DE RESIDUOS SÓLIDOS DOMICILIARIOS EN LA MUNICIPALIDAD DE LAS CONDES DICIEMBRE 2017",https://www.contraloria.cl/pdfbuscador/auditoria/8858bae4c17f2318882efed9161f2d22/html,13,LAS CONDES,https://www.contraloria.cl/SicaProd/SICAv3-BIFAPortalCGR/faces/newDetalleInforme?docIdcm=8858bae4c17f2318882efed9161f2d22,C,Informe Final de Auditoría,22593,https://www.contraloria.cl/SicaProd/SICAv3-BIFAPortalCGR/servletfichainformegoogle?docIdcm=8858bae4c17f2318882efed9161f2d22&pdf=1
49248,13114,2018-06-15 00:00:00.0,MUNICIPALIDAD DE LAS CONDES,2018,217,"INFORME FINAL 217-2018 MUNICIPALIDAD DE LAS CONDES SOBRE AUDITORIA A LOS DEUDORES PRESUPUESTARIOS CONTABILIZADOS EN CUENTAS POR COBRAR , RECUPERACIÓN DE PRESTAMOS, INGRESOS POR PERCIBIR 115.12.10  EN LA MUNICIPALIDAD DE LAS CONDES - JUNIO 2018",https://www.contraloria.cl/pdfbuscador/auditoria/8d519cad7d935815fb86301c17f08260/html,13,LAS CONDES,https://www.contraloria.cl/SicaProd/SICAv3-BIFAPortalCGR/faces/newDetalleInforme?docIdcm=8d519cad7d935815fb86301c17f08260,C,Informe Final de Auditoría,24922,https://www.contraloria.cl/SicaProd/SICAv3-BIFAPortalCGR/servletfichainformegoogle?docIdcm=8d519cad7d935815fb86301c17f08260&pdf=1
52817,13114,2019-04-09 00:00:00.0,MUNICIPALIDAD DE LAS CONDES,2018,863,INFORME FINAL 863-2018 MUNICIPALIDAD DE LAS CONDES SOBRE AUDITORIA AL CUMPLIMIENTO DE CONTRATO DE CONCESIÓN DEL INMUEBLE NUEVA CLÍNICA CORDILLERA PARA LA ADMINISTRACIÓN Y EXPLOTACION DEL ESTABLECIMIENTO DE SALUD ENTRE CLINICA S.A.Y LA MUNICIPALIDAD DE LAS CONDES ABRIL 2019,https://www.contraloria.cl/pdfbuscador/auditoria/ac977b288cf847e36c1a7cc163ad0049/html,13,LAS CONDES,https://www.contraloria.cl/SicaProd/SICAv3-BIFAPortalCGR/faces/newDetalleInforme?docIdcm=ac977b288cf847e36c1a7cc163ad0049,C,Informe Final de Auditoría,28704,https://www.contraloria.cl/SicaProd/SICAv3-BIFAPortalCGR/servletfichainformegoogle?docIdcm=ac977b288cf847e36c1a7cc163ad0049&pdf=1
56038,13114,2020-04-20 00:00:00.0,MUNICIPALIDAD DE LAS CONDES,2019,390,INFORME FINAL 390 -2019 MUNICIPALIDAD DE LAS CONDES SOBRE AUDITORIAS DE SISTEMAS - ABRIL 2020,https://www.contraloria.cl/pdfbuscador/auditoria/bc0023c41be933ed94c89e8b98ba8458/html,13,LAS CONDES,https://www.contraloria.cl/SicaProd/SICAv3-BIFAPortalCGR/faces/newDetalleInforme?docIdcm=bc0023c41be933ed94c89e8b98ba8458,C,Informe Final de Auditoría,32305,https://www.contraloria.cl/SicaProd/SICAv3-BIFAPortalCGR/servletfichainformegoogle?docIdcm=bc0023c41be933ed94c89e8b98ba8458&pdf=1
57090,13114,2019-10-02 00:00:00.0,MUNICIPALIDAD DE LAS CONDES,2019,398,"INFORME FINAL N° 398, DE 2019, SOBRE AUDITORÍA Y EXAMEN DE CUENTAS A LOS CONVENIOS SUSCRITOS POR LA MUNICIPALIDAD DE LAS CONDES CON EMPRESAS PARTICULARES, ENTRE LOS AÑOS 2007 Y 2018, PARA FINANCIAR LA EJECUCIÓN DE LAS MEDIDAS DE MITIGACIÓN ESTABLECIDAS EN LOS ESTUDIOS DE IMPACTO SOBRE EL SISTEMA DE TRANSPORTE URBANO, EISTU, ATINGENTES.",https://www.contraloria.cl/pdfbuscador/auditoria/f6f32ac70ab77add72cefff985ac5209/html,13,LAS CONDES,https://www.contraloria.cl/SicaProd/SICAv3-BIFAPortalCGR/faces/newDetalleInforme?docIdcm=f6f32ac70ab77add72cefff985ac5209,C,Informe Final de Auditoría,30023,https://www.contraloria.cl/SicaProd/SICAv3-BIFAPortalCGR/servletfichainformegoogle?docIdcm=f6f32ac70ab77add72cefff985ac5209&pdf=1
56857,13114,2019-09-10 00:00:00.0,MUNICIPALIDAD DE LAS CONDES,2019,507,INFORME FINAL 507-2019 MUNICIPALIDAD DE LAS CONDES SOBRE AUDITORIA A LA ENTREGA DE BENEFICIOS OTORGADOS POR LA MUNICIPALIDAD DE LAS CONDES EN VIRTUD DEL CONTRATO DE CONCESIÓN EN LA NUEVA CLINICA CORDILLERA -SEPTIEMBRE 2016                                                                                              ón con la Nueva Clínica Cordillera,https://www.contraloria.cl/pdfbuscador/auditoria/21ab59280d3f109632c2c45f2eb96494/html,13,LAS CONDES,https://www.contraloria.cl/SicaProd/SICAv3-BIFAPortalCGR/faces/newDetalleInforme?docIdcm=21ab59280d3f109632c2c45f2eb96494,C,Informe Final de Auditoría,29904,https://www.contraloria.cl/SicaProd/SICAv3-BIFAPortalCGR/servletfichainformegoogle?docIdcm=21ab59280d3f109632c2c45f2eb96494&pdf=1