IDACTIVIDAD,CODIGOSUBDERE,FECHAINFORME,NOMBRESERVICIO,ANOINFORME,NUMEROINFORME,MATERIAINFORME,FICHAINFORMEBIFA,C_REG_SUBDERE,NOMBRESUBDERE,FICHAINFORME,TIPOSUBDERE,TIPOINFORME,IDINFORME,PDFINFORME
26420,09108,2015-05-18 00:00:00.0,MUNICIPALIDAD DE LAUTARO,2015,70,"INFORME INVESTIGACIÓN ESPECIAL 70-15 MUNICIPALIDAD DE LAUTARO, SOBRE PRESUNTAS IRREGULARIDADES EN APORTES RECIBIDOS-MAYO 2015",https://www.contraloria.cl/pdfbuscador/auditoria/3e1f3780db670c91ec7c2da3872e44b5/html,09,LAUTARO,https://www.contraloria.cl/SicaProd/SICAv3-BIFAPortalCGR/faces/newDetalleInforme?docIdcm=3e1f3780db670c91ec7c2da3872e44b5,C,Informe de Investigación Especial,13845,https://www.contraloria.cl/SicaProd/SICAv3-BIFAPortalCGR/servletfichainformegoogle?docIdcm=3e1f3780db670c91ec7c2da3872e44b5&pdf=1
30012,09108,2015-04-15 00:00:00.0,MUNICIPALIDAD DE LAUTARO,2015,252,"INFORME INVESTIGACION ESPECIAL 252-15 MUNICIPALIDAD DE LAUTARO, SOBRE CAMINO A COMUNIDAD INDÍGENA - ABRIL 2015",https://www.contraloria.cl/pdfbuscador/auditoria/7031a2e911cc48a2e6c4ab982a454969/html,09,LAUTARO,https://www.contraloria.cl/SicaProd/SICAv3-BIFAPortalCGR/faces/newDetalleInforme?docIdcm=7031a2e911cc48a2e6c4ab982a454969,C,Informe de Investigación Especial,13744,https://www.contraloria.cl/SicaProd/SICAv3-BIFAPortalCGR/servletfichainformegoogle?docIdcm=7031a2e911cc48a2e6c4ab982a454969&pdf=1
39567,09108,2017-06-21 00:00:00.0,DEPARTAMENTO DE EDUCACION MUNICIPAL DE LAUTARO,2017,15,"INFORME DE INVESTIGACIÓN ESPECIAL 15-17 MUNICIPALIDAD DE LAUTARO, SOBRE ACOSO LABORAL A DOCENTES - JUNIO DE 2017",https://www.contraloria.cl/pdfbuscador/auditoria/66b4d6c77c2e6c124d80a6a1a53cb748/html,09,LAUTARO,https://www.contraloria.cl/SicaProd/SICAv3-BIFAPortalCGR/faces/newDetalleInforme?docIdcm=66b4d6c77c2e6c124d80a6a1a53cb748,C,Informe de Investigación Especial,21250,https://www.contraloria.cl/SicaProd/SICAv3-BIFAPortalCGR/servletfichainformegoogle?docIdcm=66b4d6c77c2e6c124d80a6a1a53cb748&pdf=1
40167,09108,2017-10-16 00:00:00.0,MUNICIPALIDAD DE LAUTARO,2017,153,"INFORME DE INVESTIGACIÓN ESPECIAL 153-17 MUNICIPALIDAD DE LAUTARO, SOBRE EXTRACIÓN DE ÁRIDOS EN LA COMUNA DE LAUTARO- OCTUBRE 2017",https://www.contraloria.cl/pdfbuscador/auditoria/8870ca16522bbc3f7d93ca72c28ab3ce/html,09,LAUTARO,https://www.contraloria.cl/SicaProd/SICAv3-BIFAPortalCGR/faces/newDetalleInforme?docIdcm=8870ca16522bbc3f7d93ca72c28ab3ce,C,Informe de Investigación Especial,21907,https://www.contraloria.cl/SicaProd/SICAv3-BIFAPortalCGR/servletfichainformegoogle?docIdcm=8870ca16522bbc3f7d93ca72c28ab3ce&pdf=1
42045,09108,2017-08-31 00:00:00.0,DEPARTAMENTO DE SALUD MUNICIPAL DE LAUTARO,2017,378,"INFORME FINAL 378-2017 DEPTO DE SALUD MUNICIPAL LAUTARO, SOBRE AUDITORÍA FARMACIA COMUNAL- AGOSTO 2017",https://www.contraloria.cl/pdfbuscador/auditoria/6f65ca3ec5ecfd93426bd68f67196103/html,09,LAUTARO,https://www.contraloria.cl/SicaProd/SICAv3-BIFAPortalCGR/faces/newDetalleInforme?docIdcm=6f65ca3ec5ecfd93426bd68f67196103,C,Informe Final de Auditoría,21616,https://www.contraloria.cl/SicaProd/SICAv3-BIFAPortalCGR/servletfichainformegoogle?docIdcm=6f65ca3ec5ecfd93426bd68f67196103&pdf=1
44045,09108,2017-08-16 00:00:00.0,DEPARTAMENTO DE EDUCACION MUNICIPAL DE LAUTARO,2017,523,"INFORME DE INVESTIGACIÓN ESPECIAL 523-17 DEPTO EDUCACIÓN MUNI LAUTARO, SOBRE JORNADA LABORAL- AGOSTO 2017",https://www.contraloria.cl/pdfbuscador/auditoria/621fda2d4bc76ea3559283ef5f2394f4/html,09,LAUTARO,https://www.contraloria.cl/SicaProd/SICAv3-BIFAPortalCGR/faces/newDetalleInforme?docIdcm=621fda2d4bc76ea3559283ef5f2394f4,C,Informe de Investigación Especial,21614,https://www.contraloria.cl/SicaProd/SICAv3-BIFAPortalCGR/servletfichainformegoogle?docIdcm=621fda2d4bc76ea3559283ef5f2394f4&pdf=1
46524,09108,2017-11-22 00:00:00.0,DEPARTAMENTO DE EDUCACION MUNICIPAL DE LAUTARO,2017,710,"INFORME DE INVESTIGACIÓN ESPECIAL 710-2017 DEPTO DE EDUCACIÓN MUNICIPAL LAUTARO, SOBRE TERMINO DE RELACIÓN LABORAL - NOVIEMBRE 2017",https://www.contraloria.cl/pdfbuscador/auditoria/a58ba4c68fab1f3d2f2a47981437ec24/html,09,LAUTARO,https://www.contraloria.cl/SicaProd/SICAv3-BIFAPortalCGR/faces/newDetalleInforme?docIdcm=a58ba4c68fab1f3d2f2a47981437ec24,C,Informe de Investigación Especial,22223,https://www.contraloria.cl/SicaProd/SICAv3-BIFAPortalCGR/servletfichainformegoogle?docIdcm=a58ba4c68fab1f3d2f2a47981437ec24&pdf=1
42027,09108,2017-12-26 00:00:00.0,MUNICIPALIDAD DE LAUTARO,2017,1096,INFORME FINAL 1.096-2017 MUNICIPALIDAD DE LAUTARO SOBRE MACROPROCESO DE CONCESIÓN DE ASEO DOMICILIARIO - DICIEMBRE 2017,https://www.contraloria.cl/pdfbuscador/auditoria/f33f3337557a1cc08070e0173c977162/html,09,LAUTARO,https://www.contraloria.cl/SicaProd/SICAv3-BIFAPortalCGR/faces/newDetalleInforme?docIdcm=f33f3337557a1cc08070e0173c977162,C,Informe Final de Auditoría,22654,https://www.contraloria.cl/SicaProd/SICAv3-BIFAPortalCGR/servletfichainformegoogle?docIdcm=f33f3337557a1cc08070e0173c977162&pdf=1
49644,09108,2018-05-14 00:00:00.0,DEPARTAMENTO DE EDUCACION MUNICIPAL DE LAUTARO,2018,58,"INFORME DE INVESTIGACIÓN ESPECIAL 58-2018 DEPTO DE EDUCACIÓN MUNICIPAL DE LAUTARO, SOBRE PAGOS CON FONDOS SEP- MAYO 2018",https://www.contraloria.cl/pdfbuscador/auditoria/8d47891586f83a220ac32c1fdbe28b11/html,09,LAUTARO,https://www.contraloria.cl/SicaProd/SICAv3-BIFAPortalCGR/faces/newDetalleInforme?docIdcm=8d47891586f83a220ac32c1fdbe28b11,C,Informe de Investigación Especial,23967,https://www.contraloria.cl/SicaProd/SICAv3-BIFAPortalCGR/servletfichainformegoogle?docIdcm=8d47891586f83a220ac32c1fdbe28b11&pdf=1
47943,09108,2018-06-05 00:00:00.0,MUNICIPALIDAD DE LAUTARO,2018,145,"INFORME DE INVESTIGACIÓN ESPECIAL 145-2018 MUNICIPALIDAD DE LAUTARO, SOBRE EXTRACIÓN DE ÁRIDOS-JUNIO 2018",https://www.contraloria.cl/pdfbuscador/auditoria/25849c32b646a79a09576de02183d984/html,09,LAUTARO,https://www.contraloria.cl/SicaProd/SICAv3-BIFAPortalCGR/faces/newDetalleInforme?docIdcm=25849c32b646a79a09576de02183d984,C,Informe de Investigación Especial,24143,https://www.contraloria.cl/SicaProd/SICAv3-BIFAPortalCGR/servletfichainformegoogle?docIdcm=25849c32b646a79a09576de02183d984&pdf=1
57799,09108,2019-09-30 00:00:00.0,MUNICIPALIDAD DE LAUTARO,2019,652,"INFORME FINAL DE INVESTIGACIÓN ESPECIAL N° 652 DE 2019, MUNICIPALIDAD DE LAUTARO, INCUMPLIMIENTO DE JORNADA LABORAL-OCTUBRE 2019.",https://www.contraloria.cl/pdfbuscador/auditoria/dbcef57d215aea2c7277dc577c12eea3/html,09,LAUTARO,https://www.contraloria.cl/SicaProd/SICAv3-BIFAPortalCGR/faces/newDetalleInforme?docIdcm=dbcef57d215aea2c7277dc577c12eea3,C,Informe de Investigación Especial,29994,https://www.contraloria.cl/SicaProd/SICAv3-BIFAPortalCGR/servletfichainformegoogle?docIdcm=dbcef57d215aea2c7277dc577c12eea3&pdf=1