IDACTIVIDAD,CODIGOSUBDERE,FECHAINFORME,NOMBRESERVICIO,ANOINFORME,NUMEROINFORME,MATERIAINFORME,FICHAINFORMEBIFA,C_REG_SUBDERE,NOMBRESUBDERE,FICHAINFORME,TIPOSUBDERE,TIPOINFORME,IDINFORME,PDFINFORME
30051,05802,2015-08-11 00:00:00.0,MUNICIPALIDAD DE LIMACHE,2015,553,INFORME INVESTIGACIÓN ESPECIAL 553-15 MUNICIPALIDAD DE LIMACHE SOBRE GASTOS RELACIONADOS CON LA RADIO COMUNITARIA PARTICIPA DEL CENTRO CULTURAL LLIMACHÍ - AGOSTO 2015,https://www.contraloria.cl/pdfbuscador/auditoria/62a461a29d262f821ae4ce3808b6d3a9/html,05,LIMACHE,https://www.contraloria.cl/SicaProd/SICAv3-BIFAPortalCGR/faces/newDetalleInforme?docIdcm=62a461a29d262f821ae4ce3808b6d3a9,C,Informe de Investigación Especial,14524,https://www.contraloria.cl/SicaProd/SICAv3-BIFAPortalCGR/servletfichainformegoogle?docIdcm=62a461a29d262f821ae4ce3808b6d3a9&pdf=1
32147,05802,2015-12-28 00:00:00.0,MUNICIPALIDAD DE LIMACHE,2015,1133,"INFORME FINAL 1.133-15 MUNICIPALIDAD DE LIMACHE SOBRE EXAMEN DE CUENTAS A MATERIAS ASOCIADAS A LOS MACROPROCESOS DE TRANSFERENCIAS, RECURSOS HUMANOS, ADQUISICIONES Y ABASTECIMIENTO - DICIEMBRE 2015",https://www.contraloria.cl/pdfbuscador/auditoria/7cbaa062e533c174a5ea37e071def319/html,05,LIMACHE,https://www.contraloria.cl/SicaProd/SICAv3-BIFAPortalCGR/faces/newDetalleInforme?docIdcm=7cbaa062e533c174a5ea37e071def319,C,Informe Final de Auditoría,16722,https://www.contraloria.cl/SicaProd/SICAv3-BIFAPortalCGR/servletfichainformegoogle?docIdcm=7cbaa062e533c174a5ea37e071def319&pdf=1
33355,05802,2016-05-10 00:00:00.0,MUNICIPALIDAD DE LIMACHE,2016,65,INFORME INVESTIGACIÓN ESPECIAL 65-16 MUNICIPALIDAD DE LIMACHE PROYECTOS INMOBILIARIOS DESARROLLADOS EN LA COMUNA - MAYO 2016,https://www.contraloria.cl/pdfbuscador/auditoria/08b1d2f2fa843a4146d383d4583b2bbc/html,05,LIMACHE,https://www.contraloria.cl/SicaProd/SICAv3-BIFAPortalCGR/faces/newDetalleInforme?docIdcm=08b1d2f2fa843a4146d383d4583b2bbc,C,Informe de Investigación Especial,17943,https://www.contraloria.cl/SicaProd/SICAv3-BIFAPortalCGR/servletfichainformegoogle?docIdcm=08b1d2f2fa843a4146d383d4583b2bbc&pdf=1
35504,05802,2016-05-25 00:00:00.0,MUNICIPALIDAD DE LIMACHE,2016,90,INFORME INVESTIGACIÓN ESPECIAL 90-16 MUNICIPALIDAD DE LIMACHE DIVERSAS MATERIAS RELACIONADAS A LA SEMANA DE LA CHILENIDAD 2015 - MAYO 2016,https://www.contraloria.cl/pdfbuscador/auditoria/0fa09a81a9cfb8a9583142e4421efb03/html,05,LIMACHE,https://www.contraloria.cl/SicaProd/SICAv3-BIFAPortalCGR/faces/newDetalleInforme?docIdcm=0fa09a81a9cfb8a9583142e4421efb03,C,Informe de Investigación Especial,18045,https://www.contraloria.cl/SicaProd/SICAv3-BIFAPortalCGR/servletfichainformegoogle?docIdcm=0fa09a81a9cfb8a9583142e4421efb03&pdf=1
36335,05802,2016-11-16 00:00:00.0,MUNICIPALIDAD DE LIMACHE,2016,548,INFORME DE INVESTIGACIÓN ESPECIAL 548-16 MUNICIPALIDAD DE LIMACHE SOBRE EVENTUALES IRREGULARIDADES EN EL CONTRATO QUE INDICA - NOVIEMBRE 2016,https://www.contraloria.cl/pdfbuscador/auditoria/f0a056d13a473be9cb2dc98229d77b87/html,05,LIMACHE,https://www.contraloria.cl/SicaProd/SICAv3-BIFAPortalCGR/faces/newDetalleInforme?docIdcm=f0a056d13a473be9cb2dc98229d77b87,C,Informe de Investigación Especial,19563,https://www.contraloria.cl/SicaProd/SICAv3-BIFAPortalCGR/servletfichainformegoogle?docIdcm=f0a056d13a473be9cb2dc98229d77b87&pdf=1
34978,05802,2016-10-20 00:00:00.0,MUNICIPALIDAD DE LIMACHE,2016,684,INFORME FINAL 684 -16 MUNICIPALIDAD DE LIMACHE - AUDITORÍA AL GASTO EN PERIODO ELECTORAL - USO DE BIENES - VEHÍCULOS - RRHH - RECURSOS FÍSICOS Y FINANCIEROS - OCTUBRE 2016,https://www.contraloria.cl/pdfbuscador/auditoria/37b1061c9a79d53c11ac7921f37250d2/html,05,LIMACHE,https://www.contraloria.cl/SicaProd/SICAv3-BIFAPortalCGR/faces/newDetalleInforme?docIdcm=37b1061c9a79d53c11ac7921f37250d2,C,Informe Final de Auditoría,19215,https://www.contraloria.cl/SicaProd/SICAv3-BIFAPortalCGR/servletfichainformegoogle?docIdcm=37b1061c9a79d53c11ac7921f37250d2&pdf=1
38550,05802,2016-12-16 00:00:00.0,MUNICIPALIDAD DE LIMACHE,2016,1035,INFORME FINAL DE INVESTIGACIÓN ESPECIAL 1.035-16 MUNICIPALIDAD DE LIMACHE SOBRE INCUMPLIMIENTO DE LA JORNADA LABORAL DEL MÉDICO DEL GABINETE PSICOTÉCNICO - DICIEMBRE 2016,https://www.contraloria.cl/pdfbuscador/auditoria/7285b6d35e3551cbe466a477b9a69cff/html,05,LIMACHE,https://www.contraloria.cl/SicaProd/SICAv3-BIFAPortalCGR/faces/newDetalleInforme?docIdcm=7285b6d35e3551cbe466a477b9a69cff,C,Informe de Investigación Especial,19911,https://www.contraloria.cl/SicaProd/SICAv3-BIFAPortalCGR/servletfichainformegoogle?docIdcm=7285b6d35e3551cbe466a477b9a69cff&pdf=1
40431,05802,2017-06-15 00:00:00.0,MUNICIPALIDAD DE LIMACHE,2017,190,INFORME FINAL DE INVESTIGACIÓN ESPECIAL 190-17 MUNICIPALIDAD DE LIMACHE SOBRE EVENTUALES IRREGULARIDADES EN EL CONTRATO REPOSICIÓN ALUMBRADO PÚBLICO-ETAPA II - JUNIO 2017,https://www.contraloria.cl/pdfbuscador/auditoria/50c60c4f3819b25017d6f08de7905480/html,05,LIMACHE,https://www.contraloria.cl/SicaProd/SICAv3-BIFAPortalCGR/faces/newDetalleInforme?docIdcm=50c60c4f3819b25017d6f08de7905480,C,Informe de Investigación Especial,21209,https://www.contraloria.cl/SicaProd/SICAv3-BIFAPortalCGR/servletfichainformegoogle?docIdcm=50c60c4f3819b25017d6f08de7905480&pdf=1
54315,05802,2019-07-11 00:00:00.0,MUNICIPALIDAD DE LIMACHE,2019,253,INFORME FINAL DE INVESTIGACIÓN ESPECIAL 253-19 MUNICIPALIDAD DE LIMACHE SOBRE EVENTUALES IRREGULARIDADES - JULIO 2019,https://www.contraloria.cl/pdfbuscador/auditoria/1c44e613ca39a5f7f71b0f6cdd30be52/html,05,LIMACHE,https://www.contraloria.cl/SicaProd/SICAv3-BIFAPortalCGR/faces/newDetalleInforme?docIdcm=1c44e613ca39a5f7f71b0f6cdd30be52,C,Informe de Investigación Especial,29373,https://www.contraloria.cl/SicaProd/SICAv3-BIFAPortalCGR/servletfichainformegoogle?docIdcm=1c44e613ca39a5f7f71b0f6cdd30be52&pdf=1
67033,05802,2020-09-14 00:00:00.0,MUNICIPALIDAD DE LIMACHE,2020,269,INFORME FINAL DE INVESTIGACIÓN ESPECIAL 269-20 MUNICIPALIDAD DE LIMACHE SOBRE EVENTUALES IRREGULARIDADES - SEPTIEMBRE 2020,https://www.contraloria.cl/pdfbuscador/auditoria/cf03434d13485e1aabd09230e0d177e0/html,05,LIMACHE,https://www.contraloria.cl/SicaProd/SICAv3-BIFAPortalCGR/faces/newDetalleInforme?docIdcm=cf03434d13485e1aabd09230e0d177e0,C,Informe de Investigación Especial,33573,https://www.contraloria.cl/SicaProd/SICAv3-BIFAPortalCGR/servletfichainformegoogle?docIdcm=cf03434d13485e1aabd09230e0d177e0&pdf=1