IDACTIVIDAD,CODIGOSUBDERE,FECHAINFORME,NOMBRESERVICIO,ANOINFORME,NUMEROINFORME,MATERIAINFORME,FICHAINFORMEBIFA,C_REG_SUBDERE,NOMBRESUBDERE,FICHAINFORME,TIPOSUBDERE,TIPOINFORME,IDINFORME,PDFINFORME
28170,07401,2015-05-08 00:00:00.0,MUNICIPALIDAD DE LINARES,2015,233,INFORME DE INVESTIGACION ESPECIAL 233-15 MUNICIPALIDAD DE LINARES ANOMALIAS FERIAS ARTESANALES ORGANIZADAS POR DIDECO - MAYO 2015,https://www.contraloria.cl/pdfbuscador/auditoria/fd709cc46072f4eb131678c21944a399/html,07,LINARES,https://www.contraloria.cl/SicaProd/SICAv3-BIFAPortalCGR/faces/newDetalleInforme?docIdcm=fd709cc46072f4eb131678c21944a399,C,Informe de Investigación Especial,13791,https://www.contraloria.cl/SicaProd/SICAv3-BIFAPortalCGR/servletfichainformegoogle?docIdcm=fd709cc46072f4eb131678c21944a399&pdf=1
28123,07401,2015-08-28 00:00:00.0,MUNICIPALIDAD DE LINARES,2015,473,INFORME FINAL 473-15 MUNICIPALIDAD DE LINARES AUDITORIA AL MACROPROCESO DE RESURSOS HUMANOS MATERIA HORAS EXTRAORDINARIAS - AGOSTO 2015,https://www.contraloria.cl/pdfbuscador/auditoria/743ab21166d9b83c8fd0f6e9e4d62114/html,07,LINARES,https://www.contraloria.cl/SicaProd/SICAv3-BIFAPortalCGR/faces/newDetalleInforme?docIdcm=743ab21166d9b83c8fd0f6e9e4d62114,C,Informe Final de Auditoría,14683,https://www.contraloria.cl/SicaProd/SICAv3-BIFAPortalCGR/servletfichainformegoogle?docIdcm=743ab21166d9b83c8fd0f6e9e4d62114&pdf=1
30255,07401,2015-08-14 00:00:00.0,DEPARTAMENTO DE EDUCACION DE LINARES,2015,689,INFORME DE INVESTIGACION ESPECIAL 689-15 DEPARTAMENTO DE EDUCACION DE LA MUNICIPALIDAD DE LINARES IRREGULARIDAD EN PAGO DE VACACIONES E INDEMNIZACION POR AÑOS DE SERVICIO - AGOSTO 2015,https://www.contraloria.cl/pdfbuscador/auditoria/247294a83a0511780357dfa3c8b71240/html,07,LINARES,https://www.contraloria.cl/SicaProd/SICAv3-BIFAPortalCGR/faces/newDetalleInforme?docIdcm=247294a83a0511780357dfa3c8b71240,C,Informe de Investigación Especial,14545,https://www.contraloria.cl/SicaProd/SICAv3-BIFAPortalCGR/servletfichainformegoogle?docIdcm=247294a83a0511780357dfa3c8b71240&pdf=1
30085,07401,2015-08-11 00:00:00.0,MUNICIPALIDAD DE LINARES,2015,763,INFORME DE INVESTIGACION ESPECIAL 763-15 MUNICIPALIDAD DE LINARES PRESUNTAS IRREGULARIDADES - AGOSTO 2015,https://www.contraloria.cl/pdfbuscador/auditoria/1473b5c9d29d786d3435c001b039972e/html,07,LINARES,https://www.contraloria.cl/SicaProd/SICAv3-BIFAPortalCGR/faces/newDetalleInforme?docIdcm=1473b5c9d29d786d3435c001b039972e,C,Informe de Investigación Especial,14538,https://www.contraloria.cl/SicaProd/SICAv3-BIFAPortalCGR/servletfichainformegoogle?docIdcm=1473b5c9d29d786d3435c001b039972e&pdf=1
35296,07401,2016-05-16 00:00:00.0,DEPARTAMENTO DE EDUCACION DE LINARES,2016,207,INFORME DE INVESTIGACION ESPECIAL 207-16 DEPARTAMENTO DE EDUCACION MUNICIPALIDAD DE LINARES EVENTUALES IRREGULARIDADES EN LA CONTRATACION DE SERVICIOS EMPRESA BUSES VILLAR LTDA - MAYO 2016,https://www.contraloria.cl/pdfbuscador/auditoria/bc3dcccc15331ebeec64051e68a95bf9/html,07,LINARES,https://www.contraloria.cl/SicaProd/SICAv3-BIFAPortalCGR/faces/newDetalleInforme?docIdcm=bc3dcccc15331ebeec64051e68a95bf9,C,Informe de Investigación Especial,17988,https://www.contraloria.cl/SicaProd/SICAv3-BIFAPortalCGR/servletfichainformegoogle?docIdcm=bc3dcccc15331ebeec64051e68a95bf9&pdf=1
35709,07401,2016-08-18 00:00:00.0,MUNICIPALIDAD DE LINARES,2016,317,INFORME INVESTIGACION ESPECIAL 317-16 MUNICIPALIDAD DE LINARES SOBRE PRESUNTAS IRREGULARIDADES RELACIONADAS CON PROCESOS LICITATORIOS Y COMISIONES DE SERVICIO DE FUNCIONARIOS Y CONCEJALES - AGOSTO 2016,https://www.contraloria.cl/pdfbuscador/auditoria/f3238657cbd7e71196b1b70945587eab/html,07,LINARES,https://www.contraloria.cl/SicaProd/SICAv3-BIFAPortalCGR/faces/newDetalleInforme?docIdcm=f3238657cbd7e71196b1b70945587eab,C,Informe de Investigación Especial,18681,https://www.contraloria.cl/SicaProd/SICAv3-BIFAPortalCGR/servletfichainformegoogle?docIdcm=f3238657cbd7e71196b1b70945587eab&pdf=1
34417,07401,2016-10-14 00:00:00.0,MUNICIPALIDAD DE LINARES,2016,822,INFORME FINAL 822-16 MUNICIPALIDAD DE LINARES - AUDITORÍA AL GASTO EN PERIODO ELECTORAL - USO DE BIENES - VEHÍCULOS - RRHH - RECURSOS FÍSICOS Y FINANCIEROS - OCTUBRE 2016,https://www.contraloria.cl/pdfbuscador/auditoria/d6f5d91eefbd2e3b353207fc14b3fc42/html,07,LINARES,https://www.contraloria.cl/SicaProd/SICAv3-BIFAPortalCGR/faces/newDetalleInforme?docIdcm=d6f5d91eefbd2e3b353207fc14b3fc42,C,Informe Final de Auditoría,19135,https://www.contraloria.cl/SicaProd/SICAv3-BIFAPortalCGR/servletfichainformegoogle?docIdcm=d6f5d91eefbd2e3b353207fc14b3fc42&pdf=1
43745,07401,2017-07-07 00:00:00.0,DEPARTAMENTO DE SALUD DE LINARES,2017,236,INFORME FINAL DE INVESTIGACION ESPECIAL 236-17 DESAM DE LINARES EXAMEN DE CUENTAS A HONORARIOS PAGADOS - JULIO 2017,https://www.contraloria.cl/pdfbuscador/auditoria/ac2e6c666334b515c57be07adb518345/html,07,LINARES,https://www.contraloria.cl/SicaProd/SICAv3-BIFAPortalCGR/faces/newDetalleInforme?docIdcm=ac2e6c666334b515c57be07adb518345,C,Informe de Investigación Especial,21384,https://www.contraloria.cl/SicaProd/SICAv3-BIFAPortalCGR/servletfichainformegoogle?docIdcm=ac2e6c666334b515c57be07adb518345&pdf=1
38824,07401,2017-07-20 00:00:00.0,MUNICIPALIDAD DE LINARES,2017,252,INFORME FINAL DE INVESTIGACION ESPECIAL 252-17 MUNICIPALIDAD DE LINARES SOBRE IRREGULARIDADES EN VIAJE DE AUTORIDADES- JULIO 2017,https://www.contraloria.cl/pdfbuscador/auditoria/332f47e13da95738728f5c28b0e66605/html,07,LINARES,https://www.contraloria.cl/SicaProd/SICAv3-BIFAPortalCGR/faces/newDetalleInforme?docIdcm=332f47e13da95738728f5c28b0e66605,C,Informe de Investigación Especial,21408,https://www.contraloria.cl/SicaProd/SICAv3-BIFAPortalCGR/servletfichainformegoogle?docIdcm=332f47e13da95738728f5c28b0e66605&pdf=1
38825,07401,2017-12-11 00:00:00.0,MUNICIPALIDAD DE LINARES,2017,272,INFORME FINAL DE INVESTIGACION ESPECIAL 272-17 MUNICIPALIDAD DE LINARES SOBRE IRREGULARIDADES EN PROGRAMA MUNICIPAL Y COMPRAS PUBLICAS - DICIEMBRE 2017,https://www.contraloria.cl/pdfbuscador/auditoria/d301bef66926329ca271f988e7e8fdd5/html,07,LINARES,https://www.contraloria.cl/SicaProd/SICAv3-BIFAPortalCGR/faces/newDetalleInforme?docIdcm=d301bef66926329ca271f988e7e8fdd5,C,Informe de Investigación Especial,22314,https://www.contraloria.cl/SicaProd/SICAv3-BIFAPortalCGR/servletfichainformegoogle?docIdcm=d301bef66926329ca271f988e7e8fdd5&pdf=1
45696,07401,2017-08-22 00:00:00.0,MUNICIPALIDAD DE LINARES,2017,553,INFORME FINAL DE INVESTIGACION ESPECIAL 553-17 MUNICIPALIDAD Y DAEM DE LINARES PRESUNTAS IRREGULARIDADES RELACIONADAS CON CONTRATACIONES - AGOSTO 2017,https://www.contraloria.cl/pdfbuscador/auditoria/a25b98363509a49950315dbd01e92eb1/html,07,LINARES,https://www.contraloria.cl/SicaProd/SICAv3-BIFAPortalCGR/faces/newDetalleInforme?docIdcm=a25b98363509a49950315dbd01e92eb1,C,Informe de Investigación Especial,21578,https://www.contraloria.cl/SicaProd/SICAv3-BIFAPortalCGR/servletfichainformegoogle?docIdcm=a25b98363509a49950315dbd01e92eb1&pdf=1
47429,07401,2017-12-12 00:00:00.0,DEPARTAMENTO DE EDUCACION DE LINARES,2017,1093,INFORME FINAL DE INVESTIGACION ESPECIAL 1093-17 DEAM DE LINARES SOBRE IRREGULARIDADES RELACIONADAS CON FUNCIONARIOS - DICIEMBRE 2017,https://www.contraloria.cl/pdfbuscador/auditoria/bac20e095cc7db5af85730b83ff055c1/html,07,LINARES,https://www.contraloria.cl/SicaProd/SICAv3-BIFAPortalCGR/faces/newDetalleInforme?docIdcm=bac20e095cc7db5af85730b83ff055c1,C,Informe de Investigación Especial,22339,https://www.contraloria.cl/SicaProd/SICAv3-BIFAPortalCGR/servletfichainformegoogle?docIdcm=bac20e095cc7db5af85730b83ff055c1&pdf=1
49464,07401,2018-08-16 00:00:00.0,DEPARTAMENTO DE EDUCACION DE LINARES,2018,231,INFORME FINAL 231-18 DEPARTAMENTO DE EDUCACION MUNICIPAL DE LINARES AUDITORIA A LOS RECURSOS DE LA LEY N°20.248 SEP - AGOSTO 2018,https://www.contraloria.cl/pdfbuscador/auditoria/2bdd71666fb7896afa9a6c59318f3f09/html,07,LINARES,https://www.contraloria.cl/SicaProd/SICAv3-BIFAPortalCGR/faces/newDetalleInforme?docIdcm=2bdd71666fb7896afa9a6c59318f3f09,C,Informe Final de Auditoría,25342,https://www.contraloria.cl/SicaProd/SICAv3-BIFAPortalCGR/servletfichainformegoogle?docIdcm=2bdd71666fb7896afa9a6c59318f3f09&pdf=1
53103,07401,2019-07-01 00:00:00.0,MUNICIPALIDAD DE LINARES,2018,891,INFORME FINAL 891-18 MUNICIPALIDAD DE LINARES AUDITORIA A LOS MACROPROCESOS DE TECNOLOGIAS DE LA INFORMACION Y COMUNICACIONES -TIC- JULIO 2019,https://www.contraloria.cl/pdfbuscador/auditoria/b8eccb380f5f4d40712360dd2a0cc8e1/html,07,LINARES,https://www.contraloria.cl/SicaProd/SICAv3-BIFAPortalCGR/faces/newDetalleInforme?docIdcm=b8eccb380f5f4d40712360dd2a0cc8e1,C,Informe Final de Auditoría,29294,https://www.contraloria.cl/SicaProd/SICAv3-BIFAPortalCGR/servletfichainformegoogle?docIdcm=b8eccb380f5f4d40712360dd2a0cc8e1&pdf=1
57546,07401,2019-11-05 00:00:00.0,MUNICIPALIDAD DE LINARES,2019,617,"INFORME FINAL 617-19 AUDITORÍA AL MACROPROCESO DE CONCESIÓN DEL SERVICIO DE RECOLECCIÓN, TRANSPORTE Y DISPOSICIÓN FINAL DE RESIDUOS DOMICILIARIOS - NOVIEMBRE 2019",https://www.contraloria.cl/pdfbuscador/auditoria/a58f65cccf7916294aef5bc472939f1b/html,07,LINARES,https://www.contraloria.cl/SicaProd/SICAv3-BIFAPortalCGR/faces/newDetalleInforme?docIdcm=a58f65cccf7916294aef5bc472939f1b,C,Informe Final de Auditoría,30250,https://www.contraloria.cl/SicaProd/SICAv3-BIFAPortalCGR/servletfichainformegoogle?docIdcm=a58f65cccf7916294aef5bc472939f1b&pdf=1