IDACTIVIDAD,CODIGOSUBDERE,FECHAINFORME,NOMBRESERVICIO,ANOINFORME,NUMEROINFORME,MATERIAINFORME,FICHAINFORMEBIFA,C_REG_SUBDERE,NOMBRESUBDERE,FICHAINFORME,TIPOSUBDERE,TIPOINFORME,IDINFORME,PDFINFORME
24526,10107,2015-05-27 00:00:00.0,MUNICIPALIDAD DE LLANQUIHUE,2015,92,INFORME INVESTIGACION ESPECIAL 92-15 MUNICIPALIDAD DE LLANQUIHUE ASIGNACION DE STANDS EN ACTIVIDADES DE VERANO 2014 Y OTRAS MATERIAS - MAYO 2015,https://www.contraloria.cl/pdfbuscador/auditoria/76a315d608311a114c91cd1cd46dffcd/html,10,LLANQUIHUE,https://www.contraloria.cl/SicaProd/SICAv3-BIFAPortalCGR/faces/newDetalleInforme?docIdcm=76a315d608311a114c91cd1cd46dffcd,C,Informe de Investigación Especial,14007,https://www.contraloria.cl/SicaProd/SICAv3-BIFAPortalCGR/servletfichainformegoogle?docIdcm=76a315d608311a114c91cd1cd46dffcd&pdf=1
24482,10107,2015-07-22 00:00:00.0,MUNICIPALIDAD DE LLANQUIHUE,2015,98,INFORME INVESTIGACION ESPECIAL 98-15 MUNICIPALIDAD DE LLANQUIHUE CONTRATOS A HONORARIOS DE PROFESIONALES ABOGADOS Y OTRAS MATERIAS - JULIO 2015,https://www.contraloria.cl/pdfbuscador/auditoria/e44b014d27ff5060bd722d3425de474a/html,10,LLANQUIHUE,https://www.contraloria.cl/SicaProd/SICAv3-BIFAPortalCGR/faces/newDetalleInforme?docIdcm=e44b014d27ff5060bd722d3425de474a,C,Informe de Investigación Especial,14553,https://www.contraloria.cl/SicaProd/SICAv3-BIFAPortalCGR/servletfichainformegoogle?docIdcm=e44b014d27ff5060bd722d3425de474a&pdf=1
30613,10107,2015-08-25 00:00:00.0,DEPARTAMENTO DE EDUCACION DE LLANQUIHUE,2015,581,INFORME INVESTIGACION ESPECIAL 581-15 MUNICIPALIDAD DE LLANQUIHUE EVENTUALES IRREGULARIDADES EN DAEM - AGOSTO 2015,https://www.contraloria.cl/pdfbuscador/auditoria/a842ae4f538649ded56121b8dbf3b928/html,10,LLANQUIHUE,https://www.contraloria.cl/SicaProd/SICAv3-BIFAPortalCGR/faces/newDetalleInforme?docIdcm=a842ae4f538649ded56121b8dbf3b928,C,Informe de Investigación Especial,14761,https://www.contraloria.cl/SicaProd/SICAv3-BIFAPortalCGR/servletfichainformegoogle?docIdcm=a842ae4f538649ded56121b8dbf3b928&pdf=1
28813,10107,2015-08-31 00:00:00.0,MUNICIPALIDAD DE LLANQUIHUE,2015,759,INFORME FINAL 759-15 MUNICIPALIDAD DE LLANQUIHUE AUDITORIA A RENDICIONES DE ANTICIPOS 2014 Y CONTROL VEHICULOS MUNICIPALES - AGOSTO 2015,https://www.contraloria.cl/pdfbuscador/auditoria/dbdd8777b9975b471a96037819e79482/html,10,LLANQUIHUE,https://www.contraloria.cl/SicaProd/SICAv3-BIFAPortalCGR/faces/newDetalleInforme?docIdcm=dbdd8777b9975b471a96037819e79482,C,Informe Final de Auditoría,14760,https://www.contraloria.cl/SicaProd/SICAv3-BIFAPortalCGR/servletfichainformegoogle?docIdcm=dbdd8777b9975b471a96037819e79482&pdf=1
31804,10107,2015-11-23 00:00:00.0,MUNICIPALIDAD DE LLANQUIHUE,2015,1004,INFORME INVESTIGACION ESPECIAL 1004-15 MUNICIPALIDAD DE LLANQUIHUE COMISION DE SERVICIOS GASTOS A RENDIR Y PAGO CURSOS - NOVIEMBRE 2015,https://www.contraloria.cl/pdfbuscador/auditoria/8febb9dc4b9b6340af72886d5bb79a96/html,10,LLANQUIHUE,https://www.contraloria.cl/SicaProd/SICAv3-BIFAPortalCGR/faces/newDetalleInforme?docIdcm=8febb9dc4b9b6340af72886d5bb79a96,C,Informe de Investigación Especial,16883,https://www.contraloria.cl/SicaProd/SICAv3-BIFAPortalCGR/servletfichainformegoogle?docIdcm=8febb9dc4b9b6340af72886d5bb79a96&pdf=1
28812,10107,2015-12-28 00:00:00.0,MUNICIPALIDAD DE LLANQUIHUE,2015,1043,INFORME FINAL 1043-15 MUNICIPALIDAD DE LLANQUIHUE AUDITORIA DE INFRAESTRUCTURA - DICIEMBRE DE 2015,https://www.contraloria.cl/pdfbuscador/auditoria/042de1b4d3b6e6a73adcfc298cc06ec9/html,10,LLANQUIHUE,https://www.contraloria.cl/SicaProd/SICAv3-BIFAPortalCGR/faces/newDetalleInforme?docIdcm=042de1b4d3b6e6a73adcfc298cc06ec9,C,Informe Final de Auditoría,16864,https://www.contraloria.cl/SicaProd/SICAv3-BIFAPortalCGR/servletfichainformegoogle?docIdcm=042de1b4d3b6e6a73adcfc298cc06ec9&pdf=1
32654,10107,2015-12-30 00:00:00.0,MUNICIPALIDAD DE LLANQUIHUE,2015,1241,INFORME INVESTIGACION ESPECIAL 1241-15 MUNICIPALIDAD DE LLANQUIHUE EVENTUALES IRREGULARIDADES EN OTORGAMIENTO LICENCIAS DE CONDUCIR - DICIEMBRE 2015,https://www.contraloria.cl/pdfbuscador/auditoria/89f0038f408d699c64054d17f430309c/html,10,LLANQUIHUE,https://www.contraloria.cl/SicaProd/SICAv3-BIFAPortalCGR/faces/newDetalleInforme?docIdcm=89f0038f408d699c64054d17f430309c,C,Informe de Investigación Especial,16901,https://www.contraloria.cl/SicaProd/SICAv3-BIFAPortalCGR/servletfichainformegoogle?docIdcm=89f0038f408d699c64054d17f430309c&pdf=1
28875,10107,2015-12-31 00:00:00.0,DEPARTAMENTO DE SALUD DE LLANQUIHUE,2015,1294,INFORME FINAL 1294-15 DEPARTAMENTO DE SALUD DE LLANQUIHUE AUDITORIA MACROPROCESO ADQUISICIÓN Y ABASTECIMIENTO - DICIEMBRE 2015,https://www.contraloria.cl/pdfbuscador/auditoria/3db26434159efa14e16152388bc0b387/html,10,LLANQUIHUE,https://www.contraloria.cl/SicaProd/SICAv3-BIFAPortalCGR/faces/newDetalleInforme?docIdcm=3db26434159efa14e16152388bc0b387,C,Informe Final de Auditoría,16881,https://www.contraloria.cl/SicaProd/SICAv3-BIFAPortalCGR/servletfichainformegoogle?docIdcm=3db26434159efa14e16152388bc0b387&pdf=1
57782,10107,2019-11-13 00:00:00.0,DEPARTAMENTO DE SALUD DE LLANQUIHUE,2019,519,INFORME FINAL 519-19 DESAM DE LLANQUIHUE AUDITORIA SOBRE PAGO REMUNERACIONES Y EXAMEN DE CUENTAS AL PAGO ASIGNACIONES - NOVIEMBRE DE 2019,https://www.contraloria.cl/pdfbuscador/auditoria/4d1f689cb4a8a2665367145aa8bc70e8/html,10,LLANQUIHUE,https://www.contraloria.cl/SicaProd/SICAv3-BIFAPortalCGR/faces/newDetalleInforme?docIdcm=4d1f689cb4a8a2665367145aa8bc70e8,C,Informe Final de Auditoría,30446,https://www.contraloria.cl/SicaProd/SICAv3-BIFAPortalCGR/servletfichainformegoogle?docIdcm=4d1f689cb4a8a2665367145aa8bc70e8&pdf=1
58533,10107,2020-07-10 00:00:00.0,MUNICIPALIDAD DE LLANQUIHUE,2019,779,INFORME FINAL 779-19 MUNICIPALIDAD DE LLANQUIHUE AUDITORIA AL MACROPROCESO DE FINANZAS - JULIO 2020,https://www.contraloria.cl/pdfbuscador/auditoria/d2307221b90ec2d7fcc82da2b16a3fae/html,10,LLANQUIHUE,https://www.contraloria.cl/SicaProd/SICAv3-BIFAPortalCGR/faces/newDetalleInforme?docIdcm=d2307221b90ec2d7fcc82da2b16a3fae,C,Informe Final de Auditoría,33184,https://www.contraloria.cl/SicaProd/SICAv3-BIFAPortalCGR/servletfichainformegoogle?docIdcm=d2307221b90ec2d7fcc82da2b16a3fae&pdf=1