IDACTIVIDAD,CODIGOSUBDERE,FECHAINFORME,NOMBRESERVICIO,ANOINFORME,NUMEROINFORME,MATERIAINFORME,FICHAINFORMEBIFA,C_REG_SUBDERE,NOMBRESUBDERE,FICHAINFORME,TIPOSUBDERE,TIPOINFORME,IDINFORME,PDFINFORME
28584,13115,2015-09-16 00:00:00.0,MUNICIPALIDAD DE LO BARNECHEA,2015,451,INFORME FINAL 451-15 MUNICIPALIDAD DE LO BARNECHEA - SOBRE AUDITORIA A LAS CONTRATACIONES DE HONORARIOS EN PROGRAMAS COMUNITARIOS - SEPTIEMBRE 2015,https://www.contraloria.cl/pdfbuscador/auditoria/28534b8beb56fd766a9d66fc578bfaa5/html,13,LO BARNECHEA,https://www.contraloria.cl/SicaProd/SICAv3-BIFAPortalCGR/faces/newDetalleInforme?docIdcm=28534b8beb56fd766a9d66fc578bfaa5,C,Informe Final de Auditoría,14874,https://www.contraloria.cl/SicaProd/SICAv3-BIFAPortalCGR/servletfichainformegoogle?docIdcm=28534b8beb56fd766a9d66fc578bfaa5&pdf=1
28436,13115,2015-12-01 00:00:00.0,DEPARTAMENTO DE SALUD DE LO BARNECHEA,2015,905,INFORME FINAL 905-15 DEPARTAMENTO DE SALUD DE LO BARNECHEA - SOBRE AUDITORIA AL PROGRAMA DE SERVICIO DE ATENCION PRIMARIA DE URGENCIA SAPU - DICIEMBRE 2015,https://www.contraloria.cl/pdfbuscador/auditoria/f9192d96d29c4fa494e1b289372c244e/html,13,LO BARNECHEA,https://www.contraloria.cl/SicaProd/SICAv3-BIFAPortalCGR/faces/newDetalleInforme?docIdcm=f9192d96d29c4fa494e1b289372c244e,C,Informe Final de Auditoría,16397,https://www.contraloria.cl/SicaProd/SICAv3-BIFAPortalCGR/servletfichainformegoogle?docIdcm=f9192d96d29c4fa494e1b289372c244e&pdf=1
32371,13115,2016-09-08 00:00:00.0,MUNICIPALIDAD DE LO BARNECHEA,2015,1258,INVESTIGACIÓN ESPECIAL 1258-15 MUNICIPALIDAD DE LO BARNECHEA - SOBRE CONTRATACIÓN DIRECTOR JURÍDICO EN OTRA ENTIDAD - SEPTIEMBRE 2016,https://www.contraloria.cl/pdfbuscador/auditoria/e166a1755887cc8224c7b2faf4b3cdee/html,13,LO BARNECHEA,https://www.contraloria.cl/SicaProd/SICAv3-BIFAPortalCGR/faces/newDetalleInforme?docIdcm=e166a1755887cc8224c7b2faf4b3cdee,C,Informe de Investigación Especial,19554,https://www.contraloria.cl/SicaProd/SICAv3-BIFAPortalCGR/servletfichainformegoogle?docIdcm=e166a1755887cc8224c7b2faf4b3cdee&pdf=1
32026,13115,2016-03-18 00:00:00.0,DEPARTAMENTO DE EDUCACION DE LO BARNECHEA,2015,1334,INFORME FINAL INFORME FINAL 1.334-15 DEPARTAMENTO DE EDUCACION DE LO BARNECHEA - SOBRE AUDITORIA AL ACTIVO FIJO - MARZO 2016,https://www.contraloria.cl/pdfbuscador/auditoria/57b94cf72b60772903c0184468b60f65/html,13,LO BARNECHEA,https://www.contraloria.cl/SicaProd/SICAv3-BIFAPortalCGR/faces/newDetalleInforme?docIdcm=57b94cf72b60772903c0184468b60f65,C,Informe Final de Auditoría,17536,https://www.contraloria.cl/SicaProd/SICAv3-BIFAPortalCGR/servletfichainformegoogle?docIdcm=57b94cf72b60772903c0184468b60f65&pdf=1
36031,13115,2016-07-13 00:00:00.0,MUNICIPALIDAD DE LO BARNECHEA,2016,389,INVESTIGACION ESPECIAL 389-2016 MUNICIPALIDADES DE LO BARNECHEA Y SAN JOSE DE MAIPO  -  SOBRE CONTRATACIONES REALIZADAS POR LA ASOCIACIÓN DE MUNICIPALIDADES PARQUE CORDILLERA Y APORTES REALIZADOS A ESTA ENTIDAD - JULIO 2016,https://www.contraloria.cl/pdfbuscador/auditoria/ec1a1bb35404100fb4ba5bd90da6c56d/html,13,LO BARNECHEA,https://www.contraloria.cl/SicaProd/SICAv3-BIFAPortalCGR/faces/newDetalleInforme?docIdcm=ec1a1bb35404100fb4ba5bd90da6c56d,C,Informe de Investigación Especial,18473,https://www.contraloria.cl/SicaProd/SICAv3-BIFAPortalCGR/servletfichainformegoogle?docIdcm=ec1a1bb35404100fb4ba5bd90da6c56d&pdf=1
34467,13115,2016-12-30 00:00:00.0,MUNICIPALIDAD DE LO BARNECHEA,2016,460,	INFORME FINAL 460-2016 MUNICIPALIDAD DE LO BARNECHEA AUDITORÍA A LICITACIÓN DE GLOBO DE VIGILANCIA -DICIEMBRE 2016,https://www.contraloria.cl/pdfbuscador/auditoria/c27b6a6be30cfff8fc2a73cb05fe008d/html,13,LO BARNECHEA,https://www.contraloria.cl/SicaProd/SICAv3-BIFAPortalCGR/faces/newDetalleInforme?docIdcm=c27b6a6be30cfff8fc2a73cb05fe008d,C,Informe Final de Auditoría,20418,https://www.contraloria.cl/SicaProd/SICAv3-BIFAPortalCGR/servletfichainformegoogle?docIdcm=c27b6a6be30cfff8fc2a73cb05fe008d&pdf=1
34322,13115,2016-10-14 00:00:00.0,MUNICIPALIDAD DE LO BARNECHEA,2016,721,INFORME FINAL 721-16 MUNICIPALIDAD DE LO BARNECHEA - AUDITORÍA AL GASTO EN PERÍODO ELECTORAL - USO DE BIENES - VEHÍCULOS - RRHH - RECURSOS FÍSICOS Y FINANCIEROS - OCTUBRE 2016,https://www.contraloria.cl/pdfbuscador/auditoria/f3f16a5b619f8c4760402035692ed79f/html,13,LO BARNECHEA,https://www.contraloria.cl/SicaProd/SICAv3-BIFAPortalCGR/faces/newDetalleInforme?docIdcm=f3f16a5b619f8c4760402035692ed79f,C,Informe Final de Auditoría,19150,https://www.contraloria.cl/SicaProd/SICAv3-BIFAPortalCGR/servletfichainformegoogle?docIdcm=f3f16a5b619f8c4760402035692ed79f&pdf=1
41484,13115,2017-06-21 00:00:00.0,MUNICIPALIDAD DE LO BARNECHEA,2017,206,"INFORME FINAL 206-17 MUNICIPALIDAD DE LO BARNECHEA, AUDITORÍA A LOS CONTRATOS DE OBRA _JUNIO 2017",https://www.contraloria.cl/pdfbuscador/auditoria/0367006e6182c3c86b61b0d5e64e86b6/html,13,LO BARNECHEA,https://www.contraloria.cl/SicaProd/SICAv3-BIFAPortalCGR/faces/newDetalleInforme?docIdcm=0367006e6182c3c86b61b0d5e64e86b6,C,Informe Final de Auditoría,21324,https://www.contraloria.cl/SicaProd/SICAv3-BIFAPortalCGR/servletfichainformegoogle?docIdcm=0367006e6182c3c86b61b0d5e64e86b6&pdf=1
39157,13115,2018-01-09 00:00:00.0,MUNICIPALIDAD DE LO BARNECHEA,2017,529,INFORME FINAL DE INVESTIGACION ESPECIAL N° 529-17 - MUNICIPALIDAD DE LO BARNECHEA - SOBRE EVENTUAL FINANCIAMIENTO DE ACTIVIDADES POLITICAS CON FONDOS DE LA MUNICIPALIDAD - ENERO 2018,https://www.contraloria.cl/pdfbuscador/auditoria/f7e6d0745102a64a7cfea0c82eecb9ac/html,13,LO BARNECHEA,https://www.contraloria.cl/SicaProd/SICAv3-BIFAPortalCGR/faces/newDetalleInforme?docIdcm=f7e6d0745102a64a7cfea0c82eecb9ac,C,Informe de Investigación Especial,22878,https://www.contraloria.cl/SicaProd/SICAv3-BIFAPortalCGR/servletfichainformegoogle?docIdcm=f7e6d0745102a64a7cfea0c82eecb9ac&pdf=1
41769,13115,2017-12-06 00:00:00.0,MUNICIPALIDAD DE LO BARNECHEA,2017,750,INFORME FINAL N° 750-17 - MUNICIPALIDAD DE LO BARNECHEA - SOBRE AUDITORIA AL MACROPROCESO DE CONCESIONES - DICIEMBRE 2017,https://www.contraloria.cl/pdfbuscador/auditoria/dd5b5f6bf53973c047e1e5429eb5e471/html,13,LO BARNECHEA,https://www.contraloria.cl/SicaProd/SICAv3-BIFAPortalCGR/faces/newDetalleInforme?docIdcm=dd5b5f6bf53973c047e1e5429eb5e471,C,Informe Final de Auditoría,22277,https://www.contraloria.cl/SicaProd/SICAv3-BIFAPortalCGR/servletfichainformegoogle?docIdcm=dd5b5f6bf53973c047e1e5429eb5e471&pdf=1
51111,13115,2018-12-17 00:00:00.0,MUNICIPALIDAD DE LO BARNECHEA,2018,663,INFORME FINAL 663-2018 MUNICIPALIDAD DE LO BARNECHEA AUDITORÍA AL MACROPROCESO DE INGRESOS PROPIOS POR CONCEPTO DE PERMISOS DE CIRCULACIÓN-DICIEMBRE 2018,https://www.contraloria.cl/pdfbuscador/auditoria/56ac3583525c9cc31b9d8f785760ef41/html,13,LO BARNECHEA,https://www.contraloria.cl/SicaProd/SICAv3-BIFAPortalCGR/faces/newDetalleInforme?docIdcm=56ac3583525c9cc31b9d8f785760ef41,C,Informe Final de Auditoría,27068,https://www.contraloria.cl/SicaProd/SICAv3-BIFAPortalCGR/servletfichainformegoogle?docIdcm=56ac3583525c9cc31b9d8f785760ef41&pdf=1
52487,13115,2018-11-29 00:00:00.0,MUNICIPALIDAD DE LO BARNECHEA,2018,726,"INFORME FINAL DE INVESTIGACIÓN ESPECIAL 726-2018 MUNICIPALIDAD DE LO BARNECHEA-SOBRE EVENTUALES IRREGULARIDADES EN LA EJECUCIÓN DE OBRAS PRELIMINARES, RELACIONAQDAS CON LA CONSTRUCCIÓN DE UN PROYECTO HABITACIONAL COMUNA DE LO BARNECHEA",https://www.contraloria.cl/pdfbuscador/auditoria/c4aa49ae46625ea7189afde1a954fa8d/html,13,LO BARNECHEA,https://www.contraloria.cl/SicaProd/SICAv3-BIFAPortalCGR/faces/newDetalleInforme?docIdcm=c4aa49ae46625ea7189afde1a954fa8d,C,Informe de Investigación Especial,26786,https://www.contraloria.cl/SicaProd/SICAv3-BIFAPortalCGR/servletfichainformegoogle?docIdcm=c4aa49ae46625ea7189afde1a954fa8d&pdf=1
53336,13115,2019-03-27 00:00:00.0,MUNICIPALIDAD DE LO BARNECHEA,2018,1056,INFORME FINAL  1056-18 MUNICIPALIDAD DE LO BARNECHEA AUDITORÍA A LOS INGRESOS POR PATENTES CIPA- MARZO 2019,https://www.contraloria.cl/pdfbuscador/auditoria/2821738b650e0a8ea2e3bf6c99d6916a/html,13,LO BARNECHEA,https://www.contraloria.cl/SicaProd/SICAv3-BIFAPortalCGR/faces/newDetalleInforme?docIdcm=2821738b650e0a8ea2e3bf6c99d6916a,C,Informe Final de Auditoría,28464,https://www.contraloria.cl/SicaProd/SICAv3-BIFAPortalCGR/servletfichainformegoogle?docIdcm=2821738b650e0a8ea2e3bf6c99d6916a&pdf=1
55610,13115,2019-06-19 00:00:00.0,MUNICIPALIDAD DE LO BARNECHEA,2019,224,INFORME FINAL N° 224 DE 2019 AUDITORIA AL PROCESO DE OTORGAMIENTO DE PERMISOS DE EDIFICACIÓN EN LA MUNICIPALIDAD DE LO BARNECHEA - JUNIO 2019,https://www.contraloria.cl/pdfbuscador/auditoria/4b9d6612d81fa6a8bf46db35bea6a5d3/html,13,LO BARNECHEA,https://www.contraloria.cl/SicaProd/SICAv3-BIFAPortalCGR/faces/newDetalleInforme?docIdcm=4b9d6612d81fa6a8bf46db35bea6a5d3,C,Informe Final de Auditoría,29186,https://www.contraloria.cl/SicaProd/SICAv3-BIFAPortalCGR/servletfichainformegoogle?docIdcm=4b9d6612d81fa6a8bf46db35bea6a5d3&pdf=1
58653,13115,2019-12-31 00:00:00.0,MUNICIPALIDAD DE LO BARNECHEA,2019,824,INFORME FINAL N° 824-2019 - MUNICIPALIDAD DE LO BARNECHEA - SOBRE AUDITORIA AL MACROPROCESO DE CONCESIONES DE AREAS VERDES - DICIEMBRE 2019,https://www.contraloria.cl/pdfbuscador/auditoria/b8c4ab01ccfcbbc10fe2d31d08f6ff23/html,13,LO BARNECHEA,https://www.contraloria.cl/SicaProd/SICAv3-BIFAPortalCGR/faces/newDetalleInforme?docIdcm=b8c4ab01ccfcbbc10fe2d31d08f6ff23,C,Informe Final de Auditoría,30833,https://www.contraloria.cl/SicaProd/SICAv3-BIFAPortalCGR/servletfichainformegoogle?docIdcm=b8c4ab01ccfcbbc10fe2d31d08f6ff23&pdf=1
67326,13115,2020-03-16 00:00:00.0,MUNICIPALIDAD DE LO BARNECHEA,2020,80,"INFORME FINAL N°80-2020-MUNICIPALIDAD DE LO BARNECHEA-SOBRE INSPECCIÓN A LAS OBRAS DEL CONTRATO DENOMINADO ""MEJORAS EDIFICIO DIDECO, II ETAPA""-MARZO 2020",https://www.contraloria.cl/pdfbuscador/auditoria/70d0ede2c0bff74da4f49f6fe29d96c9/html,13,LO BARNECHEA,https://www.contraloria.cl/SicaProd/SICAv3-BIFAPortalCGR/faces/newDetalleInforme?docIdcm=70d0ede2c0bff74da4f49f6fe29d96c9,C,Informe de Inspección de Obra Pública,32367,https://www.contraloria.cl/SicaProd/SICAv3-BIFAPortalCGR/servletfichainformegoogle?docIdcm=70d0ede2c0bff74da4f49f6fe29d96c9&pdf=1