IDACTIVIDAD,CODIGOSUBDERE,FECHAINFORME,NOMBRESERVICIO,ANOINFORME,NUMEROINFORME,MATERIAINFORME,FICHAINFORMEBIFA,C_REG_SUBDERE,NOMBRESUBDERE,FICHAINFORME,TIPOSUBDERE,TIPOINFORME,IDINFORME,PDFINFORME
28420,13116,2015-12-03 00:00:00.0,MUNICIPALIDAD DE LO ESPEJO,2015,849,INFORME FINAL 849-15 MUNICIPALIDAD DE LO ESPEJO - SOBRE AUDITORIA AL MACROPROCESO DE ADQUISICION Y ABASTECIMIENTO - DICIEMBRE 2015,https://www.contraloria.cl/pdfbuscador/auditoria/2a97670118a4b4ef0503baa8be515c67/html,13,LO ESPEJO,https://www.contraloria.cl/SicaProd/SICAv3-BIFAPortalCGR/faces/newDetalleInforme?docIdcm=2a97670118a4b4ef0503baa8be515c67,C,Informe Final de Auditoría,16440,https://www.contraloria.cl/SicaProd/SICAv3-BIFAPortalCGR/servletfichainformegoogle?docIdcm=2a97670118a4b4ef0503baa8be515c67&pdf=1
36785,13116,2016-08-09 00:00:00.0,DEPARTAMENTO DE SALUD DE LO ESPEJO,2016,331,INVESTIGACION ESPECIAL 331-16 DEPARTAMENTO DE SALUD DE LO ESPEJO - SOBRE PRESUNTO PAGO IRREGULAR DE REMUNERACIONES A FUNCIONARIA QUE NO PRESTO SERVICIOS - AGOSTO 2016,https://www.contraloria.cl/pdfbuscador/auditoria/5d7710e2c74093d37bbdbd397252dab3/html,13,LO ESPEJO,https://www.contraloria.cl/SicaProd/SICAv3-BIFAPortalCGR/faces/newDetalleInforme?docIdcm=5d7710e2c74093d37bbdbd397252dab3,C,Informe de Investigación Especial,18637,https://www.contraloria.cl/SicaProd/SICAv3-BIFAPortalCGR/servletfichainformegoogle?docIdcm=5d7710e2c74093d37bbdbd397252dab3&pdf=1
34544,13116,2016-12-30 00:00:00.0,MUNICIPALIDAD DE LO ESPEJO,2016,846,INFORME FINAL 846-2016 MUNICIPALIDAD DE LO ESPEJO SOBRE AUDITORIA AL MACROPROCESO DE TECNOLOGIAS DE INFORMACIÓN Y COMUNICACIÓN EN LA MUNICIPALIDAD DE LO ESPEJO- DICIEMBRE 2016,https://www.contraloria.cl/pdfbuscador/auditoria/cae967fc6e98590b717e9873ee0b63db/html,13,LO ESPEJO,https://www.contraloria.cl/SicaProd/SICAv3-BIFAPortalCGR/faces/newDetalleInforme?docIdcm=cae967fc6e98590b717e9873ee0b63db,C,Informe Final de Auditoría,20377,https://www.contraloria.cl/SicaProd/SICAv3-BIFAPortalCGR/servletfichainformegoogle?docIdcm=cae967fc6e98590b717e9873ee0b63db&pdf=1
34459,13116,2016-12-30 00:00:00.0,DEPARTAMENTO DE SALUD DE LO ESPEJO,2016,1005,INFORME FINAL 1005-16 DEPARTAMENTO DE SALUD ILUSTRE MUNICIPALIDAD DE LO ESPEJO AUDITORIA AL MACROPROCESO DE ADQUISICIONES Y ABSATECIMIENTO - DICIEMBRE 2016,https://www.contraloria.cl/pdfbuscador/auditoria/3f6d3ddf2c8a6d0ba1321b98c7d12bd1/html,13,LO ESPEJO,https://www.contraloria.cl/SicaProd/SICAv3-BIFAPortalCGR/faces/newDetalleInforme?docIdcm=3f6d3ddf2c8a6d0ba1321b98c7d12bd1,C,Informe Final de Auditoría,20345,https://www.contraloria.cl/SicaProd/SICAv3-BIFAPortalCGR/servletfichainformegoogle?docIdcm=3f6d3ddf2c8a6d0ba1321b98c7d12bd1&pdf=1
38584,13116,2017-07-17 00:00:00.0,MUNICIPALIDAD DE LO ESPEJO,2016,1084,"INFORME FINAL 1084-2016 MUNICIPALIDAD DE LO ESPEJO SOBRE AUDITORIA AL MACROPROCESO DE ADQUISICIONES,HORAS EXTRAORDINARIAS Y USO DE CIRCULACIÓN DE VEHÍCULOS EN LA MUNICIPALIDAD DE LO ESPEJO- JULIO 2017",https://www.contraloria.cl/pdfbuscador/auditoria/2816d3813ab7fbc73dfaed662e2f06b2/html,13,LO ESPEJO,https://www.contraloria.cl/SicaProd/SICAv3-BIFAPortalCGR/faces/newDetalleInforme?docIdcm=2816d3813ab7fbc73dfaed662e2f06b2,C,Informe Final de Auditoría,21486,https://www.contraloria.cl/SicaProd/SICAv3-BIFAPortalCGR/servletfichainformegoogle?docIdcm=2816d3813ab7fbc73dfaed662e2f06b2&pdf=1
39538,13116,2017-06-02 00:00:00.0,MUNICIPALIDAD DE LO ESPEJO,2016,1219,INFORME FINAL 1219-16 MUNICIPALIDAD DE LO ESPEJO SOBRE INSPECCIÓN DE OBRA PUBLICA AL CONTRATO DE CONSERVACIÓN DE VEREDAS POBLACIÓN JOSÉ MARÍA CARO-JUNIO 2017,https://www.contraloria.cl/pdfbuscador/auditoria/d13595dec85c21e9adbaf5e1429aefa4/html,13,LO ESPEJO,https://www.contraloria.cl/SicaProd/SICAv3-BIFAPortalCGR/faces/newDetalleInforme?docIdcm=d13595dec85c21e9adbaf5e1429aefa4,C,Informe de Inspección de Obra Pública,21102,https://www.contraloria.cl/SicaProd/SICAv3-BIFAPortalCGR/servletfichainformegoogle?docIdcm=d13595dec85c21e9adbaf5e1429aefa4&pdf=1
42624,13116,2017-07-17 00:00:00.0,MUNICIPALIDAD DE LO ESPEJO,2017,189,INFORME DE INVESTIGACIÓN ESPECIAL 189-2017 MUNICIPALIDAD DE LO ESPEJO SOBRE IRREGULARIDADES - JULIO 2017,https://www.contraloria.cl/pdfbuscador/auditoria/53189508cc825e9c074c3842d4b4a6ac/html,13,LO ESPEJO,https://www.contraloria.cl/SicaProd/SICAv3-BIFAPortalCGR/faces/newDetalleInforme?docIdcm=53189508cc825e9c074c3842d4b4a6ac,C,Informe de Investigación Especial,21404,https://www.contraloria.cl/SicaProd/SICAv3-BIFAPortalCGR/servletfichainformegoogle?docIdcm=53189508cc825e9c074c3842d4b4a6ac&pdf=1
42740,13116,2017-11-06 00:00:00.0,DEPARTAMENTO DE SALUD DE LO ESPEJO,2017,662,INFORME FINAL 662-17 DEPARTAMENTO DE SALUD DE LA MUNICIPALIDAD DE LO ESPEJO SOBRE AUDITORIA A LOS PROCEDIMIENTOS APLICADOS POR LOS DEPARTAMENTOS DE SALUD MUNICIPAL EN RELACIÓN CON ENTREGA DE PRESTACIÓN A LOS USUARIOS FINALES POR CONCEPTO DE INGRESO  PER CAPITA NOVIEMBRE 2017,https://www.contraloria.cl/pdfbuscador/auditoria/38c48e7375b8b492da76aba6342b7591/html,13,LO ESPEJO,https://www.contraloria.cl/SicaProd/SICAv3-BIFAPortalCGR/faces/newDetalleInforme?docIdcm=38c48e7375b8b492da76aba6342b7591,C,Informe Final de Auditoría,22167,https://www.contraloria.cl/SicaProd/SICAv3-BIFAPortalCGR/servletfichainformegoogle?docIdcm=38c48e7375b8b492da76aba6342b7591&pdf=1
46087,13116,2017-11-28 00:00:00.0,MUNICIPALIDAD DE LO ESPEJO,2017,809,"INFORME FINAL N° 809, DE 2017, SOBRE AUDITORÍA AL ESTADO DE LA INFRAESTRUCTURA DE LOS ESTABLECIMIENTOS DE ATENCIÓN PRIMARIA DE SALUD, DEPENDIENTES DEL DEPARTAMENTO DE SALUD DE LA MUNICIPALIDAD DE LO ESPEJO NOVIEMBRE 2017",https://www.contraloria.cl/pdfbuscador/auditoria/a0b798288e26cfe29ada71f5531f083d/html,13,LO ESPEJO,https://www.contraloria.cl/SicaProd/SICAv3-BIFAPortalCGR/faces/newDetalleInforme?docIdcm=a0b798288e26cfe29ada71f5531f083d,C,Informe Final de Auditoría,22231,https://www.contraloria.cl/SicaProd/SICAv3-BIFAPortalCGR/servletfichainformegoogle?docIdcm=a0b798288e26cfe29ada71f5531f083d&pdf=1
50792,13116,2018-10-10 00:00:00.0,MUNICIPALIDAD DE LO ESPEJO,2018,528,INFORME FINAL 528-2018 MUNICIPALIDAD DE LO ESPEJO SOBRE AUDITORIA AL PROCESO DE ENDEUDAMIENTO  EN LA MUNICIPALIDAD DE LO ESPEJO - OCTUBRE 2018 ,https://www.contraloria.cl/pdfbuscador/auditoria/dd943ccad0143cb7660f3271c85994d3/html,13,LO ESPEJO,https://www.contraloria.cl/SicaProd/SICAv3-BIFAPortalCGR/faces/newDetalleInforme?docIdcm=dd943ccad0143cb7660f3271c85994d3,C,Informe Final de Auditoría,26226,https://www.contraloria.cl/SicaProd/SICAv3-BIFAPortalCGR/servletfichainformegoogle?docIdcm=dd943ccad0143cb7660f3271c85994d3&pdf=1
51440,13116,2018-11-19 00:00:00.0,DEPARTAMENTO DE EDUCACION DE LO ESPEJO,2018,588,INFORME FINAL 588-2018 DEPARTAMENTO DE EDUCACIÓN DE LA MUNICIPALIDAD DE LO ESPEJO SOBRE AUDITORIA AL MACROPROCESO DE INGRESOS Y GASTOS DEL DEPARTAMENTO DE EDUCACIÓN DE LA MUNICIPALIDAD DE LO ESPEJO - NOVIEMBRE 2018,https://www.contraloria.cl/pdfbuscador/auditoria/7cb22982d07e237f1a66a8e13ac6f2cf/html,13,LO ESPEJO,https://www.contraloria.cl/SicaProd/SICAv3-BIFAPortalCGR/faces/newDetalleInforme?docIdcm=7cb22982d07e237f1a66a8e13ac6f2cf,C,Informe Final de Auditoría,26705,https://www.contraloria.cl/SicaProd/SICAv3-BIFAPortalCGR/servletfichainformegoogle?docIdcm=7cb22982d07e237f1a66a8e13ac6f2cf&pdf=1
56457,13116,2019-06-05 00:00:00.0,MUNICIPALIDAD DE LO ESPEJO,2019,110,"INFORME FINAL DE INVESTIGACIÓN ESPECIAL N° 110, DE 2019, SOBRE EL CONTRATO DE OBRA DENOMINADO ""CONSTRUCCIÓN ESPACIO PÚBLICO EN POBLACIÓN LAS TURBINAS"", EJECUTADO POR LA MUNICIPALIDAD DE LO ESPEJO",https://www.contraloria.cl/pdfbuscador/auditoria/a36e8edb4dbe63f1e6e59945e657e085/html,13,LO ESPEJO,https://www.contraloria.cl/SicaProd/SICAv3-BIFAPortalCGR/faces/newDetalleInforme?docIdcm=a36e8edb4dbe63f1e6e59945e657e085,C,Informe de Investigación Especial,29045,https://www.contraloria.cl/SicaProd/SICAv3-BIFAPortalCGR/servletfichainformegoogle?docIdcm=a36e8edb4dbe63f1e6e59945e657e085&pdf=1
56065,13116,2020-03-18 00:00:00.0,MUNICIPALIDAD DE LO ESPEJO,2019,446,INFORME FINAL 446-2019 MUNICIPALIDAD DE LO ESPEJO SOBRE AUDITORÍA A LAS CONTRATACIONES A CARGO DE LA CUENTA PRESUPUESTARIA  21-03-001 DE LA MUNICIPALIDAD DE LO ESPEJO - MARZO 2020,https://www.contraloria.cl/pdfbuscador/auditoria/cdc611a6e27913538344257025d60291/html,13,LO ESPEJO,https://www.contraloria.cl/SicaProd/SICAv3-BIFAPortalCGR/faces/newDetalleInforme?docIdcm=cdc611a6e27913538344257025d60291,C,Informe Final de Auditoría,32086,https://www.contraloria.cl/SicaProd/SICAv3-BIFAPortalCGR/servletfichainformegoogle?docIdcm=cdc611a6e27913538344257025d60291&pdf=1
67962,13116,2020-06-03 00:00:00.0,MUNICIPALIDAD DE LO ESPEJO,2020,29,"INFORME FINAL 29-20 MUNICIPALIDAD DE LO ESPEJO SOBRE INSPECCIÓN A LAS OBRAS DEL CONTRATO ""CONSERVACIÓN DE CALZADA ETAPA III, COMUNA DE LO ESPEJO""-JUNIO 2020",https://www.contraloria.cl/pdfbuscador/auditoria/b5c911d196da544c92b0b9c04130000d/html,13,LO ESPEJO,https://www.contraloria.cl/SicaProd/SICAv3-BIFAPortalCGR/faces/newDetalleInforme?docIdcm=b5c911d196da544c92b0b9c04130000d,C,Informe de Inspección de Obra Pública,32914,https://www.contraloria.cl/SicaProd/SICAv3-BIFAPortalCGR/servletfichainformegoogle?docIdcm=b5c911d196da544c92b0b9c04130000d&pdf=1