IDACTIVIDAD,CODIGOSUBDERE,FECHAINFORME,NOMBRESERVICIO,ANOINFORME,NUMEROINFORME,MATERIAINFORME,FICHAINFORMEBIFA,C_REG_SUBDERE,NOMBRESUBDERE,FICHAINFORME,TIPOSUBDERE,TIPOINFORME,IDINFORME,PDFINFORME
28430,13117,2015-08-10 00:00:00.0,MUNICIPALIDAD DE LO PRADO,2015,345,INFORME FINAL 345-15 MUNICIPALIDAD DE LO PRADO - AUDITORIA AL MACROPROCESO DE TECNOLOGIAS DE INFORMACION Y COMUNICACION - AGOSTO 2015,https://www.contraloria.cl/pdfbuscador/auditoria/318db3e0abefc3a25d731b01ce290ac0/html,13,LO PRADO,https://www.contraloria.cl/SicaProd/SICAv3-BIFAPortalCGR/faces/newDetalleInforme?docIdcm=318db3e0abefc3a25d731b01ce290ac0,C,Informe Final de Auditoría,14500,https://www.contraloria.cl/SicaProd/SICAv3-BIFAPortalCGR/servletfichainformegoogle?docIdcm=318db3e0abefc3a25d731b01ce290ac0&pdf=1
28353,13117,2015-11-13 00:00:00.0,MUNICIPALIDAD DE LO PRADO,2015,405,INFORME FINAL 405-2015 MUNICIPALIDAD DE LO PRADO SOBRE CONTRATOS DE OBRA CON RECEPCION PROVISORIA-NOVIEMBRE 2015,https://www.contraloria.cl/pdfbuscador/auditoria/5f5de614108f7ad5d2bd9b5fcc5f3c53/html,13,LO PRADO,https://www.contraloria.cl/SicaProd/SICAv3-BIFAPortalCGR/faces/newDetalleInforme?docIdcm=5f5de614108f7ad5d2bd9b5fcc5f3c53,C,Informe Final de Auditoría,16097,https://www.contraloria.cl/SicaProd/SICAv3-BIFAPortalCGR/servletfichainformegoogle?docIdcm=5f5de614108f7ad5d2bd9b5fcc5f3c53&pdf=1
28582,13117,2015-10-07 00:00:00.0,MUNICIPALIDAD DE LO PRADO,2015,614,INFORME FINAL 614-15 MUNICIPALIDAD DE LO PRADO - SOBRE AUDITORIA A LAS CONTRATACIONES DE HONORARIOS EN PROGRAMAS COMUNITARIOS - OCTUBRE 2015,https://www.contraloria.cl/pdfbuscador/auditoria/be391094db2967fe9323628e7fdbad92/html,13,LO PRADO,https://www.contraloria.cl/SicaProd/SICAv3-BIFAPortalCGR/faces/newDetalleInforme?docIdcm=be391094db2967fe9323628e7fdbad92,C,Informe Final de Auditoría,15039,https://www.contraloria.cl/SicaProd/SICAv3-BIFAPortalCGR/servletfichainformegoogle?docIdcm=be391094db2967fe9323628e7fdbad92&pdf=1
34204,13117,2016-10-14 00:00:00.0,MUNICIPALIDAD DE LO PRADO,2016,559,INFORME FINAL 559-16 MUNICIPALIDAD DE LO PRADO-TRANSFERENCIAS CORRIENTES REALIZADAS POR LA SUBSECRETARÍA DE PREVENCIÓN DEL DELITO -OCTUBRE 2016,https://www.contraloria.cl/pdfbuscador/auditoria/6ef38f6955d2bc3eb96e2378c2e4b096/html,13,LO PRADO,https://www.contraloria.cl/SicaProd/SICAv3-BIFAPortalCGR/faces/newDetalleInforme?docIdcm=6ef38f6955d2bc3eb96e2378c2e4b096,C,Informe Final de Auditoría,19187,https://www.contraloria.cl/SicaProd/SICAv3-BIFAPortalCGR/servletfichainformegoogle?docIdcm=6ef38f6955d2bc3eb96e2378c2e4b096&pdf=1
34387,13117,2016-12-30 00:00:00.0,CORPORACION MUNICIPAL LO PRADO,2016,1086,INFORME FINAL 1086-2016 CORPORACION MUNICIPAL DE LO PRADO SOBRE AUDITORIA A LOS RECURSOS DE LEY N°20.248 SUBVENCION ESCOLAR PREFERENCIAL EN LA CORPORACION MUNICIPAL DE LO PRADO - DICIEMBRE 2016 ,https://www.contraloria.cl/pdfbuscador/auditoria/b5d5c2a4ecaa552a2dc442115a812f69/html,13,LO PRADO,https://www.contraloria.cl/SicaProd/SICAv3-BIFAPortalCGR/faces/newDetalleInforme?docIdcm=b5d5c2a4ecaa552a2dc442115a812f69,C,Informe Final de Auditoría,20527,https://www.contraloria.cl/SicaProd/SICAv3-BIFAPortalCGR/servletfichainformegoogle?docIdcm=b5d5c2a4ecaa552a2dc442115a812f69&pdf=1
42755,13117,2017-10-10 00:00:00.0,MUNICIPALIDAD DE LO PRADO,2017,552,"INFORME FINAL 552-2017 MUNICIPALIDAD DE LO PRADO SOBRE AUDITORIA AL PROCESO DE FORMULACIÓN ,EJECUCIÓN Y CONTROL DE PRESUPUESTO DE LA GESTIÓN MUNICIPAL  EN LA MUNICIPALIDAD DE LO PRADO - OCTUBRE 2017",https://www.contraloria.cl/pdfbuscador/auditoria/3dbd9a49f615cf1f83f8694fb463db5c/html,13,LO PRADO,https://www.contraloria.cl/SicaProd/SICAv3-BIFAPortalCGR/faces/newDetalleInforme?docIdcm=3dbd9a49f615cf1f83f8694fb463db5c,C,Informe Final de Auditoría,21885,https://www.contraloria.cl/SicaProd/SICAv3-BIFAPortalCGR/servletfichainformegoogle?docIdcm=3dbd9a49f615cf1f83f8694fb463db5c&pdf=1
52300,13117,2018-11-27 00:00:00.0,MUNICIPALIDAD DE LO PRADO,2018,680,"INFORME FINAL 680-18 MUNICIPALIDAD DE LO PRADO SOBRE AUDITORIA Y EXAMEN DE CUENTAS A LOS CONTRATOS DE OBRA CON EJECUCIÓN DURANTE EL AÑO 2017, FINANCIADOS POR EL GOBIERNO REGIONAL METROPOLITANO, CON EL FONDO NACIONAL DE DESARROLLO REGIONAL-NOVIEMBRE-2018",https://www.contraloria.cl/pdfbuscador/auditoria/e8f08cc14a289969958b1ee24a16cba1/html,13,LO PRADO,https://www.contraloria.cl/SicaProd/SICAv3-BIFAPortalCGR/faces/newDetalleInforme?docIdcm=e8f08cc14a289969958b1ee24a16cba1,C,Informe Final de Auditoría,26790,https://www.contraloria.cl/SicaProd/SICAv3-BIFAPortalCGR/servletfichainformegoogle?docIdcm=e8f08cc14a289969958b1ee24a16cba1&pdf=1
52870,13117,2019-04-09 00:00:00.0,MUNICIPALIDAD DE LO PRADO,2018,965,"INFORME FINAL 965-2018 MUNICIPALIDAD DE LO PRADO SOBRE AUDITORIA AL MACROPROCESO DE ADQUISICIONES Y ABASTECMINEITO,EN LA MUNCIPALIDAD DE LO PRADO ABRIL 2019",https://www.contraloria.cl/pdfbuscador/auditoria/3c1939d45b0043973082aa0b5c5a4fd3/html,13,LO PRADO,https://www.contraloria.cl/SicaProd/SICAv3-BIFAPortalCGR/faces/newDetalleInforme?docIdcm=3c1939d45b0043973082aa0b5c5a4fd3,C,Informe Final de Auditoría,28693,https://www.contraloria.cl/SicaProd/SICAv3-BIFAPortalCGR/servletfichainformegoogle?docIdcm=3c1939d45b0043973082aa0b5c5a4fd3&pdf=1
67581,13117,2020-05-28 00:00:00.0,MUNICIPALIDAD DE LO PRADO,2019,1028,"INFORME FINAL 1028-19 MUNICIPALIDAD DE LO PRADO SOBRE INSPECCIÓN DE OBRA PÚBLICA AL CONTRATO ""CONSTRUCCIÓN SEGUNDA ETAPA ESTADIO LO PRADO""-MAYO 2020",https://www.contraloria.cl/pdfbuscador/auditoria/7ab84d44d8a1a08363704d0c4c542052/html,13,LO PRADO,https://www.contraloria.cl/SicaProd/SICAv3-BIFAPortalCGR/faces/newDetalleInforme?docIdcm=7ab84d44d8a1a08363704d0c4c542052,C,Informe de Inspección de Obra Pública,32907,https://www.contraloria.cl/SicaProd/SICAv3-BIFAPortalCGR/servletfichainformegoogle?docIdcm=7ab84d44d8a1a08363704d0c4c542052&pdf=1