IDACTIVIDAD,CODIGOSUBDERE,FECHAINFORME,NOMBRESERVICIO,ANOINFORME,NUMEROINFORME,MATERIAINFORME,FICHAINFORMEBIFA,C_REG_SUBDERE,NOMBRESUBDERE,FICHAINFORME,TIPOSUBDERE,TIPOINFORME,IDINFORME,PDFINFORME
31038,06304,2015-09-30 00:00:00.0,DEPARTAMENTO DE EDUCACION LOLOL,2015,632,INFORME INVESTIGACIÓN ESPECIAL 632 - 15 DEPARTAMENTO DE EDUCACIÓN MUNICIPAL DE LOLOL IRREGULARIDADES PREVISIONALES - SEPTIEMBRE 2015,https://www.contraloria.cl/pdfbuscador/auditoria/dbd72b858232c74312649370dedbe4f5/html,06,LOLOL,https://www.contraloria.cl/SicaProd/SICAv3-BIFAPortalCGR/faces/newDetalleInforme?docIdcm=dbd72b858232c74312649370dedbe4f5,C,Informe de Investigación Especial,15017,https://www.contraloria.cl/SicaProd/SICAv3-BIFAPortalCGR/servletfichainformegoogle?docIdcm=dbd72b858232c74312649370dedbe4f5&pdf=1
28317,06304,2015-11-03 00:00:00.0,MUNICIPALIDAD DE LOLOL,2015,668,INFORME FINAL 668 - 15 MUNICIPALIDAD DE LOLOL ABASTECIMIENTO Y FUNCIONES INSTITUCIONALES - NOVIEMBRE 2015,https://www.contraloria.cl/pdfbuscador/auditoria/a3c6d00917c73ef75d5ee004b093c237/html,06,LOLOL,https://www.contraloria.cl/SicaProd/SICAv3-BIFAPortalCGR/faces/newDetalleInforme?docIdcm=a3c6d00917c73ef75d5ee004b093c237,C,Informe Final de Auditoría,15668,https://www.contraloria.cl/SicaProd/SICAv3-BIFAPortalCGR/servletfichainformegoogle?docIdcm=a3c6d00917c73ef75d5ee004b093c237&pdf=1
32191,06304,2015-12-09 00:00:00.0,MUNICIPALIDAD DE LOLOL,2015,972,INFORME INVESTIGACIÓN ESPECIAL 972 - 15 MUNICIPALIDAD DE LOLOL EVENTUALES IRREGULARIDADES ALCALDE - DICIEMBRE 2015,https://www.contraloria.cl/pdfbuscador/auditoria/10dc5a9dd134176b228bac4ca4453683/html,06,LOLOL,https://www.contraloria.cl/SicaProd/SICAv3-BIFAPortalCGR/faces/newDetalleInforme?docIdcm=10dc5a9dd134176b228bac4ca4453683,C,Informe de Investigación Especial,16667,https://www.contraloria.cl/SicaProd/SICAv3-BIFAPortalCGR/servletfichainformegoogle?docIdcm=10dc5a9dd134176b228bac4ca4453683&pdf=1
45924,06304,2017-11-28 00:00:00.0,DEPARTAMENTO DE SALUD LOLOL,2017,909,INFORME FINAL DE INVESTIGACIÓN ESPECIAL 909 - 17 DEPARTAMENTO DE SALUD MUNICIPAL DE LOLOL EVENTUAL IRREGULARIDAD EN EL USO DE RECURSOS DEL PROGRAMA SALUD ORAL DE LA JUNAEB - NOVIEMBRE 2017,https://www.contraloria.cl/pdfbuscador/auditoria/f78999012a0abfdcdb702ba68273ebbf/html,06,LOLOL,https://www.contraloria.cl/SicaProd/SICAv3-BIFAPortalCGR/faces/newDetalleInforme?docIdcm=f78999012a0abfdcdb702ba68273ebbf,C,Informe de Investigación Especial,22227,https://www.contraloria.cl/SicaProd/SICAv3-BIFAPortalCGR/servletfichainformegoogle?docIdcm=f78999012a0abfdcdb702ba68273ebbf&pdf=1
49498,06304,2018-10-01 00:00:00.0,DEPARTAMENTO DE EDUCACION LOLOL,2018,387,"INFORME FINAL 387-2018 MUNICIPALIDAD DE LOLOL SOBRE RECURSOS HUMANOS, FINANZAS Y AMBIENTE DE CONTROL INTERNO EN EL DEPARTAMENTO DE ADMINISTRACIÓN DE EDUCACIÓN- OCTUBRE 2018",https://www.contraloria.cl/pdfbuscador/auditoria/de42ea361b68b96c4541095d8c2add7a/html,06,LOLOL,https://www.contraloria.cl/SicaProd/SICAv3-BIFAPortalCGR/faces/newDetalleInforme?docIdcm=de42ea361b68b96c4541095d8c2add7a,C,Informe Final de Auditoría,26222,https://www.contraloria.cl/SicaProd/SICAv3-BIFAPortalCGR/servletfichainformegoogle?docIdcm=de42ea361b68b96c4541095d8c2add7a&pdf=1