IDACTIVIDAD,CODIGOSUBDERE,FECHAINFORME,NOMBRESERVICIO,ANOINFORME,NUMEROINFORME,MATERIAINFORME,FICHAINFORMEBIFA,C_REG_SUBDERE,NOMBRESUBDERE,FICHAINFORME,TIPOSUBDERE,TIPOINFORME,IDINFORME,PDFINFORME
28649,07403,2015-08-27 00:00:00.0,MUNICIPALIDAD DE LONGAVI,2015,478,INFORME FINAL 478-15 MUNICIPALIDAD DE LONGAVI - SOBRE AUDITORIA A LAS CONTRATACIONES DE HONORARIOS EN PROGRAMAS COMUNITARIOS - AGOSTO 2015,https://www.contraloria.cl/pdfbuscador/auditoria/0faf8c3331f38fe9989acbd51ff3d481/html,07,LONGAVI,https://www.contraloria.cl/SicaProd/SICAv3-BIFAPortalCGR/faces/newDetalleInforme?docIdcm=0faf8c3331f38fe9989acbd51ff3d481,C,Informe Final de Auditoría,14707,https://www.contraloria.cl/SicaProd/SICAv3-BIFAPortalCGR/servletfichainformegoogle?docIdcm=0faf8c3331f38fe9989acbd51ff3d481&pdf=1
32655,07403,2015-11-11 00:00:00.0,DEPARTAMENTO DE EDUCACION DE LONGAVI,2015,1017,INFORME DE INVESTIGACION ESPECIAL 1017-15 DEPARTAMENTO DE EDUCACION DE LA MUNICIPALIDAD DE LONGAVI EVENTUALES IRREGULARIDADES - NOVIEMBRE 2015,https://www.contraloria.cl/pdfbuscador/auditoria/9c1af456d8febe80e3b8142dc101e1e8/html,07,LONGAVI,https://www.contraloria.cl/SicaProd/SICAv3-BIFAPortalCGR/faces/newDetalleInforme?docIdcm=9c1af456d8febe80e3b8142dc101e1e8,C,Informe de Investigación Especial,15956,https://www.contraloria.cl/SicaProd/SICAv3-BIFAPortalCGR/servletfichainformegoogle?docIdcm=9c1af456d8febe80e3b8142dc101e1e8&pdf=1
32888,07403,2015-12-28 00:00:00.0,MUNICIPALIDAD DE LONGAVI,2015,1207,INFORME INSPECCION DE OBRA PUBLICA 1207-15 MUNICIPALIDAD DE LONGAVI CONSTRUCCION SOLUCIONES SANITARIAS SECTOR SUR ORIENTE - DICIEMBRE 2015,https://www.contraloria.cl/pdfbuscador/auditoria/90cce8fd9ba702320b2b7cc795903430/html,07,LONGAVI,https://www.contraloria.cl/SicaProd/SICAv3-BIFAPortalCGR/faces/newDetalleInforme?docIdcm=90cce8fd9ba702320b2b7cc795903430,C,Informe de Inspección de Obra Pública,16717,https://www.contraloria.cl/SicaProd/SICAv3-BIFAPortalCGR/servletfichainformegoogle?docIdcm=90cce8fd9ba702320b2b7cc795903430&pdf=1
51180,07403,2019-01-08 00:00:00.0,MUNICIPALIDAD DE LONGAVI,2018,566,INFORME FINAL 566-18 MUNICIPALIDAD DE LONGAVÍ MACROPROCESOS CONCESIÓN DEL SERVICIO DE ASEO Y RECOLECCIÓN DE RESIDUOS DOMICILIARIOS - ENERO 2019,https://www.contraloria.cl/pdfbuscador/auditoria/840d44be4708071cf1493be1efdab7e7/html,07,LONGAVI,https://www.contraloria.cl/SicaProd/SICAv3-BIFAPortalCGR/faces/newDetalleInforme?docIdcm=840d44be4708071cf1493be1efdab7e7,C,Informe Final de Auditoría,27328,https://www.contraloria.cl/SicaProd/SICAv3-BIFAPortalCGR/servletfichainformegoogle?docIdcm=840d44be4708071cf1493be1efdab7e7&pdf=1
51208,07403,2019-04-08 00:00:00.0,MUNICIPALIDAD DE LONGAVI,2018,660,INFORME DE INVESTIGACION ESPECIAL 660-18 MUNICIPALIDAD DE LONGAVÍ EVENTUALES IRREGULARIDADES EN LA DIRECCIÓN DE OBRAS MUNICIPALES DE LONGAVÍ - ABRIL 2019,https://www.contraloria.cl/pdfbuscador/auditoria/eba9ef482d2652036ccf1008717f222d/html,07,LONGAVI,https://www.contraloria.cl/SicaProd/SICAv3-BIFAPortalCGR/faces/newDetalleInforme?docIdcm=eba9ef482d2652036ccf1008717f222d,C,Informe de Investigación Especial,28657,https://www.contraloria.cl/SicaProd/SICAv3-BIFAPortalCGR/servletfichainformegoogle?docIdcm=eba9ef482d2652036ccf1008717f222d&pdf=1