IDACTIVIDAD,CODIGOSUBDERE,FECHAINFORME,NOMBRESERVICIO,ANOINFORME,NUMEROINFORME,MATERIAINFORME,FICHAINFORMEBIFA,C_REG_SUBDERE,NOMBRESUBDERE,FICHAINFORME,TIPOSUBDERE,TIPOINFORME,IDINFORME,PDFINFORME
26697,09205,2015-05-18 00:00:00.0,MUNICIPALIDAD DE LONQUIMAY,2015,266,"INFORME INVESTIGACIÓN ESPECIAL 266-15 MUNICIPALIDAD DE LONQUIMAY, SOBRE PRESUNTAS IRREGULARIDADES EN VIATICOS Y CAPITAL SEMILLA-MAYO 2015",https://www.contraloria.cl/pdfbuscador/auditoria/d5fc35328885ae459bdc5494da5a86a0/html,09,LONQUIMAY,https://www.contraloria.cl/SicaProd/SICAv3-BIFAPortalCGR/faces/newDetalleInforme?docIdcm=d5fc35328885ae459bdc5494da5a86a0,C,Informe de Investigación Especial,13846,https://www.contraloria.cl/SicaProd/SICAv3-BIFAPortalCGR/servletfichainformegoogle?docIdcm=d5fc35328885ae459bdc5494da5a86a0&pdf=1
29666,09205,2015-07-13 00:00:00.0,DEPARTAMENTO DE EDUCACION MUNICIPAL DE LONQUIMAY,2015,482,"INFORME INVESTIGACIÓN ESPECIAL 482-15 DEPARTAMENTO DE EDUCACIÓN DE LONQUIMAY, SOBRE PAGO DE HORAS EXTRAORDINARIAS-JULIO 2015",https://www.contraloria.cl/pdfbuscador/auditoria/ebcad9806115b91d85f9941a00a4bfda/html,09,LONQUIMAY,https://www.contraloria.cl/SicaProd/SICAv3-BIFAPortalCGR/faces/newDetalleInforme?docIdcm=ebcad9806115b91d85f9941a00a4bfda,C,Informe de Investigación Especial,14393,https://www.contraloria.cl/SicaProd/SICAv3-BIFAPortalCGR/servletfichainformegoogle?docIdcm=ebcad9806115b91d85f9941a00a4bfda&pdf=1
28763,09205,2015-08-21 00:00:00.0,MUNICIPALIDAD DE LONQUIMAY,2015,557,"INFORME FINAL 557-15 MUNICIPALIDAD DE LONQUIMAY, SOBRE AUDITORIA A LAS CONTRATACIONES DE HONORARIOS EN PROGRAMAS COMUNITARIOS-AGOSTO 2015",https://www.contraloria.cl/pdfbuscador/auditoria/7a2ce8fcf100e46c6a9f3b56bfb7cd1d/html,09,LONQUIMAY,https://www.contraloria.cl/SicaProd/SICAv3-BIFAPortalCGR/faces/newDetalleInforme?docIdcm=7a2ce8fcf100e46c6a9f3b56bfb7cd1d,C,Informe Final de Auditoría,14633,https://www.contraloria.cl/SicaProd/SICAv3-BIFAPortalCGR/servletfichainformegoogle?docIdcm=7a2ce8fcf100e46c6a9f3b56bfb7cd1d&pdf=1
30509,09205,2015-11-06 00:00:00.0,MUNICIPALIDAD DE LONQUIMAY,2015,684,"INFORME DE INVESTIGACIÓN ESPECIAL 684-15 MUNICIPALIDAD DE LONQUIMAY, SOBRE PRESUNTAS IRREGULARIDADES-NOVIEMBRE 2015",https://www.contraloria.cl/pdfbuscador/auditoria/2ddaaec2b5fae2eaadab957e288099dc/html,09,LONQUIMAY,https://www.contraloria.cl/SicaProd/SICAv3-BIFAPortalCGR/faces/newDetalleInforme?docIdcm=2ddaaec2b5fae2eaadab957e288099dc,C,Informe de Investigación Especial,15836,https://www.contraloria.cl/SicaProd/SICAv3-BIFAPortalCGR/servletfichainformegoogle?docIdcm=2ddaaec2b5fae2eaadab957e288099dc&pdf=1
34898,09205,2016-10-14 00:00:00.0,MUNICIPALIDAD DE LONQUIMAY,2016,764,INFORME FINAL 764-2016 MUNICIPALIDAD DE LONQUIMAY-AUDITORÍA AL GASTO EN PERIODO ELECTORAL-USO DE BIENES-VEHÍCULOS-RRHH-RECURSOS FÍSICOS Y FINANCIEROS-OCTUBRE 2016,https://www.contraloria.cl/pdfbuscador/auditoria/c6135659f4cdca353525feda488fd6b4/html,09,LONQUIMAY,https://www.contraloria.cl/SicaProd/SICAv3-BIFAPortalCGR/faces/newDetalleInforme?docIdcm=c6135659f4cdca353525feda488fd6b4,C,Informe Final de Auditoría,19124,https://www.contraloria.cl/SicaProd/SICAv3-BIFAPortalCGR/servletfichainformegoogle?docIdcm=c6135659f4cdca353525feda488fd6b4&pdf=1
39654,09205,2016-12-07 00:00:00.0,DEPARTAMENTO DE EDUCACION MUNICIPAL DE LONQUIMAY,2016,911,"INFORME DE INVESTIGACIÓN ESPECIAL 911-2016 DTO DE EDUCACIÓN MUNICIPAL DE LONQUIMAY, SOBRE CONTRATACIONES-DICIEMBRE 2016",https://www.contraloria.cl/pdfbuscador/auditoria/edb75f3a57d29ff56f5ac873f9305134/html,09,LONQUIMAY,https://www.contraloria.cl/SicaProd/SICAv3-BIFAPortalCGR/faces/newDetalleInforme?docIdcm=edb75f3a57d29ff56f5ac873f9305134,C,Informe de Investigación Especial,19790,https://www.contraloria.cl/SicaProd/SICAv3-BIFAPortalCGR/servletfichainformegoogle?docIdcm=edb75f3a57d29ff56f5ac873f9305134&pdf=1