IDACTIVIDAD,CODIGOSUBDERE,FECHAINFORME,NOMBRESERVICIO,ANOINFORME,NUMEROINFORME,MATERIAINFORME,FICHAINFORMEBIFA,C_REG_SUBDERE,NOMBRESUBDERE,FICHAINFORME,TIPOSUBDERE,TIPOINFORME,IDINFORME,PDFINFORME
26015,08301,2015-06-25 00:00:00.0,MUNICIPALIDAD DE LOS ANGELES,2015,40,INFORME INVESTIGACIÓN ESPECIAL 40-15 MUNICIPALIDAD DE LOS ÁNGELES SOBRE LICITACIÓN Y PATENTES DE ALCOHOLES - JUNIO 2015,https://www.contraloria.cl/pdfbuscador/auditoria/3d95e5d40f7c4109ba70bb37707c21c0/html,08,LOS ANGELES,https://www.contraloria.cl/SicaProd/SICAv3-BIFAPortalCGR/faces/newDetalleInforme?docIdcm=3d95e5d40f7c4109ba70bb37707c21c0,C,Informe de Investigación Especial,14244,https://www.contraloria.cl/SicaProd/SICAv3-BIFAPortalCGR/servletfichainformegoogle?docIdcm=3d95e5d40f7c4109ba70bb37707c21c0&pdf=1
29294,08301,2015-06-08 00:00:00.0,MUNICIPALIDAD DE LOS ANGELES,2015,286,INFORME INVESTIGACIÓN ESPECIAL 286 - 15 MUNICIPALIDAD DE LOS ÁNGELES SOBRE PRESUNTAS IRREGULARIDADES EN EL GASTO EN COMBUSTIBLE - JUNIO 2015,https://www.contraloria.cl/pdfbuscador/auditoria/d99f96a5b1f8a7720b6029e7aaa22cfa/html,08,LOS ANGELES,https://www.contraloria.cl/SicaProd/SICAv3-BIFAPortalCGR/faces/newDetalleInforme?docIdcm=d99f96a5b1f8a7720b6029e7aaa22cfa,C,Informe de Investigación Especial,14006,https://www.contraloria.cl/SicaProd/SICAv3-BIFAPortalCGR/servletfichainformegoogle?docIdcm=d99f96a5b1f8a7720b6029e7aaa22cfa&pdf=1
27005,08301,2015-12-30 00:00:00.0,MUNICIPALIDAD DE LOS ANGELES,2015,362,INFORME DE INVESTIGACIÓN ESPECIAL 362-2015 MUNICIPALIDAD DE LOS ÁNGELES - FINANCIAMIENTO DE LIENZO UTILIZADO EN MANIFESTACIÓN POR PARTE DEL ALCALDE - DICIEMBRE 2015,https://www.contraloria.cl/pdfbuscador/auditoria/02a17f350e45877a268df8e45755aaab/html,08,LOS ANGELES,https://www.contraloria.cl/SicaProd/SICAv3-BIFAPortalCGR/faces/newDetalleInforme?docIdcm=02a17f350e45877a268df8e45755aaab,C,Informe de Investigación Especial,16916,https://www.contraloria.cl/SicaProd/SICAv3-BIFAPortalCGR/servletfichainformegoogle?docIdcm=02a17f350e45877a268df8e45755aaab&pdf=1
28550,08301,2015-07-30 00:00:00.0,MUNICIPALIDAD DE LOS ANGELES,2015,530,INFORME FINAL 530-15 MUNICIPALIDAD DE LOS ÁNGELES PROGRAMA CONTRATACIONES A HONORARIOS - JULIO 2015,https://www.contraloria.cl/pdfbuscador/auditoria/c7e1b3900654f04faedc5ce04ad0f3c2/html,08,LOS ANGELES,https://www.contraloria.cl/SicaProd/SICAv3-BIFAPortalCGR/faces/newDetalleInforme?docIdcm=c7e1b3900654f04faedc5ce04ad0f3c2,C,Informe Final de Auditoría,14418,https://www.contraloria.cl/SicaProd/SICAv3-BIFAPortalCGR/servletfichainformegoogle?docIdcm=c7e1b3900654f04faedc5ce04ad0f3c2&pdf=1
32795,08301,2015-11-23 00:00:00.0,MUNICIPALIDAD DE LOS ANGELES,2015,956,INFORME INVESTIGACIÓN ESPECIAL 956 - 15 MUNICIPALIDAD DE LOS ÁNGELES  SOBRE PRESUNTA FALTA AL PRINICPIO DE PROBIDAD ADMINISTRATIVA - NOVIEMBRE 2015,https://www.contraloria.cl/pdfbuscador/auditoria/eea5f339054db54da24bc94dbc1055db/html,08,LOS ANGELES,https://www.contraloria.cl/SicaProd/SICAv3-BIFAPortalCGR/faces/newDetalleInforme?docIdcm=eea5f339054db54da24bc94dbc1055db,C,Informe de Investigación Especial,16316,https://www.contraloria.cl/SicaProd/SICAv3-BIFAPortalCGR/servletfichainformegoogle?docIdcm=eea5f339054db54da24bc94dbc1055db&pdf=1
35648,08301,2016-07-06 00:00:00.0,MUNICIPALIDAD DE LOS ANGELES,2016,195,INFORME FINAL 195-16 MUNICIPALIDAD DE LOS ÁNGELES SOBRE AUDITORÍA A LAS HORAS EXTRAORDINARIAS  - JULIO 2016,https://www.contraloria.cl/pdfbuscador/auditoria/c22591675c6e128ee768bc66ede1fc81/html,08,LOS ANGELES,https://www.contraloria.cl/SicaProd/SICAv3-BIFAPortalCGR/faces/newDetalleInforme?docIdcm=c22591675c6e128ee768bc66ede1fc81,C,Informe Final de Auditoría,18469,https://www.contraloria.cl/SicaProd/SICAv3-BIFAPortalCGR/servletfichainformegoogle?docIdcm=c22591675c6e128ee768bc66ede1fc81&pdf=1
42177,08301,2017-07-17 00:00:00.0,MUNICIPALIDAD DE LOS ANGELES,2017,127,INFORME FINAL 127-17 MUNICIPALIDAD DE LOS ÁNGELES - AUDITORÍA AL PROCESO DE ADQUISICIONES DE BIENES Y SERVICIOS - JULIO 2017,https://www.contraloria.cl/pdfbuscador/auditoria/dbf3cb0744c790a02299abf421b51c59/html,08,LOS ANGELES,https://www.contraloria.cl/SicaProd/SICAv3-BIFAPortalCGR/faces/newDetalleInforme?docIdcm=dbf3cb0744c790a02299abf421b51c59,C,Informe Final de Auditoría,21399,https://www.contraloria.cl/SicaProd/SICAv3-BIFAPortalCGR/servletfichainformegoogle?docIdcm=dbf3cb0744c790a02299abf421b51c59&pdf=1
56956,08301,2019-09-25 00:00:00.0,DEPARTAMENTO DE ADMINISTRACION DE EDUCACION MUNICIPAL DE LOS ANGELES,2019,405,INFORME FINAL 405 -19 DAEM MUNICIPALIDAD DE LOS ÁNGELES AUDITORÍA A LOS PROCESOS DE REMUNERACIONES Y RECUPERACIÓN DE SUBSIDIOS DE INCAPACIDAD LABORAL - SEPTIEMBRE 2019,https://www.contraloria.cl/pdfbuscador/auditoria/7e7a3356ee9372947b290973e26171f3/html,08,LOS ANGELES,https://www.contraloria.cl/SicaProd/SICAv3-BIFAPortalCGR/faces/newDetalleInforme?docIdcm=7e7a3356ee9372947b290973e26171f3,C,Informe Final de Auditoría,29976,https://www.contraloria.cl/SicaProd/SICAv3-BIFAPortalCGR/servletfichainformegoogle?docIdcm=7e7a3356ee9372947b290973e26171f3&pdf=1
58986,08301,2020-02-06 00:00:00.0,MUNICIPALIDAD DE LOS ANGELES,2019,800,INFORME FINAL 800-19 MUNICIPALIDAD DE LOS ÁNGELES AUDITORÍA A LA CONCESIÓN DEL SERVICIO DE EXTRACCIÓN DE RESIDUOS DOMICILIARIOS Y SU DISPOSICIÓN FINAL - FEBRERO 2020,https://www.contraloria.cl/pdfbuscador/auditoria/f8822a8d86fa02a32635b006978d901b/html,08,LOS ANGELES,https://www.contraloria.cl/SicaProd/SICAv3-BIFAPortalCGR/faces/newDetalleInforme?docIdcm=f8822a8d86fa02a32635b006978d901b,C,Informe Final de Auditoría,31223,https://www.contraloria.cl/SicaProd/SICAv3-BIFAPortalCGR/servletfichainformegoogle?docIdcm=f8822a8d86fa02a32635b006978d901b&pdf=1