IDACTIVIDAD,CODIGOSUBDERE,FECHAINFORME,NOMBRESERVICIO,ANOINFORME,NUMEROINFORME,MATERIAINFORME,FICHAINFORMEBIFA,C_REG_SUBDERE,NOMBRESUBDERE,FICHAINFORME,TIPOSUBDERE,TIPOINFORME,IDINFORME,PDFINFORME
28666,04203,2015-08-21 00:00:00.0,MUNICIPALIDAD DE LOS VILOS,2015,651,INFORME FINAL 651-15 MUNICIPALIDAD DE LOS VILOS SOBRE AUDITORÍA AL MACROPROCESO DE INFRAESTRUCTURA - AGOSTO 2015,https://www.contraloria.cl/pdfbuscador/auditoria/701321dcdcd776fdd15c6ac065a6e4f8/html,04,LOS VILOS,https://www.contraloria.cl/SicaProd/SICAv3-BIFAPortalCGR/faces/newDetalleInforme?docIdcm=701321dcdcd776fdd15c6ac065a6e4f8,C,Informe Final de Auditoría,14733,https://www.contraloria.cl/SicaProd/SICAv3-BIFAPortalCGR/servletfichainformegoogle?docIdcm=701321dcdcd776fdd15c6ac065a6e4f8&pdf=1
31315,04203,2015-08-24 00:00:00.0,MUNICIPALIDAD DE LOS VILOS,2015,705,INFORME DE INVESTIGACIÓN ESPECIAL 705-15 MUNICIPALIDAD DE LOS VILOS SOBRE EVENTUALES INCUMPLIMIENTOS - AGOSTO 2015,https://www.contraloria.cl/pdfbuscador/auditoria/4811d507ca40ee1f63ca055e2b93873b/html,04,LOS VILOS,https://www.contraloria.cl/SicaProd/SICAv3-BIFAPortalCGR/faces/newDetalleInforme?docIdcm=4811d507ca40ee1f63ca055e2b93873b,C,Informe de Investigación Especial,14741,https://www.contraloria.cl/SicaProd/SICAv3-BIFAPortalCGR/servletfichainformegoogle?docIdcm=4811d507ca40ee1f63ca055e2b93873b&pdf=1
24792,04203,2015-09-30 00:00:00.0,MUNICIPALIDAD DE LOS VILOS,2015,847,INFORME DE INVESTIGACIÓN ESPECIAL 847-15 MUNICIPALIDAD DE LOS VILOS SOBRE CONTRATACIONES A HONORARIOS CON CARGO A LA CUENTA PRESUPUESTARIA 21.04.004 - SEPTIEMBRE 2015,https://www.contraloria.cl/pdfbuscador/auditoria/b3f6da6868373f6e0a56fc078402606d/html,04,LOS VILOS,https://www.contraloria.cl/SicaProd/SICAv3-BIFAPortalCGR/faces/newDetalleInforme?docIdcm=b3f6da6868373f6e0a56fc078402606d,C,Informe de Investigación Especial,15023,https://www.contraloria.cl/SicaProd/SICAv3-BIFAPortalCGR/servletfichainformegoogle?docIdcm=b3f6da6868373f6e0a56fc078402606d&pdf=1
24792,04203,2015-09-30 00:00:00.0,MUNICIPALIDAD DE LOS VILOS,2015,847,INFORME DE INVESTIGACIÓN ESPECIAL 847-15  MUNICIPALIDAD DE LOS VILOS RELATIVO A LAS CONTRATACIONES A HONORARIOS CON CARGO A LA CUENTA PRESUPUESTARIA 21.04.004 - SEPTIEMBRE 2015,https://www.contraloria.cl/pdfbuscador/auditoria/921e272f8d5f7e691e535588cb9c7282/html,04,LOS VILOS,https://www.contraloria.cl/SicaProd/SICAv3-BIFAPortalCGR/faces/newDetalleInforme?docIdcm=921e272f8d5f7e691e535588cb9c7282,C,Informe de Investigación Especial,15661,https://www.contraloria.cl/SicaProd/SICAv3-BIFAPortalCGR/servletfichainformegoogle?docIdcm=921e272f8d5f7e691e535588cb9c7282&pdf=1
32493,04203,2015-10-08 00:00:00.0,MUNICIPALIDAD DE LOS VILOS,2015,882,INFORME DE INVESTIGACIÓN ESPECIAL 882-15 MUNICIPALIDAD DE LOS VILOS SOBRE INSTALACIONES DEPORTIVAS EJECUTADAS EN LA ESCUELA DE PICHIDANGUI - OCTUBRE 2015,https://www.contraloria.cl/pdfbuscador/auditoria/f6a49d9873803b0ae52d72a0f6556761/html,04,LOS VILOS,https://www.contraloria.cl/SicaProd/SICAv3-BIFAPortalCGR/faces/newDetalleInforme?docIdcm=f6a49d9873803b0ae52d72a0f6556761,C,Informe de Investigación Especial,16060,https://www.contraloria.cl/SicaProd/SICAv3-BIFAPortalCGR/servletfichainformegoogle?docIdcm=f6a49d9873803b0ae52d72a0f6556761&pdf=1
33044,04203,2015-12-24 00:00:00.0,MUNICIPALIDAD DE LOS VILOS,2015,1093,INFORME DE INVESTIGACION ESPECIAL 1093-15 MUNICIPALIDAD DE LOS VILOS SOBRE EVENTUALES IRREGULARIDADES-NOVIEMBRE 201,https://www.contraloria.cl/pdfbuscador/auditoria/1438a6b4a1ff64420bd6a6ed91c30d84/html,04,LOS VILOS,https://www.contraloria.cl/SicaProd/SICAv3-BIFAPortalCGR/faces/newDetalleInforme?docIdcm=1438a6b4a1ff64420bd6a6ed91c30d84,C,Informe de Investigación Especial,16715,https://www.contraloria.cl/SicaProd/SICAv3-BIFAPortalCGR/servletfichainformegoogle?docIdcm=1438a6b4a1ff64420bd6a6ed91c30d84&pdf=1
32312,04203,2015-11-30 00:00:00.0,MUNICIPALIDAD DE LOS VILOS,2015,1117,INFORME DE INVESTIGACIÓN ESPECIAL 1117-15 MUNICIPALIDAD DE LOS VILOS SOBRE EVENTUALES IRREGULARIDADES EN LA CONTRATACIÓN DE UN SERVIDOR A HONORARIOS Y OTROS GASTOS-NOVIEMBRE 2015,https://www.contraloria.cl/pdfbuscador/auditoria/89cd9b275be79fdd28ec38f5f8d98a3d/html,04,LOS VILOS,https://www.contraloria.cl/SicaProd/SICAv3-BIFAPortalCGR/faces/newDetalleInforme?docIdcm=89cd9b275be79fdd28ec38f5f8d98a3d,C,Informe de Investigación Especial,16709,https://www.contraloria.cl/SicaProd/SICAv3-BIFAPortalCGR/servletfichainformegoogle?docIdcm=89cd9b275be79fdd28ec38f5f8d98a3d&pdf=1
31986,04203,2015-12-29 00:00:00.0,MUNICIPALIDAD DE LOS VILOS,2015,1172,INFORME FINAL 1172-15 MUNICIPALIDAD DE LOS VILOS SOBRE AUDITORIA A LOS INGRESOS PROPIOS Y AL MACROPROCESO DE FINANZAS - DICIEMBRE 2015,https://www.contraloria.cl/pdfbuscador/auditoria/9806d844c5910cba13563056ea3a8671/html,04,LOS VILOS,https://www.contraloria.cl/SicaProd/SICAv3-BIFAPortalCGR/faces/newDetalleInforme?docIdcm=9806d844c5910cba13563056ea3a8671,C,Informe Final de Auditoría,16803,https://www.contraloria.cl/SicaProd/SICAv3-BIFAPortalCGR/servletfichainformegoogle?docIdcm=9806d844c5910cba13563056ea3a8671&pdf=1
33780,04203,2016-06-10 00:00:00.0,DEPARTAMENTO DE EDUCACION DE LOS VILOS,2016,326,INFORME DE INVESTIGACION ESPECIAL N° 326-16 DEPARTAMENTO DE EDUCACION MUNICIPAL DE LOS VILOS SOBRE PRESUNTAS IRREGULARIDADES ,https://www.contraloria.cl/pdfbuscador/auditoria/1cbc9c1707cfddb1f8c27aa54c6f7da7/html,04,LOS VILOS,https://www.contraloria.cl/SicaProd/SICAv3-BIFAPortalCGR/faces/newDetalleInforme?docIdcm=1cbc9c1707cfddb1f8c27aa54c6f7da7,C,Informe de Investigación Especial,18219,https://www.contraloria.cl/SicaProd/SICAv3-BIFAPortalCGR/servletfichainformegoogle?docIdcm=1cbc9c1707cfddb1f8c27aa54c6f7da7&pdf=1
36473,04203,2016-06-09 00:00:00.0,MUNICIPALIDAD DE LOS VILOS,2016,341,INFORME DE INVESTIGACIÓN ESPECIAL N° 341-2016 MUNICIPALIDAD DE LOS VILOS SOBRE PRESUNTAS IRREGULARIDADES CONSTRUCTIVAS-MAYO 2106,https://www.contraloria.cl/pdfbuscador/auditoria/66186eb36c51613b7034ea207a6bf2a8/html,04,LOS VILOS,https://www.contraloria.cl/SicaProd/SICAv3-BIFAPortalCGR/faces/newDetalleInforme?docIdcm=66186eb36c51613b7034ea207a6bf2a8,C,Informe de Investigación Especial,18218,https://www.contraloria.cl/SicaProd/SICAv3-BIFAPortalCGR/servletfichainformegoogle?docIdcm=66186eb36c51613b7034ea207a6bf2a8&pdf=1
36994,04203,2016-08-19 00:00:00.0,MUNICIPALIDAD DE LOS VILOS,2016,536,INFORME DE INVESTIGACIÓN ESPECIAL N° 536-16 MUNICIPALIDAD DE LOS VILOS RELATIVO A LAS CONTRATACIONES A HONORARIOS CON CARGO A LA CUENTA PRESUPUESTARIA N° 21.04.004-AGOSTO 2016,https://www.contraloria.cl/pdfbuscador/auditoria/6fab93731ea6f0739439a08124df3e61/html,04,LOS VILOS,https://www.contraloria.cl/SicaProd/SICAv3-BIFAPortalCGR/faces/newDetalleInforme?docIdcm=6fab93731ea6f0739439a08124df3e61,C,Informe de Investigación Especial,18672,https://www.contraloria.cl/SicaProd/SICAv3-BIFAPortalCGR/servletfichainformegoogle?docIdcm=6fab93731ea6f0739439a08124df3e61&pdf=1
36966,04203,2016-10-07 00:00:00.0,MUNICIPALIDAD DE LOS VILOS,2016,760,INFORME FINAL 760-16 MUNICIPALIDAD DE LOS VILOS - AUDITORÍA AL GASTO EN PERIODO ELECTORAL - USO DE BIENES - VEHÍCULOS - RRHH - RECURSOS FÍSICOS Y FINANCIEROS - OCTUBRE 2016,https://www.contraloria.cl/pdfbuscador/auditoria/a4b9c2d03ef4cfa637a15529f599996d/html,04,LOS VILOS,https://www.contraloria.cl/SicaProd/SICAv3-BIFAPortalCGR/faces/newDetalleInforme?docIdcm=a4b9c2d03ef4cfa637a15529f599996d,C,Informe Final de Auditoría,19118,https://www.contraloria.cl/SicaProd/SICAv3-BIFAPortalCGR/servletfichainformegoogle?docIdcm=a4b9c2d03ef4cfa637a15529f599996d&pdf=1
44956,04203,2017-09-13 00:00:00.0,MUNICIPALIDAD DE LOS VILOS,2017,609,INFORME DE INVESTIGACIÓN ESPECIAL N° 609-17 SOBRE EVENTUALES IRREGULARIDADES ACONTECIDAS EN LA MUNICIPALIDAD DE LOS VILOS-SEPTIEMBRE 2017,https://www.contraloria.cl/pdfbuscador/auditoria/c9ec4a341cc2fa415d0ccb1eda86c3b9/html,04,LOS VILOS,https://www.contraloria.cl/SicaProd/SICAv3-BIFAPortalCGR/faces/newDetalleInforme?docIdcm=c9ec4a341cc2fa415d0ccb1eda86c3b9,C,Informe de Investigación Especial,21752,https://www.contraloria.cl/SicaProd/SICAv3-BIFAPortalCGR/servletfichainformegoogle?docIdcm=c9ec4a341cc2fa415d0ccb1eda86c3b9&pdf=1
49515,04203,2018-08-01 00:00:00.0,MUNICIPALIDAD DE LOS VILOS,2018,308,INFORME FINAL N° 308-18 SOBRE AUDITORÍA AL OTORGAMIENTO DE PERMISOS DE CIRCULACIÓN CORRESPONDIENTES A LOS AÑOS 2016 Y 2017 POR LA MUNICIPALIDAD DE LOS VILOS.,https://www.contraloria.cl/pdfbuscador/auditoria/9432d438dd01ce2c317da2489d5fd26a/html,04,LOS VILOS,https://www.contraloria.cl/SicaProd/SICAv3-BIFAPortalCGR/faces/newDetalleInforme?docIdcm=9432d438dd01ce2c317da2489d5fd26a,C,Informe Final de Auditoría,25053,https://www.contraloria.cl/SicaProd/SICAv3-BIFAPortalCGR/servletfichainformegoogle?docIdcm=9432d438dd01ce2c317da2489d5fd26a&pdf=1
52386,04203,2018-08-03 00:00:00.0,MUNICIPALIDAD DE LOS VILOS,2018,503,"INFORME FINAL DE INVESTIGACIÓN ESPECIAL N° 503-18 SOBRE EVENTUALES IRREGULARIDADES EN LA DISTRIBUCIÓN DE AGUA POTABLE POR DÉFICIT HÍDRICO EN LA COMUNA DE LOS VILOS, ENTRE OTRAS.",https://www.contraloria.cl/pdfbuscador/auditoria/07e61ca63e624d6d663438523bc0e354/html,04,LOS VILOS,https://www.contraloria.cl/SicaProd/SICAv3-BIFAPortalCGR/faces/newDetalleInforme?docIdcm=07e61ca63e624d6d663438523bc0e354,C,Informe de Investigación Especial,25056,https://www.contraloria.cl/SicaProd/SICAv3-BIFAPortalCGR/servletfichainformegoogle?docIdcm=07e61ca63e624d6d663438523bc0e354&pdf=1