IDACTIVIDAD,CODIGOSUBDERE,FECHAINFORME,NOMBRESERVICIO,ANOINFORME,NUMEROINFORME,MATERIAINFORME,FICHAINFORMEBIFA,C_REG_SUBDERE,NOMBRESUBDERE,FICHAINFORME,TIPOSUBDERE,TIPOINFORME,IDINFORME,PDFINFORME
32013,14104,2015-12-30 00:00:00.0,MUNICIPALIDAD DE LOS LAGOS,2015,1265,"INFORME FINAL 1.265-15 MUNICIPALIDAD DE LOS LAGOS, AUDITORÍA A LOS PAGOS DE HORAS EXTRAORDINARIAS AL PERSONAL DE PLANTA Y CONTRATA DEL SECTOR MUNICIPAL Y OTROS DESEMBOLSOS - DICIEMBRE 2015",https://www.contraloria.cl/pdfbuscador/auditoria/a55c4458961274e07c7670e759f06a3d/html,14,LOS LAGOS,https://www.contraloria.cl/SicaProd/SICAv3-BIFAPortalCGR/faces/newDetalleInforme?docIdcm=a55c4458961274e07c7670e759f06a3d,C,Informe Final de Auditoría,16767,https://www.contraloria.cl/SicaProd/SICAv3-BIFAPortalCGR/servletfichainformegoogle?docIdcm=a55c4458961274e07c7670e759f06a3d&pdf=1
35563,14104,2016-10-17 00:00:00.0,DEPARTAMENTO DE EDUCACION DE LOS LAGOS,2016,277,"INFORME DE INVESTIGACIÓN ESPECIAL 277-16 MUNICIPALIDAD DE LOS LAGOS, EVENTUALES IRREGULARIDADES EN EL DEPARTAMENTO DE EDUCACIÓN - OCTUBRE 2016",https://www.contraloria.cl/pdfbuscador/auditoria/82d699bb523b025fa84aecc2ed44db31/html,14,LOS LAGOS,https://www.contraloria.cl/SicaProd/SICAv3-BIFAPortalCGR/faces/newDetalleInforme?docIdcm=82d699bb523b025fa84aecc2ed44db31,C,Informe de Investigación Especial,19264,https://www.contraloria.cl/SicaProd/SICAv3-BIFAPortalCGR/servletfichainformegoogle?docIdcm=82d699bb523b025fa84aecc2ed44db31&pdf=1
38363,14104,2016-10-21 00:00:00.0,MUNICIPALIDAD DE LOS LAGOS,2016,841,"INFORME DE INVESTIGACIÓN ESPECIAL 841-16 MUNICIPALIDAD DE LOS LAGOS, COMETIDOS REALIZADOS EN EL EXTRANJERO POR CONCEJALES - OCTUBRE 2016",https://www.contraloria.cl/pdfbuscador/auditoria/d59c15e3e9072e2c38694b58224588eb/html,14,LOS LAGOS,https://www.contraloria.cl/SicaProd/SICAv3-BIFAPortalCGR/faces/newDetalleInforme?docIdcm=d59c15e3e9072e2c38694b58224588eb,C,Informe de Investigación Especial,19283,https://www.contraloria.cl/SicaProd/SICAv3-BIFAPortalCGR/servletfichainformegoogle?docIdcm=d59c15e3e9072e2c38694b58224588eb&pdf=1
39718,14104,2017-04-18 00:00:00.0,MUNICIPALIDAD DE LOS LAGOS,2017,45,"INFORME DE  INVESTIGACIÓN ESPECIAL 45-17 MUNICIPALIDAD DE LOS LAGOS, ADQUISICIÓN DE UN TERRENO Y PRESUNTAS IRREGULARIDADES EN LA EJECUCIÓN DE UN CONTRATO DE OBRAS - ABRIL 2017",https://www.contraloria.cl/pdfbuscador/auditoria/c8b56c331a9b1d8aecdf390427a782ca/html,14,LOS LAGOS,https://www.contraloria.cl/SicaProd/SICAv3-BIFAPortalCGR/faces/newDetalleInforme?docIdcm=c8b56c331a9b1d8aecdf390427a782ca,C,Informe de Investigación Especial,20952,https://www.contraloria.cl/SicaProd/SICAv3-BIFAPortalCGR/servletfichainformegoogle?docIdcm=c8b56c331a9b1d8aecdf390427a782ca&pdf=1
41513,14104,2017-10-20 00:00:00.0,DEPARTAMENTO DE EDUCACION DE LOS LAGOS,2017,524,"INFORME FINAL 524-2017  MUNICIPALIDAD DE LOS LAGOS, AUDITORÍA A LOS RECURSOS DEL FONDO DE APOYO A LA EDUCACIÓN PÚBLICA MUNICIPAL, FAEP AÑO 2015 - OCTUBRE 2017",https://www.contraloria.cl/pdfbuscador/auditoria/842a3c2b21fa1d38c675f25491e57ce1/html,14,LOS LAGOS,https://www.contraloria.cl/SicaProd/SICAv3-BIFAPortalCGR/faces/newDetalleInforme?docIdcm=842a3c2b21fa1d38c675f25491e57ce1,C,Informe Final de Auditoría,22255,https://www.contraloria.cl/SicaProd/SICAv3-BIFAPortalCGR/servletfichainformegoogle?docIdcm=842a3c2b21fa1d38c675f25491e57ce1&pdf=1
47912,14104,2018-03-20 00:00:00.0,DEPARTAMENTO DE EDUCACION DE LOS LAGOS,2018,26,"INFORME DE INVESTIGACIÓN ESPECIAL 26 - 2018 DEPARTAMENTO DE EDUCACIÓN DE LOS LAGOS, SOBRE PAGOS EFECTUADOS CON CARGO AL PIE - MARZO 2018",https://www.contraloria.cl/pdfbuscador/auditoria/658ab3c4991e628570c464fe000fb72a/html,14,LOS LAGOS,https://www.contraloria.cl/SicaProd/SICAv3-BIFAPortalCGR/faces/newDetalleInforme?docIdcm=658ab3c4991e628570c464fe000fb72a,C,Informe de Investigación Especial,23442,https://www.contraloria.cl/SicaProd/SICAv3-BIFAPortalCGR/servletfichainformegoogle?docIdcm=658ab3c4991e628570c464fe000fb72a&pdf=1
47552,14104,2018-04-03 00:00:00.0,MUNICIPALIDAD DE LOS LAGOS,2018,40,"INFORME DE INVESTIGACIÓN ESPECIAL 40-2018, MUNICIPALIDAD DE LOS LAGOS, SOBRE SUPUESTAS IRREGULARIDADES EN EL DAEM LOS LAGOS - ABRIL 2018",https://www.contraloria.cl/pdfbuscador/auditoria/99948496efc9fe934eb168e03574cf09/html,14,LOS LAGOS,https://www.contraloria.cl/SicaProd/SICAv3-BIFAPortalCGR/faces/newDetalleInforme?docIdcm=99948496efc9fe934eb168e03574cf09,C,Informe de Investigación Especial,23647,https://www.contraloria.cl/SicaProd/SICAv3-BIFAPortalCGR/servletfichainformegoogle?docIdcm=99948496efc9fe934eb168e03574cf09&pdf=1
50990,14104,2018-11-26 00:00:00.0,MUNICIPALIDAD DE LOS LAGOS,2018,659,"INFORME FINAL 659-2018 MUNICIPALIDAD DE LOS LAGOS, AUDITORÍA AL PROCESO DE FORMULACIÓN, EJECUCIÓN Y CONTROL DEL PRESUPUESTO, NOVIEMBRE-2018",https://www.contraloria.cl/pdfbuscador/auditoria/004db45647d6fae7f987a1e78a2963f6/html,14,LOS LAGOS,https://www.contraloria.cl/SicaProd/SICAv3-BIFAPortalCGR/faces/newDetalleInforme?docIdcm=004db45647d6fae7f987a1e78a2963f6,C,Informe Final de Auditoría,26688,https://www.contraloria.cl/SicaProd/SICAv3-BIFAPortalCGR/servletfichainformegoogle?docIdcm=004db45647d6fae7f987a1e78a2963f6&pdf=1
57941,14104,2019-12-03 00:00:00.0,MUNICIPALIDAD DE LOS LAGOS,2019,738,INFORME FINAL 738-2019 MUNICIPALIDAD DE LOS LAGOS SOBRE AUDITORÍA A LAS ADQUISICIONES DE BIENES Y SERVICIOS DE CONSUMOS EFECTUADAS CON CARGO A LOS SUBTITULOS 22 29 Y 31 - DICIEMBRE 2019,https://www.contraloria.cl/pdfbuscador/auditoria/24132b254b715ef59c1800a33ed5a34a/html,14,LOS LAGOS,https://www.contraloria.cl/SicaProd/SICAv3-BIFAPortalCGR/faces/newDetalleInforme?docIdcm=24132b254b715ef59c1800a33ed5a34a,C,Informe Final de Auditoría,30515,https://www.contraloria.cl/SicaProd/SICAv3-BIFAPortalCGR/servletfichainformegoogle?docIdcm=24132b254b715ef59c1800a33ed5a34a&pdf=1