IDACTIVIDAD,CODIGOSUBDERE,FECHAINFORME,NOMBRESERVICIO,ANOINFORME,NUMEROINFORME,MATERIAINFORME,FICHAINFORMEBIFA,C_REG_SUBDERE,NOMBRESUBDERE,FICHAINFORME,TIPOSUBDERE,TIPOINFORME,IDINFORME,PDFINFORME
30860,05301,2015-09-14 00:00:00.0,DEPARTAMENTO DE SALUD DE LOS ANDES,2015,766,INFORME INVESTIGACIÓN ESPECIAL 766-15 DEPARTAMENTO DE SALUD DE LA MUNICIPALIDAD DE LOS ANDES SOBRE EVENTUALES IRREGULARIDADES EN EL CENTRO DE SALUD FAMILIAR CENTENARIO - SEPTIEMBRE 2015,https://www.contraloria.cl/pdfbuscador/auditoria/ce99aabfb7fac72e0b1028fd548d6536/html,05,LOS ANDES,https://www.contraloria.cl/SicaProd/SICAv3-BIFAPortalCGR/faces/newDetalleInforme?docIdcm=ce99aabfb7fac72e0b1028fd548d6536,C,Informe de Investigación Especial,14879,https://www.contraloria.cl/SicaProd/SICAv3-BIFAPortalCGR/servletfichainformegoogle?docIdcm=ce99aabfb7fac72e0b1028fd548d6536&pdf=1
32735,05301,2015-12-29 00:00:00.0,MUNICIPALIDAD DE LOS ANDES,2015,1194,INFORME DE INSPECCIÓN DE OBRA PÚBLICA 1.194-15 MUNICIPALIDAD DE LOS ANDES SOBRE CONSTRUCCIÓN COLECTORES DE AGUAS LLUVIAS CALLE ARTURO PRAT - DICIEMBRE 2015,https://www.contraloria.cl/pdfbuscador/auditoria/4901525bf34871f46d26a6bf9a4edd5d/html,05,LOS ANDES,https://www.contraloria.cl/SicaProd/SICAv3-BIFAPortalCGR/faces/newDetalleInforme?docIdcm=4901525bf34871f46d26a6bf9a4edd5d,C,Informe de Inspección de Obra Pública,16854,https://www.contraloria.cl/SicaProd/SICAv3-BIFAPortalCGR/servletfichainformegoogle?docIdcm=4901525bf34871f46d26a6bf9a4edd5d&pdf=1
34881,05301,2016-04-28 00:00:00.0,DEPARTAMENTO DE SALUD DE LOS ANDES,2016,44,INFORME INVESTIGACIÓN ESPECIAL 44-16 MUNICIPALIDAD DE LOS ANDES MEDICAMENTOS EN CESFAM CENTENARIO - ABRIL 2016,https://www.contraloria.cl/pdfbuscador/auditoria/dd6bf2486e98f2e258fc9e6016fead41/html,05,LOS ANDES,https://www.contraloria.cl/SicaProd/SICAv3-BIFAPortalCGR/faces/newDetalleInforme?docIdcm=dd6bf2486e98f2e258fc9e6016fead41,C,Informe de Investigación Especial,17883,https://www.contraloria.cl/SicaProd/SICAv3-BIFAPortalCGR/servletfichainformegoogle?docIdcm=dd6bf2486e98f2e258fc9e6016fead41&pdf=1
41952,05301,2017-06-02 00:00:00.0,DEPARTAMENTO DE EDUCACION DE LOS ANDES,2017,213,INFORME FINAL DE INVESTIGACIÓN ESPECIAL 213-17 DEPARTAMENTOS DE EDUCACIÓN DE LAS MUNICIPALIDAD DE LOS ANDES Y RINCONADA SOBRE SUBVENCIONES ESCOLARES - JUNIO 2017,https://www.contraloria.cl/pdfbuscador/auditoria/ca96633f99a27ebae5f40a2ec5eed50e/html,05,LOS ANDES,https://www.contraloria.cl/SicaProd/SICAv3-BIFAPortalCGR/faces/newDetalleInforme?docIdcm=ca96633f99a27ebae5f40a2ec5eed50e,C,Informe de Investigación Especial,21080,https://www.contraloria.cl/SicaProd/SICAv3-BIFAPortalCGR/servletfichainformegoogle?docIdcm=ca96633f99a27ebae5f40a2ec5eed50e&pdf=1
40856,05301,2017-10-31 00:00:00.0,MUNICIPALIDAD DE LOS ANDES,2017,521,INFORME FINAL DE INVESTIGACIÓN ESPECIAL 521-17 MUNICIPALIDAD DE LOS ANDES SOBRE EVENTUALES IRREGULARIDADES EN CAPACITACIONES DE CONCEJALES - OCTUBRE 2017,https://www.contraloria.cl/pdfbuscador/auditoria/e58ff4f7cee92a8418a2ca1060a45cc6/html,05,LOS ANDES,https://www.contraloria.cl/SicaProd/SICAv3-BIFAPortalCGR/faces/newDetalleInforme?docIdcm=e58ff4f7cee92a8418a2ca1060a45cc6,C,Informe de Investigación Especial,22019,https://www.contraloria.cl/SicaProd/SICAv3-BIFAPortalCGR/servletfichainformegoogle?docIdcm=e58ff4f7cee92a8418a2ca1060a45cc6&pdf=1
50283,05301,2018-11-16 00:00:00.0,MUNICIPALIDAD DE LOS ANDES,2018,496,INFORME FINAL DE INVESTIGACIÓN ESPECIAL 496-18 MUNICIPALIDAD DE LOS ANDES SOBRE EVENTUALES IRREGULARIDADES EN LA EJECUCIÓN DEL PROGRAMA GES EMBARAZADAS - NOVIEMBRE 2018,https://www.contraloria.cl/pdfbuscador/auditoria/7f5f6383686d1eff8eadfd8ffc385e6c/html,05,LOS ANDES,https://www.contraloria.cl/SicaProd/SICAv3-BIFAPortalCGR/faces/newDetalleInforme?docIdcm=7f5f6383686d1eff8eadfd8ffc385e6c,C,Informe de Investigación Especial,26606,https://www.contraloria.cl/SicaProd/SICAv3-BIFAPortalCGR/servletfichainformegoogle?docIdcm=7f5f6383686d1eff8eadfd8ffc385e6c&pdf=1
59059,05301,2019-12-23 00:00:00.0,MUNICIPALIDAD DE LOS ANDES,2019,642,INFORME FINAL DE INVESTIGACIÓN ESPECIAL 642-19 MUNICIPALIDAD DE LOS ANDES SOBRE EVENTUALES IRREGULARIDADES - DICIEMBRE 2019,https://www.contraloria.cl/pdfbuscador/auditoria/b118a47d91a0ceca169e60f2e4686595/html,05,LOS ANDES,https://www.contraloria.cl/SicaProd/SICAv3-BIFAPortalCGR/faces/newDetalleInforme?docIdcm=b118a47d91a0ceca169e60f2e4686595,C,Informe de Investigación Especial,30801,https://www.contraloria.cl/SicaProd/SICAv3-BIFAPortalCGR/servletfichainformegoogle?docIdcm=b118a47d91a0ceca169e60f2e4686595&pdf=1