IDACTIVIDAD,CODIGOSUBDERE,FECHAINFORME,NOMBRESERVICIO,ANOINFORME,NUMEROINFORME,MATERIAINFORME,FICHAINFORMEBIFA,C_REG_SUBDERE,NOMBRESUBDERE,FICHAINFORME,TIPOSUBDERE,TIPOINFORME,IDINFORME,PDFINFORME
26013,08106,2015-12-23 00:00:00.0,MUNICIPALIDAD DE LOTA,2015,67,INFORME INVESTIGACIÓN ESPECIAL 67 - 15 MUNICIPALIDAD DE LOTA SOBRE PRESUNTAS IRREGULARIDADES - DICIEMBRE 2015,https://www.contraloria.cl/pdfbuscador/auditoria/9dfb56ef9aa242b3d5a9cd29759ef00d/html,08,LOTA,https://www.contraloria.cl/SicaProd/SICAv3-BIFAPortalCGR/faces/newDetalleInforme?docIdcm=9dfb56ef9aa242b3d5a9cd29759ef00d,C,Informe de Investigación Especial,16876,https://www.contraloria.cl/SicaProd/SICAv3-BIFAPortalCGR/servletfichainformegoogle?docIdcm=9dfb56ef9aa242b3d5a9cd29759ef00d&pdf=1
32254,08106,2015-10-16 00:00:00.0,DEPARTAMENTO DE ADMINISTRACION DE EDUCACION MUNICIPAL DE LOTA,2015,831,INFORME INVESTIGACIÓN ESPECIAL 831-15 MUNICIPALIDAD DE LOTA SOBRE TRASPASO DE FONDOS A EDUCACIÓN - OCTUBRE 2015,https://www.contraloria.cl/pdfbuscador/auditoria/84856fcb91084f51a2bea31edbd0653a/html,08,LOTA,https://www.contraloria.cl/SicaProd/SICAv3-BIFAPortalCGR/faces/newDetalleInforme?docIdcm=84856fcb91084f51a2bea31edbd0653a,C,Informe de Investigación Especial,15401,https://www.contraloria.cl/SicaProd/SICAv3-BIFAPortalCGR/servletfichainformegoogle?docIdcm=84856fcb91084f51a2bea31edbd0653a&pdf=1
34657,08106,2016-10-11 00:00:00.0,MUNICIPALIDAD DE LOTA,2016,670,INFORME FINAL 670-16 MUNICIPALIDAD DE LOTA - AUDITORÍA AL GASTO EN PERIODO ELECTORAL - USO DE BIENES - VEHÍCULOS - RRHH - RECURSOS FÍSICOS Y FINANCIEROS - OCTUBRE 2016,https://www.contraloria.cl/pdfbuscador/auditoria/bbf65d8f97a9d32e5552000b31810cdc/html,08,LOTA,https://www.contraloria.cl/SicaProd/SICAv3-BIFAPortalCGR/faces/newDetalleInforme?docIdcm=bbf65d8f97a9d32e5552000b31810cdc,C,Informe Final de Auditoría,19114,https://www.contraloria.cl/SicaProd/SICAv3-BIFAPortalCGR/servletfichainformegoogle?docIdcm=bbf65d8f97a9d32e5552000b31810cdc&pdf=1
38668,08106,2016-10-20 00:00:00.0,MUNICIPALIDAD DE LOTA,2016,724,"INFORME INVESTIGACIÓN ESPECIAL 724-16 MUNICIPALIDAD DE LOTA - PRESUNTAS IRREGULARIDADES EN LA EJECUCIÓN DEL PROYECTO DENOMINADO REPOSICIÓN DE ACERAS Y MOBILIARIO EJE CIVICO, LOTA - OCTUBRE 2016",https://www.contraloria.cl/pdfbuscador/auditoria/a78a0658a70c74d6e6d7c9412a28fe57/html,08,LOTA,https://www.contraloria.cl/SicaProd/SICAv3-BIFAPortalCGR/faces/newDetalleInforme?docIdcm=a78a0658a70c74d6e6d7c9412a28fe57,C,Informe de Investigación Especial,19285,https://www.contraloria.cl/SicaProd/SICAv3-BIFAPortalCGR/servletfichainformegoogle?docIdcm=a78a0658a70c74d6e6d7c9412a28fe57&pdf=1
34704,08106,2016-12-16 00:00:00.0,MUNICIPALIDAD DE LOTA,2016,978,INFORME FINAL 978-16 MUNICIPALIDAD DE LOTA - AUDITORÍA AL PROCESO DE OTORGAMIENTO DE LICENCIAS DE CONDUCIR - DICIEMBRE 2016,https://www.contraloria.cl/pdfbuscador/auditoria/225c8001f6b56e3a4e88b0e4811fc8ed/html,08,LOTA,https://www.contraloria.cl/SicaProd/SICAv3-BIFAPortalCGR/faces/newDetalleInforme?docIdcm=225c8001f6b56e3a4e88b0e4811fc8ed,C,Informe Final de Auditoría,20045,https://www.contraloria.cl/SicaProd/SICAv3-BIFAPortalCGR/servletfichainformegoogle?docIdcm=225c8001f6b56e3a4e88b0e4811fc8ed&pdf=1
41909,08106,2017-11-17 00:00:00.0,MUNICIPALIDAD DE LOTA,2017,27,INFORME INVESTIGACIÓN ESPECIAL 27-17 MUNICIPALIDAD DE LOTA SOBRE PRESUNTAS IRREGULARIDADES EN MATERIAS DE PERSONAL Y GASTOS PIE - NOVIEMBRE 2017,https://www.contraloria.cl/pdfbuscador/auditoria/225ff42a0b8da9f5af6d3b04350b5301/html,08,LOTA,https://www.contraloria.cl/SicaProd/SICAv3-BIFAPortalCGR/faces/newDetalleInforme?docIdcm=225ff42a0b8da9f5af6d3b04350b5301,C,Informe de Investigación Especial,22153,https://www.contraloria.cl/SicaProd/SICAv3-BIFAPortalCGR/servletfichainformegoogle?docIdcm=225ff42a0b8da9f5af6d3b04350b5301&pdf=1
46899,08106,2017-12-07 00:00:00.0,MUNICIPALIDAD DE LOTA,2017,808,INFORME FINAL 808-17 MUNICIPALIDAD DE LOTA AUDITORÍA AL PROGRAMA DE REVITALIZACIÓN DE BARRIOS E INFRAESTRUCTURA PATRIMONIAL EMBLEMÁTICA - DICIEMBRE 2017,https://www.contraloria.cl/pdfbuscador/auditoria/7ed15341a7abd790fd934a1aabd90afd/html,08,LOTA,https://www.contraloria.cl/SicaProd/SICAv3-BIFAPortalCGR/faces/newDetalleInforme?docIdcm=7ed15341a7abd790fd934a1aabd90afd,C,Informe Final de Auditoría,22602,https://www.contraloria.cl/SicaProd/SICAv3-BIFAPortalCGR/servletfichainformegoogle?docIdcm=7ed15341a7abd790fd934a1aabd90afd&pdf=1
46804,08106,2017-11-21 00:00:00.0,MUNICIPALIDAD DE LOTA,2017,812,INFORME FINAL DE INVESTIGACIÓN ESPECIAL 812 DE 2017 MUNICIPALIDAD DE LOTA - PRESUNTAS IRREGULARIDADES EN EL DEPARTAMENTO DE EDUCACIÓN MUNICIPAL - NOVIEMBRE 2017,https://www.contraloria.cl/pdfbuscador/auditoria/3254a3f068e3e21adc3f5453e2e9d53b/html,08,LOTA,https://www.contraloria.cl/SicaProd/SICAv3-BIFAPortalCGR/faces/newDetalleInforme?docIdcm=3254a3f068e3e21adc3f5453e2e9d53b,C,Informe de Investigación Especial,22280,https://www.contraloria.cl/SicaProd/SICAv3-BIFAPortalCGR/servletfichainformegoogle?docIdcm=3254a3f068e3e21adc3f5453e2e9d53b&pdf=1
42344,08106,2017-12-28 00:00:00.0,MUNICIPALIDAD DE LOTA,2017,816,INFORME FINAL N°816-17 - MUNICIPALIDAD DE LOTA - SOBRE AUDITORÍA AL MACROPROCESO DE CONCESIÓN DEL SERVICIO DE ASEO - DICIEMBRE 2017,https://www.contraloria.cl/pdfbuscador/auditoria/d536693ccfb8dc5c14ea4e60e30cce96/html,08,LOTA,https://www.contraloria.cl/SicaProd/SICAv3-BIFAPortalCGR/faces/newDetalleInforme?docIdcm=d536693ccfb8dc5c14ea4e60e30cce96,C,Informe Final de Auditoría,22598,https://www.contraloria.cl/SicaProd/SICAv3-BIFAPortalCGR/servletfichainformegoogle?docIdcm=d536693ccfb8dc5c14ea4e60e30cce96&pdf=1
49656,08106,2018-04-19 00:00:00.0,MUNICIPALIDAD DE LOTA,2018,84,"INFORME FINAL N° 84-18 AUDITORÍA AL PROGRAMA DE REVITALIZACIÓN DE BARRIOS E INFRAESTRUCTURA PATRIMONIAL EMBLEMÁTICA, PRÉSTAMO INTERNACIONAL - ABRIL 2018",https://www.contraloria.cl/pdfbuscador/auditoria/e3f14b80cdb546564e38ca03c4e0e52e/html,08,LOTA,https://www.contraloria.cl/SicaProd/SICAv3-BIFAPortalCGR/faces/newDetalleInforme?docIdcm=e3f14b80cdb546564e38ca03c4e0e52e,C,Informe Final de Auditoría,23806,https://www.contraloria.cl/SicaProd/SICAv3-BIFAPortalCGR/servletfichainformegoogle?docIdcm=e3f14b80cdb546564e38ca03c4e0e52e&pdf=1
52062,08106,2018-12-26 00:00:00.0,MUNICIPALIDAD DE LOTA,2018,651,INFORME FINAL 651-18 MUNICIPALIDAD DE LOTA SOBRE AUDITORÍA AL PROGRAMA DE MEJORAMIENTO URBANO Y EQUIPAMIENTO COMUNAL - DICIEMBRE 2018,https://www.contraloria.cl/pdfbuscador/auditoria/60a5be1edafd4f1389de5ed8a7c6fbbf/html,08,LOTA,https://www.contraloria.cl/SicaProd/SICAv3-BIFAPortalCGR/faces/newDetalleInforme?docIdcm=60a5be1edafd4f1389de5ed8a7c6fbbf,C,Informe Final de Auditoría,27168,https://www.contraloria.cl/SicaProd/SICAv3-BIFAPortalCGR/servletfichainformegoogle?docIdcm=60a5be1edafd4f1389de5ed8a7c6fbbf&pdf=1
52750,08106,2019-02-15 00:00:00.0,DEPARTAMENTO DE ADMINISTRACION DE EDUCACION MUNICIPAL DE LOTA,2018,749,INFORME FINAL 749-18 DAEM MUNICIPALIDAD LOTA SOBRE AUDITORÍA AL PROCESO DE RECURSOS HUMANOS - FEBRERO 2019,https://www.contraloria.cl/pdfbuscador/auditoria/4cddddb27265aa97986afa016ce62616/html,08,LOTA,https://www.contraloria.cl/SicaProd/SICAv3-BIFAPortalCGR/faces/newDetalleInforme?docIdcm=4cddddb27265aa97986afa016ce62616,C,Informe Final de Auditoría,27687,https://www.contraloria.cl/SicaProd/SICAv3-BIFAPortalCGR/servletfichainformegoogle?docIdcm=4cddddb27265aa97986afa016ce62616&pdf=1
54442,08106,2019-08-05 00:00:00.0,MUNICIPALIDAD DE LOTA,2018,933,INFORME INVESTIGACIÓN ESPECIAL 933-18 MUNICIPALIDAD DE LOTA SOBRE SERVICIO DE ASEO - AGOSTO 2019,https://www.contraloria.cl/pdfbuscador/auditoria/7d2e3d012182258f81336b180e8bff9b/html,08,LOTA,https://www.contraloria.cl/SicaProd/SICAv3-BIFAPortalCGR/faces/newDetalleInforme?docIdcm=7d2e3d012182258f81336b180e8bff9b,C,Informe de Investigación Especial,29679,https://www.contraloria.cl/SicaProd/SICAv3-BIFAPortalCGR/servletfichainformegoogle?docIdcm=7d2e3d012182258f81336b180e8bff9b&pdf=1
54983,08106,2019-01-11 00:00:00.0,MUNICIPALIDAD DE LOTA,2018,989,INFORME INVESTIGACIÓN ESPECIAL 989-18 DAEM MUNICIPALIDAD DE LOTA SOBRE PRESUNTAS IRREGULARIDADES EN EL PAGO DE UN BONO - ENERO 2019,https://www.contraloria.cl/pdfbuscador/auditoria/4c032a682b3898470aea73f3c7b4be9e/html,08,LOTA,https://www.contraloria.cl/SicaProd/SICAv3-BIFAPortalCGR/faces/newDetalleInforme?docIdcm=4c032a682b3898470aea73f3c7b4be9e,C,Informe de Investigación Especial,27374,https://www.contraloria.cl/SicaProd/SICAv3-BIFAPortalCGR/servletfichainformegoogle?docIdcm=4c032a682b3898470aea73f3c7b4be9e&pdf=1
56432,08106,2019-04-24 00:00:00.0,MUNICIPALIDAD DE LOTA,2019,129,INFORME FINAL 129-19 MUNICIPALIDAD DE LOTA SOBRE AUDITORÍA AL PROGRAMA DE REVITALIZACIÓN DE BARRIOS E INFRAESTRUCTURA PATRIMONIAL EMBLEMÁTICA - ABRIL 2019,https://www.contraloria.cl/pdfbuscador/auditoria/edb1cb0e0ea1481ffe808bce4ac5cc1e/html,08,LOTA,https://www.contraloria.cl/SicaProd/SICAv3-BIFAPortalCGR/faces/newDetalleInforme?docIdcm=edb1cb0e0ea1481ffe808bce4ac5cc1e,C,Informe Final de Auditoría,28821,https://www.contraloria.cl/SicaProd/SICAv3-BIFAPortalCGR/servletfichainformegoogle?docIdcm=edb1cb0e0ea1481ffe808bce4ac5cc1e&pdf=1
59040,08106,2019-12-23 00:00:00.0,MUNICIPALIDAD DE LOTA,2019,694,INFORME FINAL 649-19 MUNICIPALIDAD DE LOTA AUDITORÍA A OBRAS DE INFRAESTRUCTURA - DICIEMBRE 2019,https://www.contraloria.cl/pdfbuscador/auditoria/8e3bef5d9202037e825e82c6b711caa9/html,08,LOTA,https://www.contraloria.cl/SicaProd/SICAv3-BIFAPortalCGR/faces/newDetalleInforme?docIdcm=8e3bef5d9202037e825e82c6b711caa9,C,Informe Final de Auditoría,30787,https://www.contraloria.cl/SicaProd/SICAv3-BIFAPortalCGR/servletfichainformegoogle?docIdcm=8e3bef5d9202037e825e82c6b711caa9&pdf=1
72271,08106,2020-06-09 00:00:00.0,MUNICIPALIDAD DE LOTA,2020,112,INFORME FINAL 112-20 MUNICIPALIDAD DE LOTA AUDITORÍA AL PROGRAMA DE REVITILIZACIÓN DE BARRIOS E INFRAESTRUCTURA PATRIMONIAL EMBLEMÁTICA - JUNIO 2020,https://www.contraloria.cl/pdfbuscador/auditoria/e9d038bb851c986148c2321457d04a0d/html,08,LOTA,https://www.contraloria.cl/SicaProd/SICAv3-BIFAPortalCGR/faces/newDetalleInforme?docIdcm=e9d038bb851c986148c2321457d04a0d,C,Informe Final de Auditoría,33071,https://www.contraloria.cl/SicaProd/SICAv3-BIFAPortalCGR/servletfichainformegoogle?docIdcm=e9d038bb851c986148c2321457d04a0d&pdf=1