IDACTIVIDAD,CODIGOSUBDERE,FECHAINFORME,NOMBRESERVICIO,ANOINFORME,NUMEROINFORME,MATERIAINFORME,FICHAINFORMEBIFA,C_REG_SUBDERE,NOMBRESUBDERE,FICHAINFORME,TIPOSUBDERE,TIPOINFORME,IDINFORME,PDFINFORME
27887,09207,2015-05-15 00:00:00.0,MUNICIPALIDAD DE LUMACO,2015,107,"INFORME DE INVESTIGACIÓN ESPECIAL 107-15 MUNICIPALIDAD DE LUMACO, SOBRE ACCIDENTE EN VEHÍCULO FISCAL - MAYO 2015",https://www.contraloria.cl/pdfbuscador/auditoria/1e090f16b2dc49d54b1b59d9da180865/html,09,LUMACO,https://www.contraloria.cl/SicaProd/SICAv3-BIFAPortalCGR/faces/newDetalleInforme?docIdcm=1e090f16b2dc49d54b1b59d9da180865,C,Informe de Investigación Especial,13827,https://www.contraloria.cl/SicaProd/SICAv3-BIFAPortalCGR/servletfichainformegoogle?docIdcm=1e090f16b2dc49d54b1b59d9da180865&pdf=1
27360,09207,2015-05-29 00:00:00.0,MUNICIPALIDAD DE LUMACO,2015,305,"INFORME INVESTIGACIÓN ESPECIAL 305-15 MUNICIPALIDAD DE LUMACO, SOBRE EVENTUALES IRREGULARIDADES EN LICITACIÓN-MAYO 2015",https://www.contraloria.cl/pdfbuscador/auditoria/e0c2d65e19b547126e617e60da1852c4/html,09,LUMACO,https://www.contraloria.cl/SicaProd/SICAv3-BIFAPortalCGR/faces/newDetalleInforme?docIdcm=e0c2d65e19b547126e617e60da1852c4,C,Informe de Investigación Especial,13923,https://www.contraloria.cl/SicaProd/SICAv3-BIFAPortalCGR/servletfichainformegoogle?docIdcm=e0c2d65e19b547126e617e60da1852c4&pdf=1
31105,09207,2015-09-15 00:00:00.0,DEPARTAMENTO DE EDUCACION MUNICIPAL DE LUMACO,2015,811,"INFORME INVESTIGACIÓN ESPECIAL 811-15 DEPARTAMENTO DE EDUCACIÓN MUNICIPAL DE LUMACO, SOBRE PRESUNTAS IRREGULARIDADES EN LICITACIÓN PÚBLICA-SEPTIEMBRE 2015",https://www.contraloria.cl/pdfbuscador/auditoria/838813847b6e22e7ca40bf4de71c2dcf/html,09,LUMACO,https://www.contraloria.cl/SicaProd/SICAv3-BIFAPortalCGR/faces/newDetalleInforme?docIdcm=838813847b6e22e7ca40bf4de71c2dcf,C,Informe de Investigación Especial,14886,https://www.contraloria.cl/SicaProd/SICAv3-BIFAPortalCGR/servletfichainformegoogle?docIdcm=838813847b6e22e7ca40bf4de71c2dcf&pdf=1
36331,09207,2016-07-19 00:00:00.0,MUNICIPALIDAD DE LUMACO,2016,276,"INFORME DE INVESTIGACIÓN ESPECIAL 276-2016  MUNICIPALIDAD DE LUMACO, SOBRE PRESUNTO USO DE BIENES FISCALES-JULIO 2016",https://www.contraloria.cl/pdfbuscador/auditoria/ba32d9ec45b728a83ee336f2a44bc5c6/html,09,LUMACO,https://www.contraloria.cl/SicaProd/SICAv3-BIFAPortalCGR/faces/newDetalleInforme?docIdcm=ba32d9ec45b728a83ee336f2a44bc5c6,C,Informe de Investigación Especial,18522,https://www.contraloria.cl/SicaProd/SICAv3-BIFAPortalCGR/servletfichainformegoogle?docIdcm=ba32d9ec45b728a83ee336f2a44bc5c6&pdf=1
36299,09207,2016-07-19 00:00:00.0,DEPARTAMENTO DE EDUCACION MUNICIPAL DE LUMACO,2016,285,"INFORME DE INVESTIGACIÓN ESPECIAL 285-2016 DEPARTAMENTO DE EDUCACIÓN MUNICIPAL DE LUMACO, SOBRE PRESUNTAS IRREGULARIDADES EN ADQUISICIONES-JULIO 2016",https://www.contraloria.cl/pdfbuscador/auditoria/3f24f30458e198e6ae404a1fefae883e/html,09,LUMACO,https://www.contraloria.cl/SicaProd/SICAv3-BIFAPortalCGR/faces/newDetalleInforme?docIdcm=3f24f30458e198e6ae404a1fefae883e,C,Informe de Investigación Especial,18520,https://www.contraloria.cl/SicaProd/SICAv3-BIFAPortalCGR/servletfichainformegoogle?docIdcm=3f24f30458e198e6ae404a1fefae883e&pdf=1
37018,09207,2016-09-05 00:00:00.0,MUNICIPALIDAD DE LUMACO,2016,459,"INFORME DE INVESTIGACIÓN ESPECIAL 459-2016 MUNICIPALIDAD DE LUMACO, SOBRE LICITACIÓN-SEPTIEMBRE 2016",https://www.contraloria.cl/pdfbuscador/auditoria/d70e5b355d5677f9f96251d5db679380/html,09,LUMACO,https://www.contraloria.cl/SicaProd/SICAv3-BIFAPortalCGR/faces/newDetalleInforme?docIdcm=d70e5b355d5677f9f96251d5db679380,C,Informe de Investigación Especial,18856,https://www.contraloria.cl/SicaProd/SICAv3-BIFAPortalCGR/servletfichainformegoogle?docIdcm=d70e5b355d5677f9f96251d5db679380&pdf=1
39750,09207,2017-06-21 00:00:00.0,MUNICIPALIDAD DE LUMACO,2017,28,"INFORME DE INVESTIGACIÓN ESPECIAL 28-17 MUNICIPALIDAD DE LUMACO, SOBRE CONCURSO PARA  PROVEER CARGO DIRECTOR - JUNIO DE 2017",https://www.contraloria.cl/pdfbuscador/auditoria/72d3b537762901b3074f661e768ff314/html,09,LUMACO,https://www.contraloria.cl/SicaProd/SICAv3-BIFAPortalCGR/faces/newDetalleInforme?docIdcm=72d3b537762901b3074f661e768ff314,C,Informe de Investigación Especial,21267,https://www.contraloria.cl/SicaProd/SICAv3-BIFAPortalCGR/servletfichainformegoogle?docIdcm=72d3b537762901b3074f661e768ff314&pdf=1
40695,09207,2017-09-29 00:00:00.0,DEPARTAMENTO DE EDUCACION MUNICIPAL DE LUMACO,2017,464,"INFORME DE INVESTIGACIÓN ESPECIAL 464-17 DPETO DE EDUCACIÓN MUNI LUMACO, SOBRE PAGO DE COTIZACIONES OCTUBRE 2017",https://www.contraloria.cl/pdfbuscador/auditoria/36a0f3760ee1ee11a7ea2fe4809cc1d1/html,09,LUMACO,https://www.contraloria.cl/SicaProd/SICAv3-BIFAPortalCGR/faces/newDetalleInforme?docIdcm=36a0f3760ee1ee11a7ea2fe4809cc1d1,C,Informe de Investigación Especial,21804,https://www.contraloria.cl/SicaProd/SICAv3-BIFAPortalCGR/servletfichainformegoogle?docIdcm=36a0f3760ee1ee11a7ea2fe4809cc1d1&pdf=1
42028,09207,2017-12-18 00:00:00.0,MUNICIPALIDAD DE LUMACO,2017,976,"INFORME FINAL 976-2017 MUNICIPALIDAD DE LUMACO, SOBRE CONCESIONES EMPRESAS DE ASEO-DICIEMBRE",https://www.contraloria.cl/pdfbuscador/auditoria/e07739dcffbfba364f0a80ef43a0f04f/html,09,LUMACO,https://www.contraloria.cl/SicaProd/SICAv3-BIFAPortalCGR/faces/newDetalleInforme?docIdcm=e07739dcffbfba364f0a80ef43a0f04f,C,Informe Final de Auditoría,22463,https://www.contraloria.cl/SicaProd/SICAv3-BIFAPortalCGR/servletfichainformegoogle?docIdcm=e07739dcffbfba364f0a80ef43a0f04f&pdf=1
53563,09207,2019-01-23 00:00:00.0,DEPARTAMENTO DE SALUD MUNICIPAL DE LUMACO,2018,1045,"INFORME DE INVESTIGACIÓN ESPECIAL 1.045-18 DEPTO DE SALUD MUNICIPAL LUMACO, SOBRE CENTRO DE SALUD FAMILIAR- ENERO 2019",https://www.contraloria.cl/pdfbuscador/auditoria/44180dd0e20ca1b9ab0eb2514495eb19/html,09,LUMACO,https://www.contraloria.cl/SicaProd/SICAv3-BIFAPortalCGR/faces/newDetalleInforme?docIdcm=44180dd0e20ca1b9ab0eb2514495eb19,C,Informe de Investigación Especial,27475,https://www.contraloria.cl/SicaProd/SICAv3-BIFAPortalCGR/servletfichainformegoogle?docIdcm=44180dd0e20ca1b9ab0eb2514495eb19&pdf=1
72018,09207,2020-06-30 00:00:00.0,MUNICIPALIDAD DE LUMACO,2019,143,"INFORME DE INVESTIGACIÓN ESPECIAL N° 143-2019, MUNICIPALIDAD DE LUMACO, SOBRE CIERRE Y RECUPERACIÓN DE CAMPAMENTO- JUNIO 2020",https://www.contraloria.cl/pdfbuscador/auditoria/26e8c45119feec25876b93eca159cc82/html,09,LUMACO,https://www.contraloria.cl/SicaProd/SICAv3-BIFAPortalCGR/faces/newDetalleInforme?docIdcm=26e8c45119feec25876b93eca159cc82,C,Informe de Investigación Especial,33010,https://www.contraloria.cl/SicaProd/SICAv3-BIFAPortalCGR/servletfichainformegoogle?docIdcm=26e8c45119feec25876b93eca159cc82&pdf=1
55549,09207,2019-04-12 00:00:00.0,MUNICIPALIDAD DE LUMACO,2019,144,"INFORME DE INVESTIGACIÓN ESPECIAL 144-19 MUNICIPALIDAD DE LUMACO, SOBRE CONTRATO DE LIMPIEZA CANAL RAPACO- ABRIL 2019",https://www.contraloria.cl/pdfbuscador/auditoria/0be0b40328a6191556dc3c7c535a4dea/html,09,LUMACO,https://www.contraloria.cl/SicaProd/SICAv3-BIFAPortalCGR/faces/newDetalleInforme?docIdcm=0be0b40328a6191556dc3c7c535a4dea,C,Informe de Investigación Especial,28825,https://www.contraloria.cl/SicaProd/SICAv3-BIFAPortalCGR/servletfichainformegoogle?docIdcm=0be0b40328a6191556dc3c7c535a4dea&pdf=1
57036,09207,2019-08-07 00:00:00.0,MUNICIPALIDAD DE LUMACO,2019,422,"INFORME DE INVESTIGACIÓN ESPECIAL 422-19 MUNICIPALIDAD DE LUMACO, SOBRE ACCIDENTE EN VEHÍCULO FISCAL-AGOSTO 2019",https://www.contraloria.cl/pdfbuscador/auditoria/d9506d9ffa326f8df170bdda5a9a9656/html,09,LUMACO,https://www.contraloria.cl/SicaProd/SICAv3-BIFAPortalCGR/faces/newDetalleInforme?docIdcm=d9506d9ffa326f8df170bdda5a9a9656,C,Informe de Investigación Especial,29625,https://www.contraloria.cl/SicaProd/SICAv3-BIFAPortalCGR/servletfichainformegoogle?docIdcm=d9506d9ffa326f8df170bdda5a9a9656&pdf=1