IDACTIVIDAD,CODIGOSUBDERE,FECHAINFORME,NOMBRESERVICIO,ANOINFORME,NUMEROINFORME,MATERIAINFORME,FICHAINFORMEBIFA,C_REG_SUBDERE,NOMBRESUBDERE,FICHAINFORME,TIPOSUBDERE,TIPOINFORME,IDINFORME,PDFINFORME
29605,06108,2015-05-19 00:00:00.0,DEPARTAMENTO DE EDUCACION MACHALI,2015,311,INFORME INVESTIGACIÓN ESPECIAL 311 - 15 DEPARTAMENTO DE EDUCACIÓN MUNICIPAL DE MACHALÍ EVENTUALES IRREGULARIDADES - MAYO 2015,https://www.contraloria.cl/pdfbuscador/auditoria/96f56e4d2a7c0d71aade94c67cee4588/html,06,MACHALI,https://www.contraloria.cl/SicaProd/SICAv3-BIFAPortalCGR/faces/newDetalleInforme?docIdcm=96f56e4d2a7c0d71aade94c67cee4588,C,Informe de Investigación Especial,13885,https://www.contraloria.cl/SicaProd/SICAv3-BIFAPortalCGR/servletfichainformegoogle?docIdcm=96f56e4d2a7c0d71aade94c67cee4588&pdf=1
30527,06108,2016-09-08 00:00:00.0,MUNICIPALIDAD DE MACHALI,2015,920,INFORME DE INVESTIGACIÓN ESPECIAL 920 - 15 MUNICIPALIDAD DE MACHALÍ EVENTUALES IRREGULARIDADES EN ESTUDIO Y TRAMITACIONES DE MODIFICACIONES A INSTRUMENTOS DE PLANIFICACIÓN - AGOSTO 2016,https://www.contraloria.cl/pdfbuscador/auditoria/1acfb287857ff0e3bb5316831f44282d/html,06,MACHALI,https://www.contraloria.cl/SicaProd/SICAv3-BIFAPortalCGR/faces/newDetalleInforme?docIdcm=1acfb287857ff0e3bb5316831f44282d,C,Informe de Investigación Especial,18726,https://www.contraloria.cl/SicaProd/SICAv3-BIFAPortalCGR/servletfichainformegoogle?docIdcm=1acfb287857ff0e3bb5316831f44282d&pdf=1
33292,06108,2016-01-07 00:00:00.0,MUNICIPALIDAD DE MACHALI,2015,1196,INFORME INSPECCIÓN DE OBRA PÚBLICA 1196 - 15 MUNICIPALIDAD DE MACHALÍ OBRA CONSTRUCCIÓN CASETAS SANITARIAS COYA - ENERO 2016,https://www.contraloria.cl/pdfbuscador/auditoria/fc4c0cc9a08851dc51f0b38be5b9b0a7/html,06,MACHALI,https://www.contraloria.cl/SicaProd/SICAv3-BIFAPortalCGR/faces/newDetalleInforme?docIdcm=fc4c0cc9a08851dc51f0b38be5b9b0a7,C,Informe de Inspección de Obra Pública,16939,https://www.contraloria.cl/SicaProd/SICAv3-BIFAPortalCGR/servletfichainformegoogle?docIdcm=fc4c0cc9a08851dc51f0b38be5b9b0a7&pdf=1
39079,06108,2017-03-09 00:00:00.0,MUNICIPALIDAD DE MACHALI,2016,976,INFORME FINAL DE INVESTIGACIÓN ESPECIAL 976 - 16 MUNICIPALIDAD DE MACHALÍ CONSTRUCCIÓN DE PUENTE CANAL LA COMPAÑÍA - MARZO 2017,https://www.contraloria.cl/pdfbuscador/auditoria/87a68626fd5690391690803276bd9f34/html,06,MACHALI,https://www.contraloria.cl/SicaProd/SICAv3-BIFAPortalCGR/faces/newDetalleInforme?docIdcm=87a68626fd5690391690803276bd9f34,C,Informe de Investigación Especial,20647,https://www.contraloria.cl/SicaProd/SICAv3-BIFAPortalCGR/servletfichainformegoogle?docIdcm=87a68626fd5690391690803276bd9f34&pdf=1
41390,06108,2017-12-12 00:00:00.0,MUNICIPALIDAD DE MACHALI,2017,860,INFORME FINAL 860 - 17 MUNICIPALIDAD DE MACHALÍ AUDITORIA MACROPROCESO DE CONCESIÓN DEL SERVICIO DE ASEO - DICIEMBRE 2017,https://www.contraloria.cl/pdfbuscador/auditoria/bdf5fbf55507ed6cab302cf908c1cb70/html,06,MACHALI,https://www.contraloria.cl/SicaProd/SICAv3-BIFAPortalCGR/faces/newDetalleInforme?docIdcm=bdf5fbf55507ed6cab302cf908c1cb70,C,Informe Final de Auditoría,22480,https://www.contraloria.cl/SicaProd/SICAv3-BIFAPortalCGR/servletfichainformegoogle?docIdcm=bdf5fbf55507ed6cab302cf908c1cb70&pdf=1
57558,06108,2019-11-29 00:00:00.0,MUNICIPALIDAD DE MACHALI,2019,195,INFORME INVESTIGACIÓN ESPECIAL 195-19 - MUNICIPALIDAD DE MACHALÍ - LIMPIEZA MANTENCIÓN SIFONES DUCTOS BAJO CALZADA Y REJILLAS EVACUADORAS DE AGUAS LLUVIAS -NOVIEMBRE 2019,https://www.contraloria.cl/pdfbuscador/auditoria/119245af98984a75bde0b72368a40dff/html,06,MACHALI,https://www.contraloria.cl/SicaProd/SICAv3-BIFAPortalCGR/faces/newDetalleInforme?docIdcm=119245af98984a75bde0b72368a40dff,C,Informe de Investigación Especial,30413,https://www.contraloria.cl/SicaProd/SICAv3-BIFAPortalCGR/servletfichainformegoogle?docIdcm=119245af98984a75bde0b72368a40dff&pdf=1