IDACTIVIDAD,CODIGOSUBDERE,FECHAINFORME,NOMBRESERVICIO,ANOINFORME,NUMEROINFORME,MATERIAINFORME,FICHAINFORMEBIFA,C_REG_SUBDERE,NOMBRESUBDERE,FICHAINFORME,TIPOSUBDERE,TIPOINFORME,IDINFORME,PDFINFORME
28474,13118,2015-07-21 00:00:00.0,MUNICIPALIDAD DE MACUL,2015,254,INFORME FINAL 254-15 MUNICIPALIDAD DE MACUL - AUDITORIA AL USO Y ADQUISICION DE VEHICULOS MUNICIPALES Y GASTO EN COMBUSTIBLE - JULIO 2015,https://www.contraloria.cl/pdfbuscador/auditoria/e6cf239901b4680be036ad4c5c8dbf56/html,13,MACUL,https://www.contraloria.cl/SicaProd/SICAv3-BIFAPortalCGR/faces/newDetalleInforme?docIdcm=e6cf239901b4680be036ad4c5c8dbf56,C,Informe Final de Auditoría,14342,https://www.contraloria.cl/SicaProd/SICAv3-BIFAPortalCGR/servletfichainformegoogle?docIdcm=e6cf239901b4680be036ad4c5c8dbf56&pdf=1
34402,13118,2016-08-11 00:00:00.0,MUNICIPALIDAD DE MACUL,2016,191,"INFORME FINAL 191-16 MUNICIPALIDAD DE MACUL - SOBRE AUDITORIA A LOS DEUDORES PRESUPUESTARIOS CONTABILIZADOS EN CUENTAS POR COBRAR RECUPERACION DE PRESTAMOS INGRESOS POR PERCIBIR, 115-12-730 - AGOSTO 2016 ",https://www.contraloria.cl/pdfbuscador/auditoria/89ff904a861900e5345823e0c64b8bf6/html,13,MACUL,https://www.contraloria.cl/SicaProd/SICAv3-BIFAPortalCGR/faces/newDetalleInforme?docIdcm=89ff904a861900e5345823e0c64b8bf6,C,Informe Final de Auditoría,18635,https://www.contraloria.cl/SicaProd/SICAv3-BIFAPortalCGR/servletfichainformegoogle?docIdcm=89ff904a861900e5345823e0c64b8bf6&pdf=1
36248,13118,2016-08-04 00:00:00.0,MUNICIPALIDAD DE MACUL,2016,409,INVESTIGACION ESPECIAL 409-16 MUNICIPALIDAD DE MACUL - SOBRE ADQUICISION DE ELEMENTOS PUBLICITARIOS - AGOSTO 2016,https://www.contraloria.cl/pdfbuscador/auditoria/9822f4edd98d517b8a4675e693711a69/html,13,MACUL,https://www.contraloria.cl/SicaProd/SICAv3-BIFAPortalCGR/faces/newDetalleInforme?docIdcm=9822f4edd98d517b8a4675e693711a69,C,Informe de Investigación Especial,19140,https://www.contraloria.cl/SicaProd/SICAv3-BIFAPortalCGR/servletfichainformegoogle?docIdcm=9822f4edd98d517b8a4675e693711a69&pdf=1
41487,13118,2017-06-20 00:00:00.0,MUNICIPALIDAD DE MACUL,2017,142,"INFORME FINAL 142-17 MUNICIPALIDAD DE MACUL, AUDITORÍA AL PROCESO DE OTORGAMIENTO DE PERMISOS DE EDIFICACIÓN _JUNIO 2017.",https://www.contraloria.cl/pdfbuscador/auditoria/63cdf286f9bb846b5bddb4d57056b1a5/html,13,MACUL,https://www.contraloria.cl/SicaProd/SICAv3-BIFAPortalCGR/faces/newDetalleInforme?docIdcm=63cdf286f9bb846b5bddb4d57056b1a5,C,Informe Final de Auditoría,21273,https://www.contraloria.cl/SicaProd/SICAv3-BIFAPortalCGR/servletfichainformegoogle?docIdcm=63cdf286f9bb846b5bddb4d57056b1a5&pdf=1
50847,13118,2018-12-27 00:00:00.0,MUNICIPALIDAD DE MACUL,2018,682,INFORME FINAL 682-2018 MUNICIPALIDAD DE MACUL AUDITORÍA A LAS CONTRATACIONES A HONORARIOS CON CARGO A LA CUENTA PRESUPUESTARIA,https://www.contraloria.cl/pdfbuscador/auditoria/aa23aa7f002d000a14feb311770a3cd4/html,13,MACUL,https://www.contraloria.cl/SicaProd/SICAv3-BIFAPortalCGR/faces/newDetalleInforme?docIdcm=aa23aa7f002d000a14feb311770a3cd4,C,Informe Final de Auditoría,27189,https://www.contraloria.cl/SicaProd/SICAv3-BIFAPortalCGR/servletfichainformegoogle?docIdcm=aa23aa7f002d000a14feb311770a3cd4&pdf=1
52227,13118,2018-10-01 00:00:00.0,MUNICIPALIDAD DE MACUL,2018,701,INFORME FINAL DE INSPECCIÓN DE OBRA PÚBLICA N°701-2018 MUNICIPALIDAD DE MACUL CONSERVACIÓN MULTICANCHAS DIVERSOS SECTORES DE LA COMUNA DE MACUL-OCTUBRE 2018,https://www.contraloria.cl/pdfbuscador/auditoria/be9096384dfeb2549428f2279153ff20/html,13,MACUL,https://www.contraloria.cl/SicaProd/SICAv3-BIFAPortalCGR/faces/newDetalleInforme?docIdcm=be9096384dfeb2549428f2279153ff20,C,Informe de Inspección de Obra Pública,26101,https://www.contraloria.cl/SicaProd/SICAv3-BIFAPortalCGR/servletfichainformegoogle?docIdcm=be9096384dfeb2549428f2279153ff20&pdf=1
55337,13118,2019-04-08 00:00:00.0,MUNICIPALIDAD DE MACUL,2019,80,"INFORME FINAL N° 80, DE 2019, MUNICIPALIDAD DE MACUL SOBRE INSPECCIÓN A LAS OBRAS DEL CONTRATO DENOMINADO “CONSTRUCCIÓN PARQUE MARATHÓN, COMUNA DE MACUL” – ABRIL 2019.",https://www.contraloria.cl/pdfbuscador/auditoria/8af0934f795512a4783379b63407ef0c/html,13,MACUL,https://www.contraloria.cl/SicaProd/SICAv3-BIFAPortalCGR/faces/newDetalleInforme?docIdcm=8af0934f795512a4783379b63407ef0c,C,Informe de Inspección de Obra Pública,28684,https://www.contraloria.cl/SicaProd/SICAv3-BIFAPortalCGR/servletfichainformegoogle?docIdcm=8af0934f795512a4783379b63407ef0c&pdf=1
57052,13118,2020-04-15 00:00:00.0,MUNICIPALIDAD DE MACUL,2019,451,INFORME FINAL DE INVESTIGACION ESPECIAL N° 451-2019 - MUNICIPALIDAD DE MACUL - SOBRE EVENTUALES IRREGULARIDADES EN REINCORPORACION Y PAGO DE REMUNERACIONES RETROACTIVA - ABRIL 2020,https://www.contraloria.cl/pdfbuscador/auditoria/46a1abad65b99a222212696c2143fb0c/html,13,MACUL,https://www.contraloria.cl/SicaProd/SICAv3-BIFAPortalCGR/faces/newDetalleInforme?docIdcm=46a1abad65b99a222212696c2143fb0c,C,Informe de Investigación Especial,32243,https://www.contraloria.cl/SicaProd/SICAv3-BIFAPortalCGR/servletfichainformegoogle?docIdcm=46a1abad65b99a222212696c2143fb0c&pdf=1