IDACTIVIDAD,CODIGOSUBDERE,FECHAINFORME,NOMBRESERVICIO,ANOINFORME,NUMEROINFORME,MATERIAINFORME,FICHAINFORMEBIFA,C_REG_SUBDERE,NOMBRESUBDERE,FICHAINFORME,TIPOSUBDERE,TIPOINFORME,IDINFORME,PDFINFORME
31871,14105,2015-10-27 00:00:00.0,MUNICIPALIDAD DE MAFIL,2015,952,"INVESTIGACIÓN ESPECIAL N° 952-15, MUNICIPALIDAD DE MÁFIL, SOBRE PRESUNTAS IRREGULARIDADES EN EL PAGO DE LOS RECURSOS TRANSFERIDOS POR SUBDERE , OCTUBRE-2015",https://www.contraloria.cl/pdfbuscador/auditoria/12f2ccdce98f5c6042198ac1846f156e/html,14,MAFIL,https://www.contraloria.cl/SicaProd/SICAv3-BIFAPortalCGR/faces/newDetalleInforme?docIdcm=12f2ccdce98f5c6042198ac1846f156e,C,Informe de Investigación Especial,15703,https://www.contraloria.cl/SicaProd/SICAv3-BIFAPortalCGR/servletfichainformegoogle?docIdcm=12f2ccdce98f5c6042198ac1846f156e&pdf=1
34094,14105,2016-08-09 00:00:00.0,MUNICIPALIDAD DE MAFIL,2016,251,"INFORME DE INVESTIGACIÓN ESPECIAL 251-16 MUNICIPALIDAD DE MÁFIL, OBRAS EJECUTADAS BAJO ADMINISTRACIÓN DIRECTA PMU - AGOSTO 2016.",https://www.contraloria.cl/pdfbuscador/auditoria/1eb6207eb26a9c21b2c6cee013157745/html,14,MAFIL,https://www.contraloria.cl/SicaProd/SICAv3-BIFAPortalCGR/faces/newDetalleInforme?docIdcm=1eb6207eb26a9c21b2c6cee013157745,C,Informe de Investigación Especial,18659,https://www.contraloria.cl/SicaProd/SICAv3-BIFAPortalCGR/servletfichainformegoogle?docIdcm=1eb6207eb26a9c21b2c6cee013157745&pdf=1
36461,14105,2016-12-26 00:00:00.0,MUNICIPALIDAD DE MAFIL,2016,1053,"INFORME FINAL 1053-16 MUNICIPALIDAD DE MÁFIL, INSPECCIÓN DE OBRA PÚBLICA CONSTRUCCIÓN CASETAS SANITARIAS Y RED APR SECTOR SAN PEDRO - DICIEMBRE 2016",https://www.contraloria.cl/pdfbuscador/auditoria/e5c5628af4caa835dfe4a453f99b1b1c/html,14,MAFIL,https://www.contraloria.cl/SicaProd/SICAv3-BIFAPortalCGR/faces/newDetalleInforme?docIdcm=e5c5628af4caa835dfe4a453f99b1b1c,C,Informe de Inspección de Obra Pública,20135,https://www.contraloria.cl/SicaProd/SICAv3-BIFAPortalCGR/servletfichainformegoogle?docIdcm=e5c5628af4caa835dfe4a453f99b1b1c&pdf=1
34450,14105,2016-12-23 00:00:00.0,MUNICIPALIDAD DE MAFIL,2016,1058,"INFORME FINAL 1058-16 MUNICIPALIDAD DE MÁFIL, AUDITORÍA A LA DEUDA PREVISIONAL REGISTRADA AL 31 DE DICIEMBRE DE 2015 POR DAEM -DICIEMBRE 2016",https://www.contraloria.cl/pdfbuscador/auditoria/879830b1b1c3f7d93409e0387ba31727/html,14,MAFIL,https://www.contraloria.cl/SicaProd/SICAv3-BIFAPortalCGR/faces/newDetalleInforme?docIdcm=879830b1b1c3f7d93409e0387ba31727,C,Informe Final de Auditoría,20137,https://www.contraloria.cl/SicaProd/SICAv3-BIFAPortalCGR/servletfichainformegoogle?docIdcm=879830b1b1c3f7d93409e0387ba31727&pdf=1
41682,14105,2017-09-26 00:00:00.0,MUNICIPALIDAD DE MAFIL,2017,404,"INFORME FINAL 404 - 2017  MUNICIPALIDAD DE MÁFIL, AUDITORÍA AL PROCESO DE FORMULACIÓN, EJECUCCIÓN Y CONTROL DEL PRESUPUESTO - SEPTIEMBRE 2017",https://www.contraloria.cl/pdfbuscador/auditoria/a64b593fbe01c50798f23c0b120a53ed/html,14,MAFIL,https://www.contraloria.cl/SicaProd/SICAv3-BIFAPortalCGR/faces/newDetalleInforme?docIdcm=a64b593fbe01c50798f23c0b120a53ed,C,Informe Final de Auditoría,21868,https://www.contraloria.cl/SicaProd/SICAv3-BIFAPortalCGR/servletfichainformegoogle?docIdcm=a64b593fbe01c50798f23c0b120a53ed&pdf=1
49800,14105,2018-08-17 00:00:00.0,MUNICIPALIDAD DE MAFIL,2018,107,"INFORME 107-2018 MUNICIPALIDAD DE MÁFIL INSPECCIÓN DE OBRA PÚBLICA CONSTRUCCIÓN DE 148 VIVIENDAS SOCIALES, URBANIZACIÓN Y PLANTA ELEVADORA DE AGUAS SANITARIAS PARA EL CÓMITE DE VIVIENDA ALCANZANDO UN SUEÑO, AGOSTO-2018",https://www.contraloria.cl/pdfbuscador/auditoria/08a9a52acf7b74d3ba7441b843fbbda2/html,14,MAFIL,https://www.contraloria.cl/SicaProd/SICAv3-BIFAPortalCGR/faces/newDetalleInforme?docIdcm=08a9a52acf7b74d3ba7441b843fbbda2,C,Informe de Inspección de Obra Pública,25382,https://www.contraloria.cl/SicaProd/SICAv3-BIFAPortalCGR/servletfichainformegoogle?docIdcm=08a9a52acf7b74d3ba7441b843fbbda2&pdf=1