IDACTIVIDAD,CODIGOSUBDERE,FECHAINFORME,NOMBRESERVICIO,ANOINFORME,NUMEROINFORME,MATERIAINFORME,FICHAINFORMEBIFA,C_REG_SUBDERE,NOMBRESUBDERE,FICHAINFORME,TIPOSUBDERE,TIPOINFORME,IDINFORME,PDFINFORME
28558,13119,2015-10-05 00:00:00.0,MUNICIPALIDAD DE MAIPU,2015,585,INFORME FINAL 585-15 MUNICIPALIDAD DE MAIPU - SOBRE AUDITORIA A LAS CONTRATACIONES DE HONORARIOS EN PROGRAMAS COMUNITARIOS - OCTUBRE 2015,https://www.contraloria.cl/pdfbuscador/auditoria/602a5ad31c1d57d02b7d4f4583133bf6/html,13,MAIPU,https://www.contraloria.cl/SicaProd/SICAv3-BIFAPortalCGR/faces/newDetalleInforme?docIdcm=602a5ad31c1d57d02b7d4f4583133bf6,C,Informe Final de Auditoría,15033,https://www.contraloria.cl/SicaProd/SICAv3-BIFAPortalCGR/servletfichainformegoogle?docIdcm=602a5ad31c1d57d02b7d4f4583133bf6&pdf=1
30057,13119,2015-09-15 00:00:00.0,MUNICIPALIDAD DE MAIPU,2015,617,INFORME DE INVESTIGACION ESPECIAL 617-15 MUNICIPALIDAD DE MAIPU - SOBE EVENTUALES IRREGULARIDADES EN EL PAGO DE HORAS EXTRAORDINARIAS - SEPTIEMBRE 2015,https://www.contraloria.cl/pdfbuscador/auditoria/cc055a848019d56a3e378d7a8d9345d6/html,13,MAIPU,https://www.contraloria.cl/SicaProd/SICAv3-BIFAPortalCGR/faces/newDetalleInforme?docIdcm=cc055a848019d56a3e378d7a8d9345d6,C,Informe de Investigación Especial,14869,https://www.contraloria.cl/SicaProd/SICAv3-BIFAPortalCGR/servletfichainformegoogle?docIdcm=cc055a848019d56a3e378d7a8d9345d6&pdf=1
30925,13119,2015-09-07 00:00:00.0,MUNICIPALIDAD DE MAIPU,2015,786,INFORME DE INVESTIGACION ESPECIAL 786-15 MUNICIPALIDAD DE MAIPU - SOBRE ADQUISICION Y USO DE LETREROS PUBLICITARIOS - SEPTIEMBRE 2015,https://www.contraloria.cl/pdfbuscador/auditoria/2712a558db5206c36e87865b402635bb/html,13,MAIPU,https://www.contraloria.cl/SicaProd/SICAv3-BIFAPortalCGR/faces/newDetalleInforme?docIdcm=2712a558db5206c36e87865b402635bb,C,Informe de Investigación Especial,14769,https://www.contraloria.cl/SicaProd/SICAv3-BIFAPortalCGR/servletfichainformegoogle?docIdcm=2712a558db5206c36e87865b402635bb&pdf=1
33257,13119,2016-08-03 00:00:00.0,MUNICIPALIDAD DE MAIPU,2016,30,"INFORME DE INSPECCION DE OBRAS PÚBLICA 86-14,  MUNICIPALIDAD DE MAIPÚ CONTRATO CONSTRUCCIÓN OBRAS FALTANTES REPOSICIÓN EDIFICIO SERVICIO MUNICIPAL DE AGUA POTABLE_AGOSTO 2016.",https://www.contraloria.cl/pdfbuscador/auditoria/ce268afebb8e198964e37a4d79e3cd24/html,13,MAIPU,https://www.contraloria.cl/SicaProd/SICAv3-BIFAPortalCGR/faces/newDetalleInforme?docIdcm=ce268afebb8e198964e37a4d79e3cd24,C,Informe de Inspección de Obra Pública,18623,https://www.contraloria.cl/SicaProd/SICAv3-BIFAPortalCGR/servletfichainformegoogle?docIdcm=ce268afebb8e198964e37a4d79e3cd24&pdf=1
34265,13119,2016-12-23 00:00:00.0,MUNICIPALIDAD DE MAIPU,2016,439,INFORME FINAL 439-16 MUNICIPALIDAD DE MAIPU CONTRATOS DE OBRAS - DICIEMBRE 2016,https://www.contraloria.cl/pdfbuscador/auditoria/8bf91a451bc8af01c3a241b2e926478e/html,13,MAIPU,https://www.contraloria.cl/SicaProd/SICAv3-BIFAPortalCGR/faces/newDetalleInforme?docIdcm=8bf91a451bc8af01c3a241b2e926478e,C,Informe Final de Auditoría,20416,https://www.contraloria.cl/SicaProd/SICAv3-BIFAPortalCGR/servletfichainformegoogle?docIdcm=8bf91a451bc8af01c3a241b2e926478e&pdf=1
34315,13119,2016-10-21 00:00:00.0,MUNICIPALIDAD DE MAIPU,2016,652,INFORME FINAL 652-16 MUNICIPALIDAD DE MAIPÚ - AUDITORÍA AL GASTO EN PERÍODO ELECTORAL - USO DE BIENES - VEHÍCULOS - RRHH - RECURSOS FÍSICOS Y FINANCIEROS - OCTUBRE 2016,https://www.contraloria.cl/pdfbuscador/auditoria/00a7ad6103163a74cc76f3bdd11a154c/html,13,MAIPU,https://www.contraloria.cl/SicaProd/SICAv3-BIFAPortalCGR/faces/newDetalleInforme?docIdcm=00a7ad6103163a74cc76f3bdd11a154c,C,Informe Final de Auditoría,19214,https://www.contraloria.cl/SicaProd/SICAv3-BIFAPortalCGR/servletfichainformegoogle?docIdcm=00a7ad6103163a74cc76f3bdd11a154c&pdf=1
39411,13119,2016-12-30 00:00:00.0,MUNICIPALIDAD DE MAIPU,2016,1142,INFORME DE INVESTIGACION ESPECIAL 1142-2016 MUNICIPALIDAD DE MAIPU SOBRE EVENTUALES IRREGULARIDADES  EN EL PAGO DE VIATICOS EN LA MUNICIPALIDAD DE MAIPU-DICEMBRE 2016,https://www.contraloria.cl/pdfbuscador/auditoria/78d536a9a906ad921864aa1be93fc28d/html,13,MAIPU,https://www.contraloria.cl/SicaProd/SICAv3-BIFAPortalCGR/faces/newDetalleInforme?docIdcm=78d536a9a906ad921864aa1be93fc28d,C,Informe de Investigación Especial,20384,https://www.contraloria.cl/SicaProd/SICAv3-BIFAPortalCGR/servletfichainformegoogle?docIdcm=78d536a9a906ad921864aa1be93fc28d&pdf=1
41220,13119,2017-06-15 00:00:00.0,MUNICIPALIDAD DE MAIPU,2017,137,INFORME FINAL 137-2017  MUNICIPALIDAD DE MAIPU SOBRE PRESUNTAS IRREGULARIDADES EN LA NO RENOVACIÓN DE CONTRATOS DE PRESTACIÓN DE SERVICIOS A HONORARIOS EN LA MUNICIPALIDAD DE MAIPU -JUNIO 2017,https://www.contraloria.cl/pdfbuscador/auditoria/035e6e1a20c673714085a49abea8e13d/html,13,MAIPU,https://www.contraloria.cl/SicaProd/SICAv3-BIFAPortalCGR/faces/newDetalleInforme?docIdcm=035e6e1a20c673714085a49abea8e13d,C,Informe de Investigación Especial,21431,https://www.contraloria.cl/SicaProd/SICAv3-BIFAPortalCGR/servletfichainformegoogle?docIdcm=035e6e1a20c673714085a49abea8e13d&pdf=1
42786,13119,2017-12-21 00:00:00.0,MUNICIPALIDAD DE MAIPU,2017,707,"INFORME FINAL 707-2017 MUNICIPALIDAD DE MAIPU SOBRE AUDITORIA AL MACROPROCESO DE CONCESIÓN DEL SERVICIO DE RECOLECCIÓN , TRANSPORTE Y DISPOSICIÓN FINAL DE RESIDUOS DOMICILIARIOS EN LA MUNICIPALIDAD DE MAIPU-DICIEMBRE 2017",https://www.contraloria.cl/pdfbuscador/auditoria/fa356bcf92079160c7c78f53bff343fd/html,13,MAIPU,https://www.contraloria.cl/SicaProd/SICAv3-BIFAPortalCGR/faces/newDetalleInforme?docIdcm=fa356bcf92079160c7c78f53bff343fd,C,Informe Final de Auditoría,22561,https://www.contraloria.cl/SicaProd/SICAv3-BIFAPortalCGR/servletfichainformegoogle?docIdcm=fa356bcf92079160c7c78f53bff343fd&pdf=1
47359,13119,2018-01-24 00:00:00.0,MUNICIPALIDAD DE MAIPU,2017,907,INFORME DE INVESTIGACIÓN ESPECIAL 907-17 MUNICIPALIDAD DE MAIPÚ SOBRE PRESUNTAS IRREGULARIDADES EN EL USO DE REDES SOCIALES Y FALTA DE PROBIDAD-ENERO 2018,https://www.contraloria.cl/pdfbuscador/auditoria/ad4a1bbb10f5622ee74d73ab5344a35f/html,13,MAIPU,https://www.contraloria.cl/SicaProd/SICAv3-BIFAPortalCGR/faces/newDetalleInforme?docIdcm=ad4a1bbb10f5622ee74d73ab5344a35f,C,Informe de Investigación Especial,23182,https://www.contraloria.cl/SicaProd/SICAv3-BIFAPortalCGR/servletfichainformegoogle?docIdcm=ad4a1bbb10f5622ee74d73ab5344a35f&pdf=1
49354,13119,2018-08-13 00:00:00.0,CORPORACION MUNICIPAL MAIPU,2018,278,INFORME FINAL 278-2018 CORPORACIÓN MUNICIPAL DE SERVICIOS Y DESARROLLO DE MAIPÚ SOBRE AUDITORIA A LOS RECURSOS DE LEY N° 20.248 SUBVENCIÓN ESCOLAR PREFERENCIAL EN LA CORPORACIÓN MUNICIPAL DE SERVICIOS Y DESARROLLO DE MAIPÚ - AGOSTO 2018,https://www.contraloria.cl/pdfbuscador/auditoria/36605cf0a772d2e70ac761dfc6ef5102/html,13,MAIPU,https://www.contraloria.cl/SicaProd/SICAv3-BIFAPortalCGR/faces/newDetalleInforme?docIdcm=36605cf0a772d2e70ac761dfc6ef5102,C,Informe Final de Auditoría,25463,https://www.contraloria.cl/SicaProd/SICAv3-BIFAPortalCGR/servletfichainformegoogle?docIdcm=36605cf0a772d2e70ac761dfc6ef5102&pdf=1
51803,13119,2018-11-19 00:00:00.0,MUNICIPALIDAD DE MAIPU,2018,378,"INFORME FINAL N°378 DE 2018, SOBRE INSPECCIÓN A LAS OBRAS DEL CONTRATO ""ACCESO CERRO PRIMO DE RIVERA (MONUMENTO HISTÓRICO)"", EJECUTADO POR LA MUNICIPALIDAD DE MAIPÚ ",https://www.contraloria.cl/pdfbuscador/auditoria/ced33b713dfac5fb6ab2e89f510e7614/html,13,MAIPU,https://www.contraloria.cl/SicaProd/SICAv3-BIFAPortalCGR/faces/newDetalleInforme?docIdcm=ced33b713dfac5fb6ab2e89f510e7614,C,Informe de Inspección de Obra Pública,26590,https://www.contraloria.cl/SicaProd/SICAv3-BIFAPortalCGR/servletfichainformegoogle?docIdcm=ced33b713dfac5fb6ab2e89f510e7614&pdf=1
51448,13119,2019-05-24 00:00:00.0,MUNICIPALIDAD DE MAIPU,2018,440,"INFORME FINAL N° 440, DE 2018, SOBRE AUDITORÍA A EVENTUALES IRREGULARIDADES POR FALTA DE PROBIDAD Y CONFLICTO DE INTERESES, EN LA MUNICIPALIDAD DE MAIPÚ",https://www.contraloria.cl/pdfbuscador/auditoria/75bace94d74d5e866a28e9bc8475b5a5/html,13,MAIPU,https://www.contraloria.cl/SicaProd/SICAv3-BIFAPortalCGR/faces/newDetalleInforme?docIdcm=75bace94d74d5e866a28e9bc8475b5a5,C,Informe de Investigación Especial,29033,https://www.contraloria.cl/SicaProd/SICAv3-BIFAPortalCGR/servletfichainformegoogle?docIdcm=75bace94d74d5e866a28e9bc8475b5a5&pdf=1
50791,13119,2019-03-15 00:00:00.0,MUNICIPALIDAD DE MAIPU,2018,560,"INFORME FINAL 560-18 MUNICIPALIDAD DE MAIPÚ SOBRE AUDITORIA A LOS INGRESOS Y GASTOS CONSIGNADOS EN LOS ESTADOS FINANCIEROS  DEL SERVICIO MUNICIPAL DE AGUA POTABLE Y ALCANTARILLADO DE MAIPÚ ,SMAPA DE LA MUNICIPALIDAD DE MAIPÚ-MARZO 2019",https://www.contraloria.cl/pdfbuscador/auditoria/be04646023c2355de938bb6a71ef6d66/html,13,MAIPU,https://www.contraloria.cl/SicaProd/SICAv3-BIFAPortalCGR/faces/newDetalleInforme?docIdcm=be04646023c2355de938bb6a71ef6d66,C,Informe Final de Auditoría,28247,https://www.contraloria.cl/SicaProd/SICAv3-BIFAPortalCGR/servletfichainformegoogle?docIdcm=be04646023c2355de938bb6a71ef6d66&pdf=1
52296,13119,2018-10-22 00:00:00.0,MUNICIPALIDAD DE MAIPU,2018,642,"INFORME FINAL N° 642 DE 2018, SOBRE AUDITORÍA AL ESTADO DE LA INFRAESTRUCTURA DE LOS ESTABLECIMIENTOS DE ATENCIÓN PRIMARIA DE SALUD, DEPENDIENTES DE LA DIRECCIÓN DE SALUD DE LA MUNICIPALIDAD DE MAIPÚ",https://www.contraloria.cl/pdfbuscador/auditoria/7c5e78ef3df9d63146bdafac3b9bf779/html,13,MAIPU,https://www.contraloria.cl/SicaProd/SICAv3-BIFAPortalCGR/faces/newDetalleInforme?docIdcm=7c5e78ef3df9d63146bdafac3b9bf779,C,Informe Final de Auditoría,26304,https://www.contraloria.cl/SicaProd/SICAv3-BIFAPortalCGR/servletfichainformegoogle?docIdcm=7c5e78ef3df9d63146bdafac3b9bf779&pdf=1
56269,13119,2019-12-27 00:00:00.0,MUNICIPALIDAD DE MAIPU,2019,350,INFORME FINAL 350-2019 MUNICIPALIDAD DE MAIPÚ SOBRE AUDITORIA AL PROCESO DE ADQUISICIONES Y ABASTECIMIENTO EN LA MUNICIPALIDAD DE MAIPÚ Y DESEMBOLSOS POR CONCEPTOS DE APORTES ESTATALES -FAEP- EN LA CORPORACIÓN MUNICIPAL DE SERVICIOS Y DESARROLLO DE MAIPÚ - DICIEMBRE 2019,https://www.contraloria.cl/pdfbuscador/auditoria/15365d242be18c1ebffe8912e91bd755/html,13,MAIPU,https://www.contraloria.cl/SicaProd/SICAv3-BIFAPortalCGR/faces/newDetalleInforme?docIdcm=15365d242be18c1ebffe8912e91bd755,C,Informe Final de Auditoría,30761,https://www.contraloria.cl/SicaProd/SICAv3-BIFAPortalCGR/servletfichainformegoogle?docIdcm=15365d242be18c1ebffe8912e91bd755&pdf=1
58079,13119,2020-10-21 00:00:00.0,"SERVICIO MUNICIPAL DE AGUA POTABLE Y ALCANTARILLADO, SMAPA",2019,718,"INFORME FINAL N° 718 DE 2019, AUDITORÍA AL CUMPLIMIENTO DEL CRONOGRAMA DE OBRAS DEL PLAN DE DESARROLLO DEL SERVICIO MUNICIPAL DE AGUA POTABLE Y ALCANTARILLADO DE MAIPÚ - OCT 2020",https://www.contraloria.cl/pdfbuscador/auditoria/e2831307360ed37f9664857625ea6b2a/html,13,MAIPU,https://www.contraloria.cl/SicaProd/SICAv3-BIFAPortalCGR/faces/newDetalleInforme?docIdcm=e2831307360ed37f9664857625ea6b2a,C,Informe Final de Auditoría,33886,https://www.contraloria.cl/SicaProd/SICAv3-BIFAPortalCGR/servletfichainformegoogle?docIdcm=e2831307360ed37f9664857625ea6b2a&pdf=1
59358,13119,2020-10-05 00:00:00.0,MUNICIPALIDAD DE MAIPU,2020,127,"INFORME FINAL DE INVESTIGACIÓN ESPECIAL 127-2020 MUNICIPALIDAD DE MAIPÚ SOBRE PROCEDIMIENTOS Y GASTOS INCURRIDOS EN EL VIAJE A LA CIUDAD DE MENDOZA, ARGENTINA , EFECTUADOS POR LA ALCALDESA, FUNCIONARIOS MUNICIPALES Y PERSONAS CONTRATADAS A HONORARIOS DE LA MUNICIPALIDAD DE MAIPÚ - OCTUBRE 2020",https://www.contraloria.cl/pdfbuscador/auditoria/2c9d695356910f10f4901999e9e04add/html,13,MAIPU,https://www.contraloria.cl/SicaProd/SICAv3-BIFAPortalCGR/faces/newDetalleInforme?docIdcm=2c9d695356910f10f4901999e9e04add,C,Informe de Investigación Especial,33745,https://www.contraloria.cl/SicaProd/SICAv3-BIFAPortalCGR/servletfichainformegoogle?docIdcm=2c9d695356910f10f4901999e9e04add&pdf=1