IDACTIVIDAD,CODIGOSUBDERE,FECHAINFORME,NOMBRESERVICIO,ANOINFORME,NUMEROINFORME,MATERIAINFORME,FICHAINFORMEBIFA,C_REG_SUBDERE,NOMBRESUBDERE,FICHAINFORME,TIPOSUBDERE,TIPOINFORME,IDINFORME,PDFINFORME
30536,14106,2015-07-14 00:00:00.0,MUNICIPALIDAD DE MARIQUINA,2015,349,"INFORME FINAL 349-2015 MUNICIPALIDAD DE MARIQUINA CONSTRUCCIÓN ALCANTARILLADO Y PLANTA DE TRATAMIENTO DE AGUAS SERVIDAS LOCALIDAD LOS CIRUELOS, JULIO 2015",https://www.contraloria.cl/pdfbuscador/auditoria/e688c4cc34c6cc1dc56a247ea7204491/html,14,MARIQUINA,https://www.contraloria.cl/SicaProd/SICAv3-BIFAPortalCGR/faces/newDetalleInforme?docIdcm=e688c4cc34c6cc1dc56a247ea7204491,C,Informe de Inspección de Obra Pública,14693,https://www.contraloria.cl/SicaProd/SICAv3-BIFAPortalCGR/servletfichainformegoogle?docIdcm=e688c4cc34c6cc1dc56a247ea7204491&pdf=1
28596,14106,2015-08-27 00:00:00.0,MUNICIPALIDAD DE MARIQUINA,2015,633,"INFORME FINAL N° 633-15, MUNICIPALIDAD DE MARIQUINA - SOBRE AUDITORIA A LAS CONTRATACIONES DE HONORARIOS EN PROGRAMAS COMUNITARIOS - AGOSTO 2015",https://www.contraloria.cl/pdfbuscador/auditoria/9a1b7bbfab792d1b3e69e0ffe60c9aef/html,14,MARIQUINA,https://www.contraloria.cl/SicaProd/SICAv3-BIFAPortalCGR/faces/newDetalleInforme?docIdcm=9a1b7bbfab792d1b3e69e0ffe60c9aef,C,Informe Final de Auditoría,14773,https://www.contraloria.cl/SicaProd/SICAv3-BIFAPortalCGR/servletfichainformegoogle?docIdcm=9a1b7bbfab792d1b3e69e0ffe60c9aef&pdf=1
30938,14106,2015-09-07 00:00:00.0,MUNICIPALIDAD DE MARIQUINA,2015,796,"INVESTIGACIÓN ESPECIAL 796-15, MUNICIPALIDAD DE MARIQUINA IRREGULARIDADES EN LA ADJUDICACIÓN Y EJECUCIÓN DE LAS OBRAS-SEPTIEMBRE 2015",https://www.contraloria.cl/pdfbuscador/auditoria/73589f5ff2b4d92625aae19196bc4df4/html,14,MARIQUINA,https://www.contraloria.cl/SicaProd/SICAv3-BIFAPortalCGR/faces/newDetalleInforme?docIdcm=73589f5ff2b4d92625aae19196bc4df4,C,Informe de Investigación Especial,14924,https://www.contraloria.cl/SicaProd/SICAv3-BIFAPortalCGR/servletfichainformegoogle?docIdcm=73589f5ff2b4d92625aae19196bc4df4&pdf=1
32012,14106,2015-12-29 00:00:00.0,MUNICIPALIDAD DE MARIQUINA,2015,1235,"INFORME FINAL 1.235-15 MUNICIPALIDAD DE MARIQUINA, AUDITORÍA AL PAGO DE HORAS EXTRAORDINARIAS Y VIÁTICOS - DICIEMBRE 2015",https://www.contraloria.cl/pdfbuscador/auditoria/a14e676ee5974443140de4f683691c14/html,14,MARIQUINA,https://www.contraloria.cl/SicaProd/SICAv3-BIFAPortalCGR/faces/newDetalleInforme?docIdcm=a14e676ee5974443140de4f683691c14,C,Informe Final de Auditoría,16779,https://www.contraloria.cl/SicaProd/SICAv3-BIFAPortalCGR/servletfichainformegoogle?docIdcm=a14e676ee5974443140de4f683691c14&pdf=1
34080,14106,2016-08-18 00:00:00.0,MUNICIPALIDAD DE MARIQUINA,2016,91,"INFORME INVESTIGACIÓN ESPECIAL 91-16 MUNICIPALIDAD DE MARIQUINA, PRESUNTAS IRREGULARIDADES EN PROYECTOS - AGOSTO 2016",https://www.contraloria.cl/pdfbuscador/auditoria/725de584ee11911b6e6134bc3d02b31f/html,14,MARIQUINA,https://www.contraloria.cl/SicaProd/SICAv3-BIFAPortalCGR/faces/newDetalleInforme?docIdcm=725de584ee11911b6e6134bc3d02b31f,C,Informe de Investigación Especial,18668,https://www.contraloria.cl/SicaProd/SICAv3-BIFAPortalCGR/servletfichainformegoogle?docIdcm=725de584ee11911b6e6134bc3d02b31f&pdf=1
38509,14106,2016-10-04 00:00:00.0,MUNICIPALIDAD DE MARIQUINA,2016,713,"INFORME DE INVESTIGACIÓN ESPECIAL 713-16 MUNICIPALIDAD DE MARIQUINA, EVENTUALES IRREGULARIDADES Y VULNERACIONES AL DICTAMEN 8600 DE 2016 - OCTUBRE 2016",https://www.contraloria.cl/pdfbuscador/auditoria/24f4c28845579b0d42cbada2db63c4a6/html,14,MARIQUINA,https://www.contraloria.cl/SicaProd/SICAv3-BIFAPortalCGR/faces/newDetalleInforme?docIdcm=24f4c28845579b0d42cbada2db63c4a6,C,Informe de Investigación Especial,19145,https://www.contraloria.cl/SicaProd/SICAv3-BIFAPortalCGR/servletfichainformegoogle?docIdcm=24f4c28845579b0d42cbada2db63c4a6&pdf=1
37948,14106,2016-10-21 00:00:00.0,MUNICIPALIDAD DE MARIQUINA,2016,830,"INFORME DE INVESTIGACIÓN ESPECIAL 830-16 MUNICIPALIDAD DE MARIQUINA, COMETIDOS REALIZADOS EN EL EXTRANJERO POR CONCEJALES - OCTUBRE 2016",https://www.contraloria.cl/pdfbuscador/auditoria/442d02c2da5479cc56a64fb5907ea7ae/html,14,MARIQUINA,https://www.contraloria.cl/SicaProd/SICAv3-BIFAPortalCGR/faces/newDetalleInforme?docIdcm=442d02c2da5479cc56a64fb5907ea7ae,C,Informe de Investigación Especial,19269,https://www.contraloria.cl/SicaProd/SICAv3-BIFAPortalCGR/servletfichainformegoogle?docIdcm=442d02c2da5479cc56a64fb5907ea7ae&pdf=1
39039,14106,2017-05-04 00:00:00.0,MUNICIPALIDAD DE MARIQUINA,2017,19,"INFORME FINAL 19-17 MUNICIPALIDAD DE MARIQUINA, AUDITORÍA A LA EJECUCIÓN DE CONTRATOS DE OBRA - MAYO 2017",https://www.contraloria.cl/pdfbuscador/auditoria/d5bcad844d0f281c246ec1a549e2f6cd/html,14,MARIQUINA,https://www.contraloria.cl/SicaProd/SICAv3-BIFAPortalCGR/faces/newDetalleInforme?docIdcm=d5bcad844d0f281c246ec1a549e2f6cd,C,Informe Final de Auditoría,20937,https://www.contraloria.cl/SicaProd/SICAv3-BIFAPortalCGR/servletfichainformegoogle?docIdcm=d5bcad844d0f281c246ec1a549e2f6cd&pdf=1
40564,14106,2017-09-04 00:00:00.0,MUNICIPALIDAD DE MARIQUINA,2017,66,"INFORME DE INVESTIGACIÓN ESPECIAL 66-2017 MUNICIPALIDAD DE MARIQUINA, SOBRE PRESUNTAS IRREGULARIDADES EN EL ÁREA FINANCIERA - SEPTIEMBRE 2017",https://www.contraloria.cl/pdfbuscador/auditoria/db714bc2dbc0fc756b390cfcefc0707d/html,14,MARIQUINA,https://www.contraloria.cl/SicaProd/SICAv3-BIFAPortalCGR/faces/newDetalleInforme?docIdcm=db714bc2dbc0fc756b390cfcefc0707d,C,Informe de Investigación Especial,21732,https://www.contraloria.cl/SicaProd/SICAv3-BIFAPortalCGR/servletfichainformegoogle?docIdcm=db714bc2dbc0fc756b390cfcefc0707d&pdf=1
41510,14106,2017-10-20 00:00:00.0,DEPARTAMENTO DE EDUCACION DE MARIQUINA,2017,610,"INFORME  FINAL 610-2017 MUNICIPALIDAD DE MARIQUINA, AUDITORÍA A LOS RECURSOS DEL FONDO DE APOYO A LA EDUCACIÓN PÚBLICA MUNICIPAL, FAEP AÑO 2015 - OCTUBRE 2017",https://www.contraloria.cl/pdfbuscador/auditoria/dac124c7c094f44f46946d19d2261da7/html,14,MARIQUINA,https://www.contraloria.cl/SicaProd/SICAv3-BIFAPortalCGR/faces/newDetalleInforme?docIdcm=dac124c7c094f44f46946d19d2261da7,C,Informe Final de Auditoría,22254,https://www.contraloria.cl/SicaProd/SICAv3-BIFAPortalCGR/servletfichainformegoogle?docIdcm=dac124c7c094f44f46946d19d2261da7&pdf=1
41593,14106,2017-10-24 00:00:00.0,MUNICIPALIDAD DE MARIQUINA,2017,717,INFORME FINAL 717-2017 MUNICIPALIDAD DE MARIQUINA AUDITORÍA A LOS INGRESOS PERCIBIDOS POR LA MUNICIPALIDAD DE MARIQUINA EN EL MARCO DE PROYECTOS DISEÑO Y CONSTRUCCIÓN DEL CENTRO DEPORTIVO INTEGRAL  -  OCTUBRE 2017,https://www.contraloria.cl/pdfbuscador/auditoria/0e411d5886d84d321f1278a05d2a260e/html,14,MARIQUINA,https://www.contraloria.cl/SicaProd/SICAv3-BIFAPortalCGR/faces/newDetalleInforme?docIdcm=0e411d5886d84d321f1278a05d2a260e,C,Informe Final de Auditoría,22269,https://www.contraloria.cl/SicaProd/SICAv3-BIFAPortalCGR/servletfichainformegoogle?docIdcm=0e411d5886d84d321f1278a05d2a260e&pdf=1
44678,14106,2017-11-27 00:00:00.0,MUNICIPALIDAD DE MARIQUINA,2017,720,INFORME FINAL DE INVESTIGACIÓN ESPECIAL 720 - 2017 MUNICIPALIDAD DE MARIQUINA SOBRE CUADRATURAS DE LOS INGRESOS Y GASTOS RENDIDOS POR LO PROYECTOS FRIL AÑO 2013 Y 2016,https://www.contraloria.cl/pdfbuscador/auditoria/01423c2d1eecd9d7374fb4aeb3eb3226/html,14,MARIQUINA,https://www.contraloria.cl/SicaProd/SICAv3-BIFAPortalCGR/faces/newDetalleInforme?docIdcm=01423c2d1eecd9d7374fb4aeb3eb3226,C,Informe de Investigación Especial,22927,https://www.contraloria.cl/SicaProd/SICAv3-BIFAPortalCGR/servletfichainformegoogle?docIdcm=01423c2d1eecd9d7374fb4aeb3eb3226&pdf=1
50988,14106,2018-12-13 00:00:00.0,MUNICIPALIDAD DE MARIQUINA,2018,604,"INFORME FINAL N° 604-18, MUNICIPALIDAD DE MARIQUINA, SOBRE AUDITORÍA AL PROCESO DE FORMULACIÓN, EJECUCIÓN Y CONTROL DEL PRESUPUESTO, DICIEMBRE-2018",https://www.contraloria.cl/pdfbuscador/auditoria/d82c4699bce2775cf8be12038d15d589/html,14,MARIQUINA,https://www.contraloria.cl/SicaProd/SICAv3-BIFAPortalCGR/faces/newDetalleInforme?docIdcm=d82c4699bce2775cf8be12038d15d589,C,Informe Final de Auditoría,27124,https://www.contraloria.cl/SicaProd/SICAv3-BIFAPortalCGR/servletfichainformegoogle?docIdcm=d82c4699bce2775cf8be12038d15d589&pdf=1
59443,14106,2020-09-09 00:00:00.0,DEPARTAMENTO DE EDUCACION DE MARIQUINA,2020,245,INFORME FINAL N° 245-2020 DAEM MARIQUINA SOBRE AUDITORIA A LOS RECURSOS DE LA LEY N° 20.248 SUBVENCIÓN ESCOLAR PREFERENCIAL  - SEPTIEMBRE 2020,https://www.contraloria.cl/pdfbuscador/auditoria/34ec1b6d1e1461776efe9b7ad681505c/html,14,MARIQUINA,https://www.contraloria.cl/SicaProd/SICAv3-BIFAPortalCGR/faces/newDetalleInforme?docIdcm=34ec1b6d1e1461776efe9b7ad681505c,C,Informe Final de Auditoría,33696,https://www.contraloria.cl/SicaProd/SICAv3-BIFAPortalCGR/servletfichainformegoogle?docIdcm=34ec1b6d1e1461776efe9b7ad681505c&pdf=1