IDACTIVIDAD,CODIGOSUBDERE,FECHAINFORME,NOMBRESERVICIO,ANOINFORME,NUMEROINFORME,MATERIAINFORME,FICHAINFORMEBIFA,C_REG_SUBDERE,NOMBRESUBDERE,FICHAINFORME,TIPOSUBDERE,TIPOINFORME,IDINFORME,PDFINFORME
31682,02302,2015-10-30 00:00:00.0,MUNICIPALIDAD DE MARIA ELENA,2015,893,INFORME DE INVESTIGACIÓN ESPECIAL 893-2015 MUNICIPALIDAD DE MARÍA ELENA SOBRE EVENTUALES IRREGULARIDADES COMETIDAS EN EL DEPARTAMENTO DE ADMINISTRACIÓN Y FINANZAS-OCTUBRE 2015,https://www.contraloria.cl/pdfbuscador/auditoria/a8a2468a225472ec253e9b683e480a64/html,02,MARIA ELENA,https://www.contraloria.cl/SicaProd/SICAv3-BIFAPortalCGR/faces/newDetalleInforme?docIdcm=a8a2468a225472ec253e9b683e480a64,C,Informe de Investigación Especial,15663,https://www.contraloria.cl/SicaProd/SICAv3-BIFAPortalCGR/servletfichainformegoogle?docIdcm=a8a2468a225472ec253e9b683e480a64&pdf=1
32998,02302,2015-12-28 00:00:00.0,MUNICIPALIDAD DE MARIA ELENA,2015,1215,INFORME INVESTIGACION ESPECIAL 1215-15 MUNICIPALIDAD DE MARIA ELENA SOBRE EVENTUALES IRREGULARIDADES - DICIEMBRE 2015,https://www.contraloria.cl/pdfbuscador/auditoria/5265e48316d76d64eb63989de653382d/html,02,MARIA ELENA,https://www.contraloria.cl/SicaProd/SICAv3-BIFAPortalCGR/faces/newDetalleInforme?docIdcm=5265e48316d76d64eb63989de653382d,C,Informe de Investigación Especial,16749,https://www.contraloria.cl/SicaProd/SICAv3-BIFAPortalCGR/servletfichainformegoogle?docIdcm=5265e48316d76d64eb63989de653382d&pdf=1
34361,02302,2016-12-23 00:00:00.0,MUNICIPALIDAD DE MARIA ELENA,2016,993,INFORME FINAL N° 993-16 MUNICIPALIDAD DE MARIA ELENA SOBRE AUDITORIA Y EXAMEN DE CUENTAS AL MACROPROCESO DE FINANZAS ADMINISTRACION DE RECURSOS FINANCIEROS Y FUNCIONES INSTITUCIONALES - DICIEMBRE 2016,https://www.contraloria.cl/pdfbuscador/auditoria/e48a74e9904b0036c21196c8f43a1a15/html,02,MARIA ELENA,https://www.contraloria.cl/SicaProd/SICAv3-BIFAPortalCGR/faces/newDetalleInforme?docIdcm=e48a74e9904b0036c21196c8f43a1a15,C,Informe Final de Auditoría,19969,https://www.contraloria.cl/SicaProd/SICAv3-BIFAPortalCGR/servletfichainformegoogle?docIdcm=e48a74e9904b0036c21196c8f43a1a15&pdf=1
50317,02302,2018-09-21 00:00:00.0,MUNICIPALIDAD DE MARIA ELENA,2018,129,INFORME FINAL DE INVESTIGACIÓN ESPECIAL 129-2018 MUNICIPALIDAD DE MARÍA ELENA SOBRE LA EJECUCIÓN DEL PROGRAMA VETERINARIO MUNICIPAL - SEPTIEMBRE 2018,https://www.contraloria.cl/pdfbuscador/auditoria/540eba3880d08774677f758b245f950e/html,02,MARIA ELENA,https://www.contraloria.cl/SicaProd/SICAv3-BIFAPortalCGR/faces/newDetalleInforme?docIdcm=540eba3880d08774677f758b245f950e,C,Informe de Investigación Especial,25986,https://www.contraloria.cl/SicaProd/SICAv3-BIFAPortalCGR/servletfichainformegoogle?docIdcm=540eba3880d08774677f758b245f950e&pdf=1
50704,02302,2018-11-27 00:00:00.0,MUNICIPALIDAD DE MARIA ELENA,2018,585,INFORME FINAL 585-18 MUNICIPALIDAD DE MARÍA ELENA SOBRE AUDITORÍA AL MACROPROCESO DE REMUNERACIONES DE FUNCIONARIOS Y RECUPERACIÓN DE LICENCIAS MÉDICAS - NOVIEMBRE 2018,https://www.contraloria.cl/pdfbuscador/auditoria/136a6973995efbdea7ed4e1618a0a86d/html,02,MARIA ELENA,https://www.contraloria.cl/SicaProd/SICAv3-BIFAPortalCGR/faces/newDetalleInforme?docIdcm=136a6973995efbdea7ed4e1618a0a86d,C,Informe Final de Auditoría,26789,https://www.contraloria.cl/SicaProd/SICAv3-BIFAPortalCGR/servletfichainformegoogle?docIdcm=136a6973995efbdea7ed4e1618a0a86d&pdf=1