IDACTIVIDAD,CODIGOSUBDERE,FECHAINFORME,NOMBRESERVICIO,ANOINFORME,NUMEROINFORME,MATERIAINFORME,FICHAINFORMEBIFA,C_REG_SUBDERE,NOMBRESUBDERE,FICHAINFORME,TIPOSUBDERE,TIPOINFORME,IDINFORME,PDFINFORME
28351,13501,2015-11-02 00:00:00.0,MUNICIPALIDAD DE MELIPILLA,2015,464,INFORME FINAL 464-15 MUNICIPALIDAD DE MELIPILLA SOBRE AUDITORIA A LOS CONTRATOS DE OBRA CON RECEPCION PROVISORIA ENTRE EL 1 DE ENERO DE 2013 Y EL 31 DE MARZO DE 2015 FINANCIADOS POR EL GOBIERNO REGIONAL METROPOLITANO - OCTUBRE 2015,https://www.contraloria.cl/pdfbuscador/auditoria/c3c3d4698fda9b8753cb1a50429e9641/html,13,MELIPILLA,https://www.contraloria.cl/SicaProd/SICAv3-BIFAPortalCGR/faces/newDetalleInforme?docIdcm=c3c3d4698fda9b8753cb1a50429e9641,C,Informe Final de Auditoría,15817,https://www.contraloria.cl/SicaProd/SICAv3-BIFAPortalCGR/servletfichainformegoogle?docIdcm=c3c3d4698fda9b8753cb1a50429e9641&pdf=1
28575,13501,2015-09-16 00:00:00.0,MUNICIPALIDAD DE MELIPILLA,2015,566,INFORME FINAL 566-15 MUNICIPALIDAD DE MELIPILLA - SOBRE AUDITORIA A LAS CONTRATACIONES DE HONORARIOS EN PROGRAMAS COMUNITARIOS - SEPTIEMBRE 2015,https://www.contraloria.cl/pdfbuscador/auditoria/57cf89bb76a2f92566afc0539eab8c9d/html,13,MELIPILLA,https://www.contraloria.cl/SicaProd/SICAv3-BIFAPortalCGR/faces/newDetalleInforme?docIdcm=57cf89bb76a2f92566afc0539eab8c9d,C,Informe Final de Auditoría,14897,https://www.contraloria.cl/SicaProd/SICAv3-BIFAPortalCGR/servletfichainformegoogle?docIdcm=57cf89bb76a2f92566afc0539eab8c9d&pdf=1
32817,13501,2016-10-21 00:00:00.0,MUNICIPALIDAD DE MELIPILLA,2016,108,"INFORME DE INSPECCIÓN DE OBRA PÚBLICA 108-16, MUNICIPALIDAD DE MELIPILLA, CONSTRUCCIÓN ALCANTARILLADO PABELLÓN_OCTUBRE 2016. ",https://www.contraloria.cl/pdfbuscador/auditoria/f0060b693c510be61e86dd81ad3b7c0a/html,13,MELIPILLA,https://www.contraloria.cl/SicaProd/SICAv3-BIFAPortalCGR/faces/newDetalleInforme?docIdcm=f0060b693c510be61e86dd81ad3b7c0a,C,Informe de Inspección de Obra Pública,20048,https://www.contraloria.cl/SicaProd/SICAv3-BIFAPortalCGR/servletfichainformegoogle?docIdcm=f0060b693c510be61e86dd81ad3b7c0a&pdf=1
34539,13501,2016-08-01 00:00:00.0,MUNICIPALIDAD DE MELIPILLA,2016,247,INFORME FINAL 247-16  MUNICIPALIDAD DE MELIPILLA - SOBRE AUDITORIA AL MACROPROCESO DE TECNOLOGIAS DE INFORMACION Y COMUNICACION Y CUMPLIMIENTO DE LA LEY N° 20.730 - AGOSTO 2016 ,https://www.contraloria.cl/pdfbuscador/auditoria/c98ae29bac8219a5411a2f936dcc24c5/html,13,MELIPILLA,https://www.contraloria.cl/SicaProd/SICAv3-BIFAPortalCGR/faces/newDetalleInforme?docIdcm=c98ae29bac8219a5411a2f936dcc24c5,C,Informe Final de Auditoría,18572,https://www.contraloria.cl/SicaProd/SICAv3-BIFAPortalCGR/servletfichainformegoogle?docIdcm=c98ae29bac8219a5411a2f936dcc24c5&pdf=1
39940,13501,2016-12-30 00:00:00.0,MUNICIPALIDAD DE MELIPILLA,2016,1085,INFORME FINAL 1085-16 MUNICIPALIDAD DE MELIPILLA SOBRE INSPECCIÓN DE OBRA PUBLICA DEL CONTRATO REPOSICIÓN EDIFICIO CONSISTORIAL DE MELIPILLA- DICIEMBRE 2016,https://www.contraloria.cl/pdfbuscador/auditoria/888b23acab9c2c013692a040b8f0536f/html,13,MELIPILLA,https://www.contraloria.cl/SicaProd/SICAv3-BIFAPortalCGR/faces/newDetalleInforme?docIdcm=888b23acab9c2c013692a040b8f0536f,C,Informe de Inspección de Obra Pública,20445,https://www.contraloria.cl/SicaProd/SICAv3-BIFAPortalCGR/servletfichainformegoogle?docIdcm=888b23acab9c2c013692a040b8f0536f&pdf=1
41752,13501,2017-06-20 00:00:00.0,MUNICIPALIDAD DE MELIPILLA,2017,204,INFORME FINAL 204-2017 MUNICIPALIDAD DE MELIPILLA AUDITORIA A MATERIAS DE RECURSOS HUMANOS EN LA MUNICIPALIDAD DE MELIPILLA - JUNIO 2017,https://www.contraloria.cl/pdfbuscador/auditoria/13cd6cd044507afe3b2b467d69912b32/html,13,MELIPILLA,https://www.contraloria.cl/SicaProd/SICAv3-BIFAPortalCGR/faces/newDetalleInforme?docIdcm=13cd6cd044507afe3b2b467d69912b32,C,Informe Final de Auditoría,21497,https://www.contraloria.cl/SicaProd/SICAv3-BIFAPortalCGR/servletfichainformegoogle?docIdcm=13cd6cd044507afe3b2b467d69912b32&pdf=1
45019,13501,2017-10-16 00:00:00.0,MUNICIPALIDAD DE MELIPILLA,2017,488,"INFORME FINAL N° 488 DE 2017, SOBRE INSPECCIÓN AL CONTRATO DENOMINADO ""CONSTRUCCIÓN PAVIMENTO CALLE SILVA CHÁVEZ DE LA COMUNA DE MELIPILLA"", EJECUTADO POR LA MUNICIPALIDAD DE MELIPILLA OCTUBRE 2017",https://www.contraloria.cl/pdfbuscador/auditoria/a43ae6f6cafce9b6ea2f58c25c2cc5cc/html,13,MELIPILLA,https://www.contraloria.cl/SicaProd/SICAv3-BIFAPortalCGR/faces/newDetalleInforme?docIdcm=a43ae6f6cafce9b6ea2f58c25c2cc5cc,C,Informe de Inspección de Obra Pública,21901,https://www.contraloria.cl/SicaProd/SICAv3-BIFAPortalCGR/servletfichainformegoogle?docIdcm=a43ae6f6cafce9b6ea2f58c25c2cc5cc&pdf=1
45093,13501,2017-12-15 00:00:00.0,MUNICIPALIDAD DE MELIPILLA,2017,664,"INFORME FINAL N°664, DE 2017, SOBRE INSPECCIÓN AL CONTRATO DENOMINADO ""INSTALACIÓN AGUA POTABLE TANTEHUE"", A CARGO DE LA MUNICIPALIDAD DE MELIPILLA",https://www.contraloria.cl/pdfbuscador/auditoria/1bf39dc710cc6c4b86bfabc5aa1249d3/html,13,MELIPILLA,https://www.contraloria.cl/SicaProd/SICAv3-BIFAPortalCGR/faces/newDetalleInforme?docIdcm=1bf39dc710cc6c4b86bfabc5aa1249d3,C,Informe de Inspección de Obra Pública,22528,https://www.contraloria.cl/SicaProd/SICAv3-BIFAPortalCGR/servletfichainformegoogle?docIdcm=1bf39dc710cc6c4b86bfabc5aa1249d3&pdf=1
46148,13501,2018-06-20 00:00:00.0,MUNICIPALIDAD DE MELIPILLA,2017,981,INFORME DE INVESTIGACIÓN ESPECIAL 981-17  MUNICIPALIDAD DE MELIPILLA SOBRE DENUNCIA RELATIVA A LA ENTREGA DE DINERO POR PARTE DE PERSONAL DE APOYO DEL CONCEJO MUNICIPAL A LA CÓNYUGE DE UN CONCEJAL-JUNIO 2018,https://www.contraloria.cl/pdfbuscador/auditoria/abc223cfe257083a01e57bc55e1b9b4e/html,13,MELIPILLA,https://www.contraloria.cl/SicaProd/SICAv3-BIFAPortalCGR/faces/newDetalleInforme?docIdcm=abc223cfe257083a01e57bc55e1b9b4e,C,Informe de Investigación Especial,24399,https://www.contraloria.cl/SicaProd/SICAv3-BIFAPortalCGR/servletfichainformegoogle?docIdcm=abc223cfe257083a01e57bc55e1b9b4e&pdf=1
51168,13501,2018-10-02 00:00:00.0,MUNICIPALIDAD DE MELIPILLA,2018,593,INFORME FINAL 593-2018 MUNICIPALIDAD DE MELIPILLA SOBRE AUDITORIA AL MACROPROCESO DE FINANZAS EN LA MUNICIPALIDAD DE MELIPILLA - OCTUBRE 2018,https://www.contraloria.cl/pdfbuscador/auditoria/a767e79a2ea42299432f2be1ca55c8a2/html,13,MELIPILLA,https://www.contraloria.cl/SicaProd/SICAv3-BIFAPortalCGR/faces/newDetalleInforme?docIdcm=a767e79a2ea42299432f2be1ca55c8a2,C,Informe Final de Auditoría,26205,https://www.contraloria.cl/SicaProd/SICAv3-BIFAPortalCGR/servletfichainformegoogle?docIdcm=a767e79a2ea42299432f2be1ca55c8a2&pdf=1
52299,13501,2019-04-26 00:00:00.0,MUNICIPALIDAD DE MELIPILLA,2018,706,"INFORME FINAL N°706-2018, AUDITORÍA Y EXAMEN DE CUENTAS A LOS CONTRATOS DE OBRA CON EJECUCIÓN DURANTE LOS AÑOS 2016 Y 2017, REALIZADOS POR LA MUNICIPALIDAD DE MELIPILLA Y FINANCIADOS POR EL GOBIERNO REGIONAL METROPOLITANO DE SANTIAGO, CON EL FONDO NACIONAL DE DESARROLLO REGIONAL",https://www.contraloria.cl/pdfbuscador/auditoria/f702ef1fb10f6241bfdb41f62a1c5ca4/html,13,MELIPILLA,https://www.contraloria.cl/SicaProd/SICAv3-BIFAPortalCGR/faces/newDetalleInforme?docIdcm=f702ef1fb10f6241bfdb41f62a1c5ca4,C,Informe Final de Auditoría,28860,https://www.contraloria.cl/SicaProd/SICAv3-BIFAPortalCGR/servletfichainformegoogle?docIdcm=f702ef1fb10f6241bfdb41f62a1c5ca4&pdf=1