IDACTIVIDAD,CODIGOSUBDERE,FECHAINFORME,NOMBRESERVICIO,ANOINFORME,NUMEROINFORME,MATERIAINFORME,FICHAINFORMEBIFA,C_REG_SUBDERE,NOMBRESUBDERE,FICHAINFORME,TIPOSUBDERE,TIPOINFORME,IDINFORME,PDFINFORME
33079,09110,2016-06-13 00:00:00.0,MUNICIPALIDAD DE MELIPEUCO,2016,60,"INFORME DE INVESTIGACIÓN ESPECIAL 60-2016 MUNICIPALIDAD DE MELIPEPUCO, SOBRE CONSTRUCCIÓN PARQUE ESTADIO-JUNIO 2016",https://www.contraloria.cl/pdfbuscador/auditoria/ea8ca1bf3555763d02ce15daebc3ab2e/html,09,MELIPEUCO,https://www.contraloria.cl/SicaProd/SICAv3-BIFAPortalCGR/faces/newDetalleInforme?docIdcm=ea8ca1bf3555763d02ce15daebc3ab2e,C,Informe de Investigación Especial,18313,https://www.contraloria.cl/SicaProd/SICAv3-BIFAPortalCGR/servletfichainformegoogle?docIdcm=ea8ca1bf3555763d02ce15daebc3ab2e&pdf=1
50783,09110,2018-10-31 00:00:00.0,MUNICIPALIDAD DE MELIPEUCO,2018,553,"INFORME FINAL 553-2018 MUNICIPALIDAD DE MELIPEUCO, SOBRE DISPONIBILIDAD DEL AÑO 2017-OCTUBRE 2018",https://www.contraloria.cl/pdfbuscador/auditoria/0de7ddcdfae488e0b056c1597a0db5aa/html,09,MELIPEUCO,https://www.contraloria.cl/SicaProd/SICAv3-BIFAPortalCGR/faces/newDetalleInforme?docIdcm=0de7ddcdfae488e0b056c1597a0db5aa,C,Informe Final de Auditoría,26449,https://www.contraloria.cl/SicaProd/SICAv3-BIFAPortalCGR/servletfichainformegoogle?docIdcm=0de7ddcdfae488e0b056c1597a0db5aa&pdf=1
57046,09110,2019-05-28 00:00:00.0,MUNICIPALIDAD DE MELIPEUCO,2019,286,"INFORME DE INVESTIGACIÓN ESPECIAL 286-19 MUNICIPALIDAD DE MELIPEUCO, SOBRE ACTIVIDAD DE CAMARADERÍA MAYO- 2019",https://www.contraloria.cl/pdfbuscador/auditoria/a9928781d4798715f3bd8522e4294798/html,09,MELIPEUCO,https://www.contraloria.cl/SicaProd/SICAv3-BIFAPortalCGR/faces/newDetalleInforme?docIdcm=a9928781d4798715f3bd8522e4294798,C,Informe de Investigación Especial,29028,https://www.contraloria.cl/SicaProd/SICAv3-BIFAPortalCGR/servletfichainformegoogle?docIdcm=a9928781d4798715f3bd8522e4294798&pdf=1
57560,09110,2019-10-30 00:00:00.0,DEPARTAMENTO DE EDUCACION MUNICIPAL DE MELIPEUCO,2019,630,"INFORME FINAL N° 630-2019 DEPARTAMENTO DE EDUCACIÓN MUNICIPAL DE MELIPEUCO, SOBRE PROCESO DE REMUNERACIONES-OCTUBRE 2019",https://www.contraloria.cl/pdfbuscador/auditoria/2078e924ce49b6514d08ed623c59f479/html,09,MELIPEUCO,https://www.contraloria.cl/SicaProd/SICAv3-BIFAPortalCGR/faces/newDetalleInforme?docIdcm=2078e924ce49b6514d08ed623c59f479,C,Informe Final de Auditoría,30245,https://www.contraloria.cl/SicaProd/SICAv3-BIFAPortalCGR/servletfichainformegoogle?docIdcm=2078e924ce49b6514d08ed623c59f479&pdf=1
58898,09110,2020-06-30 00:00:00.0,DEPARTAMENTO DE SALUD MUNICIPAL DE MELIPEUCO,2020,119,"INFORME FINAL N° 119-20 DEPTO DE SALUD MUNICIPAL DE MELIPEUCO, SOBRE REMUNERACIONES PAGADAS- JUNIO 2020",https://www.contraloria.cl/pdfbuscador/auditoria/b3fe9a827ec6127cdafb5a7a845e16ad/html,09,MELIPEUCO,https://www.contraloria.cl/SicaProd/SICAv3-BIFAPortalCGR/faces/newDetalleInforme?docIdcm=b3fe9a827ec6127cdafb5a7a845e16ad,C,Informe Final de Auditoría,32990,https://www.contraloria.cl/SicaProd/SICAv3-BIFAPortalCGR/servletfichainformegoogle?docIdcm=b3fe9a827ec6127cdafb5a7a845e16ad&pdf=1