IDACTIVIDAD,CODIGOSUBDERE,FECHAINFORME,NOMBRESERVICIO,ANOINFORME,NUMEROINFORME,MATERIAINFORME,FICHAINFORMEBIFA,C_REG_SUBDERE,NOMBRESUBDERE,FICHAINFORME,TIPOSUBDERE,TIPOINFORME,IDINFORME,PDFINFORME
25644,07304,2015-09-21 00:00:00.0,MUNICIPALIDAD DE MOLINA,2015,210,INFORME DE INVESTIGACION ESPECIAL 210-15 MUNICIPALIDAD DE MOLINA IRREGULARIDAD EN RECUPERABILIDAD DE LICENCIAS MEDICAS - SEPTIEMBRE 2015,https://www.contraloria.cl/pdfbuscador/auditoria/4498b0eae40adc03c664e8978de53ef9/html,07,MOLINA,https://www.contraloria.cl/SicaProd/SICAv3-BIFAPortalCGR/faces/newDetalleInforme?docIdcm=4498b0eae40adc03c664e8978de53ef9,C,Informe de Investigación Especial,14923,https://www.contraloria.cl/SicaProd/SICAv3-BIFAPortalCGR/servletfichainformegoogle?docIdcm=4498b0eae40adc03c664e8978de53ef9&pdf=1
29688,07304,2015-07-15 00:00:00.0,DEPARTAMENTO DE EDUCACION DE MOLINA,2015,549,INFORME DE INVESTIGACION ESPECIAL 549-15 DEPARTAMENTO DE EDUCACION DE LA MUNICIPALIDAD DE MOLINA PRESUNTAS IRREGULARIDADES - JULIO 2015,https://www.contraloria.cl/pdfbuscador/auditoria/8786e8b1e9404688450d687d5b796500/html,07,MOLINA,https://www.contraloria.cl/SicaProd/SICAv3-BIFAPortalCGR/faces/newDetalleInforme?docIdcm=8786e8b1e9404688450d687d5b796500,C,Informe de Investigación Especial,14314,https://www.contraloria.cl/SicaProd/SICAv3-BIFAPortalCGR/servletfichainformegoogle?docIdcm=8786e8b1e9404688450d687d5b796500&pdf=1
37079,07304,2016-09-20 00:00:00.0,MUNICIPALIDAD DE MOLINA,2016,697,INFORME INVESTIGACION ESPECIAL 697-16 MUNICIPALIDAD DE MOLINA SOBRE EVENTUALES IRREGULARIDADES EN EL PROGRAMA DE PROTECCION DE DERECHOS INFANTO JUVENIL CREO EN TI - SEPTIEMBRE 2016,https://www.contraloria.cl/pdfbuscador/auditoria/8327f2b2decd426c0656811c1c6288a2/html,07,MOLINA,https://www.contraloria.cl/SicaProd/SICAv3-BIFAPortalCGR/faces/newDetalleInforme?docIdcm=8327f2b2decd426c0656811c1c6288a2,C,Informe de Investigación Especial,18898,https://www.contraloria.cl/SicaProd/SICAv3-BIFAPortalCGR/servletfichainformegoogle?docIdcm=8327f2b2decd426c0656811c1c6288a2&pdf=1
34415,07304,2016-10-11 00:00:00.0,MUNICIPALIDAD DE MOLINA,2016,757,INFORME FINAL 757-16 MUNICIPALIDAD DE MOLINA - AUDITORÍA AL GASTO EN PERIODO ELECTORAL - USO DE BIENES - VEHÍCULOS - RRHH - RECURSOS FÍSICOS Y FINANCIEROS - OCTUBRE 2016,https://www.contraloria.cl/pdfbuscador/auditoria/92a158abbc0718ff9dd1e8338dc5b8cc/html,07,MOLINA,https://www.contraloria.cl/SicaProd/SICAv3-BIFAPortalCGR/faces/newDetalleInforme?docIdcm=92a158abbc0718ff9dd1e8338dc5b8cc,C,Informe Final de Auditoría,19120,https://www.contraloria.cl/SicaProd/SICAv3-BIFAPortalCGR/servletfichainformegoogle?docIdcm=92a158abbc0718ff9dd1e8338dc5b8cc&pdf=1
37505,07304,2016-10-13 00:00:00.0,DEPARTAMENTO DE SALUD DE MOLINA,2016,834,INFORME INVESTIGACION ESPECIAL 834-16 DESAM MOLINA PAGO DE ASIGNACIONES A LA DIRECTORA COMUNAL Y AL JEFE DE FINANZAS - OCTUBRE 2016,https://www.contraloria.cl/pdfbuscador/auditoria/b15ea2207797fba76cd18d7bbeefc76c/html,07,MOLINA,https://www.contraloria.cl/SicaProd/SICAv3-BIFAPortalCGR/faces/newDetalleInforme?docIdcm=b15ea2207797fba76cd18d7bbeefc76c,C,Informe de Investigación Especial,19278,https://www.contraloria.cl/SicaProd/SICAv3-BIFAPortalCGR/servletfichainformegoogle?docIdcm=b15ea2207797fba76cd18d7bbeefc76c&pdf=1
39112,07304,2017-04-26 00:00:00.0,MUNICIPALIDAD DE MOLINA,2017,110,INFORME DE INVESTIGACION ESPECIAL 110-17 MUNICIPALIDAD DE MOLINA IRREGULARIDADES EN LICITACION PARA CAPACITACIÓN DE FUNCIONARIOS - ABRIL 2017,https://www.contraloria.cl/pdfbuscador/auditoria/ae5ca2c632e312db2ac9a5d4bf261642/html,07,MOLINA,https://www.contraloria.cl/SicaProd/SICAv3-BIFAPortalCGR/faces/newDetalleInforme?docIdcm=ae5ca2c632e312db2ac9a5d4bf261642,C,Informe de Investigación Especial,20862,https://www.contraloria.cl/SicaProd/SICAv3-BIFAPortalCGR/servletfichainformegoogle?docIdcm=ae5ca2c632e312db2ac9a5d4bf261642&pdf=1
43866,07304,2017-08-21 00:00:00.0,MUNICIPALIDAD DE MOLINA,2017,528,INFORME DE INVESTIGACION ESPECIAL 528-17 MUNICIPALIDAD DE MOLINA EVENTUALES ANOMALIAS EN COMETIDOS INTERNACIONALES DE CONCEJALES - AGOSTO 2017,https://www.contraloria.cl/pdfbuscador/auditoria/01ec9cd29aea75954fe7eb828aa75598/html,07,MOLINA,https://www.contraloria.cl/SicaProd/SICAv3-BIFAPortalCGR/faces/newDetalleInforme?docIdcm=01ec9cd29aea75954fe7eb828aa75598,C,Informe de Investigación Especial,21582,https://www.contraloria.cl/SicaProd/SICAv3-BIFAPortalCGR/servletfichainformegoogle?docIdcm=01ec9cd29aea75954fe7eb828aa75598&pdf=1
43932,07304,2017-08-10 00:00:00.0,MUNICIPALIDAD DE MOLINA,2017,543,INFORME FINAL DE INVESTIGACION ESPECIAL 543-17 MUNICIPALIDAD DE MOLINA SOBRE EVENTUAL INCUMPLIMIENTO DE JORNADA LABORAL DE MEDICO GAB PSICOTECNICO - AGOSTO 2017,https://www.contraloria.cl/pdfbuscador/auditoria/4837ac84e9225d40f58299c6098fbb00/html,07,MOLINA,https://www.contraloria.cl/SicaProd/SICAv3-BIFAPortalCGR/faces/newDetalleInforme?docIdcm=4837ac84e9225d40f58299c6098fbb00,C,Informe de Investigación Especial,21522,https://www.contraloria.cl/SicaProd/SICAv3-BIFAPortalCGR/servletfichainformegoogle?docIdcm=4837ac84e9225d40f58299c6098fbb00&pdf=1
41316,07304,2017-12-07 00:00:00.0,MUNICIPALIDAD DE MOLINA,2017,931,INFORME FINAL 931-17 MUNICIPALIDAD DE MOLINA AUDITORIA AL MACROPROCESO DE CONCESION DEL SERVICIO DE ASEO - DICIEMBRE 2017,https://www.contraloria.cl/pdfbuscador/auditoria/a0f0da467bbda699c6407c9796a0a3b8/html,07,MOLINA,https://www.contraloria.cl/SicaProd/SICAv3-BIFAPortalCGR/faces/newDetalleInforme?docIdcm=a0f0da467bbda699c6407c9796a0a3b8,C,Informe Final de Auditoría,22302,https://www.contraloria.cl/SicaProd/SICAv3-BIFAPortalCGR/servletfichainformegoogle?docIdcm=a0f0da467bbda699c6407c9796a0a3b8&pdf=1
67015,07304,2019-12-27 00:00:00.0,MUNICIPALIDAD DE MOLINA,2019,924,INFORME FINAL 924-19 MUNICIPALIDAD DE MOLINA AUDITORÍA A LOS INGRESOS POR CONCEPTO DE OTORGAMIENTO DE PATENTES DE ALCOHOLES - DICIEMBRE 2019,https://www.contraloria.cl/pdfbuscador/auditoria/778c53c32039fde92b9190711ab8d2c3/html,07,MOLINA,https://www.contraloria.cl/SicaProd/SICAv3-BIFAPortalCGR/faces/newDetalleInforme?docIdcm=778c53c32039fde92b9190711ab8d2c3,C,Informe Final de Auditoría,30785,https://www.contraloria.cl/SicaProd/SICAv3-BIFAPortalCGR/servletfichainformegoogle?docIdcm=778c53c32039fde92b9190711ab8d2c3&pdf=1