IDACTIVIDAD,CODIGOSUBDERE,FECHAINFORME,NOMBRESERVICIO,ANOINFORME,NUMEROINFORME,MATERIAINFORME,FICHAINFORMEBIFA,C_REG_SUBDERE,NOMBRESUBDERE,FICHAINFORME,TIPOSUBDERE,TIPOINFORME,IDINFORME,PDFINFORME
28678,04303,2015-08-28 00:00:00.0,MUNICIPALIDAD DE MONTE PATRIA,2015,672,INFORME FINAL 672-15 MUNICIPALIDAD DE MONTE PATRIA SOBRE AUDITORÍA A LAS CONTRATACIONES A HONORARIOS CUENTA 21.04.004 - AGOSTO 2015,https://www.contraloria.cl/pdfbuscador/auditoria/2a83a2f32a4a2d7e86503382c4440046/html,04,MONTE PATRIA,https://www.contraloria.cl/SicaProd/SICAv3-BIFAPortalCGR/faces/newDetalleInforme?docIdcm=2a83a2f32a4a2d7e86503382c4440046,C,Informe Final de Auditoría,14846,https://www.contraloria.cl/SicaProd/SICAv3-BIFAPortalCGR/servletfichainformegoogle?docIdcm=2a83a2f32a4a2d7e86503382c4440046&pdf=1
34910,04303,2016-07-19 00:00:00.0,MUNICIPALIDAD DE MONTE PATRIA,2016,301,INFORME DE INVESTIGACIÓN ESPECIAL N° 301-16 MUNICIPALIDAD DE MONTE PATRIA SOBRE EVENTUALES IRREGULARIDADES-JULIO 2016,https://www.contraloria.cl/pdfbuscador/auditoria/11b1a53eef110b2572c8f9e8aa12c1c9/html,04,MONTE PATRIA,https://www.contraloria.cl/SicaProd/SICAv3-BIFAPortalCGR/faces/newDetalleInforme?docIdcm=11b1a53eef110b2572c8f9e8aa12c1c9,C,Informe de Investigación Especial,18517,https://www.contraloria.cl/SicaProd/SICAv3-BIFAPortalCGR/servletfichainformegoogle?docIdcm=11b1a53eef110b2572c8f9e8aa12c1c9&pdf=1
37310,04303,2016-09-06 00:00:00.0,MUNICIPALIDAD DE MONTE PATRIA,2016,538,INFORME DE INVESTIGACIÓN ESPECIAL N° 538-16 MUNICIPALIDAD DE MONTE PATRIA Y DIRECCIÓN GENERAL DE AGUAS  SOBRE EVENTUAL ENTREGA EN COMODATO DE UN BIEN NACIONAL DE USO PÚBLICO-OCTUBRE 2016,https://www.contraloria.cl/pdfbuscador/auditoria/0aebe89df83a21f007c09f7cd3c74f16/html,04,MONTE PATRIA,https://www.contraloria.cl/SicaProd/SICAv3-BIFAPortalCGR/faces/newDetalleInforme?docIdcm=0aebe89df83a21f007c09f7cd3c74f16,C,Informe de Investigación Especial,19362,https://www.contraloria.cl/SicaProd/SICAv3-BIFAPortalCGR/servletfichainformegoogle?docIdcm=0aebe89df83a21f007c09f7cd3c74f16&pdf=1
34557,04303,2016-09-30 00:00:00.0,MUNICIPALIDAD DE MONTE PATRIA,2016,777,INFORME FINAL 777-16 MUNICIPALIDAD DE MONTE PATRIA - AUDITORÍA AL GASTO EN PERIODO ELECTORAL - USO DE BIENES - VEHÍCULOS - RRHH - RECURSOS FÍSICOS Y FINANCIEROS - SEPTIEMBRE 2016 ,https://www.contraloria.cl/pdfbuscador/auditoria/3905a78dcbcebfff8f198e2bec789d75/html,04,MONTE PATRIA,https://www.contraloria.cl/SicaProd/SICAv3-BIFAPortalCGR/faces/newDetalleInforme?docIdcm=3905a78dcbcebfff8f198e2bec789d75,C,Informe Final de Auditoría,19086,https://www.contraloria.cl/SicaProd/SICAv3-BIFAPortalCGR/servletfichainformegoogle?docIdcm=3905a78dcbcebfff8f198e2bec789d75&pdf=1
41381,04303,2017-12-26 00:00:00.0,MUNICIPALIDAD DE MONTE PATRIA,2017,933,"INFORME FINAL N° 933-17 SOBRE AUDITORÍA AL MACROPROCESO DE FINANZAS EN LAS ÁREAS DE GESTIÓN MUNICIPAL, EDUCACIÓN Y SALUD EN LA MUNICIPALIDAD DE MONTE PATRIA-DICIEMBRE 2017",https://www.contraloria.cl/pdfbuscador/auditoria/b68f7a1f0d29cd3e781cc70998e8b544/html,04,MONTE PATRIA,https://www.contraloria.cl/SicaProd/SICAv3-BIFAPortalCGR/faces/newDetalleInforme?docIdcm=b68f7a1f0d29cd3e781cc70998e8b544,C,Informe Final de Auditoría,22615,https://www.contraloria.cl/SicaProd/SICAv3-BIFAPortalCGR/servletfichainformegoogle?docIdcm=b68f7a1f0d29cd3e781cc70998e8b544&pdf=1
58249,04303,2019-12-20 00:00:00.0,MUNICIPALIDAD DE MONTE PATRIA,2019,836,INFORME FINAL N° 836-19 MUNICIPALIDAD DE MONTE PATRIA AUDITORÍA AL PROCESO DE ADQUISICIONES REALIZADAS DURANTE EL AÑO 2018 - DIC 2019,https://www.contraloria.cl/pdfbuscador/auditoria/ce5011f0dd8d59fa7b8413e571a04b8d/html,04,MONTE PATRIA,https://www.contraloria.cl/SicaProd/SICAv3-BIFAPortalCGR/faces/newDetalleInforme?docIdcm=ce5011f0dd8d59fa7b8413e571a04b8d,C,Informe Final de Auditoría,30749,https://www.contraloria.cl/SicaProd/SICAv3-BIFAPortalCGR/servletfichainformegoogle?docIdcm=ce5011f0dd8d59fa7b8413e571a04b8d&pdf=1