IDACTIVIDAD,CODIGOSUBDERE,FECHAINFORME,NOMBRESERVICIO,ANOINFORME,NUMEROINFORME,MATERIAINFORME,FICHAINFORMEBIFA,C_REG_SUBDERE,NOMBRESUBDERE,FICHAINFORME,TIPOSUBDERE,TIPOINFORME,IDINFORME,PDFINFORME
26269,06110,2015-05-25 00:00:00.0,MUNICIPALIDAD DE MOSTAZAL,2015,120,INFORME INVESTIGACIÓN ESPECIAL 120 - 15 MUNICIPALIDAD DE MOSTAZAL EVENTUALES IRREGULARIDADES - MAYO 2015,https://www.contraloria.cl/pdfbuscador/auditoria/fb17af00500eccfe765171a25c50f582/html,06,MOSTAZAL,https://www.contraloria.cl/SicaProd/SICAv3-BIFAPortalCGR/faces/newDetalleInforme?docIdcm=fb17af00500eccfe765171a25c50f582,C,Informe de Investigación Especial,13887,https://www.contraloria.cl/SicaProd/SICAv3-BIFAPortalCGR/servletfichainformegoogle?docIdcm=fb17af00500eccfe765171a25c50f582&pdf=1
28482,06110,2015-06-30 00:00:00.0,MUNICIPALIDAD DE MOSTAZAL,2015,417,INFORME FINAL 417 - 15 MUNICIPALIDAD DE MOSTAZAL RECURSOS HUMANOS PROGRAMAS COMUNITARIOS - JUNIO 2015,https://www.contraloria.cl/pdfbuscador/auditoria/dc70fe33c5dd5ef7720b514a0cc44304/html,06,MOSTAZAL,https://www.contraloria.cl/SicaProd/SICAv3-BIFAPortalCGR/faces/newDetalleInforme?docIdcm=dc70fe33c5dd5ef7720b514a0cc44304,C,Informe Final de Auditoría,14218,https://www.contraloria.cl/SicaProd/SICAv3-BIFAPortalCGR/servletfichainformegoogle?docIdcm=dc70fe33c5dd5ef7720b514a0cc44304&pdf=1
32100,06110,2015-12-28 00:00:00.0,MUNICIPALIDAD DE MOSTAZAL,2015,1139,INFORME INSPECCIÓN DE OBRA PÚBLICA 1139 - 15 MUNICIPALIDAD DE MOSTAZAL OBRA REMODELACIÓN ESTADIO MUNICIPAL - DICIEMBRE 2015,https://www.contraloria.cl/pdfbuscador/auditoria/d60e56e55a398c0aebb62a0176ef4b74/html,06,MOSTAZAL,https://www.contraloria.cl/SicaProd/SICAv3-BIFAPortalCGR/faces/newDetalleInforme?docIdcm=d60e56e55a398c0aebb62a0176ef4b74,C,Informe de Inspección de Obra Pública,16739,https://www.contraloria.cl/SicaProd/SICAv3-BIFAPortalCGR/servletfichainformegoogle?docIdcm=d60e56e55a398c0aebb62a0176ef4b74&pdf=1
32195,06110,2016-03-21 00:00:00.0,MUNICIPALIDAD DE MOSTAZAL,2015,1229,INFORME INVESTIGACIÓN ESPECIAL 1229 - 15 MUNICIPALIDAD DE MOSTAZAL EVENTUALES IRREGULARIDADES CONTRATOS DE OBRA - MARZO 2016,https://www.contraloria.cl/pdfbuscador/auditoria/b24321a4491987bc5e89e4306345bfb8/html,06,MOSTAZAL,https://www.contraloria.cl/SicaProd/SICAv3-BIFAPortalCGR/faces/newDetalleInforme?docIdcm=b24321a4491987bc5e89e4306345bfb8,C,Informe de Investigación Especial,17656,https://www.contraloria.cl/SicaProd/SICAv3-BIFAPortalCGR/servletfichainformegoogle?docIdcm=b24321a4491987bc5e89e4306345bfb8&pdf=1
35839,06110,2016-06-14 00:00:00.0,MUNICIPALIDAD DE MOSTAZAL,2016,144,"INFORME DE INVESTIGACIÓN ESPECIAL 144 - 16 MUNICIPALIDAD DE MOSTAZAL DILACIÓN CONCURSO PÚBLICO, INCOMPATIBILIDAD EN CONTRATACIÓN Y COBROS DE DINEROS - JUNIO 2016",https://www.contraloria.cl/pdfbuscador/auditoria/e974f4aef481dbfe306d3e64e70129d9/html,06,MOSTAZAL,https://www.contraloria.cl/SicaProd/SICAv3-BIFAPortalCGR/faces/newDetalleInforme?docIdcm=e974f4aef481dbfe306d3e64e70129d9,C,Informe de Investigación Especial,18244,https://www.contraloria.cl/SicaProd/SICAv3-BIFAPortalCGR/servletfichainformegoogle?docIdcm=e974f4aef481dbfe306d3e64e70129d9&pdf=1
34523,06110,2016-10-12 00:00:00.0,MUNICIPALIDAD DE MOSTAZAL,2016,577,INFORME FINAL 577-16 MUNICIPALIDAD DE MOSTAZAL - AUDITORÍA AL GASTO EN PERIODO ELECTORAL - USO DE BIENES - VEHÍCULOS - RRHH - RECURSOS FÍSICOS Y FINANCIEROS - OCTUBRE 2016,https://www.contraloria.cl/pdfbuscador/auditoria/998688b0bfca962d984fd243d855425e/html,06,MOSTAZAL,https://www.contraloria.cl/SicaProd/SICAv3-BIFAPortalCGR/faces/newDetalleInforme?docIdcm=998688b0bfca962d984fd243d855425e,C,Informe Final de Auditoría,19112,https://www.contraloria.cl/SicaProd/SICAv3-BIFAPortalCGR/servletfichainformegoogle?docIdcm=998688b0bfca962d984fd243d855425e&pdf=1
41300,06110,2018-11-16 00:00:00.0,MUNICIPALIDAD DE MOSTAZAL,2017,977,INFORME FINAL 977-17 MUNICIPALIDAD DE MOSTAZAL - NOVIEMBRE 2018,https://www.contraloria.cl/pdfbuscador/auditoria/cbf003824eac586b36067fc5674af92c/html,06,MOSTAZAL,https://www.contraloria.cl/SicaProd/SICAv3-BIFAPortalCGR/faces/newDetalleInforme?docIdcm=cbf003824eac586b36067fc5674af92c,C,Informe Final de Auditoría,26587,https://www.contraloria.cl/SicaProd/SICAv3-BIFAPortalCGR/servletfichainformegoogle?docIdcm=cbf003824eac586b36067fc5674af92c&pdf=1
47923,06110,2017-12-21 00:00:00.0,MUNICIPALIDAD DE MOSTAZAL,2017,1075,INFORME FINAL DE INVESTIGACIÓN ESPECIAL 1075 - 17 EVENTUALES IRREGULARIDADES EN MATERIAS DE PERSONAL - DICIEMBRE 2017,https://www.contraloria.cl/pdfbuscador/auditoria/64c43fc885c59ef19c75087269783e45/html,06,MOSTAZAL,https://www.contraloria.cl/SicaProd/SICAv3-BIFAPortalCGR/faces/newDetalleInforme?docIdcm=64c43fc885c59ef19c75087269783e45,C,Informe de Investigación Especial,22540,https://www.contraloria.cl/SicaProd/SICAv3-BIFAPortalCGR/servletfichainformegoogle?docIdcm=64c43fc885c59ef19c75087269783e45&pdf=1