IDACTIVIDAD,CODIGOSUBDERE,FECHAINFORME,NOMBRESERVICIO,ANOINFORME,NUMEROINFORME,MATERIAINFORME,FICHAINFORMEBIFA,C_REG_SUBDERE,NOMBRESUBDERE,FICHAINFORME,TIPOSUBDERE,TIPOINFORME,IDINFORME,PDFINFORME
25737,08305,2015-06-09 00:00:00.0,MUNICIPALIDAD DE MULCHEN,2015,39,INFORME INVESTIGACIÓN ESPECIAL 39 - 15 MUNICIPALIDAD DE MULCHÉN SOBRE EVENTUAL PAGO EN EXCESO DE HORAS EXTRAORDINARIAS - JUNIO 2015,https://www.contraloria.cl/pdfbuscador/auditoria/6b75d289aa3bd80da963d8f532037feb/html,08,MULCHEN,https://www.contraloria.cl/SicaProd/SICAv3-BIFAPortalCGR/faces/newDetalleInforme?docIdcm=6b75d289aa3bd80da963d8f532037feb,C,Informe de Investigación Especial,14002,https://www.contraloria.cl/SicaProd/SICAv3-BIFAPortalCGR/servletfichainformegoogle?docIdcm=6b75d289aa3bd80da963d8f532037feb&pdf=1
33598,08305,2015-12-29 00:00:00.0,MUNICIPALIDAD DE MULCHEN,2015,1212,INFORME INVESTIGACIÓN ESPECIAL 1212 - 15 MUNICIPALIDAD DE MULCHÉN SOBRE SUPUESTAS IRREGULARIDADES - DICIEMBRE 2015,https://www.contraloria.cl/pdfbuscador/auditoria/bd35f7d424bb05330981e92a87ae16cd/html,08,MULCHEN,https://www.contraloria.cl/SicaProd/SICAv3-BIFAPortalCGR/faces/newDetalleInforme?docIdcm=bd35f7d424bb05330981e92a87ae16cd,C,Informe de Investigación Especial,16894,https://www.contraloria.cl/SicaProd/SICAv3-BIFAPortalCGR/servletfichainformegoogle?docIdcm=bd35f7d424bb05330981e92a87ae16cd&pdf=1
34834,08305,2016-12-12 00:00:00.0,DEPARTAMENTO DE ADMINISTRACION DE EDUCACION MUNICIPAL DE MULCHEN,2016,254,INFORME FINAL 254-16 MUNICIPALIDAD DE MULCHÉN - AUDITORÍA A LA SUBVENCIÓN ESCOLAR PREFERENCIAL Y COMPRAS - DICIEMBRE 2016,https://www.contraloria.cl/pdfbuscador/auditoria/23e9903cf63e88ab283251ce7ed6ad70/html,08,MULCHEN,https://www.contraloria.cl/SicaProd/SICAv3-BIFAPortalCGR/faces/newDetalleInforme?docIdcm=23e9903cf63e88ab283251ce7ed6ad70,C,Informe Final de Auditoría,19881,https://www.contraloria.cl/SicaProd/SICAv3-BIFAPortalCGR/servletfichainformegoogle?docIdcm=23e9903cf63e88ab283251ce7ed6ad70&pdf=1
51844,08305,2018-12-27 00:00:00.0,MUNICIPALIDAD DE MULCHEN,2018,497,"INFORME FINAL 497 -18 MUNICIPALIDAD DE MULCHÉN SOBRE AUDITORÍA A LOS MACROPROCESOS DE ADQUISICIONES DE BIENES Y SERVICIOS, Y DE ADM RECURSOS FINANCIEROS - DICIEMBRE 2018",https://www.contraloria.cl/pdfbuscador/auditoria/39ce00686d4f00e81a5277143053a206/html,08,MULCHEN,https://www.contraloria.cl/SicaProd/SICAv3-BIFAPortalCGR/faces/newDetalleInforme?docIdcm=39ce00686d4f00e81a5277143053a206,C,Informe Final de Auditoría,27138,https://www.contraloria.cl/SicaProd/SICAv3-BIFAPortalCGR/servletfichainformegoogle?docIdcm=39ce00686d4f00e81a5277143053a206&pdf=1
59340,08305,2020-09-02 00:00:00.0,MUNICIPALIDAD DE MULCHEN,2019,726,INFORME INVESTIGACIÓN ESPECIAL 726-19 MUNICIPALIDAD DE MULCHÉN SOBRE PRESUNTAS IRREGULARIDADES - SEPTIEMBRE 2020,https://www.contraloria.cl/pdfbuscador/auditoria/aae0ac4b5f5e55c89c29ea199bd0a583/html,08,MULCHEN,https://www.contraloria.cl/SicaProd/SICAv3-BIFAPortalCGR/faces/newDetalleInforme?docIdcm=aae0ac4b5f5e55c89c29ea199bd0a583,C,Informe de Investigación Especial,33565,https://www.contraloria.cl/SicaProd/SICAv3-BIFAPortalCGR/servletfichainformegoogle?docIdcm=aae0ac4b5f5e55c89c29ea199bd0a583&pdf=1