IDACTIVIDAD,CODIGOSUBDERE,FECHAINFORME,NOMBRESERVICIO,ANOINFORME,NUMEROINFORME,MATERIAINFORME,FICHAINFORMEBIFA,C_REG_SUBDERE,NOMBRESUBDERE,FICHAINFORME,TIPOSUBDERE,TIPOINFORME,IDINFORME,PDFINFORME
26271,06305,2015-05-27 00:00:00.0,MUNICIPALIDAD DE NANCAGUA,2015,197,INFORME INVESTIGACIÓN ESPECIAL 197 - 15 MUNICIPALIDAD DE NANCAGUA EVENTUAL SOBREGIRO CUENTA CORRIENTE MUNICIPAL - MAYO 2015,https://www.contraloria.cl/pdfbuscador/auditoria/6b9a6dd40b007a1d3d0a25b934e59379/html,06,NANCAGUA,https://www.contraloria.cl/SicaProd/SICAv3-BIFAPortalCGR/faces/newDetalleInforme?docIdcm=6b9a6dd40b007a1d3d0a25b934e59379,C,Informe de Investigación Especial,14044,https://www.contraloria.cl/SicaProd/SICAv3-BIFAPortalCGR/servletfichainformegoogle?docIdcm=6b9a6dd40b007a1d3d0a25b934e59379&pdf=1
31768,06305,2015-10-23 00:00:00.0,MUNICIPALIDAD DE NANCAGUA,2015,886,INFORME INVESTIGACIÓN ESPECIAL 886 - 15 MUNICIPALIDAD DE NANCAGUA IRREGULARIDADES CONTRATO REPOSICIÓN PARROQUIA SAN JOSÉ DE CUNACO - OCTUBRE 2015,https://www.contraloria.cl/pdfbuscador/auditoria/35a56ba84856b20b04e67f52bf7753be/html,06,NANCAGUA,https://www.contraloria.cl/SicaProd/SICAv3-BIFAPortalCGR/faces/newDetalleInforme?docIdcm=35a56ba84856b20b04e67f52bf7753be,C,Informe de Investigación Especial,15516,https://www.contraloria.cl/SicaProd/SICAv3-BIFAPortalCGR/servletfichainformegoogle?docIdcm=35a56ba84856b20b04e67f52bf7753be&pdf=1
38382,06305,2016-12-22 00:00:00.0,MUNICIPALIDAD DE NANCAGUA,2016,927,INFORME FINAL 927 - 16 MUNICIPALIDAD DE NANCAGUA INGRESOS PATENTES MUNICIPALES Y TRANSFERENCIAS 2% FONDO NACIONAL DE DESARROLLO REGIONAL - DICIEMBRE 2016,https://www.contraloria.cl/pdfbuscador/auditoria/e6f3d91780d2e331bbcb33bba5752a35/html,06,NANCAGUA,https://www.contraloria.cl/SicaProd/SICAv3-BIFAPortalCGR/faces/newDetalleInforme?docIdcm=e6f3d91780d2e331bbcb33bba5752a35,C,Informe Final de Auditoría,20019,https://www.contraloria.cl/SicaProd/SICAv3-BIFAPortalCGR/servletfichainformegoogle?docIdcm=e6f3d91780d2e331bbcb33bba5752a35&pdf=1
47237,06305,2018-09-03 00:00:00.0,MUNICIPALIDAD DE NANCAGUA,2018,32,INFORME DE INVESTIGACIÓN ESPECIAL 32-18 MUNICIPALIDAD DE NANCAGUA XIII CONGRESO ALCALDES CONCEJALES 2017- SEPTIEMBRE 2018,https://www.contraloria.cl/pdfbuscador/auditoria/29f156ee13ee293f03560e98869b6bbd/html,06,NANCAGUA,https://www.contraloria.cl/SicaProd/SICAv3-BIFAPortalCGR/faces/newDetalleInforme?docIdcm=29f156ee13ee293f03560e98869b6bbd,C,Informe de Investigación Especial,25745,https://www.contraloria.cl/SicaProd/SICAv3-BIFAPortalCGR/servletfichainformegoogle?docIdcm=29f156ee13ee293f03560e98869b6bbd&pdf=1
58306,06305,2019-12-30 00:00:00.0,MUNICIPALIDAD DE NANCAGUA,2019,796,INFORME FINAL 796-19 - MUNICIPALIDAD DE NANCAGUA - MACROPROCESO INGRESOS PROPIOS FINANAZAS Y AMBIENTE DE CONTROL- DICIEMBRE 2019,https://www.contraloria.cl/pdfbuscador/auditoria/f7d982981f531ab232103877f98ac07a/html,06,NANCAGUA,https://www.contraloria.cl/SicaProd/SICAv3-BIFAPortalCGR/faces/newDetalleInforme?docIdcm=f7d982981f531ab232103877f98ac07a,C,Informe Final de Auditoría,30915,https://www.contraloria.cl/SicaProd/SICAv3-BIFAPortalCGR/servletfichainformegoogle?docIdcm=f7d982981f531ab232103877f98ac07a&pdf=1