IDACTIVIDAD,CODIGOSUBDERE,FECHAINFORME,NOMBRESERVICIO,ANOINFORME,NUMEROINFORME,MATERIAINFORME,FICHAINFORMEBIFA,C_REG_SUBDERE,NOMBRESUBDERE,FICHAINFORME,TIPOSUBDERE,TIPOINFORME,IDINFORME,PDFINFORME
27068,12401,2015-04-17 00:00:00.0,CORPORACION MUNICIPAL DE PUERTO NATALES,2015,59,"INFORME DE INVESTIGACIÓN ESPECIAL 59-15 CORPORACIÓN MUNICIPAL DE EDUCACIÓN, SALUD Y MENORES DE PUERTO NATALES SOBRE REVISIÓN DE LA CUENTA CORRIENTE DEL PROGRAMA DE INTEGRACIÓN ESCOLAR - ABRIL 2015",https://www.contraloria.cl/pdfbuscador/auditoria/122b6dfdae38283a25a0b75af562ee17/html,12,NATALES,https://www.contraloria.cl/SicaProd/SICAv3-BIFAPortalCGR/faces/newDetalleInforme?docIdcm=122b6dfdae38283a25a0b75af562ee17,C,Informe de Investigación Especial,13721,https://www.contraloria.cl/SicaProd/SICAv3-BIFAPortalCGR/servletfichainformegoogle?docIdcm=122b6dfdae38283a25a0b75af562ee17&pdf=1
28275,12401,2015-08-27 00:00:00.0,MUNICIPALIDAD DE PUERTO NATALES,2015,506,INFORME FINAL 506-15 MUNICIPALIDAD DE NATALES SOBRE AUDITORIA A LAS CONTRATACIONES DE HONORARIOS EN PROGRAMAS COMUNITARIOS - AGOSTO 2015,https://www.contraloria.cl/pdfbuscador/auditoria/dc0f8d874baaba0cd9859ab84cce7cd7/html,12,NATALES,https://www.contraloria.cl/SicaProd/SICAv3-BIFAPortalCGR/faces/newDetalleInforme?docIdcm=dc0f8d874baaba0cd9859ab84cce7cd7,C,Informe Final de Auditoría,14712,https://www.contraloria.cl/SicaProd/SICAv3-BIFAPortalCGR/servletfichainformegoogle?docIdcm=dc0f8d874baaba0cd9859ab84cce7cd7&pdf=1
29984,12401,2015-07-27 00:00:00.0,MUNICIPALIDAD DE PUERTO NATALES,2015,554,INFORME INVESTIGACIÓN ESPECIAL 554-15 MUNICIPALIDAD DE NATALES EVENTUALES IRREGULARIDADES EN LA ENTREGA DE COMBUSTIBLE A LA LOCALIDAD DE PUERTO EDÉN-JULIO 2015,https://www.contraloria.cl/pdfbuscador/auditoria/47f56d70eec01b8576b85c045abf0cbb/html,12,NATALES,https://www.contraloria.cl/SicaProd/SICAv3-BIFAPortalCGR/faces/newDetalleInforme?docIdcm=47f56d70eec01b8576b85c045abf0cbb,C,Informe de Investigación Especial,14408,https://www.contraloria.cl/SicaProd/SICAv3-BIFAPortalCGR/servletfichainformegoogle?docIdcm=47f56d70eec01b8576b85c045abf0cbb&pdf=1
28468,12401,2015-08-27 00:00:00.0,MUNICIPALIDAD DE PUERTO NATALES,2015,625,INFORME FINAL 625-15 MUNICIPALIDAD DE NATALES AUDITORÍA DE INFRAESTRUCTURA A CONTRATOS DE OBRA ADJUDICADOS EN 2014-AGOSTO 2015,https://www.contraloria.cl/pdfbuscador/auditoria/61caf1343f0542b5097dc2922114cb79/html,12,NATALES,https://www.contraloria.cl/SicaProd/SICAv3-BIFAPortalCGR/faces/newDetalleInforme?docIdcm=61caf1343f0542b5097dc2922114cb79,C,Informe Final de Auditoría,14756,https://www.contraloria.cl/SicaProd/SICAv3-BIFAPortalCGR/servletfichainformegoogle?docIdcm=61caf1343f0542b5097dc2922114cb79&pdf=1
31186,12401,2015-09-22 00:00:00.0,CORPORACION MUNICIPAL DE PUERTO NATALES,2015,666,"INFORME INVESTIGACIÓN ESPECIAL 666-15 CORPORACIÓN MUNICIPAL DE EDUCACIÓN, SALUD Y MENORES DE PUERTO NATALES PRESUNTAS IRREGULARIDADES EN EL PROCESO DE LICITACIÓN Y CONSTRUCCIÓN DE SALAS CUNAS Y JARDINES INFANTILES-SEPTIEMBRE 2015",https://www.contraloria.cl/pdfbuscador/auditoria/8d4fa34ed66c7527ee5aca63badedaa9/html,12,NATALES,https://www.contraloria.cl/SicaProd/SICAv3-BIFAPortalCGR/faces/newDetalleInforme?docIdcm=8d4fa34ed66c7527ee5aca63badedaa9,C,Informe de Investigación Especial,14975,https://www.contraloria.cl/SicaProd/SICAv3-BIFAPortalCGR/servletfichainformegoogle?docIdcm=8d4fa34ed66c7527ee5aca63badedaa9&pdf=1
28302,12401,2015-12-28 00:00:00.0,CORPORACION MUNICIPAL DE PUERTO NATALES,2015,1244,"INFORME FINAL 1.244-15 CORPORACION MUNICIPAL DE EDUCACION, SALUD Y MENORES DE PUERTO NATALES AUDITORIA A LOS RECURSOS QUE OTORGA LA LEY N° 20.248 QUE ESTABLECE LEY DE SUBVENCION ESCOLAR PREFERENCIAL-DICIEMBRE 2015",https://www.contraloria.cl/pdfbuscador/auditoria/7f2b683d586146c8173ca4ada7ef3a0f/html,12,NATALES,https://www.contraloria.cl/SicaProd/SICAv3-BIFAPortalCGR/faces/newDetalleInforme?docIdcm=7f2b683d586146c8173ca4ada7ef3a0f,C,Informe Final de Auditoría,16730,https://www.contraloria.cl/SicaProd/SICAv3-BIFAPortalCGR/servletfichainformegoogle?docIdcm=7f2b683d586146c8173ca4ada7ef3a0f&pdf=1
34680,12401,2016-10-18 00:00:00.0,MUNICIPALIDAD DE PUERTO NATALES,2016,792,INFORME FINAL 792-16 MUNICIPALIDAD DE PUERTO NATALES - AUDITORÍA AL GASTO EN PERIODO ELECTORAL - USO DE BIENES - VEHÍCULOS - RRHH - RECURSOS FÍSICOS Y FINANCIEROS - OCTUBRE 2016,https://www.contraloria.cl/pdfbuscador/auditoria/49ca2e76835f6ee4f3227fe5d540bdcc/html,12,NATALES,https://www.contraloria.cl/SicaProd/SICAv3-BIFAPortalCGR/faces/newDetalleInforme?docIdcm=49ca2e76835f6ee4f3227fe5d540bdcc,C,Informe Final de Auditoría,19185,https://www.contraloria.cl/SicaProd/SICAv3-BIFAPortalCGR/servletfichainformegoogle?docIdcm=49ca2e76835f6ee4f3227fe5d540bdcc&pdf=1
47123,12401,2018-06-22 00:00:00.0,MUNICIPALIDAD DE PUERTO NATALES,2018,83,"INFORME FINAL DE INVESTIGACIÓN ESPECIAL 83-18 MUNICIPALIDAD DE NATALES SOBRE EVENTUALES IRREGULARIDADES EN LA EJECUCIÓN DEL PROYECTO ""CONSTRUCCIÓN DEL RELLENO SANITARIO, NATALES""-JUNIO 2018",https://www.contraloria.cl/pdfbuscador/auditoria/c4475ba3dcf6939521f609b58f9ac6f7/html,12,NATALES,https://www.contraloria.cl/SicaProd/SICAv3-BIFAPortalCGR/faces/newDetalleInforme?docIdcm=c4475ba3dcf6939521f609b58f9ac6f7,C,Informe de Investigación Especial,24502,https://www.contraloria.cl/SicaProd/SICAv3-BIFAPortalCGR/servletfichainformegoogle?docIdcm=c4475ba3dcf6939521f609b58f9ac6f7&pdf=1
52302,12401,2018-11-19 00:00:00.0,MUNICIPALIDAD DE PUERTO NATALES,2018,704,"INFORME FINAL DE INVESTIGACIÓN ESPECIAL 704-18 MUNICIPALIDAD DE NATALES SOBRE IRREGULARIDADES EN LOS CONTRATOS ""CONSTRUCCIÓN PISCINA TERAPÉUTICA CENTRO DE REHABILITACIÓN CRUZ DEL SUR, NATALES"" Y ""NORMALIZACIÓN HOGAR DE ANCIANOS NUEVO ATARDECER, NATALES""-NOVIEMBRE 2018",https://www.contraloria.cl/pdfbuscador/auditoria/25f447475a6d5b86abbe9fd9e27fb00b/html,12,NATALES,https://www.contraloria.cl/SicaProd/SICAv3-BIFAPortalCGR/faces/newDetalleInforme?docIdcm=25f447475a6d5b86abbe9fd9e27fb00b,C,Informe de Investigación Especial,26778,https://www.contraloria.cl/SicaProd/SICAv3-BIFAPortalCGR/servletfichainformegoogle?docIdcm=25f447475a6d5b86abbe9fd9e27fb00b&pdf=1
54551,12401,2019-04-10 00:00:00.0,MUNICIPALIDAD DE PUERTO NATALES,2019,90,INFORME FINAL DE INVESTIGACIÓN ESPECIAL 90-19 MUNICIPALIDAD DE NATALES EVENTUALES IRREGULARIDADES EN LA DESTINACIÓN DE RECURSOS PARA LA CELEBRACIÓN DEL DÍA DE LA MADRE Y EL NIÑO-ABRIL 2019,https://www.contraloria.cl/pdfbuscador/auditoria/610446ee2eadab878e5bb067db387d7e/html,12,NATALES,https://www.contraloria.cl/SicaProd/SICAv3-BIFAPortalCGR/faces/newDetalleInforme?docIdcm=610446ee2eadab878e5bb067db387d7e,C,Informe de Investigación Especial,28727,https://www.contraloria.cl/SicaProd/SICAv3-BIFAPortalCGR/servletfichainformegoogle?docIdcm=610446ee2eadab878e5bb067db387d7e&pdf=1
58970,12401,2019-09-12 00:00:00.0,MUNICIPALIDAD DE PUERTO NATALES,2019,608,INFORME DE INVESTIGACIÓN ESPECIAL 608-19 MUNICIPALIDAD DE NATALES SOBRE EVENTUALES IRREGULARIDADES EN LA DESTINACIÓN DE RECURSOS PARA LA CELEBRACIÓN DEL DÍA DE LA MADRE-SEPTIEMBRE 2019,https://www.contraloria.cl/pdfbuscador/auditoria/18a62ebf3564ff92b90720d0bea82f2a/html,12,NATALES,https://www.contraloria.cl/SicaProd/SICAv3-BIFAPortalCGR/faces/newDetalleInforme?docIdcm=18a62ebf3564ff92b90720d0bea82f2a,C,Informe de Investigación Especial,29985,https://www.contraloria.cl/SicaProd/SICAv3-BIFAPortalCGR/servletfichainformegoogle?docIdcm=18a62ebf3564ff92b90720d0bea82f2a&pdf=1