IDACTIVIDAD,CODIGOSUBDERE,FECHAINFORME,NOMBRESERVICIO,ANOINFORME,NUMEROINFORME,MATERIAINFORME,FICHAINFORMEBIFA,C_REG_SUBDERE,NOMBRESUBDERE,FICHAINFORME,TIPOSUBDERE,TIPOINFORME,IDINFORME,PDFINFORME
27359,06205,2015-04-01 00:00:00.0,MUNICIPALIDAD DE NAVIDAD,2015,16,INFORME INVESTIGACIÓN ESPECIAL 16 - 15 MUNICIPALIDAD DE NAVIDAD EVENTUALES IRREGULARIDADES CONTRATO DE OBRA - ABRIL 2015,https://www.contraloria.cl/pdfbuscador/auditoria/fdebcc6583fbe24d35ec02e9565f7968/html,06,NAVIDAD,https://www.contraloria.cl/SicaProd/SICAv3-BIFAPortalCGR/faces/newDetalleInforme?docIdcm=fdebcc6583fbe24d35ec02e9565f7968,C,Informe de Investigación Especial,13611,https://www.contraloria.cl/SicaProd/SICAv3-BIFAPortalCGR/servletfichainformegoogle?docIdcm=fdebcc6583fbe24d35ec02e9565f7968&pdf=1
28331,06205,2015-10-21 00:00:00.0,MUNICIPALIDAD DE NAVIDAD,2015,675,INFORME FINAL 675 - 15 MUNICIPALIDAD DE NAVIDAD INGRESOS PROPIOS PERMISOS DE EDIFICACIÓN Y CONSTRUCCIÓN - OCTUBRE 2015,https://www.contraloria.cl/pdfbuscador/auditoria/7506e38ddad94d384212f9a056b0057d/html,06,NAVIDAD,https://www.contraloria.cl/SicaProd/SICAv3-BIFAPortalCGR/faces/newDetalleInforme?docIdcm=7506e38ddad94d384212f9a056b0057d,C,Informe Final de Auditoría,15539,https://www.contraloria.cl/SicaProd/SICAv3-BIFAPortalCGR/servletfichainformegoogle?docIdcm=7506e38ddad94d384212f9a056b0057d&pdf=1
34593,06205,2016-09-27 00:00:00.0,MUNICIPALIDAD DE NAVIDAD,2016,563,INFORME FINAL 563 - 16 MUNICIPALIDAD DE NAVIDAD ABASTECIMIENTO Y CUMPLIMIENTO DE LA LEY DEL LOBBY - SEPTIEMBRE 2016,https://www.contraloria.cl/pdfbuscador/auditoria/f4d5d070ed6027e2ed304a680fb7479f/html,06,NAVIDAD,https://www.contraloria.cl/SicaProd/SICAv3-BIFAPortalCGR/faces/newDetalleInforme?docIdcm=f4d5d070ed6027e2ed304a680fb7479f,C,Informe Final de Auditoría,19012,https://www.contraloria.cl/SicaProd/SICAv3-BIFAPortalCGR/servletfichainformegoogle?docIdcm=f4d5d070ed6027e2ed304a680fb7479f&pdf=1
41258,06205,2017-12-28 00:00:00.0,MUNICIPALIDAD DE NAVIDAD,2017,1032,"INFORME FINAL 1032 - 17 MUNICIPALIDAD DE NAVIDAD AUDITORIA RECURSOS HUMANOS, FINANZAS Y AMBIENTE DE CONTROL - DICIEMBRE 2017",https://www.contraloria.cl/pdfbuscador/auditoria/4e8269594c6e117e7deb162e111f1ef2/html,06,NAVIDAD,https://www.contraloria.cl/SicaProd/SICAv3-BIFAPortalCGR/faces/newDetalleInforme?docIdcm=4e8269594c6e117e7deb162e111f1ef2,C,Informe Final de Auditoría,22798,https://www.contraloria.cl/SicaProd/SICAv3-BIFAPortalCGR/servletfichainformegoogle?docIdcm=4e8269594c6e117e7deb162e111f1ef2&pdf=1
58868,06205,2019-11-11 00:00:00.0,MUNICIPALIDAD DE NAVIDAD,2019,666,INFORME INVESTIGACIÓN ESPECIAL 666-19- MUNICIPALIDAD DE NAVIDAD-IRREGULARIDADES EN LOCAL COMERCIALY CONSTRUCCIONES FINES HABITACIONALES-NOVIEMBRE2019,https://www.contraloria.cl/pdfbuscador/auditoria/d7954a5b101e8565b051c7d6362e0d9b/html,06,NAVIDAD,https://www.contraloria.cl/SicaProd/SICAv3-BIFAPortalCGR/faces/newDetalleInforme?docIdcm=d7954a5b101e8565b051c7d6362e0d9b,C,Informe de Investigación Especial,30308,https://www.contraloria.cl/SicaProd/SICAv3-BIFAPortalCGR/servletfichainformegoogle?docIdcm=d7954a5b101e8565b051c7d6362e0d9b&pdf=1