IDACTIVIDAD,CODIGOSUBDERE,FECHAINFORME,NOMBRESERVICIO,ANOINFORME,NUMEROINFORME,MATERIAINFORME,FICHAINFORMEBIFA,C_REG_SUBDERE,NOMBRESUBDERE,FICHAINFORME,TIPOSUBDERE,TIPOINFORME,IDINFORME,PDFINFORME
24883,08307,2015-09-17 00:00:00.0,MUNICIPALIDAD DE NEGRETE,2015,126,INFORME INVESTIGACIÓN ESPECIAL 126 - 15 MUNICIPALIDAD DE NEGRETE RELATIVA A PRESUNTAS IRREGULARIDADES - SEPTIEMBRE 2015,https://www.contraloria.cl/pdfbuscador/auditoria/6553af112f8d3b4ccdbb8930ac3b2b89/html,08,NEGRETE,https://www.contraloria.cl/SicaProd/SICAv3-BIFAPortalCGR/faces/newDetalleInforme?docIdcm=6553af112f8d3b4ccdbb8930ac3b2b89,C,Informe de Investigación Especial,14985,https://www.contraloria.cl/SicaProd/SICAv3-BIFAPortalCGR/servletfichainformegoogle?docIdcm=6553af112f8d3b4ccdbb8930ac3b2b89&pdf=1
27100,08307,2015-09-30 00:00:00.0,MUNICIPALIDAD DE NEGRETE,2015,277,INFORME INVESTIGACIÓN ESPECIAL 277 - 15 MUNICIPALIDAD DE NEGRETE SOBRE PRESUNTAS IRREGULARIDADES - SEPTIEMBRE 2015,https://www.contraloria.cl/pdfbuscador/auditoria/cad5c42df87f30ca753c0f05e8a722a3/html,08,NEGRETE,https://www.contraloria.cl/SicaProd/SICAv3-BIFAPortalCGR/faces/newDetalleInforme?docIdcm=cad5c42df87f30ca753c0f05e8a722a3,C,Informe de Investigación Especial,15027,https://www.contraloria.cl/SicaProd/SICAv3-BIFAPortalCGR/servletfichainformegoogle?docIdcm=cad5c42df87f30ca753c0f05e8a722a3&pdf=1
30529,08307,2015-07-23 00:00:00.0,MUNICIPALIDAD DE NEGRETE,2015,510,INFORME INVESTIGACIÓN ESPECIAL 510 - 15 MUNICIPALIDAD DE NEGRETE SOBRE PRESUNTAS IRREGULARIDADES - JULIO 2015,https://www.contraloria.cl/pdfbuscador/auditoria/6f2a371a335b1c7176826dce3de8378a/html,08,NEGRETE,https://www.contraloria.cl/SicaProd/SICAv3-BIFAPortalCGR/faces/newDetalleInforme?docIdcm=6f2a371a335b1c7176826dce3de8378a,C,Informe de Investigación Especial,14428,https://www.contraloria.cl/SicaProd/SICAv3-BIFAPortalCGR/servletfichainformegoogle?docIdcm=6f2a371a335b1c7176826dce3de8378a&pdf=1
28501,08307,2015-12-22 00:00:00.0,MUNICIPALIDAD DE NEGRETE,2015,975,INFORME FINAL 975-15 MUNICIPALIDAD DE NEGRETE SOBRE AUDITORIA ADQUISICIONES DE BIENES Y SERVICIOS - DICIEMBRE 2015,https://www.contraloria.cl/pdfbuscador/auditoria/9fb5a1f928a288109ba4870cc5ce35d1/html,08,NEGRETE,https://www.contraloria.cl/SicaProd/SICAv3-BIFAPortalCGR/faces/newDetalleInforme?docIdcm=9fb5a1f928a288109ba4870cc5ce35d1,C,Informe Final de Auditoría,16713,https://www.contraloria.cl/SicaProd/SICAv3-BIFAPortalCGR/servletfichainformegoogle?docIdcm=9fb5a1f928a288109ba4870cc5ce35d1&pdf=1
34876,08307,2017-01-20 00:00:00.0,MUNICIPALIDAD DE NEGRETE,2016,136,INFORME INVESTIGACIÓN ESPECIAL 135-16 MUNICIPALIDAD DE NEGRETE SOBRE PRESUNTAS IRREGULARIDADES EN LA CONTRATACIÓN DE PROVEEDORES - ENERO 2017,https://www.contraloria.cl/pdfbuscador/auditoria/e97b1e297a60bc43c4c9313c78b15bd5/html,08,NEGRETE,https://www.contraloria.cl/SicaProd/SICAv3-BIFAPortalCGR/faces/newDetalleInforme?docIdcm=e97b1e297a60bc43c4c9313c78b15bd5,C,Informe de Investigación Especial,20288,https://www.contraloria.cl/SicaProd/SICAv3-BIFAPortalCGR/servletfichainformegoogle?docIdcm=e97b1e297a60bc43c4c9313c78b15bd5&pdf=1
56665,08307,2019-08-20 00:00:00.0,MUNICIPALIDAD DE NEGRETE,2019,200,INFORME DE INSPECCIÓN OBRA PÚBLICA 200-19 MUNICIPALIDAD DE NEGRETE SOBRE CONSTRUCCIÓN SISTEMA ALCANTARILLADO AGUAS SERVIDAS COIHUE - AGOSTO 2019,https://www.contraloria.cl/pdfbuscador/auditoria/38b371f26ff5f5caf9c2e216746ce38b/html,08,NEGRETE,https://www.contraloria.cl/SicaProd/SICAv3-BIFAPortalCGR/faces/newDetalleInforme?docIdcm=38b371f26ff5f5caf9c2e216746ce38b,C,Informe de Inspección de Obra Pública,29711,https://www.contraloria.cl/SicaProd/SICAv3-BIFAPortalCGR/servletfichainformegoogle?docIdcm=38b371f26ff5f5caf9c2e216746ce38b&pdf=1