IDACTIVIDAD,CODIGOSUBDERE,FECHAINFORME,NOMBRESERVICIO,ANOINFORME,NUMEROINFORME,MATERIAINFORME,FICHAINFORMEBIFA,C_REG_SUBDERE,NOMBRESUBDERE,FICHAINFORME,TIPOSUBDERE,TIPOINFORME,IDINFORME,PDFINFORME
29828,05506,2015-06-05 00:00:00.0,MUNICIPALIDAD DE LOS NOGALES,2015,328,INFORME INVESTIGACIÓN ESPECIAL 328-15 MUNICIPALIDAD DE NOGALES SOBRE HONORARIOS PAGADOS - JUNIO 2015,https://www.contraloria.cl/pdfbuscador/auditoria/2ac97aca78ffbefa9fe30639273c768a/html,05,NOGALES,https://www.contraloria.cl/SicaProd/SICAv3-BIFAPortalCGR/faces/newDetalleInforme?docIdcm=2ac97aca78ffbefa9fe30639273c768a,C,Informe de Investigación Especial,13970,https://www.contraloria.cl/SicaProd/SICAv3-BIFAPortalCGR/servletfichainformegoogle?docIdcm=2ac97aca78ffbefa9fe30639273c768a&pdf=1
27864,05506,2015-09-14 00:00:00.0,MUNICIPALIDAD DE LOS NOGALES,2015,380,INFORME INVESTIGACIÓN ESPECIAL 380-15 MUNICIPALIDAD DE NOGALES SOBRE EVENTUALES IRREGULARIDADES - SEPTIEMBRE 2015,https://www.contraloria.cl/pdfbuscador/auditoria/dc9cfb88cd8508b78de43ca4a4bcb7b6/html,05,NOGALES,https://www.contraloria.cl/SicaProd/SICAv3-BIFAPortalCGR/faces/newDetalleInforme?docIdcm=dc9cfb88cd8508b78de43ca4a4bcb7b6,C,Informe de Investigación Especial,14881,https://www.contraloria.cl/SicaProd/SICAv3-BIFAPortalCGR/servletfichainformegoogle?docIdcm=dc9cfb88cd8508b78de43ca4a4bcb7b6&pdf=1
29098,05506,2015-12-29 00:00:00.0,DEPARTAMENTO DE SALUD DE LOS NOGALES,2015,1263,INFORME FINAL 1263-15 DEPARTAMENTO DE SALUD DE LA MUNICIPALIDAD DE NOGALES SOBRE AUDITORÍA A LAS REMUNERACIONES - DICIEMBRE 2015,https://www.contraloria.cl/pdfbuscador/auditoria/bfbfae2dfae0db1397581e5a1a1368f0/html,05,NOGALES,https://www.contraloria.cl/SicaProd/SICAv3-BIFAPortalCGR/faces/newDetalleInforme?docIdcm=bfbfae2dfae0db1397581e5a1a1368f0,C,Informe Final de Auditoría,16810,https://www.contraloria.cl/SicaProd/SICAv3-BIFAPortalCGR/servletfichainformegoogle?docIdcm=bfbfae2dfae0db1397581e5a1a1368f0&pdf=1
34996,05506,2016-08-08 00:00:00.0,MUNICIPALIDAD DE LOS NOGALES,2016,61,"INFORME INVESTIGACIÓN ESPECIAL 61-16 MUNICIPALIDAD DE NOGALES SOBRE DESCUENTOS VOLUNTARIOS, HORAS EXTRAORDINARIAS, CONTRATACIÓN MÉDICOS EXTRANJEROS ENTRE OTRAS MATERIAS - AGOSTO 2016",https://www.contraloria.cl/pdfbuscador/auditoria/b608ffaabc95f63ff75241279380ff9c/html,05,NOGALES,https://www.contraloria.cl/SicaProd/SICAv3-BIFAPortalCGR/faces/newDetalleInforme?docIdcm=b608ffaabc95f63ff75241279380ff9c,C,Informe de Investigación Especial,18607,https://www.contraloria.cl/SicaProd/SICAv3-BIFAPortalCGR/servletfichainformegoogle?docIdcm=b608ffaabc95f63ff75241279380ff9c&pdf=1
38549,05506,2016-12-28 00:00:00.0,MUNICIPALIDAD DE LOS NOGALES,2016,1034,INFORME INVESTIGACIÓN ESPECIAL 1.034-16 MUNICIPALIDAD DE NOGALES SOBRE PRESUNTO APOYO A PRECANDIDATO A ALCALDE - NOVIEMBRE 2016,https://www.contraloria.cl/pdfbuscador/auditoria/0deca76047672fed972e24824505b301/html,05,NOGALES,https://www.contraloria.cl/SicaProd/SICAv3-BIFAPortalCGR/faces/newDetalleInforme?docIdcm=0deca76047672fed972e24824505b301,C,Informe de Investigación Especial,19685,https://www.contraloria.cl/SicaProd/SICAv3-BIFAPortalCGR/servletfichainformegoogle?docIdcm=0deca76047672fed972e24824505b301&pdf=1
41829,05506,2017-05-22 00:00:00.0,MUNICIPALIDAD DE LOS NOGALES,2017,289,INFORME FINAL DE INVESTIGACIÓN ESPECIAL 289-17 MUNICIPALIDAD DE NOGALES SOBRE REMUNERACIONES Y DESAM - MAYO 2017,https://www.contraloria.cl/pdfbuscador/auditoria/8ed4809d5f73dd5f5b2bd03395381c71/html,05,NOGALES,https://www.contraloria.cl/SicaProd/SICAv3-BIFAPortalCGR/faces/newDetalleInforme?docIdcm=8ed4809d5f73dd5f5b2bd03395381c71,C,Informe de Investigación Especial,21028,https://www.contraloria.cl/SicaProd/SICAv3-BIFAPortalCGR/servletfichainformegoogle?docIdcm=8ed4809d5f73dd5f5b2bd03395381c71&pdf=1
44774,05506,2017-08-22 00:00:00.0,DEPARTAMENTO DE SALUD DE LOS NOGALES,2017,397,INFORME FINAL DE INVESTIGACIÓN ESPECIAL 397-17 DEPARTAMENTO DE SALUD DE LA MUNICIPALIDAD DE NOGALES SOBRE EVENTUALES IRREGULARIDADES - AGOSTO 2017,https://www.contraloria.cl/pdfbuscador/auditoria/49485812a2d99614c3f99ceb93016d05/html,05,NOGALES,https://www.contraloria.cl/SicaProd/SICAv3-BIFAPortalCGR/faces/newDetalleInforme?docIdcm=49485812a2d99614c3f99ceb93016d05,C,Informe de Investigación Especial,21591,https://www.contraloria.cl/SicaProd/SICAv3-BIFAPortalCGR/servletfichainformegoogle?docIdcm=49485812a2d99614c3f99ceb93016d05&pdf=1
49423,05506,2018-07-13 00:00:00.0,MUNICIPALIDAD DE LOS NOGALES,2018,66,"INFORME FINAL 66-18 MUNICIPALIDAD DE NOGALES SOBRE AUDITORÍA A LOS INGRESOS, GASTOS, FONDOS DE TERCEROS Y APORTES AL FONDO COMÚN MUNICIPAL - JULIO 2018",https://www.contraloria.cl/pdfbuscador/auditoria/475601b596a908ff9f2cebec37513936/html,05,NOGALES,https://www.contraloria.cl/SicaProd/SICAv3-BIFAPortalCGR/faces/newDetalleInforme?docIdcm=475601b596a908ff9f2cebec37513936,C,Informe Final de Auditoría,24809,https://www.contraloria.cl/SicaProd/SICAv3-BIFAPortalCGR/servletfichainformegoogle?docIdcm=475601b596a908ff9f2cebec37513936&pdf=1
58902,05506,2019-12-12 00:00:00.0,DEPARTAMENTO DE SALUD DE LOS NOGALES,2019,860,INFORME FINAL 860-19 DEPARTAMENTO DE SALUD DE NOGALES SOBRE AUDITORÍA A LAS REMUNERACIONES Y A LA TRAMITACIÓN Y RECUPERACIÓN DE SUBSIDIOS POR INCAPACIDAD LABORAL - DICIEMBRE 2019,https://www.contraloria.cl/pdfbuscador/auditoria/759f1770c082c7507741b68f0f04dedf/html,05,NOGALES,https://www.contraloria.cl/SicaProd/SICAv3-BIFAPortalCGR/faces/newDetalleInforme?docIdcm=759f1770c082c7507741b68f0f04dedf,C,Informe Final de Auditoría,30544,https://www.contraloria.cl/SicaProd/SICAv3-BIFAPortalCGR/servletfichainformegoogle?docIdcm=759f1770c082c7507741b68f0f04dedf&pdf=1