IDACTIVIDAD,CODIGOSUBDERE,FECHAINFORME,NOMBRESERVICIO,ANOINFORME,NUMEROINFORME,MATERIAINFORME,FICHAINFORMEBIFA,C_REG_SUBDERE,NOMBRESUBDERE,FICHAINFORME,TIPOSUBDERE,TIPOINFORME,IDINFORME,PDFINFORME
31076,05803,2015-09-14 00:00:00.0,MUNICIPALIDAD DE OLMUE,2015,801,INFORME INVESTIGACIÓN ESPECIAL 801-15 MUNICIPALIDAD DE OLMUÉ SOBRE PRESUNTAS IRREGULARIDADES - SEPTIEMBRE 2015,https://www.contraloria.cl/pdfbuscador/auditoria/883af78408b1fddcf2a54a007be4c162/html,05,OLMUE,https://www.contraloria.cl/SicaProd/SICAv3-BIFAPortalCGR/faces/newDetalleInforme?docIdcm=883af78408b1fddcf2a54a007be4c162,C,Informe de Investigación Especial,14872,https://www.contraloria.cl/SicaProd/SICAv3-BIFAPortalCGR/servletfichainformegoogle?docIdcm=883af78408b1fddcf2a54a007be4c162&pdf=1
35926,05803,2016-07-01 00:00:00.0,MUNICIPALIDAD DE OLMUE,2016,286,INFORME INVESTIGACIÓN ESPECIAL 286-16 MUNICIPALIDAD DE OLMUÉ SOBRE CONTRATACIÓN BAJO MODALIDAD DE TRATO DIRECTO DE PUBLICIDAD Y DIFUSIÓN ENTRE OTROS- JULIO 2016,https://www.contraloria.cl/pdfbuscador/auditoria/7d8a61a4ea3214ba357a1d785208fa81/html,05,OLMUE,https://www.contraloria.cl/SicaProd/SICAv3-BIFAPortalCGR/faces/newDetalleInforme?docIdcm=7d8a61a4ea3214ba357a1d785208fa81,C,Informe de Investigación Especial,18339,https://www.contraloria.cl/SicaProd/SICAv3-BIFAPortalCGR/servletfichainformegoogle?docIdcm=7d8a61a4ea3214ba357a1d785208fa81&pdf=1
37392,05803,2016-10-17 00:00:00.0,MUNICIPALIDAD DE OLMUE,2016,513,INFORME DE INSPECCIÓN DE OBRA PÚBLICA 513-16 MUNICIPALIDAD DE OLMUÉ SOBRE CONSTRUCCIÓN ESTADIO VILLA OLÍMPICA OLMUÉ - OCTUBRE 2016,https://www.contraloria.cl/pdfbuscador/auditoria/6df16f1c641fd8e01c5eb0f64c136ffc/html,05,OLMUE,https://www.contraloria.cl/SicaProd/SICAv3-BIFAPortalCGR/faces/newDetalleInforme?docIdcm=6df16f1c641fd8e01c5eb0f64c136ffc,C,Informe de Inspección de Obra Pública,19232,https://www.contraloria.cl/SicaProd/SICAv3-BIFAPortalCGR/servletfichainformegoogle?docIdcm=6df16f1c641fd8e01c5eb0f64c136ffc&pdf=1
42555,05803,2017-06-20 00:00:00.0,MUNICIPALIDAD DE OLMUE,2017,338,INFORME FINAL DE INVESTIGACIÓN ESPECIAL 338-17 MUNICIPALIDAD DE OLMUÉ SOBRE PRESUNTAS IRREGULARIDADES EN LA EJECUCIÓN DE LA OBRA CONSTRUCCIÓN ESTADIO VILLA OLÍMPICA - JUNIO 2017,https://www.contraloria.cl/pdfbuscador/auditoria/6d39f4732e47f04d14407bceb6d300a0/html,05,OLMUE,https://www.contraloria.cl/SicaProd/SICAv3-BIFAPortalCGR/faces/newDetalleInforme?docIdcm=6d39f4732e47f04d14407bceb6d300a0,C,Informe de Investigación Especial,21261,https://www.contraloria.cl/SicaProd/SICAv3-BIFAPortalCGR/servletfichainformegoogle?docIdcm=6d39f4732e47f04d14407bceb6d300a0&pdf=1
42898,05803,2017-07-04 00:00:00.0,DEPARTAMENTO DE SALUD DE OLMUE,2017,424,INFORME FINAL DE INVESTIGACIÓN ESPECIAL 424-17 DEPARTAMENTO DE SALUD DE LA MUNICIPALIDAD DE OLMUÉ SOBRE RECURSOS HUMANOS Y ATENCIÓN DE URGENCIA - JULIO 2017,https://www.contraloria.cl/pdfbuscador/auditoria/f4ab779d9d14822db303ee9e04089c40/html,05,OLMUE,https://www.contraloria.cl/SicaProd/SICAv3-BIFAPortalCGR/faces/newDetalleInforme?docIdcm=f4ab779d9d14822db303ee9e04089c40,C,Informe de Investigación Especial,21311,https://www.contraloria.cl/SicaProd/SICAv3-BIFAPortalCGR/servletfichainformegoogle?docIdcm=f4ab779d9d14822db303ee9e04089c40&pdf=1
41559,05803,2017-12-27 00:00:00.0,MUNICIPALIDAD DE OLMUE,2017,1069,INFORME FINAL 1.069-17 MUNICIPALIDAD DE OLMUÉ SOBRE AUDITORÍA DE ADQUISICIONES - DICIEMBRE 2017,https://www.contraloria.cl/pdfbuscador/auditoria/bf030092c8182e9a301f5cbe48ff52d3/html,05,OLMUE,https://www.contraloria.cl/SicaProd/SICAv3-BIFAPortalCGR/faces/newDetalleInforme?docIdcm=bf030092c8182e9a301f5cbe48ff52d3,C,Informe Final de Auditoría,22586,https://www.contraloria.cl/SicaProd/SICAv3-BIFAPortalCGR/servletfichainformegoogle?docIdcm=bf030092c8182e9a301f5cbe48ff52d3&pdf=1
56672,05803,2019-05-17 00:00:00.0,MUNICIPALIDAD DE OLMUE,2019,218,INFORME DE INSPECCIÓN DE OBRA PÚBLICA 218-19 MUNICIPALIDAD DE OLMUÉ SOBRE CONSTRUCCIÓN PISCINA MUNICIPAL - MAYO 2019,https://www.contraloria.cl/pdfbuscador/auditoria/39d04e7657b483cfa5d9e57eedff55d7/html,05,OLMUE,https://www.contraloria.cl/SicaProd/SICAv3-BIFAPortalCGR/faces/newDetalleInforme?docIdcm=39d04e7657b483cfa5d9e57eedff55d7,C,Informe de Inspección de Obra Pública,28974,https://www.contraloria.cl/SicaProd/SICAv3-BIFAPortalCGR/servletfichainformegoogle?docIdcm=39d04e7657b483cfa5d9e57eedff55d7&pdf=1
56145,05803,2019-07-10 00:00:00.0,DEPARTAMENTO DE SALUD DE OLMUE,2019,314,INFORME FINAL 314-19 MUNICIPALIDAD DE OLMUÉ SOBRE AUDITORÍA AL PAGO DE REMUNERACIONES EN EL CENTRO DE SALUD FAMILIAR - JULIO 2019,https://www.contraloria.cl/pdfbuscador/auditoria/d0b63e149e49e6029d54db82c9a8b6d1/html,05,OLMUE,https://www.contraloria.cl/SicaProd/SICAv3-BIFAPortalCGR/faces/newDetalleInforme?docIdcm=d0b63e149e49e6029d54db82c9a8b6d1,C,Informe Final de Auditoría,29341,https://www.contraloria.cl/SicaProd/SICAv3-BIFAPortalCGR/servletfichainformegoogle?docIdcm=d0b63e149e49e6029d54db82c9a8b6d1&pdf=1
58058,05803,2019-12-05 00:00:00.0,MUNICIPALIDAD DE OLMUE,2019,437,INFORME FINAL DE INVESTIGACIÓN ESPECIAL 437-19 MUNICIPALIDAD DE OLMUÉ SOBRE EVENTUALES IRREGULARIDADES EN EL CONTRATO MEJORAMIENTO PLANTA DE TRATAMIENTO AGUAS SERVIDAS - DICIEMBRE 2019,https://www.contraloria.cl/pdfbuscador/auditoria/fa7b6be5b761d50589f04c88e1aa7a93/html,05,OLMUE,https://www.contraloria.cl/SicaProd/SICAv3-BIFAPortalCGR/faces/newDetalleInforme?docIdcm=fa7b6be5b761d50589f04c88e1aa7a93,C,Informe de Investigación Especial,30475,https://www.contraloria.cl/SicaProd/SICAv3-BIFAPortalCGR/servletfichainformegoogle?docIdcm=fa7b6be5b761d50589f04c88e1aa7a93&pdf=1