IDACTIVIDAD,CODIGOSUBDERE,FECHAINFORME,NOMBRESERVICIO,ANOINFORME,NUMEROINFORME,MATERIAINFORME,FICHAINFORMEBIFA,C_REG_SUBDERE,NOMBRESUBDERE,FICHAINFORME,TIPOSUBDERE,TIPOINFORME,IDINFORME,PDFINFORME
28807,10301,2015-08-31 00:00:00.0,MUNICIPALIDAD DE OSORNO,2015,526,INFORME FINAL 526-15 MUNICIPALIDAD DE OSORNO AUDITORIA A INVERSIONES EN INFRAESTRUCTURA - AGOSTO 2015,https://www.contraloria.cl/pdfbuscador/auditoria/4ab72e3fa5016e555d2d2d0ced1503c5/html,10,OSORNO,https://www.contraloria.cl/SicaProd/SICAv3-BIFAPortalCGR/faces/newDetalleInforme?docIdcm=4ab72e3fa5016e555d2d2d0ced1503c5,C,Informe Final de Auditoría,14722,https://www.contraloria.cl/SicaProd/SICAv3-BIFAPortalCGR/servletfichainformegoogle?docIdcm=4ab72e3fa5016e555d2d2d0ced1503c5&pdf=1
28808,10301,2015-08-31 00:00:00.0,MUNICIPALIDAD DE OSORNO,2015,664,INFORME FINAL 664-15 MUNICIPALIDAD DE OSORNO AUDITORIA PERMISOS DE CONSTRUCCION Y PATENTES COMERCIALES - AGOSTO 2015,https://www.contraloria.cl/pdfbuscador/auditoria/a038ff6497f5d989e13b625d5b72e5bb/html,10,OSORNO,https://www.contraloria.cl/SicaProd/SICAv3-BIFAPortalCGR/faces/newDetalleInforme?docIdcm=a038ff6497f5d989e13b625d5b72e5bb,C,Informe Final de Auditoría,14751,https://www.contraloria.cl/SicaProd/SICAv3-BIFAPortalCGR/servletfichainformegoogle?docIdcm=a038ff6497f5d989e13b625d5b72e5bb&pdf=1
28811,10301,2015-12-29 00:00:00.0,DEPARTAMENTO DE EDUCACION DE OSORNO,2015,1280,INFORME FINAL 1280-15 DAEM OSORNO AUDITORIA A MATERIAS DE REMUNERACIONES DE PERSONAL DOCENTE - DICIEMBRE 2015,https://www.contraloria.cl/pdfbuscador/auditoria/225337260e763d384e20ced883199a6e/html,10,OSORNO,https://www.contraloria.cl/SicaProd/SICAv3-BIFAPortalCGR/faces/newDetalleInforme?docIdcm=225337260e763d384e20ced883199a6e,C,Informe Final de Auditoría,16899,https://www.contraloria.cl/SicaProd/SICAv3-BIFAPortalCGR/servletfichainformegoogle?docIdcm=225337260e763d384e20ced883199a6e&pdf=1
33903,10301,2016-08-03 00:00:00.0,MUNICIPALIDAD DE OSORNO,2016,77,INFORME INVESTIGACION ESPECIAL 77-16 MUNICIPALIDAD DE OSORNO USO DE IMAGEN DEL ALCALDE EN INVITACIONES Y EVENTOS QUE INDICA - AGOSTO 2016,https://www.contraloria.cl/pdfbuscador/auditoria/de7e1aa568f913ce7ea58ed3e6d5f344/html,10,OSORNO,https://www.contraloria.cl/SicaProd/SICAv3-BIFAPortalCGR/faces/newDetalleInforme?docIdcm=de7e1aa568f913ce7ea58ed3e6d5f344,C,Informe de Investigación Especial,19060,https://www.contraloria.cl/SicaProd/SICAv3-BIFAPortalCGR/servletfichainformegoogle?docIdcm=de7e1aa568f913ce7ea58ed3e6d5f344&pdf=1
35970,10301,2017-04-24 00:00:00.0,MUNICIPALIDAD DE OSORNO,2016,720,INFORME DE INVESTIGACION ESPECIAL 720-16 MUNICIPALIDAD DE OSORNO LICITACION Y EJECUCION RELLENO SANITARIO PROVINCIA OSORNO - ABRIL 2017,https://www.contraloria.cl/pdfbuscador/auditoria/004ac1179ec0b6213ab5f86071def5bb/html,10,OSORNO,https://www.contraloria.cl/SicaProd/SICAv3-BIFAPortalCGR/faces/newDetalleInforme?docIdcm=004ac1179ec0b6213ab5f86071def5bb,C,Informe de Investigación Especial,21520,https://www.contraloria.cl/SicaProd/SICAv3-BIFAPortalCGR/servletfichainformegoogle?docIdcm=004ac1179ec0b6213ab5f86071def5bb&pdf=1
41802,10301,2017-12-20 00:00:00.0,MUNICIPALIDAD DE OSORNO,2017,902,INFORME_FINAL_902_17_MUNICIPALIDAD_DE_OSORNO_AUDITORIA_AL_MACROPROCESO_DE_CONCESION_DEL_SERVICIO_DE_ASEO_DICIEMBRE_2017,https://www.contraloria.cl/pdfbuscador/auditoria/0ff1d03696d0db95bc29fd73370d0198/html,10,OSORNO,https://www.contraloria.cl/SicaProd/SICAv3-BIFAPortalCGR/faces/newDetalleInforme?docIdcm=0ff1d03696d0db95bc29fd73370d0198,C,Informe Final de Auditoría,22694,https://www.contraloria.cl/SicaProd/SICAv3-BIFAPortalCGR/servletfichainformegoogle?docIdcm=0ff1d03696d0db95bc29fd73370d0198&pdf=1
41790,10301,2017-12-29 00:00:00.0,DEPARTAMENTO DE EDUCACION DE OSORNO,2017,968,INFORME_FINAL_968_17_DAEM_DE_OSORNO_AUDITORIA_A_RECURSOS_LEY_20248_SUBVENCION_ESCOLAR_PREFERENCIAL_SEP_DICIEMBRE_2017,https://www.contraloria.cl/pdfbuscador/auditoria/dc8f6a1f53bdc0ac92fec990c749835a/html,10,OSORNO,https://www.contraloria.cl/SicaProd/SICAv3-BIFAPortalCGR/faces/newDetalleInforme?docIdcm=dc8f6a1f53bdc0ac92fec990c749835a,C,Informe Final de Auditoría,22720,https://www.contraloria.cl/SicaProd/SICAv3-BIFAPortalCGR/servletfichainformegoogle?docIdcm=dc8f6a1f53bdc0ac92fec990c749835a&pdf=1
49256,10301,2019-05-30 00:00:00.0,MUNICIPALIDAD DE OSORNO,2018,224,INFORME DE INVESTIGACION ESPECIAL 224-18 MUNICIPALIDAD DE OSORNO EVENTUALES IRREGULARIDADES EN RENDICIONES DE CUENTAS PRESENTADAS A LA SEREMI DE VIVIENDA - MAYO 2019,https://www.contraloria.cl/pdfbuscador/auditoria/963d579dfe9639e0d2fce0a17987fda0/html,10,OSORNO,https://www.contraloria.cl/SicaProd/SICAv3-BIFAPortalCGR/faces/newDetalleInforme?docIdcm=963d579dfe9639e0d2fce0a17987fda0,C,Informe de Investigación Especial,29013,https://www.contraloria.cl/SicaProd/SICAv3-BIFAPortalCGR/servletfichainformegoogle?docIdcm=963d579dfe9639e0d2fce0a17987fda0&pdf=1
49412,10301,2018-08-10 00:00:00.0,DEPARTAMENTO DE SALUD DE OSORNO,2018,230,INFORME_FINAL_230_18_DESAM_DE_OSORNO_AUDITORIA_A_LA_FARMACIA_VECINA_AGOSTO_2018,https://www.contraloria.cl/pdfbuscador/auditoria/b437028609aa67e004248b978e4c2c7f/html,10,OSORNO,https://www.contraloria.cl/SicaProd/SICAv3-BIFAPortalCGR/faces/newDetalleInforme?docIdcm=b437028609aa67e004248b978e4c2c7f,C,Informe Final de Auditoría,25784,https://www.contraloria.cl/SicaProd/SICAv3-BIFAPortalCGR/servletfichainformegoogle?docIdcm=b437028609aa67e004248b978e4c2c7f&pdf=1
51063,10301,2018-12-17 00:00:00.0,MUNICIPALIDAD DE OSORNO,2018,562,INFORME_FINAL_562_18_MUNICIPALIDAD_DE_OSORNO_AUDITORIA_A_TRANSFERENCIAS_AL_SECTOR_PRIVADO_Y_AYUDAS_SOCIALES_DICIEMBRE_2018,https://www.contraloria.cl/pdfbuscador/auditoria/74ddf337b692659285a7681cb0c8e863/html,10,OSORNO,https://www.contraloria.cl/SicaProd/SICAv3-BIFAPortalCGR/faces/newDetalleInforme?docIdcm=74ddf337b692659285a7681cb0c8e863,C,Informe Final de Auditoría,27249,https://www.contraloria.cl/SicaProd/SICAv3-BIFAPortalCGR/servletfichainformegoogle?docIdcm=74ddf337b692659285a7681cb0c8e863&pdf=1
54586,10301,2019-07-01 00:00:00.0,MUNICIPALIDAD DE OSORNO,2018,1132,INFORME INSPECCION DE OBRA PUBLICA 1132-18 MUNICIPALIDAD DE OSORNO MEJORAMIENTO ESTADIO LAGO RUPANCO - JULIO 2019,https://www.contraloria.cl/pdfbuscador/auditoria/4daaa65cbe2675a01d9cacfde8559882/html,10,OSORNO,https://www.contraloria.cl/SicaProd/SICAv3-BIFAPortalCGR/faces/newDetalleInforme?docIdcm=4daaa65cbe2675a01d9cacfde8559882,C,Informe de Inspección de Obra Pública,29272,https://www.contraloria.cl/SicaProd/SICAv3-BIFAPortalCGR/servletfichainformegoogle?docIdcm=4daaa65cbe2675a01d9cacfde8559882&pdf=1
55006,10301,2019-07-01 00:00:00.0,MUNICIPALIDAD DE OSORNO,2019,66,INFORME INSPECCION DE OBRA PUBLICA 66-19 MUNICIPALIDAD DE OSORNO EDIFICIO FARMACIA MUNICIPAL - JULIO 2019,https://www.contraloria.cl/pdfbuscador/auditoria/075d3465aeea906116ea3286e3bccc1d/html,10,OSORNO,https://www.contraloria.cl/SicaProd/SICAv3-BIFAPortalCGR/faces/newDetalleInforme?docIdcm=075d3465aeea906116ea3286e3bccc1d,C,Informe de Inspección de Obra Pública,29270,https://www.contraloria.cl/SicaProd/SICAv3-BIFAPortalCGR/servletfichainformegoogle?docIdcm=075d3465aeea906116ea3286e3bccc1d&pdf=1
57722,10301,2019-11-13 00:00:00.0,MUNICIPALIDAD DE OSORNO,2019,527,INFORME FINAL 527-19 MUNICIPALIDAD DE OSORNO AUDITORIA SOBRE PERMISOS DE CIRCULACIÓN - NOVIEMBRE 2019,https://www.contraloria.cl/pdfbuscador/auditoria/7bcece1943720d7793814e29628674e2/html,10,OSORNO,https://www.contraloria.cl/SicaProd/SICAv3-BIFAPortalCGR/faces/newDetalleInforme?docIdcm=7bcece1943720d7793814e29628674e2,C,Informe Final de Auditoría,30464,https://www.contraloria.cl/SicaProd/SICAv3-BIFAPortalCGR/servletfichainformegoogle?docIdcm=7bcece1943720d7793814e29628674e2&pdf=1