IDACTIVIDAD,CODIGOSUBDERE,FECHAINFORME,NOMBRESERVICIO,ANOINFORME,NUMEROINFORME,MATERIAINFORME,FICHAINFORMEBIFA,C_REG_SUBDERE,NOMBRESUBDERE,FICHAINFORME,TIPOSUBDERE,TIPOINFORME,IDINFORME,PDFINFORME
28079,04301,2015-06-01 00:00:00.0,DEPARTAMENTO DE EDUCACION DE OVALLE,2015,236,INFORME DE INVESTIGACIÓN ESPECIAL 236-15 DEPARTAMENTO DE EDUCACIÓN MUNICIPALIDAD DE OVALLE SOBRE INTERESES Y MULTAS PAGADOS EN RELACIÓN CON DESCUENTOS PREVISIONALES - JUNIO 2015,https://www.contraloria.cl/pdfbuscador/auditoria/1005b886a79d3d8c93b430ae9ae748e7/html,04,OVALLE,https://www.contraloria.cl/SicaProd/SICAv3-BIFAPortalCGR/faces/newDetalleInforme?docIdcm=1005b886a79d3d8c93b430ae9ae748e7,C,Informe de Investigación Especial,13961,https://www.contraloria.cl/SicaProd/SICAv3-BIFAPortalCGR/servletfichainformegoogle?docIdcm=1005b886a79d3d8c93b430ae9ae748e7&pdf=1
31541,04301,2015-09-03 00:00:00.0,MUNICIPALIDAD DE OVALLE,2015,781,INFORME DE INVESTIGACIÓN ESPECIAL 781-15 MUNICIPALIDAD DE OVALLE RELATIVO A PRESUNTAS IRREGULARIDADES EN EL MUNICIPIO Y SUS SERVICIOS TRASPASADOS DE EDUCACIÓN Y SALUD - SEPTIEMBRE 2015,https://www.contraloria.cl/pdfbuscador/auditoria/40437790aa47eee92aad3646a3b44960/html,04,OVALLE,https://www.contraloria.cl/SicaProd/SICAv3-BIFAPortalCGR/faces/newDetalleInforme?docIdcm=40437790aa47eee92aad3646a3b44960,C,Informe de Investigación Especial,14800,https://www.contraloria.cl/SicaProd/SICAv3-BIFAPortalCGR/servletfichainformegoogle?docIdcm=40437790aa47eee92aad3646a3b44960&pdf=1
32794,04301,2015-12-30 00:00:00.0,DEPARTAMENTO DE EDUCACION DE OVALLE,2015,1320,INFORME FINAL 1320-15 DEPARTAMENTO DE EDUCACION MUNICIPALIDAD DE OVALLE SOBRE AUDITORIA A LOS MACROPROCESOS DE RECURSOS HUMANOS Y FINANZAS - DICIEMBRE 2015,https://www.contraloria.cl/pdfbuscador/auditoria/2c2e238f38354e8d09f6371f1a860e99/html,04,OVALLE,https://www.contraloria.cl/SicaProd/SICAv3-BIFAPortalCGR/faces/newDetalleInforme?docIdcm=2c2e238f38354e8d09f6371f1a860e99,C,Informe Final de Auditoría,16944,https://www.contraloria.cl/SicaProd/SICAv3-BIFAPortalCGR/servletfichainformegoogle?docIdcm=2c2e238f38354e8d09f6371f1a860e99&pdf=1
34541,04301,2016-10-13 00:00:00.0,MUNICIPALIDAD DE OVALLE,2016,765,INFORME FINAL 765-16 MUNICIPALIDAD DE OVALLE - AUDITORÍA AL GASTO EN PERIODO ELECTORAL - USO DE BIENES - VEHÍCULOS - RRHH - RECURSOS FÍSICOS Y FINANCIEROS - OCTUBRE 2016,https://www.contraloria.cl/pdfbuscador/auditoria/416a231925dc61cf1293192c9be2e298/html,04,OVALLE,https://www.contraloria.cl/SicaProd/SICAv3-BIFAPortalCGR/faces/newDetalleInforme?docIdcm=416a231925dc61cf1293192c9be2e298,C,Informe Final de Auditoría,19094,https://www.contraloria.cl/SicaProd/SICAv3-BIFAPortalCGR/servletfichainformegoogle?docIdcm=416a231925dc61cf1293192c9be2e298&pdf=1
49418,04301,2018-07-06 00:00:00.0,MUNICIPALIDAD DE OVALLE,2018,269,INFORME FINAL N° 269-18 AUDITORÍA A LOS INGRESOS PERCIBIDOS POR DERECHOS DE CONSTRUCCIÓN EN LA MUNICIPALIDAD DE OVALLE,https://www.contraloria.cl/pdfbuscador/auditoria/7f3b0de3a021555015aa9268778d69a7/html,04,OVALLE,https://www.contraloria.cl/SicaProd/SICAv3-BIFAPortalCGR/faces/newDetalleInforme?docIdcm=7f3b0de3a021555015aa9268778d69a7,C,Informe Final de Auditoría,24823,https://www.contraloria.cl/SicaProd/SICAv3-BIFAPortalCGR/servletfichainformegoogle?docIdcm=7f3b0de3a021555015aa9268778d69a7&pdf=1
51895,04301,2018-07-25 00:00:00.0,DEPARTAMENTO DE EDUCACION DE OVALLE,2018,391,INFORME FINAL DE INVESTIGACIÓN ESPECIAL N° 391-18 SOBRE EVENTUALES IRREGULARIDADES EN EL PAGO DE ESTIPENDIOS AL PERSONAL DEL DAEM DE OVALLE,https://www.contraloria.cl/pdfbuscador/auditoria/fe7c20f3ff4b80e34073ea62ae674de0/html,04,OVALLE,https://www.contraloria.cl/SicaProd/SICAv3-BIFAPortalCGR/faces/newDetalleInforme?docIdcm=fe7c20f3ff4b80e34073ea62ae674de0,C,Informe de Investigación Especial,24964,https://www.contraloria.cl/SicaProd/SICAv3-BIFAPortalCGR/servletfichainformegoogle?docIdcm=fe7c20f3ff4b80e34073ea62ae674de0&pdf=1
54161,04301,2019-04-18 00:00:00.0,MUNICIPALIDAD DE OVALLE,2018,910,INFORME FINAL DE INVESTIGACIÓN ESPECIAL N° 910-19 MUNICIPAIDAD DE OVALLE SOBRE SUPUESTAS APUESTAS DE FUNCIONARIO EN CASINO DE JUEGOS AFECTO A LA PROHIBICIÓN ESTABLECIDA EN LA LEY N° 19.995 - ABRIL 2019.,https://www.contraloria.cl/pdfbuscador/auditoria/b36b7ea8581927443a1c3e5e7e7d2f31/html,04,OVALLE,https://www.contraloria.cl/SicaProd/SICAv3-BIFAPortalCGR/faces/newDetalleInforme?docIdcm=b36b7ea8581927443a1c3e5e7e7d2f31,C,Informe de Investigación Especial,28823,https://www.contraloria.cl/SicaProd/SICAv3-BIFAPortalCGR/servletfichainformegoogle?docIdcm=b36b7ea8581927443a1c3e5e7e7d2f31&pdf=1
52856,04301,2019-05-31 00:00:00.0,MUNICIPALIDAD DE OVALLE,2018,957,INFORME FINAL DE INVESTIGACIÓN ESPECIAL N° 957-18 MUNICIPALIDAD DE OVALLE SOBRE EVENTUALES IRREGULARIDADES EN LA REALIZACIÓN DE LA ACTIVIDAD CONMEMORATIVA DEL DÍA DEL PADRE - MAYO 2019,https://www.contraloria.cl/pdfbuscador/auditoria/8b96359238642a8952fc956c143436c0/html,04,OVALLE,https://www.contraloria.cl/SicaProd/SICAv3-BIFAPortalCGR/faces/newDetalleInforme?docIdcm=8b96359238642a8952fc956c143436c0,C,Informe de Investigación Especial,29025,https://www.contraloria.cl/SicaProd/SICAv3-BIFAPortalCGR/servletfichainformegoogle?docIdcm=8b96359238642a8952fc956c143436c0&pdf=1
53098,04301,2019-08-08 00:00:00.0,MUNICIPALIDAD DE OVALLE,2019,210,INFORME FINAL DE INVESTIGACIÓN ESPECIAL N° 210-19 MUNICIPALIDAD DE OVALLE SOBRE EVENTUALES IRREGULARIDADES - AGOSTO 2019,https://www.contraloria.cl/pdfbuscador/auditoria/9752f75f0f0dce2143d507dd816d3581/html,04,OVALLE,https://www.contraloria.cl/SicaProd/SICAv3-BIFAPortalCGR/faces/newDetalleInforme?docIdcm=9752f75f0f0dce2143d507dd816d3581,C,Informe de Investigación Especial,29609,https://www.contraloria.cl/SicaProd/SICAv3-BIFAPortalCGR/servletfichainformegoogle?docIdcm=9752f75f0f0dce2143d507dd816d3581&pdf=1
58120,04301,2020-08-28 00:00:00.0,DEPARTAMENTO DE SALUD DE OVALLE,2020,120,INFORME FINAL DE INVESTIGACIÓN ESPECIAL N° 120_2020 DEPARTAMENTO DE SALUD E HIGIENE AMBIENTAL DE LA MUNICIPALIDAD DE OVALLE PAGOS IMPROCEDENTES A FUNCIONARIA.AGO.2020,https://www.contraloria.cl/pdfbuscador/auditoria/20cf0eb552df426aab8b5bb5e82b21ab/html,04,OVALLE,https://www.contraloria.cl/SicaProd/SICAv3-BIFAPortalCGR/faces/newDetalleInforme?docIdcm=20cf0eb552df426aab8b5bb5e82b21ab,C,Informe de Investigación Especial,33475,https://www.contraloria.cl/SicaProd/SICAv3-BIFAPortalCGR/servletfichainformegoogle?docIdcm=20cf0eb552df426aab8b5bb5e82b21ab&pdf=1
58915,04301,2020-10-13 00:00:00.0,MUNICIPALIDAD DE OVALLE,2020,210,INFORME FINAL DE INVESTIGACIÓN ESPECIAL N° 210_2020 MUNICIPALIDAD DE OVALLE SOBRE EVENTUALES IRREGULARIDADES EN LA CORPORACIÓN CULTURAL MUNICIPAL.OCT.2020,https://www.contraloria.cl/pdfbuscador/auditoria/2cb086c712f9b14b4e7cb7b37be4f2d1/html,04,OVALLE,https://www.contraloria.cl/SicaProd/SICAv3-BIFAPortalCGR/faces/newDetalleInforme?docIdcm=2cb086c712f9b14b4e7cb7b37be4f2d1,C,Informe de Investigación Especial,33825,https://www.contraloria.cl/SicaProd/SICAv3-BIFAPortalCGR/servletfichainformegoogle?docIdcm=2cb086c712f9b14b4e7cb7b37be4f2d1&pdf=1