IDACTIVIDAD,CODIGOSUBDERE,FECHAINFORME,NOMBRESERVICIO,ANOINFORME,NUMEROINFORME,MATERIAINFORME,FICHAINFORMEBIFA,C_REG_SUBDERE,NOMBRESUBDERE,FICHAINFORME,TIPOSUBDERE,TIPOINFORME,IDINFORME,PDFINFORME
28703,09112,2015-12-30 00:00:00.0,MUNICIPALIDAD DE PADRE LAS CASAS,2015,1253,"INFORME FINAL 1253-15 MUNICIPALIDAD DE PADRE LAS CASAS, SOBRE HORAS EXTRAORDINARIAS Y VIATICOS-DICIEMBRE 2015",https://www.contraloria.cl/pdfbuscador/auditoria/07ae852d416c2fa0320ae9a903cbb689/html,09,PADRE LAS CASAS,https://www.contraloria.cl/SicaProd/SICAv3-BIFAPortalCGR/faces/newDetalleInforme?docIdcm=07ae852d416c2fa0320ae9a903cbb689,C,Informe Final de Auditoría,17401,https://www.contraloria.cl/SicaProd/SICAv3-BIFAPortalCGR/servletfichainformegoogle?docIdcm=07ae852d416c2fa0320ae9a903cbb689&pdf=1
35808,09112,2016-11-29 00:00:00.0,MUNICIPALIDAD DE PADRE LAS CASAS,2016,107,"INFORME DE INVESTIGACIÓN ESPECIAL 107-2016 MUNICIPALIDAD DE PADRE LAS CASAS, SOBRE CONTRATACIONES A HONORARIOS-NOVIEMBRE 2016",https://www.contraloria.cl/pdfbuscador/auditoria/6eeb9b95d5a9bb246335051c0fa2aab1/html,09,PADRE LAS CASAS,https://www.contraloria.cl/SicaProd/SICAv3-BIFAPortalCGR/faces/newDetalleInforme?docIdcm=6eeb9b95d5a9bb246335051c0fa2aab1,C,Informe de Investigación Especial,19785,https://www.contraloria.cl/SicaProd/SICAv3-BIFAPortalCGR/servletfichainformegoogle?docIdcm=6eeb9b95d5a9bb246335051c0fa2aab1&pdf=1
34897,09112,2016-10-17 00:00:00.0,MUNICIPALIDAD DE PADRE LAS CASAS,2016,773,INFORME FINAL 773-2016 MUNICIPALIDAD DE PADRE LAS CASAS-AUDITORÍA AL GASTO EN PERIODO ELECTORAL-USO DE BIENES-VEHICULOS-RRHH-RECURSOS FÍSICOS Y FINANCIEROS-OCTUBRE 2016,https://www.contraloria.cl/pdfbuscador/auditoria/4710141dfa7c0bac614651deed101bd7/html,09,PADRE LAS CASAS,https://www.contraloria.cl/SicaProd/SICAv3-BIFAPortalCGR/faces/newDetalleInforme?docIdcm=4710141dfa7c0bac614651deed101bd7,C,Informe Final de Auditoría,19166,https://www.contraloria.cl/SicaProd/SICAv3-BIFAPortalCGR/servletfichainformegoogle?docIdcm=4710141dfa7c0bac614651deed101bd7&pdf=1
39339,09112,2016-12-23 00:00:00.0,CORPORACION CULTURAL DE PADRE LAS CASAS,2016,1048,"INFORME FINAL 1048-2016 CORPORACIÓN CULTURAL DE PADRE LAS CASAS, SOBRE TRANSFERENCIA DE RECURSOS-DICIEMBRE 2016",https://www.contraloria.cl/pdfbuscador/auditoria/52c3ca32b1dc0211d9c277a83d947a0f/html,09,PADRE LAS CASAS,https://www.contraloria.cl/SicaProd/SICAv3-BIFAPortalCGR/faces/newDetalleInforme?docIdcm=52c3ca32b1dc0211d9c277a83d947a0f,C,Informe Final de Auditoría,20111,https://www.contraloria.cl/SicaProd/SICAv3-BIFAPortalCGR/servletfichainformegoogle?docIdcm=52c3ca32b1dc0211d9c277a83d947a0f&pdf=1
51256,09112,2018-10-16 00:00:00.0,MUNICIPALIDAD DE PADRE LAS CASAS,2018,557,"INFORME DE INVESTIGACIÓN ESPECIAL 557-18 MUNICIPALIDAD DE PADRE LAS CASAS, SOBRE SUPERVISIÓN OBRA SEDE SOCIAL VOLLILCO - OCTUBRE 2018",https://www.contraloria.cl/pdfbuscador/auditoria/d0c71a107d748048d8c83d86813c06c8/html,09,PADRE LAS CASAS,https://www.contraloria.cl/SicaProd/SICAv3-BIFAPortalCGR/faces/newDetalleInforme?docIdcm=d0c71a107d748048d8c83d86813c06c8,C,Informe de Investigación Especial,26284,https://www.contraloria.cl/SicaProd/SICAv3-BIFAPortalCGR/servletfichainformegoogle?docIdcm=d0c71a107d748048d8c83d86813c06c8&pdf=1
58096,09112,2019-10-21 00:00:00.0,DEPARTAMENTO DE SALUD MUNICIPAL DE PADRE LAS CASAS,2019,636,"INFORME DE INVESTIGACIÓN ESPECIAL 636-19 MUNICIPALIDAD DE PADRE LAS CASAS, SOBRE PAGO HORA EXTRAS-OCTUBRE 2019",https://www.contraloria.cl/pdfbuscador/auditoria/55f862387d4a6285160ba110b5dfe97e/html,09,PADRE LAS CASAS,https://www.contraloria.cl/SicaProd/SICAv3-BIFAPortalCGR/faces/newDetalleInforme?docIdcm=55f862387d4a6285160ba110b5dfe97e,C,Informe de Investigación Especial,30176,https://www.contraloria.cl/SicaProd/SICAv3-BIFAPortalCGR/servletfichainformegoogle?docIdcm=55f862387d4a6285160ba110b5dfe97e&pdf=1
59221,09112,2019-11-05 00:00:00.0,DEPARTAMENTO DE SALUD MUNICIPAL DE PADRE LAS CASAS,2019,710,"INFORME DE INVESTIGACIÓN ESPECIAL 710-19 MUNICIPALIDAD DEPADRE LAS CASAS, SOBRE JORNADA LABOARAL- NOVIEMBRE 2019",https://www.contraloria.cl/pdfbuscador/auditoria/12cf437b46d7c190fc0524c7e8554dc6/html,09,PADRE LAS CASAS,https://www.contraloria.cl/SicaProd/SICAv3-BIFAPortalCGR/faces/newDetalleInforme?docIdcm=12cf437b46d7c190fc0524c7e8554dc6,C,Informe de Investigación Especial,30264,https://www.contraloria.cl/SicaProd/SICAv3-BIFAPortalCGR/servletfichainformegoogle?docIdcm=12cf437b46d7c190fc0524c7e8554dc6&pdf=1
71764,09112,2020-08-19 00:00:00.0,MUNICIPALIDAD DE PADRE LAS CASAS,2020,156,"INFORME DE INVESTIGACIÓN ESPECIAL 156-20 MUNICIPALIDAD DE PADRE LAS CASAS, SOBRE PROYECTO DE HUERTO, AGOSTO 2020",https://www.contraloria.cl/pdfbuscador/auditoria/9b006dce2f24105180a2c5fd291141f3/html,09,PADRE LAS CASAS,https://www.contraloria.cl/SicaProd/SICAv3-BIFAPortalCGR/faces/newDetalleInforme?docIdcm=9b006dce2f24105180a2c5fd291141f3,C,Informe de Investigación Especial,33406,https://www.contraloria.cl/SicaProd/SICAv3-BIFAPortalCGR/servletfichainformegoogle?docIdcm=9b006dce2f24105180a2c5fd291141f3&pdf=1