IDACTIVIDAD,CODIGOSUBDERE,FECHAINFORME,NOMBRESERVICIO,ANOINFORME,NUMEROINFORME,MATERIAINFORME,FICHAINFORMEBIFA,C_REG_SUBDERE,NOMBRESUBDERE,FICHAINFORME,TIPOSUBDERE,TIPOINFORME,IDINFORME,PDFINFORME
30593,13604,2015-12-02 00:00:00.0,MUNICIPALIDAD DE PADRE HURTADO,2015,307,"INFORME INSPECCION DE OBRA PUBLICA 307-15 MUNICIPALIDAD DE PADRE HURTADO SOBRE LAS OBRAS DEL CONTRATO CONSTRUCCION DE RED DE AGUA POTABLE Y ALCANTARILLADO, PADRE HURTADO-DICIEMBRE 2015",https://www.contraloria.cl/pdfbuscador/auditoria/cf53cb150d1ee4fc77721d744fd24c08/html,13,PADRE HURTADO,https://www.contraloria.cl/SicaProd/SICAv3-BIFAPortalCGR/faces/newDetalleInforme?docIdcm=cf53cb150d1ee4fc77721d744fd24c08,C,Informe de Inspección de Obra Pública,16569,https://www.contraloria.cl/SicaProd/SICAv3-BIFAPortalCGR/servletfichainformegoogle?docIdcm=cf53cb150d1ee4fc77721d744fd24c08&pdf=1
28428,13604,2015-10-07 00:00:00.0,MUNICIPALIDAD DE PADRE HURTADO,2015,361,INFORME FINAL 361-15 MUNICIPALIDAD DE PADRE HURTADO - SOBRE AUDITORIA AL MACROPROCESO DE ENTREGA DE BENEFICIOS - OCTUBRE 2015,https://www.contraloria.cl/pdfbuscador/auditoria/391fffec63bfc8476c2cdb472acc70d3/html,13,PADRE HURTADO,https://www.contraloria.cl/SicaProd/SICAv3-BIFAPortalCGR/faces/newDetalleInforme?docIdcm=391fffec63bfc8476c2cdb472acc70d3,C,Informe Final de Auditoría,15047,https://www.contraloria.cl/SicaProd/SICAv3-BIFAPortalCGR/servletfichainformegoogle?docIdcm=391fffec63bfc8476c2cdb472acc70d3&pdf=1
34248,13604,2016-11-25 00:00:00.0,MUNICIPALIDAD DE PADRE HURTADO,2016,267,"INFORME FINAL 276-16, MUNICIPALIDAD DE PADRE HURTADO, AUDITORÍA A LOS GASTOS EFECTUADOS CON CARGO A LA CUENTA CONTABLE N°215-31_NOVIEMBRE 2016",https://www.contraloria.cl/pdfbuscador/auditoria/f71ab542ebe9ed035a711ddd735d4328/html,13,PADRE HURTADO,https://www.contraloria.cl/SicaProd/SICAv3-BIFAPortalCGR/faces/newDetalleInforme?docIdcm=f71ab542ebe9ed035a711ddd735d4328,C,Informe Final de Auditoría,19690,https://www.contraloria.cl/SicaProd/SICAv3-BIFAPortalCGR/servletfichainformegoogle?docIdcm=f71ab542ebe9ed035a711ddd735d4328&pdf=1
34524,13604,2016-11-07 00:00:00.0,DEPARTAMENTO DE SALUD DE PADRE HURTADO,2016,352,INFORME FINAL 352-16 DEPARTAMENTO DE SALUD DE PADRE HURTADO - AUDITORIA AL MACROPROCESO DE RECURSOS HUMANOS Y CUMPLIMIENTO LEY N°20.730 - NOVIEMBRE 2016,https://www.contraloria.cl/pdfbuscador/auditoria/fa92093415154ca57ebb99799ef204a1/html,13,PADRE HURTADO,https://www.contraloria.cl/SicaProd/SICAv3-BIFAPortalCGR/faces/newDetalleInforme?docIdcm=fa92093415154ca57ebb99799ef204a1,C,Informe Final de Auditoría,19440,https://www.contraloria.cl/SicaProd/SICAv3-BIFAPortalCGR/servletfichainformegoogle?docIdcm=fa92093415154ca57ebb99799ef204a1&pdf=1
41718,13604,2017-07-28 00:00:00.0,MUNICIPALIDAD DE PADRE HURTADO,2017,222,"INFORME FINAL N° 222-17 - MUNICIPALIDAD DE PADRE HURTADO - SOBRE AUDITORIA A LAS ADQUISICIONES Y CONTRATACIONES DE SERVICIOS, VIA TRATO DIRECTO - JULIO 2017",https://www.contraloria.cl/pdfbuscador/auditoria/3f8d1eb56eb44e2ad33d2748b6c0379b/html,13,PADRE HURTADO,https://www.contraloria.cl/SicaProd/SICAv3-BIFAPortalCGR/faces/newDetalleInforme?docIdcm=3f8d1eb56eb44e2ad33d2748b6c0379b,C,Informe Final de Auditoría,21479,https://www.contraloria.cl/SicaProd/SICAv3-BIFAPortalCGR/servletfichainformegoogle?docIdcm=3f8d1eb56eb44e2ad33d2748b6c0379b&pdf=1
55336,13604,2019-03-18 00:00:00.0,MUNICIPALIDAD DE PADRE HURTADO,2019,71,INFORME FINAL N° 71 DE 2019 MUNICIPALIDAD DE PADRE HURTADO INSPECCIÓN A LAS OBRAS DEL CONTRATO MEJORAMIENTO CALLE RÍO ACONCAGUA COMUNA DE PADRE HURTADO EJECUTADO POR LA MUNICIPALIDAD DE PADRE HURTADO - MARZO 2019,https://www.contraloria.cl/pdfbuscador/auditoria/e344ae08ab6ac6893f331d73b392fe57/html,13,PADRE HURTADO,https://www.contraloria.cl/SicaProd/SICAv3-BIFAPortalCGR/faces/newDetalleInforme?docIdcm=e344ae08ab6ac6893f331d73b392fe57,C,Informe de Inspección de Obra Pública,28248,https://www.contraloria.cl/SicaProd/SICAv3-BIFAPortalCGR/servletfichainformegoogle?docIdcm=e344ae08ab6ac6893f331d73b392fe57&pdf=1
66841,13604,2019-12-06 00:00:00.0,MUNICIPALIDAD DE PADRE HURTADO,2019,866,INFORME FINAL 866-2019 MUNICIPALIDAD DE PADRE HURTADO AUDITORIA AL FONDO DE INCENTIVO AL MEJORAMIENTO DE LA GESTIÓN MUNICIPAL,https://www.contraloria.cl/pdfbuscador/auditoria/0b1bd128487e9157e0e2a95348993fa7/html,13,PADRE HURTADO,https://www.contraloria.cl/SicaProd/SICAv3-BIFAPortalCGR/faces/newDetalleInforme?docIdcm=0b1bd128487e9157e0e2a95348993fa7,C,Informe Final de Auditoría,30490,https://www.contraloria.cl/SicaProd/SICAv3-BIFAPortalCGR/servletfichainformegoogle?docIdcm=0b1bd128487e9157e0e2a95348993fa7&pdf=1