IDACTIVIDAD,CODIGOSUBDERE,FECHAINFORME,NOMBRESERVICIO,ANOINFORME,NUMEROINFORME,MATERIAINFORME,FICHAINFORMEBIFA,C_REG_SUBDERE,NOMBRESUBDERE,FICHAINFORME,TIPOSUBDERE,TIPOINFORME,IDINFORME,PDFINFORME
29180,04105,2015-04-24 00:00:00.0,DEPARTAMENTO DE EDUCACION MUNICIPAL DE PAIHUANO,2015,167,INFORME DE INVESTIGACIÓN ESPECIAL 167-15 DEPARTAMENTO DE EDUCACIÓN MUNICIPALIDAD DE PAIHUANO RELATIVO A DENUNCIA DE POSIBLES IRREGULARIDADES - ABRIL 2015,https://www.contraloria.cl/pdfbuscador/auditoria/394f453fe48baf0da0e24d972d20c2c6/html,04,PAIHUANO,https://www.contraloria.cl/SicaProd/SICAv3-BIFAPortalCGR/faces/newDetalleInforme?docIdcm=394f453fe48baf0da0e24d972d20c2c6,C,Informe de Investigación Especial,13713,https://www.contraloria.cl/SicaProd/SICAv3-BIFAPortalCGR/servletfichainformegoogle?docIdcm=394f453fe48baf0da0e24d972d20c2c6&pdf=1
26122,04105,2015-05-28 00:00:00.0,DEPARTAMENTO DE SALUD MUNICIPAL DE PAIHUANO,2015,194,"INFORME DE INVESTIGACION ESPECIAL N° 194-2015, DEPARTAMENTO DE SALUD DE LA MUNICIPALIDAD DE PAIHUANO, SOBRE PRESUNTAS IRREGULARIDADES EN LA ADMINISTRACIÓN Y ENTREGA DE MEDICAMENTOS - MAYO 2015",https://www.contraloria.cl/pdfbuscador/auditoria/72a85bce7005f5a565712a8e7d64ef06/html,04,PAIHUANO,https://www.contraloria.cl/SicaProd/SICAv3-BIFAPortalCGR/faces/newDetalleInforme?docIdcm=72a85bce7005f5a565712a8e7d64ef06,C,Informe de Investigación Especial,14522,https://www.contraloria.cl/SicaProd/SICAv3-BIFAPortalCGR/servletfichainformegoogle?docIdcm=72a85bce7005f5a565712a8e7d64ef06&pdf=1
26941,04105,2015-06-30 00:00:00.0,DEPARTAMENTO DE EDUCACION MUNICIPAL DE PAIHUANO,2015,326,INFORME FINAL 326-15 DEPARTAMENTO DE EDUCACIÓN MUNICIPALIDAD DE PAIHUANO SOBRE AUDITORÍA A LOS RECURSOS QUE OTORGA LA LEY N° 20.248 - JUNIO 2015,https://www.contraloria.cl/pdfbuscador/auditoria/8111af0423cf7be3b6a7fbf0836c3320/html,04,PAIHUANO,https://www.contraloria.cl/SicaProd/SICAv3-BIFAPortalCGR/faces/newDetalleInforme?docIdcm=8111af0423cf7be3b6a7fbf0836c3320,C,Informe Final de Auditoría,14326,https://www.contraloria.cl/SicaProd/SICAv3-BIFAPortalCGR/servletfichainformegoogle?docIdcm=8111af0423cf7be3b6a7fbf0836c3320&pdf=1
28663,04105,2015-08-25 00:00:00.0,MUNICIPALIDAD DE PAIHUANO,2015,726,INFORME FINAL 726-15 MUNICIPALIDAD DE PAIHUANO AUDITORÍA AL MACROPROCESO DE ADQUISICIÓN Y ABASTECIMIENTO - AGOSTO 2015,https://www.contraloria.cl/pdfbuscador/auditoria/4a7afdf7b9fe9449e41f69ad537c7d39/html,04,PAIHUANO,https://www.contraloria.cl/SicaProd/SICAv3-BIFAPortalCGR/faces/newDetalleInforme?docIdcm=4a7afdf7b9fe9449e41f69ad537c7d39,C,Informe Final de Auditoría,14737,https://www.contraloria.cl/SicaProd/SICAv3-BIFAPortalCGR/servletfichainformegoogle?docIdcm=4a7afdf7b9fe9449e41f69ad537c7d39&pdf=1
33033,04105,2016-07-07 00:00:00.0,MUNICIPALIDAD DE PAIHUANO,2016,164,INFORME DE INVESTIGACIÓN ESPECIAL N° 164-16 MUNICIPALIDAD DE PAIHUANO  EVENTUALES IRREGULARIDADES EN CUMPLIMIENTO DE CONTRATO Y ASIGNACIÓN DE HORAS EXTRAORDINARIAS-SEPTIEMBRE 2016,https://www.contraloria.cl/pdfbuscador/auditoria/9df28aec6406c1dd6a8015ab4a7c62e2/html,04,PAIHUANO,https://www.contraloria.cl/SicaProd/SICAv3-BIFAPortalCGR/faces/newDetalleInforme?docIdcm=9df28aec6406c1dd6a8015ab4a7c62e2,C,Informe de Investigación Especial,18922,https://www.contraloria.cl/SicaProd/SICAv3-BIFAPortalCGR/servletfichainformegoogle?docIdcm=9df28aec6406c1dd6a8015ab4a7c62e2&pdf=1
34702,04105,2016-12-16 00:00:00.0,MUNICIPALIDAD DE PAIHUANO,2016,970,INFORME FINAL N° 970-16 MUNICIPALIDAD DE PAIHUANO SOBRE AUDITORÍA AL PAGO DE DIETAS Y FONDOS ENTREGADOS PARA ALOJAMIENTO Y ALIMENTACIÓN A LOS CONCEJALES-DICIEMBRE 2016,https://www.contraloria.cl/pdfbuscador/auditoria/026bfc8e3949ece15fa92bc282be95d2/html,04,PAIHUANO,https://www.contraloria.cl/SicaProd/SICAv3-BIFAPortalCGR/faces/newDetalleInforme?docIdcm=026bfc8e3949ece15fa92bc282be95d2,C,Informe Final de Auditoría,19869,https://www.contraloria.cl/SicaProd/SICAv3-BIFAPortalCGR/servletfichainformegoogle?docIdcm=026bfc8e3949ece15fa92bc282be95d2&pdf=1
41322,04105,2017-09-01 00:00:00.0,DEPARTAMENTO DE EDUCACION MUNICIPAL DE PAIHUANO,2017,486,"INFORME FINAL N° 486-17 SOBRE AUDITORÍA A LOS MACROPROCESOS DE RR.HH., Y FINANZAS EN EL DAEM DE LA MUNICIPALIDAD DE PAIHUANO-AGOSTO 2017",https://www.contraloria.cl/pdfbuscador/auditoria/4f4268f8e565ef25b318dc18483a0f96/html,04,PAIHUANO,https://www.contraloria.cl/SicaProd/SICAv3-BIFAPortalCGR/faces/newDetalleInforme?docIdcm=4f4268f8e565ef25b318dc18483a0f96,C,Informe Final de Auditoría,21680,https://www.contraloria.cl/SicaProd/SICAv3-BIFAPortalCGR/servletfichainformegoogle?docIdcm=4f4268f8e565ef25b318dc18483a0f96&pdf=1
59417,04105,2019-12-30 00:00:00.0,MUNICIPALIDAD DE PAIHUANO,2019,976,"INFORME FINAL 976-19  MUNICIPALIDAD DE PAIHUANO SOBRE AUDITORÍA AL MACROPROCESO DE ADQUISICIONES, ABASTECIMIENTO Y ADMINISTRACIÓN DE RECURSOS FINANCIEROS - DIC 2019",https://www.contraloria.cl/pdfbuscador/auditoria/35a1a16a226bc4058399677a2a59f4cc/html,04,PAIHUANO,https://www.contraloria.cl/SicaProd/SICAv3-BIFAPortalCGR/faces/newDetalleInforme?docIdcm=35a1a16a226bc4058399677a2a59f4cc,C,Informe Final de Auditoría,30774,https://www.contraloria.cl/SicaProd/SICAv3-BIFAPortalCGR/servletfichainformegoogle?docIdcm=35a1a16a226bc4058399677a2a59f4cc&pdf=1