IDACTIVIDAD,CODIGOSUBDERE,FECHAINFORME,NOMBRESERVICIO,ANOINFORME,NUMEROINFORME,MATERIAINFORME,FICHAINFORMEBIFA,C_REG_SUBDERE,NOMBRESUBDERE,FICHAINFORME,TIPOSUBDERE,TIPOINFORME,IDINFORME,PDFINFORME
30537,14107,2015-07-23 00:00:00.0,MUNICIPALIDAD DE PAILLACO,2015,346,"INFORME FINAL 346-15 MUNICIPALIDAD DE PAILLACO, INSPECCIÓN TÉCNICA DE OBRAS MEJORAMIENTO ESTADIO MUNICIPAL DE REUMÉN COMUNA DE PAILLACO-JULIO 2015",https://www.contraloria.cl/pdfbuscador/auditoria/d14f58ed368093c6083f8b419074e7bd/html,14,PAILLACO,https://www.contraloria.cl/SicaProd/SICAv3-BIFAPortalCGR/faces/newDetalleInforme?docIdcm=d14f58ed368093c6083f8b419074e7bd,C,Informe de Inspección de Obra Pública,14559,https://www.contraloria.cl/SicaProd/SICAv3-BIFAPortalCGR/servletfichainformegoogle?docIdcm=d14f58ed368093c6083f8b419074e7bd&pdf=1
30535,14107,2015-09-24 00:00:00.0,MUNICIPALIDAD DE PAILLACO,2015,350,"INFORME FINAL N° 350-2015 MUNICIPALIDAD DE PAILLACO, CONSTRUCCIÓN GIMNASIO LOCALIDAD DE REUMEN, SEPTIEMBRE 2015",https://www.contraloria.cl/pdfbuscador/auditoria/6f75e5fbce1086f792becc197b098300/html,14,PAILLACO,https://www.contraloria.cl/SicaProd/SICAv3-BIFAPortalCGR/faces/newDetalleInforme?docIdcm=6f75e5fbce1086f792becc197b098300,C,Informe de Inspección de Obra Pública,15071,https://www.contraloria.cl/SicaProd/SICAv3-BIFAPortalCGR/servletfichainformegoogle?docIdcm=6f75e5fbce1086f792becc197b098300&pdf=1
34087,14107,2016-08-03 00:00:00.0,DEPARTAMENTO DE EDUCACION DE PAILLACO,2016,492,"INFORME DE INVESTIGACIÓN ESPECIAL 492-16 MUNICIPALIDAD DE PAILLACO, EVENTUALES IRREGULARIDADES EN EL DAEM DE PAILLACO - AGOSTO 2016",https://www.contraloria.cl/pdfbuscador/auditoria/5abfb76cdb1159c2340216b15042ca4c/html,14,PAILLACO,https://www.contraloria.cl/SicaProd/SICAv3-BIFAPortalCGR/faces/newDetalleInforme?docIdcm=5abfb76cdb1159c2340216b15042ca4c,C,Informe de Investigación Especial,18638,https://www.contraloria.cl/SicaProd/SICAv3-BIFAPortalCGR/servletfichainformegoogle?docIdcm=5abfb76cdb1159c2340216b15042ca4c&pdf=1
37947,14107,2016-11-25 00:00:00.0,MUNICIPALIDAD DE PAILLACO,2016,823,"INFORME INVESTIGACIÓN ESPECIAL 823-16 MUNICIPALIDAD DE PAILLACO, CONTRATACIONES DE SERVICIOS Y SUPUESTO INTERVENCIONISMO ELECTORAL - NOVIEMBRE 2016",https://www.contraloria.cl/pdfbuscador/auditoria/b17be55a9150186634677273cb16326a/html,14,PAILLACO,https://www.contraloria.cl/SicaProd/SICAv3-BIFAPortalCGR/faces/newDetalleInforme?docIdcm=b17be55a9150186634677273cb16326a,C,Informe de Investigación Especial,19709,https://www.contraloria.cl/SicaProd/SICAv3-BIFAPortalCGR/servletfichainformegoogle?docIdcm=b17be55a9150186634677273cb16326a&pdf=1
39115,14107,2016-10-20 00:00:00.0,MUNICIPALIDAD DE PAILLACO,2016,855,"INFORME DE INVESTIGACIÓN ESPECIAL 855-16 MUNICIPALIDAD DE PAILLACO, COMETIDO REALIZADO EN EL EXTRANJERO POR CONCEJAL - OCTUBRE 2016",https://www.contraloria.cl/pdfbuscador/auditoria/d8e2e964dfa360b0569bc61b62a32563/html,14,PAILLACO,https://www.contraloria.cl/SicaProd/SICAv3-BIFAPortalCGR/faces/newDetalleInforme?docIdcm=d8e2e964dfa360b0569bc61b62a32563,C,Informe de Investigación Especial,19231,https://www.contraloria.cl/SicaProd/SICAv3-BIFAPortalCGR/servletfichainformegoogle?docIdcm=d8e2e964dfa360b0569bc61b62a32563&pdf=1
39820,14107,2016-11-21 00:00:00.0,MUNICIPALIDAD DE PAILLACO,2016,955,"INFORME DE INVESTIGACIÓN ESPECIAL 955-16 MUNICIPALIDAD DE PAILLACO, PRESUNTAS IRREGULARIDADES EN EJECUCIÓN DE OBRAS-NOVIEMBRE 2016",https://www.contraloria.cl/pdfbuscador/auditoria/4d9db4eb10f87b8d87451d0c549298a2/html,14,PAILLACO,https://www.contraloria.cl/SicaProd/SICAv3-BIFAPortalCGR/faces/newDetalleInforme?docIdcm=4d9db4eb10f87b8d87451d0c549298a2,C,Informe de Investigación Especial,19680,https://www.contraloria.cl/SicaProd/SICAv3-BIFAPortalCGR/servletfichainformegoogle?docIdcm=4d9db4eb10f87b8d87451d0c549298a2&pdf=1
34430,14107,2016-12-16 00:00:00.0,MUNICIPALIDAD DE PAILLACO,2016,1107,"INFORME FINAL 1107-16 MUNICIPALIDAD DE PAILLACO, AUDITORÍA A TRANSFERENCIAS RECIBIDAS CON CARGO PROGRAMA EQUIPAMIENTO MINEDUC - DICIEMBRE 2016",https://www.contraloria.cl/pdfbuscador/auditoria/6b97aed3d3d69f9860f88350f8ff874a/html,14,PAILLACO,https://www.contraloria.cl/SicaProd/SICAv3-BIFAPortalCGR/faces/newDetalleInforme?docIdcm=6b97aed3d3d69f9860f88350f8ff874a,C,Informe Final de Auditoría,19932,https://www.contraloria.cl/SicaProd/SICAv3-BIFAPortalCGR/servletfichainformegoogle?docIdcm=6b97aed3d3d69f9860f88350f8ff874a&pdf=1
40509,14107,2017-07-18 00:00:00.0,MUNICIPALIDAD DE PAILLACO,2017,41,"INFORME DE INVESTIGACIÓN ESPECIAL 41-2017 MUNICIPALIDAD DE PAILLACO, SOBRE SUPUESTAS IRREGULARIDADES EN ESE MUNICIPIO -JULIO 2017",https://www.contraloria.cl/pdfbuscador/auditoria/a797f648778fb01087983700dd88d6fc/html,14,PAILLACO,https://www.contraloria.cl/SicaProd/SICAv3-BIFAPortalCGR/faces/newDetalleInforme?docIdcm=a797f648778fb01087983700dd88d6fc,C,Informe de Investigación Especial,21413,https://www.contraloria.cl/SicaProd/SICAv3-BIFAPortalCGR/servletfichainformegoogle?docIdcm=a797f648778fb01087983700dd88d6fc&pdf=1
44247,14107,2017-09-06 00:00:00.0,MUNICIPALIDAD DE PAILLACO,2017,640,"INFORME DE INVESTIGACIÓN ESPECIAL 640-2017 MUNICIPALIDAD DE PAILLACO, SOBRE TRANSFERENCIAS POR EL SERNAMEG - SEPTIEMBRE 2017",https://www.contraloria.cl/pdfbuscador/auditoria/12b46beb9c3c98d17dcbe6eb73ca7f59/html,14,PAILLACO,https://www.contraloria.cl/SicaProd/SICAv3-BIFAPortalCGR/faces/newDetalleInforme?docIdcm=12b46beb9c3c98d17dcbe6eb73ca7f59,C,Informe de Investigación Especial,21734,https://www.contraloria.cl/SicaProd/SICAv3-BIFAPortalCGR/servletfichainformegoogle?docIdcm=12b46beb9c3c98d17dcbe6eb73ca7f59&pdf=1
46594,14107,2018-01-05 00:00:00.0,DEPARTAMENTO DE EDUCACION DE PAILLACO,2017,1120,"INFORME FINAL DE INVESTIGACIÓN ESPECIAL 1.120 -2017, SOBRE DIVERSAS IRREGULARIDADES EN LA MUNICIPALIDAD DE PAILLACO - ENERO 2018",https://www.contraloria.cl/pdfbuscador/auditoria/86272e7ec283e760537f7b9f4bf782eb/html,14,PAILLACO,https://www.contraloria.cl/SicaProd/SICAv3-BIFAPortalCGR/faces/newDetalleInforme?docIdcm=86272e7ec283e760537f7b9f4bf782eb,C,Informe de Investigación Especial,22874,https://www.contraloria.cl/SicaProd/SICAv3-BIFAPortalCGR/servletfichainformegoogle?docIdcm=86272e7ec283e760537f7b9f4bf782eb&pdf=1
47556,14107,2018-02-27 00:00:00.0,MUNICIPALIDAD DE PAILLACO,2018,20,"INFORME DE INVESTIGACIÓN ESPECIAL 20-2018 MUNICIPALIDAD DE PAILLACO, SOBRE SUPUESTAS IRREGULARIDADES - FEBRERO 2018",https://www.contraloria.cl/pdfbuscador/auditoria/9e6ba2eab6472f24f87a014821bda4cf/html,14,PAILLACO,https://www.contraloria.cl/SicaProd/SICAv3-BIFAPortalCGR/faces/newDetalleInforme?docIdcm=9e6ba2eab6472f24f87a014821bda4cf,C,Informe de Investigación Especial,23221,https://www.contraloria.cl/SicaProd/SICAv3-BIFAPortalCGR/servletfichainformegoogle?docIdcm=9e6ba2eab6472f24f87a014821bda4cf&pdf=1
49324,14107,2018-06-20 00:00:00.0,MUNICIPALIDAD DE PAILLACO,2018,192,"INFORME FINAL  192-2018, MUNICIPALIDAD DE PAILLACO, AUDITORÍA A LOS FONDOS DESTINADOS PARA LOS PROYECTOS DE INVERSIÓN EN INFRAESTRUCTURA 2017- JUNIO 2018",https://www.contraloria.cl/pdfbuscador/auditoria/fa3dea962ca055153559720bac7b010e/html,14,PAILLACO,https://www.contraloria.cl/SicaProd/SICAv3-BIFAPortalCGR/faces/newDetalleInforme?docIdcm=fa3dea962ca055153559720bac7b010e,C,Informe Final de Auditoría,24521,https://www.contraloria.cl/SicaProd/SICAv3-BIFAPortalCGR/servletfichainformegoogle?docIdcm=fa3dea962ca055153559720bac7b010e&pdf=1
57102,14107,2019-10-16 00:00:00.0,MUNICIPALIDAD DE PAILLACO,2019,664,"INFORME FINAL 664-2019 MUNICIPALIDAD DE PAILLACO SOBRE AUDITORÍA A LAS ADQUISICIONES DE BIENES Y SERVICIOS DE CONSUMO EFECTUADAS CON CARGO A LOS SUBTÍTULOS 22,29 Y 31 - OCTUBRE -2019",https://www.contraloria.cl/pdfbuscador/auditoria/1592f0dcd4ebe05add62c8b153d62151/html,14,PAILLACO,https://www.contraloria.cl/SicaProd/SICAv3-BIFAPortalCGR/faces/newDetalleInforme?docIdcm=1592f0dcd4ebe05add62c8b153d62151,C,Informe Final de Auditoría,30086,https://www.contraloria.cl/SicaProd/SICAv3-BIFAPortalCGR/servletfichainformegoogle?docIdcm=1592f0dcd4ebe05add62c8b153d62151&pdf=1