IDACTIVIDAD,CODIGOSUBDERE,FECHAINFORME,NOMBRESERVICIO,ANOINFORME,NUMEROINFORME,MATERIAINFORME,FICHAINFORMEBIFA,C_REG_SUBDERE,NOMBRESUBDERE,FICHAINFORME,TIPOSUBDERE,TIPOINFORME,IDINFORME,PDFINFORME
29489,13404,2015-04-15 00:00:00.0,MUNICIPALIDAD DE PAINE,2015,153,"INFORME DE INVESTIGACION ESPECIAL 153-2015, MUNICIPALIDAD DE PAINE IRREGULARIDADES EN PAGO DE TRABAJOS EXTRAORDINARIOS",https://www.contraloria.cl/pdfbuscador/auditoria/35ecf6d71d426e2054f3d31884b4f786/html,13,PAINE,https://www.contraloria.cl/SicaProd/SICAv3-BIFAPortalCGR/faces/newDetalleInforme?docIdcm=35ecf6d71d426e2054f3d31884b4f786,C,Informe de Investigación Especial,13637,https://www.contraloria.cl/SicaProd/SICAv3-BIFAPortalCGR/servletfichainformegoogle?docIdcm=35ecf6d71d426e2054f3d31884b4f786&pdf=1
28407,13404,2015-11-03 00:00:00.0,MUNICIPALIDAD DE PAINE,2015,751,INFORME FINAL 751-15 MUNICIPALIDAD DE PAINE - SOBRE AUDITORIA AL MACROPROCESO DE CONCESIONES - NOVIEMBRE 2015,https://www.contraloria.cl/pdfbuscador/auditoria/71b0f6f61b2b9155a894afb10d27efab/html,13,PAINE,https://www.contraloria.cl/SicaProd/SICAv3-BIFAPortalCGR/faces/newDetalleInforme?docIdcm=71b0f6f61b2b9155a894afb10d27efab,C,Informe Final de Auditoría,15681,https://www.contraloria.cl/SicaProd/SICAv3-BIFAPortalCGR/servletfichainformegoogle?docIdcm=71b0f6f61b2b9155a894afb10d27efab&pdf=1
28443,13404,2016-01-07 00:00:00.0,DEPARTAMENTO DE SALUD DE PAINE,2015,1061,INFORME FINAL 1.061-15 DEPARTAMENTO DE SALUD DE PAINE - SOBRE AUDITORIA AL PROGRAMA DE ATENCION PRIMARIA DE SALUD APS - ENERO 2016,https://www.contraloria.cl/pdfbuscador/auditoria/40148df4baea4baed1c1e9695b69b637/html,13,PAINE,https://www.contraloria.cl/SicaProd/SICAv3-BIFAPortalCGR/faces/newDetalleInforme?docIdcm=40148df4baea4baed1c1e9695b69b637,C,Informe Final de Auditoría,16888,https://www.contraloria.cl/SicaProd/SICAv3-BIFAPortalCGR/servletfichainformegoogle?docIdcm=40148df4baea4baed1c1e9695b69b637&pdf=1
34456,13404,2017-02-13 00:00:00.0,MUNICIPALIDAD DE PAINE,2016,878,INFORME FINAL 878-2016 MUNICIPALIDAD DE PAINE SOBRE AUDITORIA AL MACROPROCESO DE ADQUISICIONES Y ABASTECIMIENTO Y CUMPLIMIENTO DE LA LEY N°20.730 EN LA MUNICIPALIDAD DE PAINE - DICIEMBRE 2016,https://www.contraloria.cl/pdfbuscador/auditoria/31c56f7e991de858ecb85a7c91b3fee6/html,13,PAINE,https://www.contraloria.cl/SicaProd/SICAv3-BIFAPortalCGR/faces/newDetalleInforme?docIdcm=31c56f7e991de858ecb85a7c91b3fee6,C,Informe Final de Auditoría,20545,https://www.contraloria.cl/SicaProd/SICAv3-BIFAPortalCGR/servletfichainformegoogle?docIdcm=31c56f7e991de858ecb85a7c91b3fee6&pdf=1
46089,13404,2017-12-18 00:00:00.0,MUNICIPALIDAD DE PAINE,2017,863,INFORME FINAL 863-17 MUNICIPALIDAD DE PAINE SOBRE AUDITORÍA AL ESTADO DE LA INFRAESTRUCTURA DE LOS ESTABLECIMIENTOS DE ATENCIÓN PRIMARIA DE SALUD DEPENDIENTE DEL DEPARTAMENTO DE SALUD DICIEMBRE-2018,https://www.contraloria.cl/pdfbuscador/auditoria/d08bc2609c24d0a8d2de139aa1de5e23/html,13,PAINE,https://www.contraloria.cl/SicaProd/SICAv3-BIFAPortalCGR/faces/newDetalleInforme?docIdcm=d08bc2609c24d0a8d2de139aa1de5e23,C,Informe Final de Auditoría,22565,https://www.contraloria.cl/SicaProd/SICAv3-BIFAPortalCGR/servletfichainformegoogle?docIdcm=d08bc2609c24d0a8d2de139aa1de5e23&pdf=1
46311,13404,2018-09-03 00:00:00.0,MUNICIPALIDAD DE PAINE,2017,1135,"INFORME FINAL DE INVESTIGACIÓN ESPECIAL N° 1135, DE 2017, AL PROCESO DE OTORGAMIENTO DE LICENCIAS DE CONDUCIR EN LA MUNICIPALIDAD DE PAINE.",https://www.contraloria.cl/pdfbuscador/auditoria/e845cfd047c57ad0130735c8bdd49ed4/html,13,PAINE,https://www.contraloria.cl/SicaProd/SICAv3-BIFAPortalCGR/faces/newDetalleInforme?docIdcm=e845cfd047c57ad0130735c8bdd49ed4,C,Informe de Investigación Especial,25641,https://www.contraloria.cl/SicaProd/SICAv3-BIFAPortalCGR/servletfichainformegoogle?docIdcm=e845cfd047c57ad0130735c8bdd49ed4&pdf=1
51439,13404,2018-10-22 00:00:00.0,DEPARTAMENTO DE EDUCACION DE PAINE,2018,536,INFORME FINAL 536-2018 DEPARTAMENTO DE ADMINISTRACIÓN DE EDUCACIÓN DE LA MUNICIPALIDAD DE PAINE - OCTUBRE 2018,https://www.contraloria.cl/pdfbuscador/auditoria/65029e6f5530b4d8fa4061a9f9d0825d/html,13,PAINE,https://www.contraloria.cl/SicaProd/SICAv3-BIFAPortalCGR/faces/newDetalleInforme?docIdcm=65029e6f5530b4d8fa4061a9f9d0825d,C,Informe Final de Auditoría,26386,https://www.contraloria.cl/SicaProd/SICAv3-BIFAPortalCGR/servletfichainformegoogle?docIdcm=65029e6f5530b4d8fa4061a9f9d0825d&pdf=1
52298,13404,2018-11-23 00:00:00.0,MUNICIPALIDAD DE PAINE,2018,650,INFORME FINAL 650-18 MUNICIPALIDAD DE PAINE SOBRE AUDITORÍA A LOS GASTOS EFECTUADOS CON CARGO A LA CUENTA CONTABLE N°215-31 DURANTE EL AÑO 2017-NOVIEMBRE 2018,https://www.contraloria.cl/pdfbuscador/auditoria/9ebe8778731d73c55db8be2aacc5ebdf/html,13,PAINE,https://www.contraloria.cl/SicaProd/SICAv3-BIFAPortalCGR/faces/newDetalleInforme?docIdcm=9ebe8778731d73c55db8be2aacc5ebdf,C,Informe Final de Auditoría,26704,https://www.contraloria.cl/SicaProd/SICAv3-BIFAPortalCGR/servletfichainformegoogle?docIdcm=9ebe8778731d73c55db8be2aacc5ebdf&pdf=1
53216,13404,2019-03-27 00:00:00.0,DEPARTAMENTO DE EDUCACION DE PAINE,2018,834,INFORME FINAL 834-2018 MUNICIPALIDAD DE PAINE SOBRE AUDITORIA A LOS INGRESOS POR RECUPERACIÓN Y REEMBOLSOS DE LICENCIAS MEDICAS EN EL DEPARTAMENTO DE EDUCACIÓN EN LA MUNICIPALIDAD DE PAINE - MARZO 2019,https://www.contraloria.cl/pdfbuscador/auditoria/38b4dba9bd7e6447e72ec60487f03403/html,13,PAINE,https://www.contraloria.cl/SicaProd/SICAv3-BIFAPortalCGR/faces/newDetalleInforme?docIdcm=38b4dba9bd7e6447e72ec60487f03403,C,Informe Final de Auditoría,28626,https://www.contraloria.cl/SicaProd/SICAv3-BIFAPortalCGR/servletfichainformegoogle?docIdcm=38b4dba9bd7e6447e72ec60487f03403&pdf=1
67961,13404,2020-05-15 00:00:00.0,MUNICIPALIDAD DE PAINE,2020,28,"INFORME FINAL N°28 DE 2020, SOBRE INSPECCIÓN DE OBRA PÚBLICA AL CONTRATO DE ""CONSTRUCCIÓN Y URBANIZACIÓN VILLORRIO ALBERTO ECHEGARAY""EJECUTADO POR LA MUNICIPALIDAD DE PAINE",https://www.contraloria.cl/pdfbuscador/auditoria/23c629ea82f1daec30fc6bdf14753f94/html,13,PAINE,https://www.contraloria.cl/SicaProd/SICAv3-BIFAPortalCGR/faces/newDetalleInforme?docIdcm=23c629ea82f1daec30fc6bdf14753f94,C,Informe de Inspección de Obra Pública,32912,https://www.contraloria.cl/SicaProd/SICAv3-BIFAPortalCGR/servletfichainformegoogle?docIdcm=23c629ea82f1daec30fc6bdf14753f94&pdf=1