IDACTIVIDAD,CODIGOSUBDERE,FECHAINFORME,NOMBRESERVICIO,ANOINFORME,NUMEROINFORME,MATERIAINFORME,FICHAINFORMEBIFA,C_REG_SUBDERE,NOMBRESUBDERE,FICHAINFORME,TIPOSUBDERE,TIPOINFORME,IDINFORME,PDFINFORME
28579,14108,2015-08-27 00:00:00.0,MUNICIPALIDAD DE PANGUIPULLI,2015,528,"INFORME FINAL N° 528-15, MUNICIPALIDAD DE PANGUIPULLI - SOBRE AUDITORIA A LAS CONTRATACIONES DE HONORARIOS EN PROGRAMAS COMUNITARIOS - AGOSTO 2015",https://www.contraloria.cl/pdfbuscador/auditoria/781913054b7e79ea664240c115ad3eab/html,14,PANGUIPULLI,https://www.contraloria.cl/SicaProd/SICAv3-BIFAPortalCGR/faces/newDetalleInforme?docIdcm=781913054b7e79ea664240c115ad3eab,C,Informe Final de Auditoría,14727,https://www.contraloria.cl/SicaProd/SICAv3-BIFAPortalCGR/servletfichainformegoogle?docIdcm=781913054b7e79ea664240c115ad3eab&pdf=1
32700,14108,2015-12-16 00:00:00.0,MUNICIPALIDAD DE PANGUIPULLI,2015,1125,"INVESTIGACIÓN ESPECIAL N° 1.125-2015, MUNICIPALIDAD DE PANGUIPULLI, HORAS EXTRAORDINARIAS Y LABORES DE HONORARIOS. DICIEMBRE-2015.",https://www.contraloria.cl/pdfbuscador/auditoria/a1abe67454a937e663bdc4c1edc78353/html,14,PANGUIPULLI,https://www.contraloria.cl/SicaProd/SICAv3-BIFAPortalCGR/faces/newDetalleInforme?docIdcm=a1abe67454a937e663bdc4c1edc78353,C,Informe de Investigación Especial,16658,https://www.contraloria.cl/SicaProd/SICAv3-BIFAPortalCGR/servletfichainformegoogle?docIdcm=a1abe67454a937e663bdc4c1edc78353&pdf=1
35802,14108,2016-06-02 00:00:00.0,MUNICIPALIDAD DE PANGUIPULLI,2016,278,"INFORME DE  INVESTIGACIÓN ESPECIAL 278-16 MUNICIPALIDAD DE PANGUIPULLI, PRESUNTAS IRREGULARIDADES EN PROYECTO MEJORAMIENTO LOSA TERMINAL DE PANGUIPULLI,  - JUNIO 2016.",https://www.contraloria.cl/pdfbuscador/auditoria/22d84aa34a71cf2b9b04c3cee03cfded/html,14,PANGUIPULLI,https://www.contraloria.cl/SicaProd/SICAv3-BIFAPortalCGR/faces/newDetalleInforme?docIdcm=22d84aa34a71cf2b9b04c3cee03cfded,C,Informe de Investigación Especial,18136,https://www.contraloria.cl/SicaProd/SICAv3-BIFAPortalCGR/servletfichainformegoogle?docIdcm=22d84aa34a71cf2b9b04c3cee03cfded&pdf=1
37004,14108,2016-06-15 00:00:00.0,MUNICIPALIDAD DE PANGUIPULLI,2016,351,"INFORME DE INVESTIGACIÓN ESPECIAL 351-16 MUNICIPALIDAD DE PANGUIPULLI, PRESUNTAS IRREGULARIDADES EN COMISIONES DE SERVICIO REALIZADAS POR FUNCIONARIOS  - JUNIO 2016.",https://www.contraloria.cl/pdfbuscador/auditoria/e009871b5900fcae1f9e610e5126ccca/html,14,PANGUIPULLI,https://www.contraloria.cl/SicaProd/SICAv3-BIFAPortalCGR/faces/newDetalleInforme?docIdcm=e009871b5900fcae1f9e610e5126ccca,C,Informe de Investigación Especial,18258,https://www.contraloria.cl/SicaProd/SICAv3-BIFAPortalCGR/servletfichainformegoogle?docIdcm=e009871b5900fcae1f9e610e5126ccca&pdf=1
34350,14108,2016-10-07 00:00:00.0,MUNICIPALIDAD DE PANGUIPULLI,2016,766,INFORME FINAL 766-16 MUNICIPALIDAD DE PANGUIPULLI - AUDITORÍA AL GASTO EN PERIODO ELECTORAL - USO DE BIENES - VEHÍCULOS - RRHH - RECURSOS FÍSICOS Y FINANCIEROS - OCTUBRE 2016,https://www.contraloria.cl/pdfbuscador/auditoria/0b52d28b783efe6091955e89ff073bc8/html,14,PANGUIPULLI,https://www.contraloria.cl/SicaProd/SICAv3-BIFAPortalCGR/faces/newDetalleInforme?docIdcm=0b52d28b783efe6091955e89ff073bc8,C,Informe Final de Auditoría,19149,https://www.contraloria.cl/SicaProd/SICAv3-BIFAPortalCGR/servletfichainformegoogle?docIdcm=0b52d28b783efe6091955e89ff073bc8&pdf=1
41707,14108,2017-09-04 00:00:00.0,MUNICIPALIDAD DE PANGUIPULLI,2017,370,"INFORME FINAL 370-17 MUNICIPALIDAD DE PANGUIPULLI, AUDITORÍA A LAS TRANSFERENCIAS DEL SECTOR PRIVADO - SEPTIEMBRE 2016",https://www.contraloria.cl/pdfbuscador/auditoria/137e9bffd4703c71072e57a5f1a9a6d0/html,14,PANGUIPULLI,https://www.contraloria.cl/SicaProd/SICAv3-BIFAPortalCGR/faces/newDetalleInforme?docIdcm=137e9bffd4703c71072e57a5f1a9a6d0,C,Informe Final de Auditoría,21733,https://www.contraloria.cl/SicaProd/SICAv3-BIFAPortalCGR/servletfichainformegoogle?docIdcm=137e9bffd4703c71072e57a5f1a9a6d0&pdf=1
43063,14108,2017-07-13 00:00:00.0,MUNICIPALIDAD DE PANGUIPULLI,2017,430,"INFORME DE INVESTIGACIÓN ESPECIAL 430-17 MUNICIPALIDAD DE PANGUIPULLI, SOBRE PROYECTO HABITACIONAL LAS TERRAZAS DE PANGUIPULLI - JUNIO 2017",https://www.contraloria.cl/pdfbuscador/auditoria/44bbd613e17039277efe46a5b626d3bc/html,14,PANGUIPULLI,https://www.contraloria.cl/SicaProd/SICAv3-BIFAPortalCGR/faces/newDetalleInforme?docIdcm=44bbd613e17039277efe46a5b626d3bc,C,Informe de Investigación Especial,21349,https://www.contraloria.cl/SicaProd/SICAv3-BIFAPortalCGR/servletfichainformegoogle?docIdcm=44bbd613e17039277efe46a5b626d3bc&pdf=1
45872,14108,2018-03-20 00:00:00.0,MUNICIPALIDAD DE PANGUIPULLI,2017,892,"INFORME DE INVESTIGACIÓN ESPECIAL 892-2018 MUNICIPALIDAD DE PANGUIPULLI, SOBRE EVENTUALES IRREGULARIDADES EN LA DESVINCULACIÓN DE PERSONAL A HONORARIOS - MARZO 2018",https://www.contraloria.cl/pdfbuscador/auditoria/3f1e17fdcb01c507c3cff0693f972d89/html,14,PANGUIPULLI,https://www.contraloria.cl/SicaProd/SICAv3-BIFAPortalCGR/faces/newDetalleInforme?docIdcm=3f1e17fdcb01c507c3cff0693f972d89,C,Informe de Investigación Especial,23784,https://www.contraloria.cl/SicaProd/SICAv3-BIFAPortalCGR/servletfichainformegoogle?docIdcm=3f1e17fdcb01c507c3cff0693f972d89&pdf=1
46706,14108,2017-12-28 00:00:00.0,MUNICIPALIDAD DE PANGUIPULLI,2017,900,"INFORME FINAL 900 - 2017 MUNICIPALIDAD DE PANGUIPULLI, INSPECCIÓN DE OBRA PÚBLICA CONSTRUCCIÓN INFRAESTRUCTURA SANITARIA MELEFQUÉN - DICIEMBRE 2017",https://www.contraloria.cl/pdfbuscador/auditoria/5d82c819cad73c779605c172787beeb3/html,14,PANGUIPULLI,https://www.contraloria.cl/SicaProd/SICAv3-BIFAPortalCGR/faces/newDetalleInforme?docIdcm=5d82c819cad73c779605c172787beeb3,C,Informe de Inspección de Obra Pública,22841,https://www.contraloria.cl/SicaProd/SICAv3-BIFAPortalCGR/servletfichainformegoogle?docIdcm=5d82c819cad73c779605c172787beeb3&pdf=1
51307,14108,2018-10-01 00:00:00.0,MUNICIPALIDAD DE PANGUIPULLI,2018,348,"INFORME FINAL 348-18 MUNICIPALIDAD DE PANGUIPULLI, INSPECCIÓN A LA OBRA MEJORAMIENtO AVENIDA GABRIELA MISTRAL, 2DA ETAPA, PANGUIPULLI, OCTUBRE-2018",https://www.contraloria.cl/pdfbuscador/auditoria/2a45a7dd92a820604134b5c7e7750c88/html,14,PANGUIPULLI,https://www.contraloria.cl/SicaProd/SICAv3-BIFAPortalCGR/faces/newDetalleInforme?docIdcm=2a45a7dd92a820604134b5c7e7750c88,C,Informe de Inspección de Obra Pública,26162,https://www.contraloria.cl/SicaProd/SICAv3-BIFAPortalCGR/servletfichainformegoogle?docIdcm=2a45a7dd92a820604134b5c7e7750c88&pdf=1
52617,14108,2018-12-31 00:00:00.0,CORPORACION MUNICIPAL DE PANGUIPULLI,2018,964,"INFORME FINAL N° 964-18, CORPORACIÓN MUNICIPAL DE PANGUIPULLI, SOBRE AUDITORIA AL PROCESO DE CONTROL FINANCIERO A LOS RECURSOS TRANSFERIDOS.",https://www.contraloria.cl/pdfbuscador/auditoria/486d6e33cdbfda3c75a7f1f2fcfe1fb5/html,14,PANGUIPULLI,https://www.contraloria.cl/SicaProd/SICAv3-BIFAPortalCGR/faces/newDetalleInforme?docIdcm=486d6e33cdbfda3c75a7f1f2fcfe1fb5,C,Informe Final de Auditoría,27291,https://www.contraloria.cl/SicaProd/SICAv3-BIFAPortalCGR/servletfichainformegoogle?docIdcm=486d6e33cdbfda3c75a7f1f2fcfe1fb5&pdf=1
58992,14108,2019-12-27 00:00:00.0,MUNICIPALIDAD DE PANGUIPULLI,2019,965,INFORME FINAL 965-2019 MUNICIPALIDAD DE PANGUIPULLI SOBRE AUDITORÍA A LOS INGRESOS POR EL OTORGAMIENTO DE PERMISOS DE CIRCULACIÓN CORRESPONDIENTES A LOS AÑOS 2017 Y 2018 - DICIEMBRE 2019,https://www.contraloria.cl/pdfbuscador/auditoria/dff28c8a2856934cfaa70790981cae04/html,14,PANGUIPULLI,https://www.contraloria.cl/SicaProd/SICAv3-BIFAPortalCGR/faces/newDetalleInforme?docIdcm=dff28c8a2856934cfaa70790981cae04,C,Informe Final de Auditoría,30898,https://www.contraloria.cl/SicaProd/SICAv3-BIFAPortalCGR/servletfichainformegoogle?docIdcm=dff28c8a2856934cfaa70790981cae04&pdf=1
72071,14108,2020-08-17 00:00:00.0,MUNICIPALIDAD DE PANGUIPULLI,2020,164,INFORME INVESTIGACIÓN ESPECIAL 164-2020 MUNICIPALIDAD DE PANGUIPULLI SOBRE EVENTUALES IRREGULARIDADES EN LA CONTRATACION DE DIRECTOR DE SEGURIDAD PÚBLICA Y EN LA ADQUISICIÓN DE CÁMARAS DE VIGILANCIA - AGOSTO 2020,https://www.contraloria.cl/pdfbuscador/auditoria/a7e838826447e3a3c2f50c2af938ecd2/html,14,PANGUIPULLI,https://www.contraloria.cl/SicaProd/SICAv3-BIFAPortalCGR/faces/newDetalleInforme?docIdcm=a7e838826447e3a3c2f50c2af938ecd2,C,Informe de Investigación Especial,33728,https://www.contraloria.cl/SicaProd/SICAv3-BIFAPortalCGR/servletfichainformegoogle?docIdcm=a7e838826447e3a3c2f50c2af938ecd2&pdf=1