IDACTIVIDAD,CODIGOSUBDERE,FECHAINFORME,NOMBRESERVICIO,ANOINFORME,NUMEROINFORME,MATERIAINFORME,FICHAINFORMEBIFA,C_REG_SUBDERE,NOMBRESUBDERE,FICHAINFORME,TIPOSUBDERE,TIPOINFORME,IDINFORME,PDFINFORME
27849,06206,2015-04-28 00:00:00.0,MUNICIPALIDAD DE PAREDONES,2015,81,INFORME INVESTIGACIÓN ESPECIAL 81 - 15 MUNICIPALIDAD DE PAREDONES IRREGULARIDADES EN LICITACIONES PÚBLICAS DE OBRAS - ABRIL 2015,https://www.contraloria.cl/pdfbuscador/auditoria/bea829265a5d47d6a6950d4d00335316/html,06,PAREDONES,https://www.contraloria.cl/SicaProd/SICAv3-BIFAPortalCGR/faces/newDetalleInforme?docIdcm=bea829265a5d47d6a6950d4d00335316,C,Informe de Investigación Especial,13750,https://www.contraloria.cl/SicaProd/SICAv3-BIFAPortalCGR/servletfichainformegoogle?docIdcm=bea829265a5d47d6a6950d4d00335316&pdf=1
34625,06206,2016-11-11 00:00:00.0,MUNICIPALIDAD DE PAREDONES,2016,403,INFORME FINAL 403 - 16 MUNICIPALIDAD DE PAREDONES INFRAESTRUCTURA CONTRATOS DE OBRAS ASOCIADOS PROYECTO CONSTRUCCIÓN CASETAS SANITARIAS DE BUCALEMU - NOVIEMBRE 2016,https://www.contraloria.cl/pdfbuscador/auditoria/810c120e992871e2cf174ff1679a1365/html,06,PAREDONES,https://www.contraloria.cl/SicaProd/SICAv3-BIFAPortalCGR/faces/newDetalleInforme?docIdcm=810c120e992871e2cf174ff1679a1365,C,Informe Final de Auditoría,19552,https://www.contraloria.cl/SicaProd/SICAv3-BIFAPortalCGR/servletfichainformegoogle?docIdcm=810c120e992871e2cf174ff1679a1365&pdf=1
37301,06206,2016-10-06 00:00:00.0,DEPARTAMENTO DE EDUCACION PAREDONES,2016,418,INFORME DE INVESTIGACIÓN ESPECIAL 418 - 16 DEPARTAMENTO EDUCACIÓN MUNICIPAL DE PAREDONES PAGOS INDEBIDOS A FUNCIONARIO - OCTUBRE 2016,https://www.contraloria.cl/pdfbuscador/auditoria/d91a664ee6a37933f5d34b477dba2f02/html,06,PAREDONES,https://www.contraloria.cl/SicaProd/SICAv3-BIFAPortalCGR/faces/newDetalleInforme?docIdcm=d91a664ee6a37933f5d34b477dba2f02,C,Informe de Investigación Especial,19068,https://www.contraloria.cl/SicaProd/SICAv3-BIFAPortalCGR/servletfichainformegoogle?docIdcm=d91a664ee6a37933f5d34b477dba2f02&pdf=1
42600,06206,2017-12-26 00:00:00.0,MUNICIPALIDAD DE PAREDONES,2017,478,"INFORME INSPECCIÓN OBRA PÚBLICA 478 - 17 MUNICIPALIDAD DE PAREDONES OBRA CONSTRUCCIÓN CASETAS SANITARIAS DE BUCALEMU, III ETAPA - DICIEMBRE 2017",https://www.contraloria.cl/pdfbuscador/auditoria/7a18d1467122a8cd3fe0a59dba948097/html,06,PAREDONES,https://www.contraloria.cl/SicaProd/SICAv3-BIFAPortalCGR/faces/newDetalleInforme?docIdcm=7a18d1467122a8cd3fe0a59dba948097,C,Informe de Inspección de Obra Pública,22787,https://www.contraloria.cl/SicaProd/SICAv3-BIFAPortalCGR/servletfichainformegoogle?docIdcm=7a18d1467122a8cd3fe0a59dba948097&pdf=1
41286,06206,2017-12-28 00:00:00.0,MUNICIPALIDAD DE PAREDONES,2017,932,"INFORME FINAL 932 - 17 MUNICIPALIDAD DE PAREDONES AUDITORIA ADQUISICIÓN Y ABASTECIMIENTO, TRANSFERENCIAS, FINANZAS Y CONTROL INTERNO - DICIEMBRE 2017",https://www.contraloria.cl/pdfbuscador/auditoria/6691cf1d2a2a1f1ec7310b73b13fb51b/html,06,PAREDONES,https://www.contraloria.cl/SicaProd/SICAv3-BIFAPortalCGR/faces/newDetalleInforme?docIdcm=6691cf1d2a2a1f1ec7310b73b13fb51b,C,Informe Final de Auditoría,22987,https://www.contraloria.cl/SicaProd/SICAv3-BIFAPortalCGR/servletfichainformegoogle?docIdcm=6691cf1d2a2a1f1ec7310b73b13fb51b&pdf=1
46600,06206,2017-12-29 00:00:00.0,MUNICIPALIDAD DE PAREDONES,2017,1017,INFORME FINAL DE INVESTIGACIÓN ESPECIAL 1017 - 17 MUNICIPALIDAD DE PAREDONES PRESUNTAS IRREGULARIDADES EN LOS GASTOS EFECTUADOS EN LOS PROGRAMAS DE EMERGENCIA DE MEJORAMIENTO DE ESPACIOS PÚBLICOS SECTOR PAREDONES SUR Y REPOSICIÓN SISTEMA DE ABASTECIMENTO DE AGUA LOCALIDAD RURAL SECTOR SUR - DICIEMBRE 2017,https://www.contraloria.cl/pdfbuscador/auditoria/f86609a1991f661641564f4fe8dde14d/html,06,PAREDONES,https://www.contraloria.cl/SicaProd/SICAv3-BIFAPortalCGR/faces/newDetalleInforme?docIdcm=f86609a1991f661641564f4fe8dde14d,C,Informe de Investigación Especial,22785,https://www.contraloria.cl/SicaProd/SICAv3-BIFAPortalCGR/servletfichainformegoogle?docIdcm=f86609a1991f661641564f4fe8dde14d&pdf=1
59231,06206,2019-12-31 00:00:00.0,MUNICIPALIDAD DE PAREDONES,2019,910,INFORME FINAL 910-19-MUNICIPALIDAD DE PAREDONES-AUDITORÍA INGRESOS PROPIOS ASOCIADOS A PERMISOS EDIFICACIÓN-DICIEMBRE 2019,https://www.contraloria.cl/pdfbuscador/auditoria/328a028d213be8e09339508d86c15efc/html,06,PAREDONES,https://www.contraloria.cl/SicaProd/SICAv3-BIFAPortalCGR/faces/newDetalleInforme?docIdcm=328a028d213be8e09339508d86c15efc,C,Informe Final de Auditoría,30946,https://www.contraloria.cl/SicaProd/SICAv3-BIFAPortalCGR/servletfichainformegoogle?docIdcm=328a028d213be8e09339508d86c15efc&pdf=1