IDACTIVIDAD,CODIGOSUBDERE,FECHAINFORME,NOMBRESERVICIO,ANOINFORME,NUMEROINFORME,MATERIAINFORME,FICHAINFORMEBIFA,C_REG_SUBDERE,NOMBRESUBDERE,FICHAINFORME,TIPOSUBDERE,TIPOINFORME,IDINFORME,PDFINFORME
28352,13121,2015-11-05 00:00:00.0,MUNICIPALIDAD DE PEDRO AGUIRRE CERDA,2015,433,INFORME FINAL 433-15 MUNICIPALIDAD DE PEDRO AGUIRRE CERDA SOBRE AUDITORIA A LOS CONTRATOS DE OBRA FINANCIADOS CON EL FONDO NACIONAL DE DESARROLLO REGIONAL – NOVIEMBRE 2015,https://www.contraloria.cl/pdfbuscador/auditoria/b095844120e3ca43404bcd3770e88d8c/html,13,PEDRO AGUIRRE CERDA,https://www.contraloria.cl/SicaProd/SICAv3-BIFAPortalCGR/faces/newDetalleInforme?docIdcm=b095844120e3ca43404bcd3770e88d8c,C,Informe Final de Auditoría,15856,https://www.contraloria.cl/SicaProd/SICAv3-BIFAPortalCGR/servletfichainformegoogle?docIdcm=b095844120e3ca43404bcd3770e88d8c&pdf=1
28394,13121,2015-12-01 00:00:00.0,MUNICIPALIDAD DE PEDRO AGUIRRE CERDA,2015,800,"INFORME FINAL 800-15 MUNICIPALIDAD DE PEDRO AGUIRRE CERDA - SOBRE AUDITORIA A LOS PROGRAMAS SUBSIDIO DE AGUA POTABLE, MAS CAPAZ, Y OPD - DICIEMBRE 2015",https://www.contraloria.cl/pdfbuscador/auditoria/b250060f6a0ea5a0784b98b119141815/html,13,PEDRO AGUIRRE CERDA,https://www.contraloria.cl/SicaProd/SICAv3-BIFAPortalCGR/faces/newDetalleInforme?docIdcm=b250060f6a0ea5a0784b98b119141815,C,Informe Final de Auditoría,16396,https://www.contraloria.cl/SicaProd/SICAv3-BIFAPortalCGR/servletfichainformegoogle?docIdcm=b250060f6a0ea5a0784b98b119141815&pdf=1
40617,13121,2017-08-24 00:00:00.0,MUNICIPALIDAD DE PEDRO AGUIRRE CERDA,2016,97,"INFORME FINAL DE INSPECCIÓN DE OBRA PÚBLICA N°97, DE 2017, MUNICIPALIDAD DE PEDRO AGUIRRE CERDA, CONTRATO CONSTRUCCIÓN COMPLEJO DEPORTIVO ESTADIO DÁVILA. AGOSTO_2017",https://www.contraloria.cl/pdfbuscador/auditoria/9c24ab5003ed90ef97a1664feed606f3/html,13,PEDRO AGUIRRE CERDA,https://www.contraloria.cl/SicaProd/SICAv3-BIFAPortalCGR/faces/newDetalleInforme?docIdcm=9c24ab5003ed90ef97a1664feed606f3,C,Informe de Inspección de Obra Pública,21631,https://www.contraloria.cl/SicaProd/SICAv3-BIFAPortalCGR/servletfichainformegoogle?docIdcm=9c24ab5003ed90ef97a1664feed606f3&pdf=1
34347,13121,2016-07-15 00:00:00.0,MUNICIPALIDAD DE PEDRO AGUIRRE CERDA,2016,162,"INFORME FINAL 162-16 MUNICIPALIDAD DE PEDRO AGUIRRE CERDA - SOBRE AUDITORIA AL MACROPROCESO DE CONCESIONES, Y EL CUMPLIMIENTO DE LA LEY N° 20.730 - JULIO 2016",https://www.contraloria.cl/pdfbuscador/auditoria/2b351ea5753b59ff7ecee1242ad21372/html,13,PEDRO AGUIRRE CERDA,https://www.contraloria.cl/SicaProd/SICAv3-BIFAPortalCGR/faces/newDetalleInforme?docIdcm=2b351ea5753b59ff7ecee1242ad21372,C,Informe Final de Auditoría,18467,https://www.contraloria.cl/SicaProd/SICAv3-BIFAPortalCGR/servletfichainformegoogle?docIdcm=2b351ea5753b59ff7ecee1242ad21372&pdf=1
42413,13121,2017-11-29 00:00:00.0,DEPARTAMENTO DE SALUD DE PEDRO AGUIRRE CERDA,2017,489,INFORME FINAL N° 489-17 - DEPARTAMENTO DE SALUD DE PEDRO AGUIRRE CERDA - SOBRE AUDITORIA A LAS FUNCIONES INSTITUCIONALES EN LAS PRESTACIONES A USUARIOS FINALES - NOVIEMBRE 2017,https://www.contraloria.cl/pdfbuscador/auditoria/206aeaf4fbb83c21c52e6dc4841e9d40/html,13,PEDRO AGUIRRE CERDA,https://www.contraloria.cl/SicaProd/SICAv3-BIFAPortalCGR/faces/newDetalleInforme?docIdcm=206aeaf4fbb83c21c52e6dc4841e9d40,C,Informe Final de Auditoría,22275,https://www.contraloria.cl/SicaProd/SICAv3-BIFAPortalCGR/servletfichainformegoogle?docIdcm=206aeaf4fbb83c21c52e6dc4841e9d40&pdf=1
46533,13121,2018-01-04 00:00:00.0,MUNICIPALIDAD DE PEDRO AGUIRRE CERDA,2017,897,INFORME INVESTIGACIÓN ESPECIAL 897-2017 MUNICIPALIDAD DE PEDRO AGUIRRE CERDA SOBRE EVENTUALES IRREGULARIDADES EN EL FINANCIAMIENTO DEL PROGRAMA DE MEJORAMIENTO DE LA GESTIÓN MUNICIPAL-ENERO 2018,https://www.contraloria.cl/pdfbuscador/auditoria/310113efcfeecfa233ffcf80d40e4ef7/html,13,PEDRO AGUIRRE CERDA,https://www.contraloria.cl/SicaProd/SICAv3-BIFAPortalCGR/faces/newDetalleInforme?docIdcm=310113efcfeecfa233ffcf80d40e4ef7,C,Informe de Investigación Especial,22921,https://www.contraloria.cl/SicaProd/SICAv3-BIFAPortalCGR/servletfichainformegoogle?docIdcm=310113efcfeecfa233ffcf80d40e4ef7&pdf=1
57180,13121,2019-10-14 00:00:00.0,MUNICIPALIDAD DE PEDRO AGUIRRE CERDA,2019,548,"INFORME FINAL 548-19 MUNICIPALIDAD DE PEDRO AGUIRRE CERDA AUDITORIA AL ESTADO DE LA INFRAESTRUCTURA DE LOS CENTROS DE ATENCION PRIMARIA DE SALUD, APS - OCTUBRE 2019",https://www.contraloria.cl/pdfbuscador/auditoria/378c0d48f7e126c4a3926d2e9e717c1b/html,13,PEDRO AGUIRRE CERDA,https://www.contraloria.cl/SicaProd/SICAv3-BIFAPortalCGR/faces/newDetalleInforme?docIdcm=378c0d48f7e126c4a3926d2e9e717c1b,C,Informe Final de Auditoría,30058,https://www.contraloria.cl/SicaProd/SICAv3-BIFAPortalCGR/servletfichainformegoogle?docIdcm=378c0d48f7e126c4a3926d2e9e717c1b&pdf=1
58488,13121,2019-10-11 00:00:00.0,MUNICIPALIDAD DE PEDRO AGUIRRE CERDA,2019,604,"INFORME FINAL 604-2019 MUNICIPALIDAD DE PEDRO AGUIRRE CERDA INSPECCIÓN A LAS OBRAS DEL CONTRATO DENOMINADO ""REPOSICIÓN ESCUELA REPÚBLICA MEXICANA N°478, COMUNA DE PEDRO AGUIRRE CERDA""- OCTUBRE 2019",https://www.contraloria.cl/pdfbuscador/auditoria/bfa19b43301f9ffa260cd0b409452701/html,13,PEDRO AGUIRRE CERDA,https://www.contraloria.cl/SicaProd/SICAv3-BIFAPortalCGR/faces/newDetalleInforme?docIdcm=bfa19b43301f9ffa260cd0b409452701,C,Informe de Inspección de Obra Pública,30050,https://www.contraloria.cl/SicaProd/SICAv3-BIFAPortalCGR/servletfichainformegoogle?docIdcm=bfa19b43301f9ffa260cd0b409452701&pdf=1