IDACTIVIDAD,CODIGOSUBDERE,FECHAINFORME,NOMBRESERVICIO,ANOINFORME,NUMEROINFORME,MATERIAINFORME,FICHAINFORMEBIFA,C_REG_SUBDERE,NOMBRESUBDERE,FICHAINFORME,TIPOSUBDERE,TIPOINFORME,IDINFORME,PDFINFORME
25850,08107,2015-06-24 00:00:00.0,MUNICIPALIDAD DE PENCO,2015,42,INFORME INVESTIGACIÓN ESPECIAL 42 - 15 MUNICIPALIDAD DE PENCO SOBRE CONSTRUCCIÓN PASARELA PLAYA PENCO  - JUNIO 2015,https://www.contraloria.cl/pdfbuscador/auditoria/4ce4cab35c77123ee48abb1d21294270/html,08,PENCO,https://www.contraloria.cl/SicaProd/SICAv3-BIFAPortalCGR/faces/newDetalleInforme?docIdcm=4ce4cab35c77123ee48abb1d21294270,C,Informe de Investigación Especial,14217,https://www.contraloria.cl/SicaProd/SICAv3-BIFAPortalCGR/servletfichainformegoogle?docIdcm=4ce4cab35c77123ee48abb1d21294270&pdf=1
27266,08107,2015-05-20 00:00:00.0,MUNICIPALIDAD DE PENCO,2015,62,INFORME INVESTIGACIÓN ESPECIAL 62 - 15 MUNICIPALIDAD DE PENCO SOBRE EVENTUALES IRREGULARIDADES - MAYO 2015,https://www.contraloria.cl/pdfbuscador/auditoria/0d8d15c7de3f572c092a79d716387ce6/html,08,PENCO,https://www.contraloria.cl/SicaProd/SICAv3-BIFAPortalCGR/faces/newDetalleInforme?docIdcm=0d8d15c7de3f572c092a79d716387ce6,C,Informe de Investigación Especial,13908,https://www.contraloria.cl/SicaProd/SICAv3-BIFAPortalCGR/servletfichainformegoogle?docIdcm=0d8d15c7de3f572c092a79d716387ce6&pdf=1
28522,08107,2015-10-16 00:00:00.0,DEPARTAMENTO DE ADMINISTRACION DE SALUD MUNICIPAL DE PENCO,2015,830,INFORME FINAL 830-15 MUNICIPALIDAD DE PENCO SOBRE ADQUISICIONES DE BIENES Y SERVICIOS EN DAS - OCTUBRE 2015,https://www.contraloria.cl/pdfbuscador/auditoria/9fb6cff2948eb244acf78e6ba2590474/html,08,PENCO,https://www.contraloria.cl/SicaProd/SICAv3-BIFAPortalCGR/faces/newDetalleInforme?docIdcm=9fb6cff2948eb244acf78e6ba2590474,C,Informe Final de Auditoría,15359,https://www.contraloria.cl/SicaProd/SICAv3-BIFAPortalCGR/servletfichainformegoogle?docIdcm=9fb6cff2948eb244acf78e6ba2590474&pdf=1
34701,08107,2016-10-12 00:00:00.0,MUNICIPALIDAD DE PENCO,2016,353,INFORME FINAL 353-16 MUNICIPALIDAD DE PENCO - AUDITORÍA AL PROCESO DE OTORGAMIENTO DE LICENCIAS DE CONDUCIR - OCTUBRE 2016,https://www.contraloria.cl/pdfbuscador/auditoria/03e6d97d5679a8d878ae11e8c746354e/html,08,PENCO,https://www.contraloria.cl/SicaProd/SICAv3-BIFAPortalCGR/faces/newDetalleInforme?docIdcm=03e6d97d5679a8d878ae11e8c746354e,C,Informe Final de Auditoría,19134,https://www.contraloria.cl/SicaProd/SICAv3-BIFAPortalCGR/servletfichainformegoogle?docIdcm=03e6d97d5679a8d878ae11e8c746354e&pdf=1
37158,08107,2016-09-22 00:00:00.0,MUNICIPALIDAD DE PENCO,2016,371,INFORME INVESTIGACIÓN ESPECIAL 371 - 16  MUNICIPALIDAD DE  PENCO SOBRE ANOMALÍAS EN EL CUMPLIMIENTO DE LABORES DE SERVIDORA A HONORARIOS  - SEPTIEMBRE 2016,https://www.contraloria.cl/pdfbuscador/auditoria/0790cdd35d81f6d5cb68f748834dbc06/html,08,PENCO,https://www.contraloria.cl/SicaProd/SICAv3-BIFAPortalCGR/faces/newDetalleInforme?docIdcm=0790cdd35d81f6d5cb68f748834dbc06,C,Informe de Investigación Especial,18938,https://www.contraloria.cl/SicaProd/SICAv3-BIFAPortalCGR/servletfichainformegoogle?docIdcm=0790cdd35d81f6d5cb68f748834dbc06&pdf=1
46770,08107,2017-12-18 00:00:00.0,MUNICIPALIDAD DE PENCO,2017,841,INFORME FINAL 841 DE 2017 MUNICIPALIDAD DE PENCO - AUDITORÍA AL PROCESO DE ADQUISICIONES DE BIENES Y SERVICIOS - DICIEMBRE 2017,https://www.contraloria.cl/pdfbuscador/auditoria/b241c3780b1b82b10008704e9fb052a8/html,08,PENCO,https://www.contraloria.cl/SicaProd/SICAv3-BIFAPortalCGR/faces/newDetalleInforme?docIdcm=b241c3780b1b82b10008704e9fb052a8,C,Informe Final de Auditoría,22474,https://www.contraloria.cl/SicaProd/SICAv3-BIFAPortalCGR/servletfichainformegoogle?docIdcm=b241c3780b1b82b10008704e9fb052a8&pdf=1
55387,08107,2019-11-29 00:00:00.0,DEPARTAMENTO DE ADMINISTRACION DE EDUCACION MUNICIPAL DE PENCO,2019,135,INFORME FINAL 135-19 DAEM MUNICIPALIDAD DE PENCO AUDITORÍA A LOS PROCESOS DE RECUPERACIÓN DE SUBSIDIOS DE INCAPACIDAD LABORAL Y GASTOS EN HONORARIOS - NOVIEMBRE 2019,https://www.contraloria.cl/pdfbuscador/auditoria/956600e03a70587f5341215a9a49cd90/html,08,PENCO,https://www.contraloria.cl/SicaProd/SICAv3-BIFAPortalCGR/faces/newDetalleInforme?docIdcm=956600e03a70587f5341215a9a49cd90,C,Informe Final de Auditoría,30452,https://www.contraloria.cl/SicaProd/SICAv3-BIFAPortalCGR/servletfichainformegoogle?docIdcm=956600e03a70587f5341215a9a49cd90&pdf=1