IDACTIVIDAD,CODIGOSUBDERE,FECHAINFORME,NOMBRESERVICIO,ANOINFORME,NUMEROINFORME,MATERIAINFORME,FICHAINFORMEBIFA,C_REG_SUBDERE,NOMBRESUBDERE,FICHAINFORME,TIPOSUBDERE,TIPOINFORME,IDINFORME,PDFINFORME
31656,05404,2015-11-04 00:00:00.0,MUNICIPALIDAD DE PETORCA,2015,889,INFORME INVESTIGACIÓN ESPECIAL 889-15 MUNICIPALIDAD DE PETORCA SOBRE PAGO DE VIÁTICOS - NOVIEMBRE 2015,https://www.contraloria.cl/pdfbuscador/auditoria/5bb3eca2372f46699c354f80687fdc2a/html,05,PETORCA,https://www.contraloria.cl/SicaProd/SICAv3-BIFAPortalCGR/faces/newDetalleInforme?docIdcm=5bb3eca2372f46699c354f80687fdc2a,C,Informe de Investigación Especial,15796,https://www.contraloria.cl/SicaProd/SICAv3-BIFAPortalCGR/servletfichainformegoogle?docIdcm=5bb3eca2372f46699c354f80687fdc2a&pdf=1
32820,05404,2016-04-18 00:00:00.0,MUNICIPALIDAD DE PETORCA,2015,1340,INFORME INVESTIGACIÓN ESPECIAL 1.340-15 MUNICIPALIDAD DE PETORCA SOBRE PRESUNTAS IRREGULARIDADES - ABRIL 2016,https://www.contraloria.cl/pdfbuscador/auditoria/c6c72bbcd9f683a7e08540cbcb8afd54/html,05,PETORCA,https://www.contraloria.cl/SicaProd/SICAv3-BIFAPortalCGR/faces/newDetalleInforme?docIdcm=c6c72bbcd9f683a7e08540cbcb8afd54,C,Informe de Investigación Especial,17821,https://www.contraloria.cl/SicaProd/SICAv3-BIFAPortalCGR/servletfichainformegoogle?docIdcm=c6c72bbcd9f683a7e08540cbcb8afd54&pdf=1
48560,05404,2018-07-25 00:00:00.0,MUNICIPALIDAD DE PETORCA,2018,73,INFORME FINAL DE INVESTIGACIÓN ESPECIAL 73-18 MUNICIPALIDAD DE PETORCA SOBRE EVENTUALES IRREGULARIDADES EN LA ENTREGA DE UN BONO - JULIO 2018,https://www.contraloria.cl/pdfbuscador/auditoria/79de6c24596b86e6255a3eb0307cd07e/html,05,PETORCA,https://www.contraloria.cl/SicaProd/SICAv3-BIFAPortalCGR/faces/newDetalleInforme?docIdcm=79de6c24596b86e6255a3eb0307cd07e,C,Informe de Investigación Especial,24961,https://www.contraloria.cl/SicaProd/SICAv3-BIFAPortalCGR/servletfichainformegoogle?docIdcm=79de6c24596b86e6255a3eb0307cd07e&pdf=1
49303,05404,2018-09-11 00:00:00.0,MUNICIPALIDAD DE PETORCA,2018,200,INFORME FINAL 200-18 MUNICIPALIDAD DE PETORCA SOBRE AUDITORÍA A LOS INGRESOS PERCIBIDOS Y GASTOS EJECUTADOS - SEPTIEMBRE 2018,https://www.contraloria.cl/pdfbuscador/auditoria/2f8be7eed08de2d9cd25cf03b8f319fe/html,05,PETORCA,https://www.contraloria.cl/SicaProd/SICAv3-BIFAPortalCGR/faces/newDetalleInforme?docIdcm=2f8be7eed08de2d9cd25cf03b8f319fe,C,Informe Final de Auditoría,25923,https://www.contraloria.cl/SicaProd/SICAv3-BIFAPortalCGR/servletfichainformegoogle?docIdcm=2f8be7eed08de2d9cd25cf03b8f319fe&pdf=1
55088,05404,2018-12-27 00:00:00.0,MUNICIPALIDAD DE PETORCA,2018,1044,INFORME DE INSPECCIÓN DE OBRA PÚBLICA 1.044-18 MUNICIPALIDAD DE PETORCA SOBRE MEJORAMIENTO PLAZA DE ARMAS - DICIEMBRE 2018,https://www.contraloria.cl/pdfbuscador/auditoria/0c711eae6951e05c8dc0459161578424/html,05,PETORCA,https://www.contraloria.cl/SicaProd/SICAv3-BIFAPortalCGR/faces/newDetalleInforme?docIdcm=0c711eae6951e05c8dc0459161578424,C,Informe de Inspección de Obra Pública,27243,https://www.contraloria.cl/SicaProd/SICAv3-BIFAPortalCGR/servletfichainformegoogle?docIdcm=0c711eae6951e05c8dc0459161578424&pdf=1
53552,05404,2019-11-21 00:00:00.0,MUNICIPALIDAD DE PETORCA,2019,152,INFORME FINAL DE INVESTIGACIÓN ESPECIAL 152-19 MUNICIPALIDAD DE PETORCA SOBRE EVENTUALES IRREGULARIDADES - NOVIEMBRE 2019,https://www.contraloria.cl/pdfbuscador/auditoria/5a25d1adb1ae9f15a41a9f43968b4758/html,05,PETORCA,https://www.contraloria.cl/SicaProd/SICAv3-BIFAPortalCGR/faces/newDetalleInforme?docIdcm=5a25d1adb1ae9f15a41a9f43968b4758,C,Informe de Investigación Especial,30360,https://www.contraloria.cl/SicaProd/SICAv3-BIFAPortalCGR/servletfichainformegoogle?docIdcm=5a25d1adb1ae9f15a41a9f43968b4758&pdf=1
59316,05404,2020-01-02 00:00:00.0,DEPARTAMENTO DE SALUD DE PETORCA,2019,1066,INFORME FINAL DE INVESTIGACIÓN ESPECIAL 1.066-19 DEPARTAMENTO DE SALUD DE PETORCA SOBRE EVENTUALES IRREGULARIDADES - ENERO 2020,https://www.contraloria.cl/pdfbuscador/auditoria/fe82cde03c17928e159ce6b9731009e3/html,05,PETORCA,https://www.contraloria.cl/SicaProd/SICAv3-BIFAPortalCGR/faces/newDetalleInforme?docIdcm=fe82cde03c17928e159ce6b9731009e3,C,Informe de Investigación Especial,30865,https://www.contraloria.cl/SicaProd/SICAv3-BIFAPortalCGR/servletfichainformegoogle?docIdcm=fe82cde03c17928e159ce6b9731009e3&pdf=1