IDACTIVIDAD,CODIGOSUBDERE,FECHAINFORME,NOMBRESERVICIO,ANOINFORME,NUMEROINFORME,MATERIAINFORME,FICHAINFORMEBIFA,C_REG_SUBDERE,NOMBRESUBDERE,FICHAINFORME,TIPOSUBDERE,TIPOINFORME,IDINFORME,PDFINFORME
28350,13605,2016-02-01 00:00:00.0,MUNICIPALIDAD DE PEÑAFLOR,2015,466,INFORME FINAL 466-15 MUNICIPALIDAD DE PEÑAFLOR SOBRE CONTRATOS DE OBRA FINANCIADOS POR FONDO NACIONAL DE DESARROLLO REGIONAL-ENERO 2016,https://www.contraloria.cl/pdfbuscador/auditoria/d4b08c24437ed7435607dd46145ca11f/html,13,PEÑAFLOR,https://www.contraloria.cl/SicaProd/SICAv3-BIFAPortalCGR/faces/newDetalleInforme?docIdcm=d4b08c24437ed7435607dd46145ca11f,C,Informe Final de Auditoría,17151,https://www.contraloria.cl/SicaProd/SICAv3-BIFAPortalCGR/servletfichainformegoogle?docIdcm=d4b08c24437ed7435607dd46145ca11f&pdf=1
30714,13605,2015-08-20 00:00:00.0,MUNICIPALIDAD DE PEÑAFLOR,2015,702,INVESTIGACION ESPECIAL 702-15 MUNICIPALIDAD DE PEÑAFLOR - SOBRE SUPUESTAS IRREGULARIDADES EN LAS ADQUISICIONES - AGOSTO 2015,https://www.contraloria.cl/pdfbuscador/auditoria/6b6c72c1fb04abef6a7c81f91a05eced/html,13,PEÑAFLOR,https://www.contraloria.cl/SicaProd/SICAv3-BIFAPortalCGR/faces/newDetalleInforme?docIdcm=6b6c72c1fb04abef6a7c81f91a05eced,C,Informe de Investigación Especial,14581,https://www.contraloria.cl/SicaProd/SICAv3-BIFAPortalCGR/servletfichainformegoogle?docIdcm=6b6c72c1fb04abef6a7c81f91a05eced&pdf=1
28391,13605,2015-12-02 00:00:00.0,DEPARTAMENTO DE SALUD DE PEÑAFLOR,2015,874,INFORME FINAL 874-15 DEPARTAMENTO DE SALUD DE PEÑAFLOR - SOBRE AUDITORIA AL PROGRAMA DE SERVICIO DE ATENCION PRIMARIA DE URGENCIA SAPU - DICIEMBRE 2015,https://www.contraloria.cl/pdfbuscador/auditoria/f3f159a7470cef0a62185127dcac69ff/html,13,PEÑAFLOR,https://www.contraloria.cl/SicaProd/SICAv3-BIFAPortalCGR/faces/newDetalleInforme?docIdcm=f3f159a7470cef0a62185127dcac69ff,C,Informe Final de Auditoría,16439,https://www.contraloria.cl/SicaProd/SICAv3-BIFAPortalCGR/servletfichainformegoogle?docIdcm=f3f159a7470cef0a62185127dcac69ff&pdf=1
34553,13605,2016-11-30 00:00:00.0,MUNICIPALIDAD DE PEÑAFLOR,2016,643,INFORME FINAL 643-16 MUNICIPALIDAD DE PEÑAFLOR - SOBRE AUDITORIA AL MACROPROCESO DE TECNOLOGÍAS DE INFORMACIÓN Y CUMPLIMIENTO DE LA LEY N° 20.730 - NOVIEMBRE 2016,https://www.contraloria.cl/pdfbuscador/auditoria/686aeeba1fd1d23adb9b0840b6ffb0b1/html,13,PEÑAFLOR,https://www.contraloria.cl/SicaProd/SICAv3-BIFAPortalCGR/faces/newDetalleInforme?docIdcm=686aeeba1fd1d23adb9b0840b6ffb0b1,C,Informe Final de Auditoría,19699,https://www.contraloria.cl/SicaProd/SICAv3-BIFAPortalCGR/servletfichainformegoogle?docIdcm=686aeeba1fd1d23adb9b0840b6ffb0b1&pdf=1
34326,13605,2016-10-21 00:00:00.0,MUNICIPALIDAD DE PEÑAFLOR,2016,676,INFORME FINAL 676-16 MUNICIPALIDAD DE PEÑAFLOR - AUDITORÍA AL GASTO EN PERIODO ELECTORAL - USO DE BIENES - VEHÍCULOS - RRHH - RECURSOS FÍSICOS Y FINANCIEROS - OCTUBRE 2016,https://www.contraloria.cl/pdfbuscador/auditoria/3244562515d357099581d1f21a9bb525/html,13,PEÑAFLOR,https://www.contraloria.cl/SicaProd/SICAv3-BIFAPortalCGR/faces/newDetalleInforme?docIdcm=3244562515d357099581d1f21a9bb525,C,Informe Final de Auditoría,19229,https://www.contraloria.cl/SicaProd/SICAv3-BIFAPortalCGR/servletfichainformegoogle?docIdcm=3244562515d357099581d1f21a9bb525&pdf=1
41720,13605,2017-08-07 00:00:00.0,MUNICIPALIDAD DE PEÑAFLOR,2017,300,INFORME FINAL N° 300-17 - MUNICIPALIDAD DE PEÑAFLOR - SOBRE AUDITORIA AL MACROPROCESO DE ADQUISICIONES Y ABASTECIMIENTO - AGOSTO 2017,https://www.contraloria.cl/pdfbuscador/auditoria/313c48c713a6cf2a5c84683bc8db15ca/html,13,PEÑAFLOR,https://www.contraloria.cl/SicaProd/SICAv3-BIFAPortalCGR/faces/newDetalleInforme?docIdcm=313c48c713a6cf2a5c84683bc8db15ca,C,Informe Final de Auditoría,21536,https://www.contraloria.cl/SicaProd/SICAv3-BIFAPortalCGR/servletfichainformegoogle?docIdcm=313c48c713a6cf2a5c84683bc8db15ca&pdf=1
57181,13605,2019-09-16 00:00:00.0,MUNICIPALIDAD DE PEÑAFLOR,2019,453,"INFORME FINAL N° 453 DE 2019, MUNICIPALIDAD DE PEÑAFLOR SOBRE AUDITORÍA AL ESTADO DE LA INFRAESTRUCTURA DE LOS ESTABLECIMIENTOS DE ATENCIÓN PRIMARIA DE SALUD, APS SEPTIEMBRE - 2019",https://www.contraloria.cl/pdfbuscador/auditoria/67b2f76474ffb7d9a088f9c04c52b6e4/html,13,PEÑAFLOR,https://www.contraloria.cl/SicaProd/SICAv3-BIFAPortalCGR/faces/newDetalleInforme?docIdcm=67b2f76474ffb7d9a088f9c04c52b6e4,C,Informe Final de Auditoría,29928,https://www.contraloria.cl/SicaProd/SICAv3-BIFAPortalCGR/servletfichainformegoogle?docIdcm=67b2f76474ffb7d9a088f9c04c52b6e4&pdf=1
67325,13605,2020-05-04 00:00:00.0,MUNICIPALIDAD DE PEÑAFLOR,2020,117,"INFORME FINAL DE INSPECCIÓN DE OBRA PÚBLICA N°117-2020 MUNICIPALIDAD DE PEÑAFLOR-SOBRE INSPECCIÓN A LAS OBRAS DEL CONTRATO DENOMINADO “CONSTRUCCIÓN CICLOVÍAS MALLOQUITO-LOS ROSALES -BILBAO, COMUNA DE PEÑAFLOR"" MAYO 2020",https://www.contraloria.cl/pdfbuscador/auditoria/000edf54f598e3071a44c09b78a430ec/html,13,PEÑAFLOR,https://www.contraloria.cl/SicaProd/SICAv3-BIFAPortalCGR/faces/newDetalleInforme?docIdcm=000edf54f598e3071a44c09b78a430ec,C,Informe de Inspección de Obra Pública,32408,https://www.contraloria.cl/SicaProd/SICAv3-BIFAPortalCGR/servletfichainformegoogle?docIdcm=000edf54f598e3071a44c09b78a430ec&pdf=1