IDACTIVIDAD,CODIGOSUBDERE,FECHAINFORME,NOMBRESERVICIO,ANOINFORME,NUMEROINFORME,MATERIAINFORME,FICHAINFORMEBIFA,C_REG_SUBDERE,NOMBRESUBDERE,FICHAINFORME,TIPOSUBDERE,TIPOINFORME,IDINFORME,PDFINFORME
30352,13122,2015-09-25 00:00:00.0,MUNICIPALIDAD DE PEÑALOLEN,2015,406,INFORME FINAL DE INVESTIGACION ESPECIAL 406-15 MUNICIPALIDAD DE PEÑALOLEN SOBRE LA OBRA CONSTRUCCION PARQUE LAS PERDICES - SEPTIEMBRE 2015,https://www.contraloria.cl/pdfbuscador/auditoria/8d664aed486e8b7e2bc5c7e020bc97f6/html,13,PEÑALOLEN,https://www.contraloria.cl/SicaProd/SICAv3-BIFAPortalCGR/faces/newDetalleInforme?docIdcm=8d664aed486e8b7e2bc5c7e020bc97f6,C,Informe de Investigación Especial,14968,https://www.contraloria.cl/SicaProd/SICAv3-BIFAPortalCGR/servletfichainformegoogle?docIdcm=8d664aed486e8b7e2bc5c7e020bc97f6&pdf=1
28580,13122,2015-10-07 00:00:00.0,MUNICIPALIDAD DE PEÑALOLEN,2015,618,INFORME FINAL 618-15 MUNICIPALIDAD DE PEÑALOLEN - SOBRE AUDITORIA A LAS CONTRATACIONES DE HONORARIOS EN PROGRAMAS COMUNITARIOS - OCTUBRE 2015,https://www.contraloria.cl/pdfbuscador/auditoria/46c54063bfa35877f249f83ed9f60710/html,13,PEÑALOLEN,https://www.contraloria.cl/SicaProd/SICAv3-BIFAPortalCGR/faces/newDetalleInforme?docIdcm=46c54063bfa35877f249f83ed9f60710,C,Informe Final de Auditoría,15043,https://www.contraloria.cl/SicaProd/SICAv3-BIFAPortalCGR/servletfichainformegoogle?docIdcm=46c54063bfa35877f249f83ed9f60710&pdf=1
32469,13122,2016-01-20 00:00:00.0,MUNICIPALIDAD DE PEÑALOLEN,2015,1003,INVESTIGACION ESPECIAL 1003-15 MUNICIPALIDAD DE PEÑALOLEN - SOBRE ADQUISICION DE LETREROS PUBLICITARIOS - ENERO 2016,https://www.contraloria.cl/pdfbuscador/auditoria/807150ad16c9c2c12123b3c2606e9320/html,13,PEÑALOLEN,https://www.contraloria.cl/SicaProd/SICAv3-BIFAPortalCGR/faces/newDetalleInforme?docIdcm=807150ad16c9c2c12123b3c2606e9320,C,Informe de Investigación Especial,17060,https://www.contraloria.cl/SicaProd/SICAv3-BIFAPortalCGR/servletfichainformegoogle?docIdcm=807150ad16c9c2c12123b3c2606e9320&pdf=1
32031,13122,2016-02-04 00:00:00.0,CORPORACION MUNICIPAL PARA EL DESARROLLO SOCIAL DE PEÑALOLEN,2015,1192,"INFORME FINAL 1.192-15 CORPORACION MUNICIPAL DE PEÑALOLEN - SOBRE AUDITORIA A LOS RECURSOS DE LA LEY N° 20.248, SUBVENCION ESCOLAR PREFERENCIAL SEP - FEBRERO 2016",https://www.contraloria.cl/pdfbuscador/auditoria/0f6a877740e5ded66d3b5edea20b480c/html,13,PEÑALOLEN,https://www.contraloria.cl/SicaProd/SICAv3-BIFAPortalCGR/faces/newDetalleInforme?docIdcm=0f6a877740e5ded66d3b5edea20b480c,C,Informe Final de Auditoría,17150,https://www.contraloria.cl/SicaProd/SICAv3-BIFAPortalCGR/servletfichainformegoogle?docIdcm=0f6a877740e5ded66d3b5edea20b480c&pdf=1
34395,13122,2016-11-25 00:00:00.0,MUNICIPALIDAD DE PEÑALOLEN,2016,313,INFORME FINAL 313-16 MUNICIPALIDAD DE PEÑALOLÉN - SOBRE AUDITORIA A LOS INGRESOS POR PERCIBIR Y CUMPLIMIENTO DE LA LEY 20.730 - NOVIEMBRE 2016,https://www.contraloria.cl/pdfbuscador/auditoria/1cdc3f763f2d7cddeef89dab50cac834/html,13,PEÑALOLEN,https://www.contraloria.cl/SicaProd/SICAv3-BIFAPortalCGR/faces/newDetalleInforme?docIdcm=1cdc3f763f2d7cddeef89dab50cac834,C,Informe Final de Auditoría,19628,https://www.contraloria.cl/SicaProd/SICAv3-BIFAPortalCGR/servletfichainformegoogle?docIdcm=1cdc3f763f2d7cddeef89dab50cac834&pdf=1
34319,13122,2016-10-17 00:00:00.0,MUNICIPALIDAD DE PEÑALOLEN,2016,674,INFORME FINAL 674-16 MUNICIPALIDAD DE PEÑALOLÉN - AUDITORÍA AL GASTO EN PERÍODO ELECTORAL - USO DE BIENES - VEHÍCULOS - RRHH - RECURSOS FÍSICOS Y FINANCIEROS - OCTUBRE 2016,https://www.contraloria.cl/pdfbuscador/auditoria/1360498bffe62e4f9c2bcf2f1e5a3b29/html,13,PEÑALOLEN,https://www.contraloria.cl/SicaProd/SICAv3-BIFAPortalCGR/faces/newDetalleInforme?docIdcm=1360498bffe62e4f9c2bcf2f1e5a3b29,C,Informe Final de Auditoría,19172,https://www.contraloria.cl/SicaProd/SICAv3-BIFAPortalCGR/servletfichainformegoogle?docIdcm=1360498bffe62e4f9c2bcf2f1e5a3b29&pdf=1
37836,13122,2016-12-30 00:00:00.0,MUNICIPALIDAD DE PEÑALOLEN,2016,958,INFORME FINAL 958-2016 CONSTRUCCIÓN CENTRO CEREMONIAL PUEBLOS ORIGINARIOS MUNICIPALIDAD DE PEÑALOLEN ,https://www.contraloria.cl/pdfbuscador/auditoria/eac5a01529304edd587fc5709d63f309/html,13,PEÑALOLEN,https://www.contraloria.cl/SicaProd/SICAv3-BIFAPortalCGR/faces/newDetalleInforme?docIdcm=eac5a01529304edd587fc5709d63f309,C,Informe de Inspección de Obra Pública,20353,https://www.contraloria.cl/SicaProd/SICAv3-BIFAPortalCGR/servletfichainformegoogle?docIdcm=eac5a01529304edd587fc5709d63f309&pdf=1
46320,13122,2017-11-28 00:00:00.0,MUNICIPALIDAD DE PEÑALOLEN,2017,714,INFORME FINAL 714-2017 MUNICIPALIDAD DE PEÑALOLEN SOBRE EVENTUALES IRREGULARIDADES RELACIONADAS CON EL USO DE VEHÍCULOS MUNICIPALES ASIGNADOS A LOS CONCEJALES NOVIEMBRE 2017,https://www.contraloria.cl/pdfbuscador/auditoria/e53cca1cdb9a023555cb5167a26bc6b5/html,13,PEÑALOLEN,https://www.contraloria.cl/SicaProd/SICAv3-BIFAPortalCGR/faces/newDetalleInforme?docIdcm=e53cca1cdb9a023555cb5167a26bc6b5,C,Informe de Investigación Especial,22295,https://www.contraloria.cl/SicaProd/SICAv3-BIFAPortalCGR/servletfichainformegoogle?docIdcm=e53cca1cdb9a023555cb5167a26bc6b5&pdf=1
50670,13122,2018-11-19 00:00:00.0,MUNICIPALIDAD DE PEÑALOLEN,2018,544,INFORME FINAL 544 DE 2018 MUNICIPALIDAD DE PEÑALOLÉN SOBRE AUDITORIA AL PROCESO DE OTORGAMIENTO DE PERMISO DE EDIFICACIÓN NOVIEMBRE 2018,https://www.contraloria.cl/pdfbuscador/auditoria/d28654262d68d3b1582b9866ac81617c/html,13,PEÑALOLEN,https://www.contraloria.cl/SicaProd/SICAv3-BIFAPortalCGR/faces/newDetalleInforme?docIdcm=d28654262d68d3b1582b9866ac81617c,C,Informe Final de Auditoría,26624,https://www.contraloria.cl/SicaProd/SICAv3-BIFAPortalCGR/servletfichainformegoogle?docIdcm=d28654262d68d3b1582b9866ac81617c&pdf=1
50986,13122,2018-12-13 00:00:00.0,MUNICIPALIDAD DE PEÑALOLEN,2018,607,INFORME FINAL 607-2018 MUNICIPALIDAD DE PEÑALOLÉN AUDITORÍA AL MACROPROCESO DE INGRESOS PROPIOS POR CONCEPTO DE PERMISOS DE CIRCULACIÓN -DICIEMBRE 2018,https://www.contraloria.cl/pdfbuscador/auditoria/da77c51663b497475fab15aad610b140/html,13,PEÑALOLEN,https://www.contraloria.cl/SicaProd/SICAv3-BIFAPortalCGR/faces/newDetalleInforme?docIdcm=da77c51663b497475fab15aad610b140,C,Informe Final de Auditoría,26933,https://www.contraloria.cl/SicaProd/SICAv3-BIFAPortalCGR/servletfichainformegoogle?docIdcm=da77c51663b497475fab15aad610b140&pdf=1
53337,13122,2019-03-19 00:00:00.0,CORPORACION CULTURAL DE PEÑALOLEN,2018,992,INFORME FINAL 992-18 CORPORACIÓN CULTURAL DE PEÑALOLEN AUDITORÍA DE INGRESOS Y GASTOS -MARZO 2019,https://www.contraloria.cl/pdfbuscador/auditoria/9ac6ad63678f7e0a09274f1ab03d1b5f/html,13,PEÑALOLEN,https://www.contraloria.cl/SicaProd/SICAv3-BIFAPortalCGR/faces/newDetalleInforme?docIdcm=9ac6ad63678f7e0a09274f1ab03d1b5f,C,Informe Final de Auditoría,28285,https://www.contraloria.cl/SicaProd/SICAv3-BIFAPortalCGR/servletfichainformegoogle?docIdcm=9ac6ad63678f7e0a09274f1ab03d1b5f&pdf=1
54560,13122,2019-04-01 00:00:00.0,MUNICIPALIDAD DE PEÑALOLEN,2019,15,"INFORME FINAL N° 15 DE 2019, MUNICIPALIDAD DE PEÑALOLÉN INSPECCIÓN DE LA OBRA MEJORAMIENTO ESPACIO RECREATIVO Y CULTURAL VÍCTOR JARA DE LA MUNICIPALIDAD DE PEÑALOLÉN - ABRIL 2019",https://www.contraloria.cl/pdfbuscador/auditoria/f5181a29ebf13c8477b4e2ebb25b2a19/html,13,PEÑALOLEN,https://www.contraloria.cl/SicaProd/SICAv3-BIFAPortalCGR/faces/newDetalleInforme?docIdcm=f5181a29ebf13c8477b4e2ebb25b2a19,C,Informe de Inspección de Obra Pública,28624,https://www.contraloria.cl/SicaProd/SICAv3-BIFAPortalCGR/servletfichainformegoogle?docIdcm=f5181a29ebf13c8477b4e2ebb25b2a19&pdf=1
54562,13122,2019-04-01 00:00:00.0,MUNICIPALIDAD DE PEÑALOLEN,2019,86,INFORME FINAL N° 86 DE 2019 MUNICIPALIDAD DE PEÑALOLÉN MEJORAMIENTO PLAZA DE LA NIÑEZ SALVADOR ALLENDE LOS COPIHUES -ABRIL 2019,https://www.contraloria.cl/pdfbuscador/auditoria/977450c5dfa18820c99a40743f631eb4/html,13,PEÑALOLEN,https://www.contraloria.cl/SicaProd/SICAv3-BIFAPortalCGR/faces/newDetalleInforme?docIdcm=977450c5dfa18820c99a40743f631eb4,C,Informe de Inspección de Obra Pública,28607,https://www.contraloria.cl/SicaProd/SICAv3-BIFAPortalCGR/servletfichainformegoogle?docIdcm=977450c5dfa18820c99a40743f631eb4&pdf=1
56025,13122,2019-07-11 00:00:00.0,MUNICIPALIDAD DE PEÑALOLEN,2019,330,"INFORME FINAL N° 330 DE 2019 SOBRE AUDITORIA A LOS PROCESOS DE LICITACIÓN, ADJUDICACIÓN, CONTRATACIÓN, EJECUCIÓN Y EXPLOTACIÓN DE LOS CONTRATOS DE OBRA EFECTUADO POR LA MUNICIPALIDAD DE PEÑALOLÉN JULIO-2019",https://www.contraloria.cl/pdfbuscador/auditoria/2a66ddfe2a19c03a62803c2dca0be12e/html,13,PEÑALOLEN,https://www.contraloria.cl/SicaProd/SICAv3-BIFAPortalCGR/faces/newDetalleInforme?docIdcm=2a66ddfe2a19c03a62803c2dca0be12e,C,Informe Final de Auditoría,29384,https://www.contraloria.cl/SicaProd/SICAv3-BIFAPortalCGR/servletfichainformegoogle?docIdcm=2a66ddfe2a19c03a62803c2dca0be12e&pdf=1
59341,13122,2019-12-13 00:00:00.0,CORPORACION MUNICIPAL PARA EL DESARROLLO SOCIAL DE PEÑALOLEN,2019,915,INFORME FINAL N° 915-2019 - CORPORACION MUNICIPAL DE PEÑALOLEN - SOBRE AUDITORIA AL PROGRAMA SERVICIO DE ATENCION PRIMARIA DE URGENCIA - DICIEMBRE 2019,https://www.contraloria.cl/pdfbuscador/auditoria/7d08c6e8ea6e1924b131ec9a332010f9/html,13,PEÑALOLEN,https://www.contraloria.cl/SicaProd/SICAv3-BIFAPortalCGR/faces/newDetalleInforme?docIdcm=7d08c6e8ea6e1924b131ec9a332010f9,C,Informe Final de Auditoría,30684,https://www.contraloria.cl/SicaProd/SICAv3-BIFAPortalCGR/servletfichainformegoogle?docIdcm=7d08c6e8ea6e1924b131ec9a332010f9&pdf=1
67749,13122,2020-02-28 00:00:00.0,MUNICIPALIDAD DE PEÑALOLEN,2020,79,"INFORME DE INSPECCIÓN DE OBRA PÚBLICA 79-2020 MUNICIPALIDAD DE PEÑALOLEN SOBRE INSPECCIÓN A LAS OBRAS DEL CONTRATO DENOMINADO""CONSTRUCCIÓN CENTRO CEREMONIAL DE PUEBLOS ORIGINARIOS""-FEBRERO 2020",https://www.contraloria.cl/pdfbuscador/auditoria/2d746d36b6aab313a27bef488471ce28/html,13,PEÑALOLEN,https://www.contraloria.cl/SicaProd/SICAv3-BIFAPortalCGR/faces/newDetalleInforme?docIdcm=2d746d36b6aab313a27bef488471ce28,C,Informe de Inspección de Obra Pública,31713,https://www.contraloria.cl/SicaProd/SICAv3-BIFAPortalCGR/servletfichainformegoogle?docIdcm=2d746d36b6aab313a27bef488471ce28&pdf=1