IDACTIVIDAD,CODIGOSUBDERE,FECHAINFORME,NOMBRESERVICIO,ANOINFORME,NUMEROINFORME,MATERIAINFORME,FICHAINFORMEBIFA,C_REG_SUBDERE,NOMBRESUBDERE,FICHAINFORME,TIPOSUBDERE,TIPOINFORME,IDINFORME,PDFINFORME
28228,01405,2015-12-28 00:00:00.0,MUNICIPALIDAD DE PICA,2015,1267,INFORME FINAL 1267-15 MUNICIPALIDAD DE PICA AUDITORIA A LOS INGRESOS POR PATENTES CIPA- DICIEMBRE 2015,https://www.contraloria.cl/pdfbuscador/auditoria/77aabc42901935ffe0e1354ee3ef072c/html,01,PICA,https://www.contraloria.cl/SicaProd/SICAv3-BIFAPortalCGR/faces/newDetalleInforme?docIdcm=77aabc42901935ffe0e1354ee3ef072c,C,Informe Final de Auditoría,16714,https://www.contraloria.cl/SicaProd/SICAv3-BIFAPortalCGR/servletfichainformegoogle?docIdcm=77aabc42901935ffe0e1354ee3ef072c&pdf=1
37959,01405,2016-11-25 00:00:00.0,MUNICIPALIDAD DE PICA,2016,1002,INFORME INVESTIGACIÓN ESPECIAL 1002-16 MUNICIPALIDAD DE PICA SOBRE PRESUNTAS FALTAS A LA PROBIDAD E IRREGULARIDADES EN USO DE RECURSOS ZOFRI- NOVIEMBRE 2016,https://www.contraloria.cl/pdfbuscador/auditoria/749c18ed39f258775d9d36df5ba9f86b/html,01,PICA,https://www.contraloria.cl/SicaProd/SICAv3-BIFAPortalCGR/faces/newDetalleInforme?docIdcm=749c18ed39f258775d9d36df5ba9f86b,C,Informe de Investigación Especial,19631,https://www.contraloria.cl/SicaProd/SICAv3-BIFAPortalCGR/servletfichainformegoogle?docIdcm=749c18ed39f258775d9d36df5ba9f86b&pdf=1
40785,01405,2017-04-27 00:00:00.0,DEPARTAMENTO DE EDUCACION DE PICA,2017,83,INFORME DE INVESTIGACIÓN ESPECIAL N° 83-17 MUNICIPALIDAD DE PICA SOBRE IRREGULARIDADES EN EL DEPARTAMENTO DE EDUCACION - ABRIL 2017,https://www.contraloria.cl/pdfbuscador/auditoria/a26e982e17dc5da13c55b5b9c74336c3/html,01,PICA,https://www.contraloria.cl/SicaProd/SICAv3-BIFAPortalCGR/faces/newDetalleInforme?docIdcm=a26e982e17dc5da13c55b5b9c74336c3,C,Informe de Investigación Especial,20865,https://www.contraloria.cl/SicaProd/SICAv3-BIFAPortalCGR/servletfichainformegoogle?docIdcm=a26e982e17dc5da13c55b5b9c74336c3&pdf=1
44758,01405,2017-07-13 00:00:00.0,MUNICIPALIDAD DE PICA,2017,456,INFORME DE INVESTIGACIÓN ESPECIAL N° 456-17 DE LA MUNICIPALIDAD DE PICA SOBRE EVENTUALES IRREGULARIDADES EN CONTRATO MODIFICACIÓN PLAN REGULADOR - JULIO 2017,https://www.contraloria.cl/pdfbuscador/auditoria/ed5d33baf664ee3c8e6a617d40033341/html,01,PICA,https://www.contraloria.cl/SicaProd/SICAv3-BIFAPortalCGR/faces/newDetalleInforme?docIdcm=ed5d33baf664ee3c8e6a617d40033341,C,Informe de Investigación Especial,21405,https://www.contraloria.cl/SicaProd/SICAv3-BIFAPortalCGR/servletfichainformegoogle?docIdcm=ed5d33baf664ee3c8e6a617d40033341&pdf=1
49193,01405,2018-06-01 00:00:00.0,MUNICIPALIDAD DE PICA,2018,257,INFORME FINAL N° 257-18 EN LA MUNICIPALIDAD DE PICA SOBRE AUDITORIA AL MACROPROCESO DE ADQUISICIONES Y ABASTECIMIENTO - JUNIO 2018,https://www.contraloria.cl/pdfbuscador/auditoria/73e5f61e2f137bac2b12fd1488059526/html,01,PICA,https://www.contraloria.cl/SicaProd/SICAv3-BIFAPortalCGR/faces/newDetalleInforme?docIdcm=73e5f61e2f137bac2b12fd1488059526,C,Informe Final de Auditoría,24464,https://www.contraloria.cl/SicaProd/SICAv3-BIFAPortalCGR/servletfichainformegoogle?docIdcm=73e5f61e2f137bac2b12fd1488059526&pdf=1
51167,01405,2019-06-28 00:00:00.0,MUNICIPALIDAD DE PICA,2018,690,INFORME DE INVESTIGACION ESPECIAL N° 690-18 EN LA MUNICIPALIDAD DE PICA SOBRE IRREGULARIDADES CON ARRIENDO Y ADQUISICION DE INMUEBLE - JUNIO 2019,https://www.contraloria.cl/pdfbuscador/auditoria/64baa8117e71f124bfd34d413a38462c/html,01,PICA,https://www.contraloria.cl/SicaProd/SICAv3-BIFAPortalCGR/faces/newDetalleInforme?docIdcm=64baa8117e71f124bfd34d413a38462c,C,Informe de Investigación Especial,29371,https://www.contraloria.cl/SicaProd/SICAv3-BIFAPortalCGR/servletfichainformegoogle?docIdcm=64baa8117e71f124bfd34d413a38462c&pdf=1
55617,01405,2020-05-08 00:00:00.0,MUNICIPALIDAD DE PICA,2019,206,INFORME DE INVESTIGACION ESPECIAL N° 206-19 EN LA MUNICIPALIDAD DE PICA SOBRE PRESUNTA IRREGULARIDADES EN MATERIAS DE PERSONAL - MAYO 2020,https://www.contraloria.cl/pdfbuscador/auditoria/acd6a600d6721f51c7e34b013bcac036/html,01,PICA,https://www.contraloria.cl/SicaProd/SICAv3-BIFAPortalCGR/faces/newDetalleInforme?docIdcm=acd6a600d6721f51c7e34b013bcac036,C,Informe de Investigación Especial,32435,https://www.contraloria.cl/SicaProd/SICAv3-BIFAPortalCGR/servletfichainformegoogle?docIdcm=acd6a600d6721f51c7e34b013bcac036&pdf=1
56707,01405,2019-07-12 00:00:00.0,MUNICIPALIDAD DE PICA,2019,215,INFORME DE INVESTIGACION ESPECIAL N° 215-19 EN LA MUNICIPALIDAD DE PICA SOBRE JORNADA LABORAL Y HORAS EXTRAORDINARIAS PERSONAL VIGILANTE - JULIO 2019,https://www.contraloria.cl/pdfbuscador/auditoria/7e5853bec60286b580ab9d2ebc6b42b2/html,01,PICA,https://www.contraloria.cl/SicaProd/SICAv3-BIFAPortalCGR/faces/newDetalleInforme?docIdcm=7e5853bec60286b580ab9d2ebc6b42b2,C,Informe de Investigación Especial,29402,https://www.contraloria.cl/SicaProd/SICAv3-BIFAPortalCGR/servletfichainformegoogle?docIdcm=7e5853bec60286b580ab9d2ebc6b42b2&pdf=1
72553,01405,2020-07-17 00:00:00.0,MUNICIPALIDAD DE PICA,2020,176,INFORME DE INVESTIGACION ESPECIAL N° 176-20 EN LA MUNICIPALIDAD DE PICA SOBRE USO DE VEHICULOS Y GASTOS EN COMETIDOS - JULIO 2020,https://www.contraloria.cl/pdfbuscador/auditoria/b2b0089c0fca35e9f754b6f9a90f5010/html,01,PICA,https://www.contraloria.cl/SicaProd/SICAv3-BIFAPortalCGR/faces/newDetalleInforme?docIdcm=b2b0089c0fca35e9f754b6f9a90f5010,C,Informe de Investigación Especial,33138,https://www.contraloria.cl/SicaProd/SICAv3-BIFAPortalCGR/servletfichainformegoogle?docIdcm=b2b0089c0fca35e9f754b6f9a90f5010&pdf=1