IDACTIVIDAD,CODIGOSUBDERE,FECHAINFORME,NOMBRESERVICIO,ANOINFORME,NUMEROINFORME,MATERIAINFORME,FICHAINFORMEBIFA,C_REG_SUBDERE,NOMBRESUBDERE,FICHAINFORME,TIPOSUBDERE,TIPOINFORME,IDINFORME,PDFINFORME
28594,06201,2015-12-18 00:00:00.0,MUNICIPALIDAD DE PICHILEMU,2015,1063,INFORME FINAL 1063 - 15 MUNICIPALIDAD DE PICHILEMU INGRESOS PROPIOS PERMISOS DE EDIFICACIÓN Y CONSTRUCCIÓN - DICIEMBRE 2015,https://www.contraloria.cl/pdfbuscador/auditoria/dfb93e13c72ac03586fabc9d45e925a7/html,06,PICHILEMU,https://www.contraloria.cl/SicaProd/SICAv3-BIFAPortalCGR/faces/newDetalleInforme?docIdcm=dfb93e13c72ac03586fabc9d45e925a7,C,Informe Final de Auditoría,16679,https://www.contraloria.cl/SicaProd/SICAv3-BIFAPortalCGR/servletfichainformegoogle?docIdcm=dfb93e13c72ac03586fabc9d45e925a7&pdf=1
34563,06201,2016-10-12 00:00:00.0,MUNICIPALIDAD DE PICHILEMU,2016,601,INFORME FINAL 601-16 MUNICIPALIDAD DE PICHILEMU - AUDITORÍA AL GASTO EN PERIODO ELECTORAL - USO DE BIENES - VEHÍCULOS - RRHH - RECURSOS FÍSICOS Y FINANCIEROS - OCTUBRE 2016,https://www.contraloria.cl/pdfbuscador/auditoria/c2da152ae868591b246ff3611cc5e543/html,06,PICHILEMU,https://www.contraloria.cl/SicaProd/SICAv3-BIFAPortalCGR/faces/newDetalleInforme?docIdcm=c2da152ae868591b246ff3611cc5e543,C,Informe Final de Auditoría,19113,https://www.contraloria.cl/SicaProd/SICAv3-BIFAPortalCGR/servletfichainformegoogle?docIdcm=c2da152ae868591b246ff3611cc5e543&pdf=1
44304,06201,2017-09-08 00:00:00.0,MUNICIPALIDAD DE PICHILEMU,2017,490,INFORME FINAL DE INVESTIGACIÓN ESPECIAL 490 - 17 MUNICIPALIDAD DE PICHILEMU IRREGULARIDADES EN LA DIRECCIÓN DE OBRAS - SEPTIEMBRE 2017,https://www.contraloria.cl/pdfbuscador/auditoria/797e983811c96db095c84167d21d7a45/html,06,PICHILEMU,https://www.contraloria.cl/SicaProd/SICAv3-BIFAPortalCGR/faces/newDetalleInforme?docIdcm=797e983811c96db095c84167d21d7a45,C,Informe de Investigación Especial,23031,https://www.contraloria.cl/SicaProd/SICAv3-BIFAPortalCGR/servletfichainformegoogle?docIdcm=797e983811c96db095c84167d21d7a45&pdf=1
44822,06201,2017-10-06 00:00:00.0,MUNICIPALIDAD DE PICHILEMU,2017,688,INFORME FINAL DE INVESTIGACIÓN ESPECIAL 688 - 17 MUNICIPALIDAD DE PICHILEMU EVENTUALES IRREGULARIDADES EN CONSTRUCCIONES SIN AUTORIZACIÓN DE LA DIRECCIÓN DE OBRAS MUNICIPALES - OCTUBRE 2017,https://www.contraloria.cl/pdfbuscador/auditoria/445efcf39d3fba223d4a65a883da3648/html,06,PICHILEMU,https://www.contraloria.cl/SicaProd/SICAv3-BIFAPortalCGR/faces/newDetalleInforme?docIdcm=445efcf39d3fba223d4a65a883da3648,C,Informe de Investigación Especial,21860,https://www.contraloria.cl/SicaProd/SICAv3-BIFAPortalCGR/servletfichainformegoogle?docIdcm=445efcf39d3fba223d4a65a883da3648&pdf=1
50134,06201,2018-07-11 00:00:00.0,MUNICIPALIDAD DE PICHILEMU,2018,328,"INFORME DE INVESTIGACIÓN ESPECIAL 328-18 MUNICIPALIDAD DE PICHILEMU-PERMISO EDIFICACIÓN 283, DE 2017- JULIO 2018",https://www.contraloria.cl/pdfbuscador/auditoria/86f8d703ec04e86e0ecdf65c7f9927e9/html,06,PICHILEMU,https://www.contraloria.cl/SicaProd/SICAv3-BIFAPortalCGR/faces/newDetalleInforme?docIdcm=86f8d703ec04e86e0ecdf65c7f9927e9,C,Informe de Investigación Especial,25245,https://www.contraloria.cl/SicaProd/SICAv3-BIFAPortalCGR/servletfichainformegoogle?docIdcm=86f8d703ec04e86e0ecdf65c7f9927e9&pdf=1
67805,06201,2020-08-31 00:00:00.0,MUNICIPALIDAD DE PICHILEMU,2020,125,INFORME FINAL 125-2020 - MUNICIPALIDAD DE PICHILEMU - AUDITORIA A LOS INGRESOS PROPIOS PERMISOS EDIFICACIONES- AGOSTO 2020,https://www.contraloria.cl/pdfbuscador/auditoria/94bee206817a7ee9813617845c5aa8d1/html,06,PICHILEMU,https://www.contraloria.cl/SicaProd/SICAv3-BIFAPortalCGR/faces/newDetalleInforme?docIdcm=94bee206817a7ee9813617845c5aa8d1,C,Informe Final de Auditoría,33499,https://www.contraloria.cl/SicaProd/SICAv3-BIFAPortalCGR/servletfichainformegoogle?docIdcm=94bee206817a7ee9813617845c5aa8d1&pdf=1