IDACTIVIDAD,CODIGOSUBDERE,FECHAINFORME,NOMBRESERVICIO,ANOINFORME,NUMEROINFORME,MATERIAINFORME,FICHAINFORMEBIFA,C_REG_SUBDERE,NOMBRESUBDERE,FICHAINFORME,TIPOSUBDERE,TIPOINFORME,IDINFORME,PDFINFORME
31298,16106,2015-10-08 00:00:00.0,MUNICIPALIDAD DE PINTO,2015,612,INFORME INVESTIGACIÓN ESPECIAL 612-15 MUNICIPALIDAD DE PINTO HORAS EXTRAORDINARIAS-OCTUBRE 2015,https://www.contraloria.cl/pdfbuscador/auditoria/8782cb78d43c975e9fe0641901a35db3/html,16,PINTO,https://www.contraloria.cl/SicaProd/SICAv3-BIFAPortalCGR/faces/newDetalleInforme?docIdcm=8782cb78d43c975e9fe0641901a35db3,C,Informe de Investigación Especial,15073,https://www.contraloria.cl/SicaProd/SICAv3-BIFAPortalCGR/servletfichainformegoogle?docIdcm=8782cb78d43c975e9fe0641901a35db3&pdf=1
38821,16106,2016-12-16 00:00:00.0,MUNICIPALIDAD DE PINTO,2016,960,INFORME INVESTIGACIÓN ESPECIAL 960-16 MUNICIPALIDAD DE PINTO SOBRE PRESUNTAS IRREGULARIDADES EN LA EJECUCIÓN DE LA OBRA REPOSICIÓN EDIFICIO CONSISTORIAL - DICIEMBRE 2016,https://www.contraloria.cl/pdfbuscador/auditoria/e768940f6b3f59c5f301b45b44357044/html,16,PINTO,https://www.contraloria.cl/SicaProd/SICAv3-BIFAPortalCGR/faces/newDetalleInforme?docIdcm=e768940f6b3f59c5f301b45b44357044,C,Informe de Investigación Especial,20047,https://www.contraloria.cl/SicaProd/SICAv3-BIFAPortalCGR/servletfichainformegoogle?docIdcm=e768940f6b3f59c5f301b45b44357044&pdf=1
39406,16106,2016-12-16 00:00:00.0,MUNICIPALIDAD DE PINTO,2016,986,INFORME INVESTIGACIÓN ESPECIAL 986-16 MUNICIPALIDAD DE PINTO SOBRE GASTOS EN ADQUISICIONES DE EQUIPOS COMPUTACIONALES - DICIEMBRE 2016,https://www.contraloria.cl/pdfbuscador/auditoria/a3448bfa36abe74e6b5a8751ac26048f/html,16,PINTO,https://www.contraloria.cl/SicaProd/SICAv3-BIFAPortalCGR/faces/newDetalleInforme?docIdcm=a3448bfa36abe74e6b5a8751ac26048f,C,Informe de Investigación Especial,19914,https://www.contraloria.cl/SicaProd/SICAv3-BIFAPortalCGR/servletfichainformegoogle?docIdcm=a3448bfa36abe74e6b5a8751ac26048f&pdf=1
44858,16106,2017-10-06 00:00:00.0,MUNICIPALIDAD DE PINTO,2017,715,INFORME INVESTIGACIÓN ESPECIAL 715-17 MUNICIPALIDAD DE PINTO SOBRE PRESUNTAS IRREGULARIDADES - OCTUBRE 2017,https://www.contraloria.cl/pdfbuscador/auditoria/4a7566e2895a0e0cf7223939c0b6fb71/html,16,PINTO,https://www.contraloria.cl/SicaProd/SICAv3-BIFAPortalCGR/faces/newDetalleInforme?docIdcm=4a7566e2895a0e0cf7223939c0b6fb71,C,Informe de Investigación Especial,21840,https://www.contraloria.cl/SicaProd/SICAv3-BIFAPortalCGR/servletfichainformegoogle?docIdcm=4a7566e2895a0e0cf7223939c0b6fb71&pdf=1
57386,16106,2020-05-27 00:00:00.0,MUNICIPALIDAD DE PINTO,2019,581,"INFORME DE INVESTIGACIÓN ESPECIAL Nº 581-2019, SOBRE PRESUNTAS IRREGULARIDADES EN LA MUNICIPALIDAD DE PINTO-MAYO 2020.",https://www.contraloria.cl/pdfbuscador/auditoria/5bcb7c97ad2dccaad51936f18181b5eb/html,16,PINTO,https://www.contraloria.cl/SicaProd/SICAv3-BIFAPortalCGR/faces/newDetalleInforme?docIdcm=5bcb7c97ad2dccaad51936f18181b5eb,C,Informe de Investigación Especial,32669,https://www.contraloria.cl/SicaProd/SICAv3-BIFAPortalCGR/servletfichainformegoogle?docIdcm=5bcb7c97ad2dccaad51936f18181b5eb&pdf=1
57561,16106,2020-08-18 00:00:00.0,DEPARTAMENTO DE ADMINISTRACION DE EDUCACION MUNICIPAL DE PINTO,2019,645,"INFORME FINAL DE INVESTIGACIÓN ESPECIAL Nº645-2019, SOBRE EVENTUALES IRREGULARIDADES ACONTECIDAS EN EL DEPARTAMENTO DE EDUCACIÓN DE LA MUNICIPALIDAD DE PINTO-AGOSTO 2020.",https://www.contraloria.cl/pdfbuscador/auditoria/8ff5f585d868768f1924ba2417c2061e/html,16,PINTO,https://www.contraloria.cl/SicaProd/SICAv3-BIFAPortalCGR/faces/newDetalleInforme?docIdcm=8ff5f585d868768f1924ba2417c2061e,C,Informe de Investigación Especial,33354,https://www.contraloria.cl/SicaProd/SICAv3-BIFAPortalCGR/servletfichainformegoogle?docIdcm=8ff5f585d868768f1924ba2417c2061e&pdf=1
57940,16106,2019-12-27 00:00:00.0,MUNICIPALIDAD DE PINTO,2019,750,"INFORME FINAL N° 750-2019, MUNICIPALIDAD DE PINTO, SOBRE AUDITORÍA A LOS INGRESOS PROPIOS ASOCIADOS A DERECHOS POR PERMISOS DE EDIFICACIÓN. DICIEMBRE DE 2019",https://www.contraloria.cl/pdfbuscador/auditoria/dcac368b4a2abf840a867d616b5a2205/html,16,PINTO,https://www.contraloria.cl/SicaProd/SICAv3-BIFAPortalCGR/faces/newDetalleInforme?docIdcm=dcac368b4a2abf840a867d616b5a2205,C,Informe Final de Auditoría,30890,https://www.contraloria.cl/SicaProd/SICAv3-BIFAPortalCGR/servletfichainformegoogle?docIdcm=dcac368b4a2abf840a867d616b5a2205&pdf=1