IDACTIVIDAD,CODIGOSUBDERE,FECHAINFORME,NOMBRESERVICIO,ANOINFORME,NUMEROINFORME,MATERIAINFORME,FICHAINFORMEBIFA,C_REG_SUBDERE,NOMBRESUBDERE,FICHAINFORME,TIPOSUBDERE,TIPOINFORME,IDINFORME,PDFINFORME
27295,13202,2015-08-21 00:00:00.0,MUNICIPALIDAD DE PIRQUE,2015,391,INVESTIGACION ESPECIAL 391-15 MUNICIPALIDAD DE PIRQUE - SOBRE SUPUESTAS IRREGULARIDADES EN EL PAGO DE HONORARIOS - AGOSTO 2015,https://www.contraloria.cl/pdfbuscador/auditoria/64e980955d798e326b327f39fa68cbb1/html,13,PIRQUE,https://www.contraloria.cl/SicaProd/SICAv3-BIFAPortalCGR/faces/newDetalleInforme?docIdcm=64e980955d798e326b327f39fa68cbb1,C,Informe de Investigación Especial,14606,https://www.contraloria.cl/SicaProd/SICAv3-BIFAPortalCGR/servletfichainformegoogle?docIdcm=64e980955d798e326b327f39fa68cbb1&pdf=1
28042,13202,2016-03-07 00:00:00.0,MUNICIPALIDAD DE PIRQUE,2015,420, INFORME  FINAL 420-15 SOBRE AUDITORÍA A LOS GASTOS EFECTUADOS CON CARGO A LA CUENTA  CONTABLE  215-31 DURANTE LOS AÑOS 2013-2014 - FEBRERO 2016,https://www.contraloria.cl/pdfbuscador/auditoria/77d16d0051c65adbf55cd58b9de726eb/html,13,PIRQUE,https://www.contraloria.cl/SicaProd/SICAv3-BIFAPortalCGR/faces/newDetalleInforme?docIdcm=77d16d0051c65adbf55cd58b9de726eb,C,Informe Final de Auditoría,17452,https://www.contraloria.cl/SicaProd/SICAv3-BIFAPortalCGR/servletfichainformegoogle?docIdcm=77d16d0051c65adbf55cd58b9de726eb&pdf=1
28417,13202,2016-01-25 00:00:00.0,MUNICIPALIDAD DE PIRQUE,2015,1064,INFORME FINAL 1.064-15 MUNICIPALIDAD DE PIRQUE - SOBRE AUDITORIA A LOS PROGRAMAS OPD Y PRODESAL - ENERO 2016,https://www.contraloria.cl/pdfbuscador/auditoria/ed3772a7a6737a344a75c0ed2ec04392/html,13,PIRQUE,https://www.contraloria.cl/SicaProd/SICAv3-BIFAPortalCGR/faces/newDetalleInforme?docIdcm=ed3772a7a6737a344a75c0ed2ec04392,C,Informe Final de Auditoría,17081,https://www.contraloria.cl/SicaProd/SICAv3-BIFAPortalCGR/servletfichainformegoogle?docIdcm=ed3772a7a6737a344a75c0ed2ec04392&pdf=1
38386,13202,2017-02-13 00:00:00.0,CORPORACION MUNICIPAL PIRQUE,2016,1052,INFORME FINAL 1052-2016 CORPORACIÓN MUNICIPAL DE EDUCACIÓN Y SALUD DE PIRQUE SOBRE AUDITORIA A LOS RECURSOS DE LA LEY N°20.248 SUBVENCIÓN ESCOLAR PREFERENCIAL EN LA CORPORACIÓN MUNICIPAL DE EDUCACIÓN Y SALUD DE PIRQUE- DICIEMBRE 2016,https://www.contraloria.cl/pdfbuscador/auditoria/1145d22ef46f4a5df4ba68f9440bc975/html,13,PIRQUE,https://www.contraloria.cl/SicaProd/SICAv3-BIFAPortalCGR/faces/newDetalleInforme?docIdcm=1145d22ef46f4a5df4ba68f9440bc975,C,Informe Final de Auditoría,20425,https://www.contraloria.cl/SicaProd/SICAv3-BIFAPortalCGR/servletfichainformegoogle?docIdcm=1145d22ef46f4a5df4ba68f9440bc975&pdf=1
42756,13202,2017-10-06 00:00:00.0,MUNICIPALIDAD DE PIRQUE,2017,482,INFORME FINAL 482-2017 MUNICIPALIDAD DE PIRQUE SOBRE AUDITORIA AL PROCESO DE FORMULACIÓN Y EJECUCIÓN Y CONTROL DEL PRESUPUESTO DE LA GESTIÓN MUNICIPAL DE LA MUNICIPALIDAD DE PIRQUE -OCTUBRE 2017  ,https://www.contraloria.cl/pdfbuscador/auditoria/81cb21c2a6e3edd22670771744b7a83b/html,13,PIRQUE,https://www.contraloria.cl/SicaProd/SICAv3-BIFAPortalCGR/faces/newDetalleInforme?docIdcm=81cb21c2a6e3edd22670771744b7a83b,C,Informe Final de Auditoría,21873,https://www.contraloria.cl/SicaProd/SICAv3-BIFAPortalCGR/servletfichainformegoogle?docIdcm=81cb21c2a6e3edd22670771744b7a83b&pdf=1
57837,13202,2019-12-05 00:00:00.0,MUNICIPALIDAD DE PIRQUE,2019,671,INFORME FINAL 671-2019 MUNICIPALIDAD DE PIRQUE SOBRE INGRESOS DEVENGADOS Y PERCIBIDOS POR PERMISOS  DE CIRCULACIÓN  EN  LA MUNICIPALIDAD DE PIRQUE -DICIEMBRE 2019,https://www.contraloria.cl/pdfbuscador/auditoria/142c2ff24e024d9e51a4d242009926bd/html,13,PIRQUE,https://www.contraloria.cl/SicaProd/SICAv3-BIFAPortalCGR/faces/newDetalleInforme?docIdcm=142c2ff24e024d9e51a4d242009926bd,C,Informe Final de Auditoría,30646,https://www.contraloria.cl/SicaProd/SICAv3-BIFAPortalCGR/servletfichainformegoogle?docIdcm=142c2ff24e024d9e51a4d242009926bd&pdf=1