IDACTIVIDAD,CODIGOSUBDERE,FECHAINFORME,NOMBRESERVICIO,ANOINFORME,NUMEROINFORME,MATERIAINFORME,FICHAINFORMEBIFA,C_REG_SUBDERE,NOMBRESUBDERE,FICHAINFORME,TIPOSUBDERE,TIPOINFORME,IDINFORME,PDFINFORME
26868,09114,2015-05-27 00:00:00.0,DEPARTAMENTO DE SALUD MUNICIPAL DE PITRUFQUEN,2015,240,"INFORME DE INVESTIGACIÓN ESPECIAL 240-15 DEPARTAMENTO DE SALUD MUNICIPAL DE PITRUFQUÉN, SOBRE EVENTUALES IRREGULARIDADES-MAYO 2015",https://www.contraloria.cl/pdfbuscador/auditoria/6814de2cccdc27f450b4576899e5c0db/html,09,PITRUFQUEN,https://www.contraloria.cl/SicaProd/SICAv3-BIFAPortalCGR/faces/newDetalleInforme?docIdcm=6814de2cccdc27f450b4576899e5c0db,C,Informe de Investigación Especial,13951,https://www.contraloria.cl/SicaProd/SICAv3-BIFAPortalCGR/servletfichainformegoogle?docIdcm=6814de2cccdc27f450b4576899e5c0db&pdf=1
36701,09114,2016-10-24 00:00:00.0,DEPARTAMENTO DE SALUD MUNICIPAL DE PITRUFQUEN,2016,229,"INFORME DE INVESTIGACIÓN ESPECIAL 229-2016 MUNICIPALIDAD DE PITRUFQUÉN, SOBRE COMPRA DE TERRENO-OCTUBRE 2016",https://www.contraloria.cl/pdfbuscador/auditoria/784235a385a1dd8195e53d8ab296f05f/html,09,PITRUFQUEN,https://www.contraloria.cl/SicaProd/SICAv3-BIFAPortalCGR/faces/newDetalleInforme?docIdcm=784235a385a1dd8195e53d8ab296f05f,C,Informe de Investigación Especial,19441,https://www.contraloria.cl/SicaProd/SICAv3-BIFAPortalCGR/servletfichainformegoogle?docIdcm=784235a385a1dd8195e53d8ab296f05f&pdf=1
34953,09114,2016-10-12 00:00:00.0,MUNICIPALIDAD DE PITRUFQUEN,2016,744,"INFORME FINAL 744-2016 MUNICIPALIDAD DE PITRUFQUÉN, AUDITORÍA AL GASTO EN PERIODO ELECTORAL - USO DE BIENES - VEHÍCULOS - RRHH - RECURSOS FÍSICOS Y FINANCIEROS-OCTUBRE 2016",https://www.contraloria.cl/pdfbuscador/auditoria/c6a5a665caf2256bd96104b3d691ca82/html,09,PITRUFQUEN,https://www.contraloria.cl/SicaProd/SICAv3-BIFAPortalCGR/faces/newDetalleInforme?docIdcm=c6a5a665caf2256bd96104b3d691ca82,C,Informe Final de Auditoría,19097,https://www.contraloria.cl/SicaProd/SICAv3-BIFAPortalCGR/servletfichainformegoogle?docIdcm=c6a5a665caf2256bd96104b3d691ca82&pdf=1
38972,09114,2017-04-20 00:00:00.0,MUNICIPALIDAD DE PITRUFQUEN,2017,12,"INFORME DE INVESTIGACIÓN ESPECIAL 12-2017 MUNCIPALIDAD DE PITRUFQUEN, SOBRE IRREGULARIDADES POR PARTE DE PROFESIONALES DE LA EDUCACIÓN-ABRIL 2017",https://www.contraloria.cl/pdfbuscador/auditoria/99bcba98648cab9288d4735b619d0d62/html,09,PITRUFQUEN,https://www.contraloria.cl/SicaProd/SICAv3-BIFAPortalCGR/faces/newDetalleInforme?docIdcm=99bcba98648cab9288d4735b619d0d62,C,Informe de Investigación Especial,20885,https://www.contraloria.cl/SicaProd/SICAv3-BIFAPortalCGR/servletfichainformegoogle?docIdcm=99bcba98648cab9288d4735b619d0d62&pdf=1
59133,09114,2019-12-30 00:00:00.0,MUNICIPALIDAD DE PITRUFQUEN,2019,1036,"INFORME DE INVESTIGACIÓN ESPECIAL 1.036-19 MUNICIPALIDAD DE PITRUFQUÉN, SOBRE RESIDUOS DOMICILIARIOS-DICIEMBRE-2019",https://www.contraloria.cl/pdfbuscador/auditoria/bf5fb29f423758b6cd8fea2a964de5dd/html,09,PITRUFQUEN,https://www.contraloria.cl/SicaProd/SICAv3-BIFAPortalCGR/faces/newDetalleInforme?docIdcm=bf5fb29f423758b6cd8fea2a964de5dd,C,Informe de Investigación Especial,30805,https://www.contraloria.cl/SicaProd/SICAv3-BIFAPortalCGR/servletfichainformegoogle?docIdcm=bf5fb29f423758b6cd8fea2a964de5dd&pdf=1