IDACTIVIDAD,CODIGOSUBDERE,FECHAINFORME,NOMBRESERVICIO,ANOINFORME,NUMEROINFORME,MATERIAINFORME,FICHAINFORMEBIFA,C_REG_SUBDERE,NOMBRESUBDERE,FICHAINFORME,TIPOSUBDERE,TIPOINFORME,IDINFORME,PDFINFORME
26266,01401,2015-05-29 00:00:00.0,MUNICIPALIDAD DE POZO ALMONTE,2015,337,INFORME INVESTIGACIÓN ESPECIAL 337-15 MUNICIPALIDAD DE POZO ALMONTE IRREGULARIDADES EN MATERIA DE PERSONAL Y REMUNERACIONES - MAYO 2015,https://www.contraloria.cl/pdfbuscador/auditoria/e882fd1311048cf31466945ae4bc14f6/html,01,POZO ALMONTE,https://www.contraloria.cl/SicaProd/SICAv3-BIFAPortalCGR/faces/newDetalleInforme?docIdcm=e882fd1311048cf31466945ae4bc14f6,C,Informe de Investigación Especial,13926,https://www.contraloria.cl/SicaProd/SICAv3-BIFAPortalCGR/servletfichainformegoogle?docIdcm=e882fd1311048cf31466945ae4bc14f6&pdf=1
29272,01401,2015-06-03 00:00:00.0,CORPORACION MUNICIPAL DE DESARROLLO SOCIAL DE POZO ALMONTE,2015,472,INFORME INVESTIGACION ESPECIAL 472-15 CORPORACION MUNICIPAL DE DESARROLLO SOCIAL DE POZO ALMONTE SOBRE USO DE RECURSOS- JUNIO 2015 ,https://www.contraloria.cl/pdfbuscador/auditoria/9c41708a366671e4b2617ec6413a5312/html,01,POZO ALMONTE,https://www.contraloria.cl/SicaProd/SICAv3-BIFAPortalCGR/faces/newDetalleInforme?docIdcm=9c41708a366671e4b2617ec6413a5312,C,Informe de Investigación Especial,13989,https://www.contraloria.cl/SicaProd/SICAv3-BIFAPortalCGR/servletfichainformegoogle?docIdcm=9c41708a366671e4b2617ec6413a5312&pdf=1
30902,01401,2015-08-27 00:00:00.0,MUNICIPALIDAD DE POZO ALMONTE,2015,822,INFORME INVESTIGACIÓN ESPECIAL 822-15 MUNICIPALIDAD DE POZO ALMONTE IRREGULARIDADES EN VIVIENDAS FISCALES- AGOSTO 2015,https://www.contraloria.cl/pdfbuscador/auditoria/71cce7de45de807920dc6ad7cefdfa12/html,01,POZO ALMONTE,https://www.contraloria.cl/SicaProd/SICAv3-BIFAPortalCGR/faces/newDetalleInforme?docIdcm=71cce7de45de807920dc6ad7cefdfa12,C,Informe de Investigación Especial,14674,https://www.contraloria.cl/SicaProd/SICAv3-BIFAPortalCGR/servletfichainformegoogle?docIdcm=71cce7de45de807920dc6ad7cefdfa12&pdf=1
30904,01401,2015-09-08 00:00:00.0,MUNICIPALIDAD DE POZO ALMONTE,2015,854,INFORME INVESTIGACIÓN ESPECIAL 854-15 MUNICIPALIDAD DE POZO ALMONTE PAGOS DE INTERESES EN BOLETAS POR CONSUMO DE ENERGÍA ELÉCTRICA- SEPTIEMBRE 2015,https://www.contraloria.cl/pdfbuscador/auditoria/6644d843d98f3afaa47aa6f0b09a084c/html,01,POZO ALMONTE,https://www.contraloria.cl/SicaProd/SICAv3-BIFAPortalCGR/faces/newDetalleInforme?docIdcm=6644d843d98f3afaa47aa6f0b09a084c,C,Informe de Investigación Especial,14817,https://www.contraloria.cl/SicaProd/SICAv3-BIFAPortalCGR/servletfichainformegoogle?docIdcm=6644d843d98f3afaa47aa6f0b09a084c&pdf=1
32350,01401,2015-10-08 00:00:00.0,MUNICIPALIDAD DE POZO ALMONTE,2015,971,INFORME INVESTIGACIÓN ESPECIAL 971-15 MUNICIPALIDAD DE POZO ALMONTE EVENTUALES IRREGULARIDADES DE ALCALDE- OCTUBRE 2015 ,https://www.contraloria.cl/pdfbuscador/auditoria/85c6b8f0c4d980e6b7d546f5ff829d41/html,01,POZO ALMONTE,https://www.contraloria.cl/SicaProd/SICAv3-BIFAPortalCGR/faces/newDetalleInforme?docIdcm=85c6b8f0c4d980e6b7d546f5ff829d41,C,Informe de Investigación Especial,15116,https://www.contraloria.cl/SicaProd/SICAv3-BIFAPortalCGR/servletfichainformegoogle?docIdcm=85c6b8f0c4d980e6b7d546f5ff829d41&pdf=1
32822,01401,2015-12-01 00:00:00.0,MUNICIPALIDAD DE POZO ALMONTE,2015,1217,INFORME INVESTIGACION ESPECIAL 1217-15 MUNICIPALIDAD DE POZO ALMONTE IRREGULARIDADES EN MATERIAS FINANCIERAS Y ADMINISTRATIVAS- DICIEMBRE 2015 ,https://www.contraloria.cl/pdfbuscador/auditoria/be67765c914f1e686215d9295b0f5b70/html,01,POZO ALMONTE,https://www.contraloria.cl/SicaProd/SICAv3-BIFAPortalCGR/faces/newDetalleInforme?docIdcm=be67765c914f1e686215d9295b0f5b70,C,Informe de Investigación Especial,16382,https://www.contraloria.cl/SicaProd/SICAv3-BIFAPortalCGR/servletfichainformegoogle?docIdcm=be67765c914f1e686215d9295b0f5b70&pdf=1
32821,01401,2015-12-30 00:00:00.0,CORPORACION MUNICIPAL DE DESARROLLO SOCIAL DE POZO ALMONTE,2015,1350,INFORME INVESTIGACION ESPECIAL 1350-15 CORPORACION MUNICIPAL DE DESARROLLO SOCIAL DE POZO ALMONTE IRREGULARIDADES EN USO DE RECURSOS PÚBLICOS- DICIEMBRE 2015,https://www.contraloria.cl/pdfbuscador/auditoria/83083b84380e0ac10aae71adf5c9e173/html,01,POZO ALMONTE,https://www.contraloria.cl/SicaProd/SICAv3-BIFAPortalCGR/faces/newDetalleInforme?docIdcm=83083b84380e0ac10aae71adf5c9e173,C,Informe de Investigación Especial,16801,https://www.contraloria.cl/SicaProd/SICAv3-BIFAPortalCGR/servletfichainformegoogle?docIdcm=83083b84380e0ac10aae71adf5c9e173&pdf=1
33765,01401,2016-08-19 00:00:00.0,MUNICIPALIDAD DE POZO ALMONTE,2016,235,"INFORME INVESTIGACIÓN ESPECIAL 235-16 MUNICIPALIDAD DE POZO ALMONTE IRREGULARIDADES EN MATERIA DE VIÁTICOS, HORAS EXTRAORDINARIAS Y OTROS- AGOSTO 2016",https://www.contraloria.cl/pdfbuscador/auditoria/ec6236eb575178035a66a6267c97a28b/html,01,POZO ALMONTE,https://www.contraloria.cl/SicaProd/SICAv3-BIFAPortalCGR/faces/newDetalleInforme?docIdcm=ec6236eb575178035a66a6267c97a28b,C,Informe de Investigación Especial,18671,https://www.contraloria.cl/SicaProd/SICAv3-BIFAPortalCGR/servletfichainformegoogle?docIdcm=ec6236eb575178035a66a6267c97a28b&pdf=1
34734,01401,2016-10-11 00:00:00.0,MUNICIPALIDAD DE POZO ALMONTE,2016,784,INFORME FINAL 784-16 MUNICIPALIDAD DE POZO ALMONTE AUDITORIA AL GASTO EN PERIODO ELECTORAL - USO DE BIENES - VEHÍCULOS - RRHH - RECURSOS FÍSICOS Y FINANCIEROS - OCTUBRE 2016,https://www.contraloria.cl/pdfbuscador/auditoria/32c2cc8f1a01e7512270d80fc80f4af1/html,01,POZO ALMONTE,https://www.contraloria.cl/SicaProd/SICAv3-BIFAPortalCGR/faces/newDetalleInforme?docIdcm=32c2cc8f1a01e7512270d80fc80f4af1,C,Informe Final de Auditoría,19108,https://www.contraloria.cl/SicaProd/SICAv3-BIFAPortalCGR/servletfichainformegoogle?docIdcm=32c2cc8f1a01e7512270d80fc80f4af1&pdf=1
34263,01401,2016-12-22 00:00:00.0,CORPORACION MUNICIPAL DE DESARROLLO SOCIAL DE POZO ALMONTE,2016,1123,INFORME FINAL N° 1.123-16 CORPORACIÓN MUNICIPAL DE DESARROLLO SOCIAL DE POZO ALMONTE SOBRE AUDITORIA A LAS TRANSFERENCIAS DE FONDOS DEL PROGRAMA DE INTEGRACION ESCOLAR - DICIEMBRE 2016,https://www.contraloria.cl/pdfbuscador/auditoria/5d763e09e23ccfa15ddf86bd80a1f0c1/html,01,POZO ALMONTE,https://www.contraloria.cl/SicaProd/SICAv3-BIFAPortalCGR/faces/newDetalleInforme?docIdcm=5d763e09e23ccfa15ddf86bd80a1f0c1,C,Informe Final de Auditoría,20230,https://www.contraloria.cl/SicaProd/SICAv3-BIFAPortalCGR/servletfichainformegoogle?docIdcm=5d763e09e23ccfa15ddf86bd80a1f0c1&pdf=1
44397,01401,2017-09-11 00:00:00.0,CORPORACION MUNICIPAL DE DESARROLLO SOCIAL DE POZO ALMONTE,2017,654,INFORME DE INVESTIGACIÓN ESPECIAL N° 654-17 EN LA CORMUDESPA SOBRE PRESUNTAS IRREGULARIDADES EN AL ADQUISICIÓN DE UTILES ESCOLARES CON FONDOS SEP - SEPTIEMBRE 2017,https://www.contraloria.cl/pdfbuscador/auditoria/85526f3736331b83451081042741f1c1/html,01,POZO ALMONTE,https://www.contraloria.cl/SicaProd/SICAv3-BIFAPortalCGR/faces/newDetalleInforme?docIdcm=85526f3736331b83451081042741f1c1,C,Informe de Investigación Especial,21705,https://www.contraloria.cl/SicaProd/SICAv3-BIFAPortalCGR/servletfichainformegoogle?docIdcm=85526f3736331b83451081042741f1c1&pdf=1
54181,01401,2018-12-26 00:00:00.0,MUNICIPALIDAD DE POZO ALMONTE,2018,822,INFORME DE INSPECCIÓN DE OBRA PÚBLICA N° 822-18 EN LA MUNICIPALIDAD DE POZO ALMONTE SOBRE CONTRATO MEJORAMIENTO PLAZA DE ARMAS - DICIEMBRE 2018,https://www.contraloria.cl/pdfbuscador/auditoria/0279551658598dc409cb978c4caaa98d/html,01,POZO ALMONTE,https://www.contraloria.cl/SicaProd/SICAv3-BIFAPortalCGR/faces/newDetalleInforme?docIdcm=0279551658598dc409cb978c4caaa98d,C,Informe de Inspección de Obra Pública,27321,https://www.contraloria.cl/SicaProd/SICAv3-BIFAPortalCGR/servletfichainformegoogle?docIdcm=0279551658598dc409cb978c4caaa98d&pdf=1
53608,01401,2018-12-27 00:00:00.0,MUNICIPALIDAD DE POZO ALMONTE,2018,895,INFORME FINAL N° 895-18 EN LA MUNICIPALIDAD DE POZO ALMONTE SOBRE MACROPROCESO DE ADQUISICIONES Y ABASTECIMIENTO - DICIEMBRE 2018,https://www.contraloria.cl/pdfbuscador/auditoria/a4178e86ee1bfcbee22bbbb37c0f868f/html,01,POZO ALMONTE,https://www.contraloria.cl/SicaProd/SICAv3-BIFAPortalCGR/faces/newDetalleInforme?docIdcm=a4178e86ee1bfcbee22bbbb37c0f868f,C,Informe Final de Auditoría,27368,https://www.contraloria.cl/SicaProd/SICAv3-BIFAPortalCGR/servletfichainformegoogle?docIdcm=a4178e86ee1bfcbee22bbbb37c0f868f&pdf=1
55275,01401,2019-06-12 00:00:00.0,MUNICIPALIDAD DE POZO ALMONTE,2019,298,INFORME FINAL N° 298-19 EN LA MUNICIPALIDAD DE POZO ALMONTE SOBRE DISPONIBILIDAD MONETARIA - JUNIO 2019,https://www.contraloria.cl/pdfbuscador/auditoria/c411f87039182b3ab14e6d2883056935/html,01,POZO ALMONTE,https://www.contraloria.cl/SicaProd/SICAv3-BIFAPortalCGR/faces/newDetalleInforme?docIdcm=c411f87039182b3ab14e6d2883056935,C,Informe Final de Auditoría,29309,https://www.contraloria.cl/SicaProd/SICAv3-BIFAPortalCGR/servletfichainformegoogle?docIdcm=c411f87039182b3ab14e6d2883056935&pdf=1
59073,01401,2020-04-06 00:00:00.0,MUNICIPALIDAD DE POZO ALMONTE,2019,615,INFORME DE INVESTIGACION ESPECIAL N° 615 EN LA MUNICIPALIDAD DE POZO ALMONTE SOBRE CONTRATO MEJORAMIENTO PLAZA DE ARMAS - ABRIL 2020,https://www.contraloria.cl/pdfbuscador/auditoria/57a1ac82af8c976aa3a5e2be1245d9d7/html,01,POZO ALMONTE,https://www.contraloria.cl/SicaProd/SICAv3-BIFAPortalCGR/faces/newDetalleInforme?docIdcm=57a1ac82af8c976aa3a5e2be1245d9d7,C,Informe de Investigación Especial,32089,https://www.contraloria.cl/SicaProd/SICAv3-BIFAPortalCGR/servletfichainformegoogle?docIdcm=57a1ac82af8c976aa3a5e2be1245d9d7&pdf=1
59072,01401,2019-10-01 00:00:00.0,MUNICIPALIDAD DE POZO ALMONTE,2019,687,INFORME DE INVESTIGACION ESPECIAL N° 687-19 EN LA MUNICIPALIDAD DE POZO ALMONTE SOBRE SUBVENCIONES OTORGADAS A BOMBEROS - OCTUBRE 2019,https://www.contraloria.cl/pdfbuscador/auditoria/de6c28a00eb21c15bb18f69991d0994f/html,01,POZO ALMONTE,https://www.contraloria.cl/SicaProd/SICAv3-BIFAPortalCGR/faces/newDetalleInforme?docIdcm=de6c28a00eb21c15bb18f69991d0994f,C,Informe de Investigación Especial,30018,https://www.contraloria.cl/SicaProd/SICAv3-BIFAPortalCGR/servletfichainformegoogle?docIdcm=de6c28a00eb21c15bb18f69991d0994f&pdf=1
58654,01401,2019-10-17 00:00:00.0,MUNICIPALIDAD DE POZO ALMONTE,2019,709,INFORME DE INVESTIGACION ESPECIAL N° 709-19 EN LA MUNICIPALIDAD DE POZO ALMONTE SOBRE USO INDEBIDO DE MAQUINARIA - OCTUBRE 2019,https://www.contraloria.cl/pdfbuscador/auditoria/ba1344a5bf91cc23250a7d69e2046363/html,01,POZO ALMONTE,https://www.contraloria.cl/SicaProd/SICAv3-BIFAPortalCGR/faces/newDetalleInforme?docIdcm=ba1344a5bf91cc23250a7d69e2046363,C,Informe de Investigación Especial,30108,https://www.contraloria.cl/SicaProd/SICAv3-BIFAPortalCGR/servletfichainformegoogle?docIdcm=ba1344a5bf91cc23250a7d69e2046363&pdf=1