IDACTIVIDAD,CODIGOSUBDERE,FECHAINFORME,NOMBRESERVICIO,ANOINFORME,NUMEROINFORME,MATERIAINFORME,FICHAINFORMEBIFA,C_REG_SUBDERE,NOMBRESUBDERE,FICHAINFORME,TIPOSUBDERE,TIPOINFORME,IDINFORME,PDFINFORME
28486,13123,2015-05-26 00:00:00.0,MUNICIPALIDAD DE PROVIDENCIA,2015,212,"INFORME FINAL 212-15 MUNICIPALIDAD DE PROVIDENCIA - AUDITORIA AL USO Y ADQUISICION DE VEHICULOS MUNICIPALES Y/O ARRENDADOS, Y AL GASTO EN COMBUSTIBLE - MAYO 2015.",https://www.contraloria.cl/pdfbuscador/auditoria/16ca611a3acdee69c799e7652111fa3b/html,13,PROVIDENCIA,https://www.contraloria.cl/SicaProd/SICAv3-BIFAPortalCGR/faces/newDetalleInforme?docIdcm=16ca611a3acdee69c799e7652111fa3b,C,Informe Final de Auditoría,13911,https://www.contraloria.cl/SicaProd/SICAv3-BIFAPortalCGR/servletfichainformegoogle?docIdcm=16ca611a3acdee69c799e7652111fa3b&pdf=1
31498,13123,2015-11-04 00:00:00.0,MUNICIPALIDAD DE PROVIDENCIA,2015,935,INVESTIGACION ESPECIAL 935-15 MUNICIPALIDAD DE PROVIDENCIA - SOBRE PAGO A FUNCIONARIOS CON RECURSOS DE FUNDACION CLUB PROVIDENCIA - NOVIEMBRE 2015,https://www.contraloria.cl/pdfbuscador/auditoria/e3a4c98c23ca504a0f75daa65749a02c/html,13,PROVIDENCIA,https://www.contraloria.cl/SicaProd/SICAv3-BIFAPortalCGR/faces/newDetalleInforme?docIdcm=e3a4c98c23ca504a0f75daa65749a02c,C,Informe de Investigación Especial,15776,https://www.contraloria.cl/SicaProd/SICAv3-BIFAPortalCGR/servletfichainformegoogle?docIdcm=e3a4c98c23ca504a0f75daa65749a02c&pdf=1
34390,13123,2016-07-20 00:00:00.0,MUNICIPALIDAD DE PROVIDENCIA,2016,165,"INFORME FINAL 165-16 MUNICIPALIDAD DE PROVIDENCIA - SOBRE AUDITORIA A LOS DEUDORES PRESUPUESTARIOS CONTABILIZADOS EN CUENTAS POR COBRAR RECUPERACION DE PRESTAMOS, INGRESOS POR PERCIBIR 115.12.10 Y CUMPLIMIENTO DE LA LEY NRO. 20.730 - JULIO 2016",https://www.contraloria.cl/pdfbuscador/auditoria/6417c30cd6753c8474fbd17712e73d8f/html,13,PROVIDENCIA,https://www.contraloria.cl/SicaProd/SICAv3-BIFAPortalCGR/faces/newDetalleInforme?docIdcm=6417c30cd6753c8474fbd17712e73d8f,C,Informe Final de Auditoría,18596,https://www.contraloria.cl/SicaProd/SICAv3-BIFAPortalCGR/servletfichainformegoogle?docIdcm=6417c30cd6753c8474fbd17712e73d8f&pdf=1
34247,13123,2016-07-11 00:00:00.0,MUNICIPALIDAD DE PROVIDENCIA,2016,176,INFORME FINAL 176-15 MUNICIPALIDAD DE PROVIDENCIA SOBRE CONTRATOS DE OBRA_JULIO 2016.,https://www.contraloria.cl/pdfbuscador/auditoria/9a2c5b90bd2438c06406b3375cd6bb00/html,13,PROVIDENCIA,https://www.contraloria.cl/SicaProd/SICAv3-BIFAPortalCGR/faces/newDetalleInforme?docIdcm=9a2c5b90bd2438c06406b3375cd6bb00,C,Informe Final de Auditoría,18484,https://www.contraloria.cl/SicaProd/SICAv3-BIFAPortalCGR/servletfichainformegoogle?docIdcm=9a2c5b90bd2438c06406b3375cd6bb00&pdf=1
34327,13123,2016-10-12 00:00:00.0,MUNICIPALIDAD DE PROVIDENCIA,2016,625,INFORME FINAL 625-16 MUNICIPALIDAD DE PROVIDENCIA - AUDITORÍA AL GASTO EN PERÍODO ELECTORAL - USO DE BIENES - VEHÍCULOS - RRHH - RECURSOS FÍSICOS Y FINANCIEROS - OCTUBRE 2016,https://www.contraloria.cl/pdfbuscador/auditoria/9ce3b4e77c566db8790fef23470f339a/html,13,PROVIDENCIA,https://www.contraloria.cl/SicaProd/SICAv3-BIFAPortalCGR/faces/newDetalleInforme?docIdcm=9ce3b4e77c566db8790fef23470f339a,C,Informe Final de Auditoría,19095,https://www.contraloria.cl/SicaProd/SICAv3-BIFAPortalCGR/servletfichainformegoogle?docIdcm=9ce3b4e77c566db8790fef23470f339a&pdf=1
42723,13123,2017-09-27 00:00:00.0,CORPORACION MUNICIPAL PROVIDENCIA,2017,408,INFORME FINAL 408-17 CORPORACIÓN MUNICIPAL DE PROVIDENCIA SOBRE AUDITORIA A LAS TRANSFERENCIAS EFECTUADAS POR EL MINISTERIO DE EDUCACIÓN - SEPTIEMBRE 2017,https://www.contraloria.cl/pdfbuscador/auditoria/2c62b70c96882a1990a2504160aeeda5/html,13,PROVIDENCIA,https://www.contraloria.cl/SicaProd/SICAv3-BIFAPortalCGR/faces/newDetalleInforme?docIdcm=2c62b70c96882a1990a2504160aeeda5,C,Informe Final de Auditoría,21771,https://www.contraloria.cl/SicaProd/SICAv3-BIFAPortalCGR/servletfichainformegoogle?docIdcm=2c62b70c96882a1990a2504160aeeda5&pdf=1
49475,13123,2018-04-13 00:00:00.0,MUNICIPALIDAD DE PROVIDENCIA,2018,48,INFORME FINAL 48-2018 MUNICIPALIDAD DE PROVIDENCIA SOBRE AUDITORIAS A LAS HORAS EXTRAORDINARIAS EN LA MUNICIPALIDAD DE PROVIDENCIA - ABRIL 2018,https://www.contraloria.cl/pdfbuscador/auditoria/1d02b0c291036bbf5a88fe9ef94ecd79/html,13,PROVIDENCIA,https://www.contraloria.cl/SicaProd/SICAv3-BIFAPortalCGR/faces/newDetalleInforme?docIdcm=1d02b0c291036bbf5a88fe9ef94ecd79,C,Informe Final de Auditoría,23812,https://www.contraloria.cl/SicaProd/SICAv3-BIFAPortalCGR/servletfichainformegoogle?docIdcm=1d02b0c291036bbf5a88fe9ef94ecd79&pdf=1
49181,13123,2018-09-21 00:00:00.0,MUNICIPALIDAD DE PROVIDENCIA,2018,292,INFORME FINAL 292_2018 MUNICIPALIDAD DE PROVIDENCIA SOBRE AUDITORIAS DE SISTEMAS - SEPTIEMBRE 2018,https://www.contraloria.cl/pdfbuscador/auditoria/608d818f34ec1f6b86412e71c787a409/html,13,PROVIDENCIA,https://www.contraloria.cl/SicaProd/SICAv3-BIFAPortalCGR/faces/newDetalleInforme?docIdcm=608d818f34ec1f6b86412e71c787a409,C,Informe Final de Auditoría,26050,https://www.contraloria.cl/SicaProd/SICAv3-BIFAPortalCGR/servletfichainformegoogle?docIdcm=608d818f34ec1f6b86412e71c787a409&pdf=1
51990,13123,2018-08-16 00:00:00.0,MUNICIPALIDAD DE PROVIDENCIA,2018,410,"INFORME FINAL DE INVESTIGACIÓN ESPECIAL N° 410, DE 2018, SOBRE EL OTORGAMIENTO DE LOS FONDOS DE DESARROLLO VECINAL, FONDEVE DEL AÑO 2017 POR LA MUNICIPALIDAD DE PROVIDENCIA",https://www.contraloria.cl/pdfbuscador/auditoria/ef68c1fb85d05e8c4773ca6d60ba35db/html,13,PROVIDENCIA,https://www.contraloria.cl/SicaProd/SICAv3-BIFAPortalCGR/faces/newDetalleInforme?docIdcm=ef68c1fb85d05e8c4773ca6d60ba35db,C,Informe de Investigación Especial,25281,https://www.contraloria.cl/SicaProd/SICAv3-BIFAPortalCGR/servletfichainformegoogle?docIdcm=ef68c1fb85d05e8c4773ca6d60ba35db&pdf=1
52867,13123,2019-06-14 00:00:00.0,MUNICIPALIDAD DE PROVIDENCIA,2019,162,INFORME FINAL 162-2019 MUNICIPALIDAD DE PROVIDENCIA SOBRE AUDITORÍA  A LOS INGRRESOS POR RECUPERACIÓN Y REEMBOLSOS DE LICENCIAS MEDICAS EN LA MUNICIPALIDAD DE PROVIDENCIA - JUNIO 2019,https://www.contraloria.cl/pdfbuscador/auditoria/b1658bd28e5b0f6cefc18583e0dafbf3/html,13,PROVIDENCIA,https://www.contraloria.cl/SicaProd/SICAv3-BIFAPortalCGR/faces/newDetalleInforme?docIdcm=b1658bd28e5b0f6cefc18583e0dafbf3,C,Informe Final de Auditoría,29297,https://www.contraloria.cl/SicaProd/SICAv3-BIFAPortalCGR/servletfichainformegoogle?docIdcm=b1658bd28e5b0f6cefc18583e0dafbf3&pdf=1
57098,13123,2019-09-05 00:00:00.0,MUNICIPALIDAD DE PROVIDENCIA,2019,387,INFORME FINAL 387-19 MUNICIPALIDAD DE PROVIDENCIA SOBRE AUDITORÍA Y EXAMEN DE CUENTAS A LOS GASTOS EFECTUADOS CON CARGO A LA CUENTA CONTABLE N° 215-31 DURANTE EL AÑO 2018-SEPTIEMBRE 2019,https://www.contraloria.cl/pdfbuscador/auditoria/25dac0e7ae995bf108291d59c886df2e/html,13,PROVIDENCIA,https://www.contraloria.cl/SicaProd/SICAv3-BIFAPortalCGR/faces/newDetalleInforme?docIdcm=25dac0e7ae995bf108291d59c886df2e,C,Informe Final de Auditoría,29829,https://www.contraloria.cl/SicaProd/SICAv3-BIFAPortalCGR/servletfichainformegoogle?docIdcm=25dac0e7ae995bf108291d59c886df2e&pdf=1
72181,13123,2020-06-24 00:00:00.0,MUNICIPALIDAD DE PROVIDENCIA,2020,140,"INFORME FINAL N° 140-2020, SOBRE AUDITORIA AL PROGRAMA DE REVITALIZACIÓN DE BARRIOS E INFRAESTRUCTURA PATRIMONIAL EMBLEMÁTICA FINANCIADO CON RECURSOS DEL PRÉSTAMO INTERNACIONAL N° 3564 OC-CH, SUBEJECUTADO POR LA MUNICIPALIDAD DE PROVIDENCIA.",https://www.contraloria.cl/pdfbuscador/auditoria/15cc71febd0c0d5ffe5d11dc04ae9209/html,13,PROVIDENCIA,https://www.contraloria.cl/SicaProd/SICAv3-BIFAPortalCGR/faces/newDetalleInforme?docIdcm=15cc71febd0c0d5ffe5d11dc04ae9209,C,Informe Final de Auditoría,32942,https://www.contraloria.cl/SicaProd/SICAv3-BIFAPortalCGR/servletfichainformegoogle?docIdcm=15cc71febd0c0d5ffe5d11dc04ae9209&pdf=1