IDACTIVIDAD,CODIGOSUBDERE,FECHAINFORME,NOMBRESERVICIO,ANOINFORME,NUMEROINFORME,MATERIAINFORME,FICHAINFORMEBIFA,C_REG_SUBDERE,NOMBRESUBDERE,FICHAINFORME,TIPOSUBDERE,TIPOINFORME,IDINFORME,PDFINFORME
38563,05105,2016-12-07 00:00:00.0,MUNICIPALIDAD DE PUCHUNCAVI,2016,1135,INFORME FINAL DE INVESTIGACIÓN ESPECIAL 1.135-16 MUNICIPALIDAD DE PUCHUNCAVÍ SOBRE RECEPCIÓN DE INSTALACIONES DE LA EMPRESA CODELCO DIVISIÓN VENTANAS - DICIEMBRE 2016,https://www.contraloria.cl/pdfbuscador/auditoria/00d4da8e22cb65449131be280011f571/html,05,PUCHUNCAVI,https://www.contraloria.cl/SicaProd/SICAv3-BIFAPortalCGR/faces/newDetalleInforme?docIdcm=00d4da8e22cb65449131be280011f571,C,Informe de Investigación Especial,19783,https://www.contraloria.cl/SicaProd/SICAv3-BIFAPortalCGR/servletfichainformegoogle?docIdcm=00d4da8e22cb65449131be280011f571&pdf=1
52084,05105,2018-12-20 00:00:00.0,DEPARTAMENTO DE SALUD DE PUCHUNCAVI,2018,779,INFORME FINAL 779-18 DEPARTAMENTO DE SALUD DE LA MUNICIPALIDAD DE PUCHUNCAVÍ SOBRE AUDITORÍA AL PAGO DE REMUNERACIONES - DICIEMBRE 2018,https://www.contraloria.cl/pdfbuscador/auditoria/39b51524c2cc05e1df635fa7c1b27c07/html,05,PUCHUNCAVI,https://www.contraloria.cl/SicaProd/SICAv3-BIFAPortalCGR/faces/newDetalleInforme?docIdcm=39b51524c2cc05e1df635fa7c1b27c07,C,Informe Final de Auditoría,27161,https://www.contraloria.cl/SicaProd/SICAv3-BIFAPortalCGR/servletfichainformegoogle?docIdcm=39b51524c2cc05e1df635fa7c1b27c07&pdf=1
56179,05105,2019-08-23 00:00:00.0,MUNICIPALIDAD DE PUCHUNCAVI,2019,464,INFORME FINAL 464-19 MUNICIPALIDAD DE PUCHUNCAVÍ SOBRE AUDITORÍA A LAS AUTORIZACIONES OTORGADAS POR LA DIRECCIÓN DE OBRAS - AGOSTO 2019,https://www.contraloria.cl/pdfbuscador/auditoria/b3f41d65e3b9a88ace43a59b2fe8469e/html,05,PUCHUNCAVI,https://www.contraloria.cl/SicaProd/SICAv3-BIFAPortalCGR/faces/newDetalleInforme?docIdcm=b3f41d65e3b9a88ace43a59b2fe8469e,C,Informe Final de Auditoría,29669,https://www.contraloria.cl/SicaProd/SICAv3-BIFAPortalCGR/servletfichainformegoogle?docIdcm=b3f41d65e3b9a88ace43a59b2fe8469e&pdf=1
58194,05105,2019-10-18 00:00:00.0,MUNICIPALIDAD DE PUCHUNCAVI,2019,793,INFORME FINAL DE INVESTIGACIÓN ESPECIAL 793-19 MUNICIPALIDAD DE PUCHUNCAVÍ SOBRE EVENTUALES IRREGULARIDADES EN RELACIÓN A LA ELABORACIÓN DE LA ORDENANZA LOCAL ZONA ZEN ZEC - OCTUBRE 2019,https://www.contraloria.cl/pdfbuscador/auditoria/9df6fa2dc980bafa6ab63f1175c4c1bc/html,05,PUCHUNCAVI,https://www.contraloria.cl/SicaProd/SICAv3-BIFAPortalCGR/faces/newDetalleInforme?docIdcm=9df6fa2dc980bafa6ab63f1175c4c1bc,C,Informe de Investigación Especial,30261,https://www.contraloria.cl/SicaProd/SICAv3-BIFAPortalCGR/servletfichainformegoogle?docIdcm=9df6fa2dc980bafa6ab63f1175c4c1bc&pdf=1
67739,05105,2020-06-03 00:00:00.0,DEPARTAMENTO DE EDUCACION DE PUCHUNCAVI,2020,185,INFORME FINAL DE INVESTIGACIÓN ESPECIAL 185-20 DEPARTAMENTO DE EDUCACIÓN DE PUCHUNCAVÍ SOBRE PRESUNTAS IRREGULARIDADES EN EL PAGO DE HORAS EXTRAORDINARIAS Y VIÁTICOS - JUNIO 2020,https://www.contraloria.cl/pdfbuscador/auditoria/15d7b1c5dfd3de37fb47eb5375744d6c/html,05,PUCHUNCAVI,https://www.contraloria.cl/SicaProd/SICAv3-BIFAPortalCGR/faces/newDetalleInforme?docIdcm=15d7b1c5dfd3de37fb47eb5375744d6c,C,Informe de Investigación Especial,32783,https://www.contraloria.cl/SicaProd/SICAv3-BIFAPortalCGR/servletfichainformegoogle?docIdcm=15d7b1c5dfd3de37fb47eb5375744d6c&pdf=1