IDACTIVIDAD,CODIGOSUBDERE,FECHAINFORME,NOMBRESERVICIO,ANOINFORME,NUMEROINFORME,MATERIAINFORME,FICHAINFORMEBIFA,C_REG_SUBDERE,NOMBRESUBDERE,FICHAINFORME,TIPOSUBDERE,TIPOINFORME,IDINFORME,PDFINFORME
29151,09115,2015-08-18 00:00:00.0,MUNICIPALIDAD DE PUCON,2015,336,"INFORME INVESTIGACIÓN ESPECIAL 336-15 MUNICIPALIDAD DE PUCÓN, SOBRE EVENTUALES IRREGULARIDADES EN LA MODIFICACIÓN DE DESLINDES-AGOSTO 2015",https://www.contraloria.cl/pdfbuscador/auditoria/bd2da5843a2fdc8b9695b6257dbb24bb/html,09,PUCON,https://www.contraloria.cl/SicaProd/SICAv3-BIFAPortalCGR/faces/newDetalleInforme?docIdcm=bd2da5843a2fdc8b9695b6257dbb24bb,C,Informe de Investigación Especial,14597,https://www.contraloria.cl/SicaProd/SICAv3-BIFAPortalCGR/servletfichainformegoogle?docIdcm=bd2da5843a2fdc8b9695b6257dbb24bb&pdf=1
28757,09115,2015-08-27 00:00:00.0,MUNICIPALIDAD DE PUCON,2015,460,INFORME FINAL 460-15 MUNICIPALIDAD DE PUCÓN - SOBRE AUDITORÍA A LAS CONTRATACIONES DE HONORARIOS EN PROGRAMAS COMUNITARIOS-AGOSTO 2015,https://www.contraloria.cl/pdfbuscador/auditoria/c668540629bd65fbe96824b6e52c1b80/html,09,PUCON,https://www.contraloria.cl/SicaProd/SICAv3-BIFAPortalCGR/faces/newDetalleInforme?docIdcm=c668540629bd65fbe96824b6e52c1b80,C,Informe Final de Auditoría,14703,https://www.contraloria.cl/SicaProd/SICAv3-BIFAPortalCGR/servletfichainformegoogle?docIdcm=c668540629bd65fbe96824b6e52c1b80&pdf=1
29634,09115,2016-03-30 00:00:00.0,MUNICIPALIDAD DE PUCON,2015,805,INFORME DE INVESTIGACIÓN ESPECIAL 805-16 MUNICIPALIDAD DE PUCÓN SOBRE CONCESIONES Y OTROS-MARZO 2016,https://www.contraloria.cl/pdfbuscador/auditoria/0641dbfb71285595652cfde87d87f091/html,09,PUCON,https://www.contraloria.cl/SicaProd/SICAv3-BIFAPortalCGR/faces/newDetalleInforme?docIdcm=0641dbfb71285595652cfde87d87f091,C,Informe de Investigación Especial,17611,https://www.contraloria.cl/SicaProd/SICAv3-BIFAPortalCGR/servletfichainformegoogle?docIdcm=0641dbfb71285595652cfde87d87f091&pdf=1
32155,09115,2015-12-21 00:00:00.0,MUNICIPALIDAD DE PUCON,2015,996,"INFORME DE INVESTIGACIÓN ESPECIAL 996-15 MUNICIPALIDAD DE PUCÓN, SOBRE PRESUNTAS IRREGULARIDADES-DICIEMBRE 2015",https://www.contraloria.cl/pdfbuscador/auditoria/73971fdd8094269d26cda1bd86801eed/html,09,PUCON,https://www.contraloria.cl/SicaProd/SICAv3-BIFAPortalCGR/faces/newDetalleInforme?docIdcm=73971fdd8094269d26cda1bd86801eed,C,Informe de Investigación Especial,16692,https://www.contraloria.cl/SicaProd/SICAv3-BIFAPortalCGR/servletfichainformegoogle?docIdcm=73971fdd8094269d26cda1bd86801eed&pdf=1
33162,09115,2016-06-06 00:00:00.0,MUNICIPALIDAD DE PUCON,2016,33,"INFORME DE INVESTIGACIÓN ESPECIAL 33-16 MUNICIPALIDAD DE PUCÓN, SOBRE CONTRATOS DE CONSTRUCCIÓN-JUNIO 2016",https://www.contraloria.cl/pdfbuscador/auditoria/729f944e1350375e0d3d2320848a983a/html,09,PUCON,https://www.contraloria.cl/SicaProd/SICAv3-BIFAPortalCGR/faces/newDetalleInforme?docIdcm=729f944e1350375e0d3d2320848a983a,C,Informe de Investigación Especial,18296,https://www.contraloria.cl/SicaProd/SICAv3-BIFAPortalCGR/servletfichainformegoogle?docIdcm=729f944e1350375e0d3d2320848a983a&pdf=1
37375,09115,2016-09-30 00:00:00.0,MUNICIPALIDAD DE PUCON,2016,636,"INFORME DE INVESTIGACIÓN ESPECIAL 636-2016 MUNICIPALIDAD DE PUCÓN, SOBRE PRESUNTOS DESPIDOS INJUSTIFICADOS-SEPTIEMBRE 2016",https://www.contraloria.cl/pdfbuscador/auditoria/4fb4d96761bedb0356599145773b46ac/html,09,PUCON,https://www.contraloria.cl/SicaProd/SICAv3-BIFAPortalCGR/faces/newDetalleInforme?docIdcm=4fb4d96761bedb0356599145773b46ac,C,Informe de Investigación Especial,19110,https://www.contraloria.cl/SicaProd/SICAv3-BIFAPortalCGR/servletfichainformegoogle?docIdcm=4fb4d96761bedb0356599145773b46ac&pdf=1
40158,09115,2017-06-21 00:00:00.0,MUNICIPALIDAD DE PUCON,2017,238,"INFORME DE INVESTIGACIÓN ESPECIAL 238-17 MUNICIPALIDAD DE PUCÓN, SOBRE INCUMPLIMIENTO DE ORDENANZA MUNICIPAL - JUNIO DE 2017",https://www.contraloria.cl/pdfbuscador/auditoria/59f838b38fa5f24aae07348f7f85d4a2/html,09,PUCON,https://www.contraloria.cl/SicaProd/SICAv3-BIFAPortalCGR/faces/newDetalleInforme?docIdcm=59f838b38fa5f24aae07348f7f85d4a2,C,Informe de Investigación Especial,21269,https://www.contraloria.cl/SicaProd/SICAv3-BIFAPortalCGR/servletfichainformegoogle?docIdcm=59f838b38fa5f24aae07348f7f85d4a2&pdf=1
43114,09115,2017-08-25 00:00:00.0,MUNICIPALIDAD DE PUCON,2017,481,"INFORME FINAL 481-2017 MUNICIPALIDAD DE PUCÓN, SOBRE AUDITORÍA ACTIVO FIJO- AGOSTO 2017",https://www.contraloria.cl/pdfbuscador/auditoria/81864baf8eef40487157413df01afdcf/html,09,PUCON,https://www.contraloria.cl/SicaProd/SICAv3-BIFAPortalCGR/faces/newDetalleInforme?docIdcm=81864baf8eef40487157413df01afdcf,C,Informe Final de Auditoría,21633,https://www.contraloria.cl/SicaProd/SICAv3-BIFAPortalCGR/servletfichainformegoogle?docIdcm=81864baf8eef40487157413df01afdcf&pdf=1
45704,09115,2017-10-04 00:00:00.0,DEPARTAMENTO DE SALUD MUNICIPAL DE PUCON,2017,571,"INFORME DE INVESTIGACIÓN ESPECIAL 571-17 MUNICIPALIDAD DE PUCÓN, SOBRE ASIGNACION DE RESPONSABILIDAD- OCTUBRE 2017",https://www.contraloria.cl/pdfbuscador/auditoria/5d05696f3eed43b7c9886439f69dcf26/html,09,PUCON,https://www.contraloria.cl/SicaProd/SICAv3-BIFAPortalCGR/faces/newDetalleInforme?docIdcm=5d05696f3eed43b7c9886439f69dcf26,C,Informe de Investigación Especial,21811,https://www.contraloria.cl/SicaProd/SICAv3-BIFAPortalCGR/servletfichainformegoogle?docIdcm=5d05696f3eed43b7c9886439f69dcf26&pdf=1
55558,09115,2019-04-12 00:00:00.0,DEPARTAMENTO DE SALUD MUNICIPAL DE PUCON,2019,182,"INFORME DE INVESTIGACIÓN ESPECIAL 182-19 MUNICIPALIDAD DE PUCÓN, SOBREASIGNACIÓN LEY 19.378-ABRIL 2019",https://www.contraloria.cl/pdfbuscador/auditoria/e7526a354e7f107890f7fff421b8919b/html,09,PUCON,https://www.contraloria.cl/SicaProd/SICAv3-BIFAPortalCGR/faces/newDetalleInforme?docIdcm=e7526a354e7f107890f7fff421b8919b,C,Informe de Investigación Especial,28733,https://www.contraloria.cl/SicaProd/SICAv3-BIFAPortalCGR/servletfichainformegoogle?docIdcm=e7526a354e7f107890f7fff421b8919b&pdf=1