IDACTIVIDAD,CODIGOSUBDERE,FECHAINFORME,NOMBRESERVICIO,ANOINFORME,NUMEROINFORME,MATERIAINFORME,FICHAINFORMEBIFA,C_REG_SUBDERE,NOMBRESUBDERE,FICHAINFORME,TIPOSUBDERE,TIPOINFORME,IDINFORME,PDFINFORME
28560,13124,2015-10-05 00:00:00.0,MUNICIPALIDAD DE PUDAHUEL,2015,589,INFORME FINAL 589-15 MUNICIPALIDAD DE PUDAHUEL - SOBRE AUDITORIA A LAS CONTRATACIONES DE HONORARIOS EN PROGRAMAS COMUNITARIOS - OCTUBRE 2015,https://www.contraloria.cl/pdfbuscador/auditoria/152406b1003add49cbf9300b0a004868/html,13,PUDAHUEL,https://www.contraloria.cl/SicaProd/SICAv3-BIFAPortalCGR/faces/newDetalleInforme?docIdcm=152406b1003add49cbf9300b0a004868,C,Informe Final de Auditoría,15038,https://www.contraloria.cl/SicaProd/SICAv3-BIFAPortalCGR/servletfichainformegoogle?docIdcm=152406b1003add49cbf9300b0a004868&pdf=1
28429,13124,2015-12-31 00:00:00.0,CORPORACION MUNICIPAL PUDAHUEL,2015,760,INFORME FINAL 760-15 CORPORACION MUNICIPAL DE PUDAHUEL - SOBRE AUDITORIA AL PROGRAMA DE SERVICIO DE ATENCION PRIMARIA DE URGENCIA SAPU - DICIEMBRE 201,https://www.contraloria.cl/pdfbuscador/auditoria/c4885f4eac64e36618915c46316abbb3/html,13,PUDAHUEL,https://www.contraloria.cl/SicaProd/SICAv3-BIFAPortalCGR/faces/newDetalleInforme?docIdcm=c4885f4eac64e36618915c46316abbb3,C,Informe Final de Auditoría,16791,https://www.contraloria.cl/SicaProd/SICAv3-BIFAPortalCGR/servletfichainformegoogle?docIdcm=c4885f4eac64e36618915c46316abbb3&pdf=1
34499,13124,2016-11-28 00:00:00.0,MUNICIPALIDAD DE PUDAHUEL,2016,423,INFORME FINAL 423-16 MUNICIPALIDAD DE PUDAHUEL - SOBRE AUDITORIA AL ACTIVO FIJO Y CUMPLIMIENTO DE LA LEY N° 20.730 - NOVIEMBRE 2016,https://www.contraloria.cl/pdfbuscador/auditoria/f114fccad62cd39d0f5c7a6fcaa4f20f/html,13,PUDAHUEL,https://www.contraloria.cl/SicaProd/SICAv3-BIFAPortalCGR/faces/newDetalleInforme?docIdcm=f114fccad62cd39d0f5c7a6fcaa4f20f,C,Informe Final de Auditoría,19665,https://www.contraloria.cl/SicaProd/SICAv3-BIFAPortalCGR/servletfichainformegoogle?docIdcm=f114fccad62cd39d0f5c7a6fcaa4f20f&pdf=1
45668,13124,2018-06-19 00:00:00.0,MUNICIPALIDAD DE PUDAHUEL,2017,518,INFORME FINAL N° 518-2017 - MUNICIPALIDAD DE PUDAHUEL - SOBRE AUDITORIA A LOS PROCEDIMIENTOS DE CONTROL Y FISCALIZACION EJERCIDOS POR LA MUNICIPALIDAD - JUNIO 2018,https://www.contraloria.cl/pdfbuscador/auditoria/30b0cb2565b1f4a7ac51c7468191eb8c/html,13,PUDAHUEL,https://www.contraloria.cl/SicaProd/SICAv3-BIFAPortalCGR/faces/newDetalleInforme?docIdcm=30b0cb2565b1f4a7ac51c7468191eb8c,C,Informe Final de Auditoría,24389,https://www.contraloria.cl/SicaProd/SICAv3-BIFAPortalCGR/servletfichainformegoogle?docIdcm=30b0cb2565b1f4a7ac51c7468191eb8c&pdf=1
42403,13124,2017-11-23 00:00:00.0,MUNICIPALIDAD DE PUDAHUEL,2017,733,INFORME FINAL 733-2017 MUNICIPALIDAD DE PUDAHUEL AUDITORÍA AL MACROPROCESO DE CONCESIONES-NOVIEMBRE 2017,https://www.contraloria.cl/pdfbuscador/auditoria/2a5191b18534a5849171249d02a4169f/html,13,PUDAHUEL,https://www.contraloria.cl/SicaProd/SICAv3-BIFAPortalCGR/faces/newDetalleInforme?docIdcm=2a5191b18534a5849171249d02a4169f,C,Informe Final de Auditoría,22210,https://www.contraloria.cl/SicaProd/SICAv3-BIFAPortalCGR/servletfichainformegoogle?docIdcm=2a5191b18534a5849171249d02a4169f&pdf=1
49231,13124,2018-08-29 00:00:00.0,CORPORACION MUNICIPAL PUDAHUEL,2018,204,INFORME FINAL 204-2018 MUNICIPALIDAD DE PUDAHUEL AUDITORÍA A LOS RECURSOS DE LA LEY 20248 SUBVENCIÓN ESCOLAR PREFERENCIAL EN LA CORPORACIÓN MUNICIPAL DE DESARROLLO AGOSTO-2018,https://www.contraloria.cl/pdfbuscador/auditoria/d348ae3579447f3850476112baed6f84/html,13,PUDAHUEL,https://www.contraloria.cl/SicaProd/SICAv3-BIFAPortalCGR/faces/newDetalleInforme?docIdcm=d348ae3579447f3850476112baed6f84,C,Informe Final de Auditoría,25581,https://www.contraloria.cl/SicaProd/SICAv3-BIFAPortalCGR/servletfichainformegoogle?docIdcm=d348ae3579447f3850476112baed6f84&pdf=1
50694,13124,2018-11-20 00:00:00.0,MUNICIPALIDAD DE PUDAHUEL,2018,500,INFORME FINAL 500-2018 MUNICIPALIDAD DE PUDAHUEL AUDITORÍA AL MACROPROCESO DE ADQUISICIONES Y ABASTECIMIENTO-NOVIEMBRE 2018,https://www.contraloria.cl/pdfbuscador/auditoria/1aab3e2cb0b6b8d09fa147a04b47684d/html,13,PUDAHUEL,https://www.contraloria.cl/SicaProd/SICAv3-BIFAPortalCGR/faces/newDetalleInforme?docIdcm=1aab3e2cb0b6b8d09fa147a04b47684d,C,Informe Final de Auditoría,26777,https://www.contraloria.cl/SicaProd/SICAv3-BIFAPortalCGR/servletfichainformegoogle?docIdcm=1aab3e2cb0b6b8d09fa147a04b47684d&pdf=1
52203,13124,2018-12-07 00:00:00.0,MUNICIPALIDAD DE PUDAHUEL,2018,684,INFORME FINAL N°-684 MUNICIPALIDAD DE PUDAHUEL SOBRE AUDITORIA A LOS CONTRATOS DE OBRA FINANCIADOS POR LA MUNICIPALIDAD DE PUDAHUEL,https://www.contraloria.cl/pdfbuscador/auditoria/a349dc9a8817d4443c6010ac9c244c8d/html,13,PUDAHUEL,https://www.contraloria.cl/SicaProd/SICAv3-BIFAPortalCGR/faces/newDetalleInforme?docIdcm=a349dc9a8817d4443c6010ac9c244c8d,C,Informe Final de Auditoría,26845,https://www.contraloria.cl/SicaProd/SICAv3-BIFAPortalCGR/servletfichainformegoogle?docIdcm=a349dc9a8817d4443c6010ac9c244c8d&pdf=1
57720,13124,2020-06-09 00:00:00.0,MUNICIPALIDAD DE PUDAHUEL,2019,409,INFORME FINAL DE INVESTIGACION ESPECIAL N°409-2019 - MUNICIPALIDAD DE PUDAHUEL - SOBRE EVENTUALES IRREGULARIDADES - JUNIO 2020,https://www.contraloria.cl/pdfbuscador/auditoria/25041791e099e068f67e662c86be6e28/html,13,PUDAHUEL,https://www.contraloria.cl/SicaProd/SICAv3-BIFAPortalCGR/faces/newDetalleInforme?docIdcm=25041791e099e068f67e662c86be6e28,C,Informe de Investigación Especial,32807,https://www.contraloria.cl/SicaProd/SICAv3-BIFAPortalCGR/servletfichainformegoogle?docIdcm=25041791e099e068f67e662c86be6e28&pdf=1
59352,13124,2019-12-19 00:00:00.0,MUNICIPALIDAD DE PUDAHUEL,2019,905,"INFORME FINAL N° 905-2019 - MUNICIPALIDAD DE PUDAHUEL - SONRE AUDITORIA A LOS GASTOS EFECTUADOS POR CONCEPTO DE CAPACITACIONES, VIATICOS, COMISIONES Y REPRESENTACIONES - DICIEMBRE 2019",https://www.contraloria.cl/pdfbuscador/auditoria/823f205547b1872a827671f2a3c5cccc/html,13,PUDAHUEL,https://www.contraloria.cl/SicaProd/SICAv3-BIFAPortalCGR/faces/newDetalleInforme?docIdcm=823f205547b1872a827671f2a3c5cccc,C,Informe Final de Auditoría,30672,https://www.contraloria.cl/SicaProd/SICAv3-BIFAPortalCGR/servletfichainformegoogle?docIdcm=823f205547b1872a827671f2a3c5cccc&pdf=1
66828,13124,2020-05-04 00:00:00.0,MUNICIPALIDAD DE PUDAHUEL,2019,1072,"INFORME DE INVESTIGACIÓN ESPECIAL N°1.072-2019 MUNICIPALIDAD DE PUDAHUEL SOBRE  EVENTUALES IRREGULARIDADES EN EL  CONTRATO DENOMINADO “OBRAS DE  INFRAESTRUCTURA VIAL Y/O  EQUIPAMIENTO COMUNAL, COMUNA DE  PUDAHUEL 2016”-MAYO 2020",https://www.contraloria.cl/pdfbuscador/auditoria/6de1f29bbfc9c8d860ac965e4166d295/html,13,PUDAHUEL,https://www.contraloria.cl/SicaProd/SICAv3-BIFAPortalCGR/faces/newDetalleInforme?docIdcm=6de1f29bbfc9c8d860ac965e4166d295,C,Informe de Investigación Especial,32418,https://www.contraloria.cl/SicaProd/SICAv3-BIFAPortalCGR/servletfichainformegoogle?docIdcm=6de1f29bbfc9c8d860ac965e4166d295&pdf=1
67324,13124,2020-05-08 00:00:00.0,MUNICIPALIDAD DE PUDAHUEL,2020,1109,INFORME DE INSPECCIÓN DE OBRA PÚBLICA N°1.109-2020 MUNICIPALIDAD DE PUDAHUEL-SOBRE INSPECCIÓN A LAS OBRAS DEL CONTRATO DENOMINADO “CONSTRUCCIÓN BIBLIOTECA MUNICIPAL” MAYO 2020,https://www.contraloria.cl/pdfbuscador/auditoria/eb9133798e890f6c681e216a0d140253/html,13,PUDAHUEL,https://www.contraloria.cl/SicaProd/SICAv3-BIFAPortalCGR/faces/newDetalleInforme?docIdcm=eb9133798e890f6c681e216a0d140253,C,Informe de Inspección de Obra Pública,32464,https://www.contraloria.cl/SicaProd/SICAv3-BIFAPortalCGR/servletfichainformegoogle?docIdcm=eb9133798e890f6c681e216a0d140253&pdf=1