IDACTIVIDAD,CODIGOSUBDERE,FECHAINFORME,NOMBRESERVICIO,ANOINFORME,NUMEROINFORME,MATERIAINFORME,FICHAINFORMEBIFA,C_REG_SUBDERE,NOMBRESUBDERE,FICHAINFORME,TIPOSUBDERE,TIPOINFORME,IDINFORME,PDFINFORME
36275,13201,2016-12-22 00:00:00.0,MUNICIPALIDAD DE PUENTE ALTO,2016,225,"REMITE INFORME FINAL N° 225, DE 2016, SOBRE INSPECCIÓN A LAS OBRAS DEL CONTRATO ""CONSTRUCCIÓN CENTRO CULTURAL ALCALDE JUAN ESTAY"" EJECUTADO POR LA MUNICIPALIDAD DE PUENTE ALTO",https://www.contraloria.cl/pdfbuscador/auditoria/9061161d31c263b8c249331b699ad527/html,13,PUENTE ALTO,https://www.contraloria.cl/SicaProd/SICAv3-BIFAPortalCGR/faces/newDetalleInforme?docIdcm=9061161d31c263b8c249331b699ad527,C,Informe de Inspección de Obra Pública,20415,https://www.contraloria.cl/SicaProd/SICAv3-BIFAPortalCGR/servletfichainformegoogle?docIdcm=9061161d31c263b8c249331b699ad527&pdf=1
34206,13201,2016-11-03 00:00:00.0,MUNICIPALIDAD DE PUENTE ALTO,2016,517,INFORME FINAL 517-16 MUNICIPALIDAD DE PUENTE ALTO - TRANSFERENCIAS CORRIENTES-NOVIEMBRE 2016,https://www.contraloria.cl/pdfbuscador/auditoria/2669963731837548fd3bdf792d0a9efe/html,13,PUENTE ALTO,https://www.contraloria.cl/SicaProd/SICAv3-BIFAPortalCGR/faces/newDetalleInforme?docIdcm=2669963731837548fd3bdf792d0a9efe,C,Informe Final de Auditoría,19361,https://www.contraloria.cl/SicaProd/SICAv3-BIFAPortalCGR/servletfichainformegoogle?docIdcm=2669963731837548fd3bdf792d0a9efe&pdf=1
34382,13201,2016-12-30 00:00:00.0,CORPORACION MUNICIPAL PUENTE ALTO,2016,1054,"INFORME FINAL 1054 - 2016 CORPORACIÓN MUNICIPAL DE EDUCACIÓN ,SALUD Y ATENCIÓN DE MENORES DE PUENTE ALTO SOBRE AUDITORIA A LOS PROGRAMAS DE FONDO DE FARMACIA PARA ENFERMEDADES CRÓNICAS NO TRANSMISIBLES EN ATENCIÓN PRIMARIA DE SALUD DE FORTALECIMIENTO DE LA MEDICINA FAMILIAR PARA EL SISTEMA PUBLICO DE SALUD EN LA CORPORACIÓN MUNICIPAL DE EDUCACIÓN , SALUD Y ATENCIÓN DE MENORES DE PUENTE ALTO -DICIEMBRE 2016",https://www.contraloria.cl/pdfbuscador/auditoria/57bd82f320a256b46bfcae7e199c2c38/html,13,PUENTE ALTO,https://www.contraloria.cl/SicaProd/SICAv3-BIFAPortalCGR/faces/newDetalleInforme?docIdcm=57bd82f320a256b46bfcae7e199c2c38,C,Informe Final de Auditoría,20429,https://www.contraloria.cl/SicaProd/SICAv3-BIFAPortalCGR/servletfichainformegoogle?docIdcm=57bd82f320a256b46bfcae7e199c2c38&pdf=1
41739,13201,2017-07-17 00:00:00.0,MUNICIPALIDAD DE PUENTE ALTO,2017,357,INFORME FINAL 357-2017 MUNICIPALIDAD DE PUENTE ALTO SOBRE AUDITORIA AL PROCESO DE CONCESIONES DE AREAS VERDES EN LA MUNICIPALIDAD DE PUENTE ALTO - JULIO 2017,https://www.contraloria.cl/pdfbuscador/auditoria/3c5d04f1db3ae97044a06f0bf78c1991/html,13,PUENTE ALTO,https://www.contraloria.cl/SicaProd/SICAv3-BIFAPortalCGR/faces/newDetalleInforme?docIdcm=3c5d04f1db3ae97044a06f0bf78c1991,C,Informe Final de Auditoría,21484,https://www.contraloria.cl/SicaProd/SICAv3-BIFAPortalCGR/servletfichainformegoogle?docIdcm=3c5d04f1db3ae97044a06f0bf78c1991&pdf=1
46719,13201,2018-08-01 00:00:00.0,MUNICIPALIDAD DE PUENTE ALTO,2018,78,INFORME DE INVESTIGACIÓN ESPECIAL 78-18 MUNICIPALIDAD DE PUENTE ALTO SOBRE DENUNCIA RELATIVA AL INCUMPLIMIENTO DE SERVICIOS POR PARTE DE PERSONAL CONTRATADO A HONORARIOS EN PROGRAMAS COMUNITARIOS-AGOSTO 2018,https://www.contraloria.cl/pdfbuscador/auditoria/f7e6dd13ca477a6d31f687cd993d51cb/html,13,PUENTE ALTO,https://www.contraloria.cl/SicaProd/SICAv3-BIFAPortalCGR/faces/newDetalleInforme?docIdcm=f7e6dd13ca477a6d31f687cd993d51cb,C,Informe de Investigación Especial,25091,https://www.contraloria.cl/SicaProd/SICAv3-BIFAPortalCGR/servletfichainformegoogle?docIdcm=f7e6dd13ca477a6d31f687cd993d51cb&pdf=1
49349,13201,2018-06-19 00:00:00.0,CORPORACION MUNICIPAL PUENTE ALTO,2018,207,"INFORME FINAL 207-2018 CORPORACIÓN MUNICIPAL DE EDUCACIÓN SALUD Y ATENCIÓN DE MENORES DE PUENTE ALTO AUDITORIA A LOS RECURSOS DE LA LEY N° 20248 , SUBVENCIÓN ESCOLAR PREFERENCIAL EN LA CORPORACIÓN MUNICIPAL DE EDUCACIÓN , SALUD Y ATENCIÓN DE MENORES DE PUENTE ALTO - JUNIO 2018",https://www.contraloria.cl/pdfbuscador/auditoria/8cc7cc7204b6b934b67c96a82021e858/html,13,PUENTE ALTO,https://www.contraloria.cl/SicaProd/SICAv3-BIFAPortalCGR/faces/newDetalleInforme?docIdcm=8cc7cc7204b6b934b67c96a82021e858,C,Informe Final de Auditoría,24393,https://www.contraloria.cl/SicaProd/SICAv3-BIFAPortalCGR/servletfichainformegoogle?docIdcm=8cc7cc7204b6b934b67c96a82021e858&pdf=1
50775,13201,2018-08-28 00:00:00.0,MUNICIPALIDAD DE PUENTE ALTO,2018,384,INFORME FINAL 384-18 MUNICIPALIDAD DE PUENTE ALTO SOBRE AUDITORÍA Y EXAMEN DE CUENTAS A LOS GASTOS EFECTUADOS CON CARGO A LA CUENTA CONTABLE N°215-31 DURANTE EL AÑO 2017-AGOSTO 2018,https://www.contraloria.cl/pdfbuscador/auditoria/806b20604b461712f49c108e3728369c/html,13,PUENTE ALTO,https://www.contraloria.cl/SicaProd/SICAv3-BIFAPortalCGR/faces/newDetalleInforme?docIdcm=806b20604b461712f49c108e3728369c,C,Informe Final de Auditoría,25502,https://www.contraloria.cl/SicaProd/SICAv3-BIFAPortalCGR/servletfichainformegoogle?docIdcm=806b20604b461712f49c108e3728369c&pdf=1
56533,13201,2019-08-19 00:00:00.0,MUNICIPALIDAD DE PUENTE ALTO,2019,397,INFORME FINAL 397-2019 MUNICIPALIDAD DE PUENTE ALTO SOBRE AUDITORIA A LAS CONTRATACIONES Y GASTOS POR CONCEPTOS DE HONORARIOS A SUMA ALZADA Y EJECUCIÓN DE HORAS EXTRAS EN LA MUNICIPALIDAD DE PUENTE ALTO - AGOSTO 2019,https://www.contraloria.cl/pdfbuscador/auditoria/91fba216b14a807161e6f83f9b3779e4/html,13,PUENTE ALTO,https://www.contraloria.cl/SicaProd/SICAv3-BIFAPortalCGR/faces/newDetalleInforme?docIdcm=91fba216b14a807161e6f83f9b3779e4,C,Informe Final de Auditoría,29637,https://www.contraloria.cl/SicaProd/SICAv3-BIFAPortalCGR/servletfichainformegoogle?docIdcm=91fba216b14a807161e6f83f9b3779e4&pdf=1
58321,13201,2020-10-13 00:00:00.0,MUNICIPALIDAD DE PUENTE ALTO,2019,747,INFORME FINAL 747-2019 MUNICIPALIDAD DE PUENTE ALTO SOBRE AUDITORIA EN LA ADMINISTRACION - OCTUBRE 2020,https://www.contraloria.cl/pdfbuscador/auditoria/0fce706eae5fc33403d5cfab2ca86ad3/html,13,PUENTE ALTO,https://www.contraloria.cl/SicaProd/SICAv3-BIFAPortalCGR/faces/newDetalleInforme?docIdcm=0fce706eae5fc33403d5cfab2ca86ad3,C,Informe Final de Auditoría,33827,https://www.contraloria.cl/SicaProd/SICAv3-BIFAPortalCGR/servletfichainformegoogle?docIdcm=0fce706eae5fc33403d5cfab2ca86ad3&pdf=1