IDACTIVIDAD,CODIGOSUBDERE,FECHAINFORME,NOMBRESERVICIO,ANOINFORME,NUMEROINFORME,MATERIAINFORME,FICHAINFORMEBIFA,C_REG_SUBDERE,NOMBRESUBDERE,FICHAINFORME,TIPOSUBDERE,TIPOINFORME,IDINFORME,PDFINFORME
23257,10101,2015-05-28 00:00:00.0,DEPARTAMENTO DE EDUCACION DE PUERTO MONTT,2015,116,INFORME INVESTIGACION ESPECIAL 116-15 DEM DE PUERTO MONTT IRREGULARIDADES COORDINADORA PROGRAMA SEP - MAYO 2015,https://www.contraloria.cl/pdfbuscador/auditoria/36f00beab4bafda690110bc2ca843c71/html,10,PUERTO MONTT,https://www.contraloria.cl/SicaProd/SICAv3-BIFAPortalCGR/faces/newDetalleInforme?docIdcm=36f00beab4bafda690110bc2ca843c71,C,Informe de Investigación Especial,14038,https://www.contraloria.cl/SicaProd/SICAv3-BIFAPortalCGR/servletfichainformegoogle?docIdcm=36f00beab4bafda690110bc2ca843c71&pdf=1
29222,10101,2016-02-29 00:00:00.0,DEPARTAMENTO DE EDUCACION DE PUERTO MONTT,2015,327,INFORME INVESTIGACION ESPECIAL 327-15 DEPARTAMENTO ADMINISTRATIVO DE EDUCACION MUNICIPAL PUERTO MONTT PRESUNTAS IRREGULARIDADES EN CONTRATACIONES CON RECURSOS SEP - FEBRERO 2016,https://www.contraloria.cl/pdfbuscador/auditoria/1f23a1ead4c8a82e740d1e10fe68e1c6/html,10,PUERTO MONTT,https://www.contraloria.cl/SicaProd/SICAv3-BIFAPortalCGR/faces/newDetalleInforme?docIdcm=1f23a1ead4c8a82e740d1e10fe68e1c6,C,Informe de Investigación Especial,17454,https://www.contraloria.cl/SicaProd/SICAv3-BIFAPortalCGR/servletfichainformegoogle?docIdcm=1f23a1ead4c8a82e740d1e10fe68e1c6&pdf=1
28864,10101,2015-08-26 00:00:00.0,MUNICIPALIDAD DE PUERTO MONTT,2015,643,INFORME FINAL 643-15 MUNICIPALIDAD DE PUERTO MONTT - SOBRE AUDITORIA A LAS CONTRATACIONES DE HONORARIOS EN PROGRAMAS COMUNITARIOS - AGOSTO 2015,https://www.contraloria.cl/pdfbuscador/auditoria/95ee93b5ecd4fbda24b4dfb3429bf640/html,10,PUERTO MONTT,https://www.contraloria.cl/SicaProd/SICAv3-BIFAPortalCGR/faces/newDetalleInforme?docIdcm=95ee93b5ecd4fbda24b4dfb3429bf640,C,Informe Final de Auditoría,14750,https://www.contraloria.cl/SicaProd/SICAv3-BIFAPortalCGR/servletfichainformegoogle?docIdcm=95ee93b5ecd4fbda24b4dfb3429bf640&pdf=1
31963,10101,2015-12-30 00:00:00.0,DEPARTAMENTO DE EDUCACION DE PUERTO MONTT,2015,1310,INFORME FINAL 1310-15 DEPARTAMENTO DE  EDUCACIONAL MUNICIPAL DE PUERTO MONTT AUDITORIA PIE - SUBVENCION PRO-RETENCION Y CUMPLIMIENTO NORMAS CODIGO DEL TRABAJO - DICIEMBRE 2015,https://www.contraloria.cl/pdfbuscador/auditoria/7d32d94664960d7bad0abcae69954910/html,10,PUERTO MONTT,https://www.contraloria.cl/SicaProd/SICAv3-BIFAPortalCGR/faces/newDetalleInforme?docIdcm=7d32d94664960d7bad0abcae69954910,C,Informe Final de Auditoría,16882,https://www.contraloria.cl/SicaProd/SICAv3-BIFAPortalCGR/servletfichainformegoogle?docIdcm=7d32d94664960d7bad0abcae69954910&pdf=1
33983,10101,2016-08-31 00:00:00.0,MUNICIPALIDAD DE PUERTO MONTT,2016,408,INFORME OBRA PUBLICA 408-16 MUNICIPALIDAD PUERTO MONTT INSPECCION OBRA PUBLICA AMPLIACION COMPLEJO DEPORTIVO ESTERO LOBOS - AGOSTO 2016,https://www.contraloria.cl/pdfbuscador/auditoria/d17b73b72bdf17a6a3e1bb47464c76c8/html,10,PUERTO MONTT,https://www.contraloria.cl/SicaProd/SICAv3-BIFAPortalCGR/faces/newDetalleInforme?docIdcm=d17b73b72bdf17a6a3e1bb47464c76c8,C,Informe de Inspección de Obra Pública,18724,https://www.contraloria.cl/SicaProd/SICAv3-BIFAPortalCGR/servletfichainformegoogle?docIdcm=d17b73b72bdf17a6a3e1bb47464c76c8&pdf=1
34949,10101,2016-12-22 00:00:00.0,MUNICIPALIDAD DE PUERTO MONTT,2016,1001,INFORME FINAL 1001-16 MUNICIPALIDAD DE PUERTO MONTT AUDITORIA AL MACROPROCESO DE CONCESIONES LICITACIONES 14 DE 2003 Y 23 DE 2010 - DICIEMBRE 2016,https://www.contraloria.cl/pdfbuscador/auditoria/d8d1dbcd8cebccdc1a1e5376ce8e6305/html,10,PUERTO MONTT,https://www.contraloria.cl/SicaProd/SICAv3-BIFAPortalCGR/faces/newDetalleInforme?docIdcm=d8d1dbcd8cebccdc1a1e5376ce8e6305,C,Informe Final de Auditoría,20192,https://www.contraloria.cl/SicaProd/SICAv3-BIFAPortalCGR/servletfichainformegoogle?docIdcm=d8d1dbcd8cebccdc1a1e5376ce8e6305&pdf=1
36326,10101,2017-04-03 00:00:00.0,MUNICIPALIDAD DE PUERTO MONTT,2016,1012,INFORME DE INVESTIGACION ESPECIAL 1012-16 MUNICIPALIDAD DE PUERTO MONTT USO DEL NOMBRE E IMAGEN DE ALCALDE ENTRE OTRAS MAT6ERIAS - ABRIL 2017,https://www.contraloria.cl/pdfbuscador/auditoria/9012ca106067aa07675e414af5b34ae9/html,10,PUERTO MONTT,https://www.contraloria.cl/SicaProd/SICAv3-BIFAPortalCGR/faces/newDetalleInforme?docIdcm=9012ca106067aa07675e414af5b34ae9,C,Informe de Investigación Especial,20921,https://www.contraloria.cl/SicaProd/SICAv3-BIFAPortalCGR/servletfichainformegoogle?docIdcm=9012ca106067aa07675e414af5b34ae9&pdf=1
44959,10101,2017-10-13 00:00:00.0,MUNICIPALIDAD DE PUERTO MONTT,2017,711,INFORME_DE_INVESTIGACION_ESPECIAL_711_17_MUNICIPALIDAD_DE_PUERTO_MONTT_RENDICIONES_DE_CUENTAS_DE_CLUB_DE_DEPORTES_PUERTO_MONTT_OCTUBRE_2017,https://www.contraloria.cl/pdfbuscador/auditoria/76d307e6bdb8038138fbd148a1727613/html,10,PUERTO MONTT,https://www.contraloria.cl/SicaProd/SICAv3-BIFAPortalCGR/faces/newDetalleInforme?docIdcm=76d307e6bdb8038138fbd148a1727613,C,Informe de Investigación Especial,22003,https://www.contraloria.cl/SicaProd/SICAv3-BIFAPortalCGR/servletfichainformegoogle?docIdcm=76d307e6bdb8038138fbd148a1727613&pdf=1
41758,10101,2017-12-27 00:00:00.0,DEPARTAMENTO DE SALUD DE PUERTO MONTT,2017,983,INFORME_FINAL_983_17_DESAM_DE_PUERTO_MONTT_AUDITORIA_A_FARMACIA_CIUDADANA_DICIEMBRE_2017,https://www.contraloria.cl/pdfbuscador/auditoria/3c667b69f6fca67601ee0a9477a9625b/html,10,PUERTO MONTT,https://www.contraloria.cl/SicaProd/SICAv3-BIFAPortalCGR/faces/newDetalleInforme?docIdcm=3c667b69f6fca67601ee0a9477a9625b,C,Informe Final de Auditoría,22679,https://www.contraloria.cl/SicaProd/SICAv3-BIFAPortalCGR/servletfichainformegoogle?docIdcm=3c667b69f6fca67601ee0a9477a9625b&pdf=1
41732,10101,2017-12-27 00:00:00.0,DEPARTAMENTO DE EDUCACION DE PUERTO MONTT,2017,1013,INFORME_FINAL_1013_17_DAEM_DE_PUERTO_MONTT_AUDITORIA_AL_FONDO_DE_APOYO_A_LA_EDUCACION_PUBLICA_FAEP_DICIEMBRE_2017,https://www.contraloria.cl/pdfbuscador/auditoria/31083e23c2f0dae411dff20feae028c5/html,10,PUERTO MONTT,https://www.contraloria.cl/SicaProd/SICAv3-BIFAPortalCGR/faces/newDetalleInforme?docIdcm=31083e23c2f0dae411dff20feae028c5,C,Informe Final de Auditoría,22702,https://www.contraloria.cl/SicaProd/SICAv3-BIFAPortalCGR/servletfichainformegoogle?docIdcm=31083e23c2f0dae411dff20feae028c5&pdf=1
49417,10101,2018-07-27 00:00:00.0,DEPARTAMENTO DE EDUCACION DE PUERTO MONTT,2018,97,INFORME_FINAL_97_18_DAEM_PUERTO_MONTT_AUDITORIA_A_RECUPERACION_SUBSIDIOS_POR_INCAPACIDAD_LABORAL_JULIO_2018,https://www.contraloria.cl/pdfbuscador/auditoria/dba43fb3bec7da1274de1e906af1d031/html,10,PUERTO MONTT,https://www.contraloria.cl/SicaProd/SICAv3-BIFAPortalCGR/faces/newDetalleInforme?docIdcm=dba43fb3bec7da1274de1e906af1d031,C,Informe Final de Auditoría,25785,https://www.contraloria.cl/SicaProd/SICAv3-BIFAPortalCGR/servletfichainformegoogle?docIdcm=dba43fb3bec7da1274de1e906af1d031&pdf=1
51093,10101,2018-12-26 00:00:00.0,MUNICIPALIDAD DE PUERTO MONTT,2018,573,INFORME_FINAL_573_18_MUNICIPALIDAD_DE_PUERTO_MONTT_AUDITORIA_SUBTITULO_29_ADQUISICION_ACTIVOS_NO_FINANCIEROS_Y_CONTROL_DE_VEHICULOS_DICIEMBRE_2018,https://www.contraloria.cl/pdfbuscador/auditoria/b3e4129167d7a4414105261881235bfc/html,10,PUERTO MONTT,https://www.contraloria.cl/SicaProd/SICAv3-BIFAPortalCGR/faces/newDetalleInforme?docIdcm=b3e4129167d7a4414105261881235bfc,C,Informe Final de Auditoría,27238,https://www.contraloria.cl/SicaProd/SICAv3-BIFAPortalCGR/servletfichainformegoogle?docIdcm=b3e4129167d7a4414105261881235bfc&pdf=1
53169,10101,2018-12-31 00:00:00.0,CORPORACION CULTURAL PUERTO MONTT,2018,833,INFORME_FINAL_833_18_CORPORACION_CULTURAL_PUERTO_MONTT_AUDITORIA_A_RECURSOS_TRANSFERIDOS_POR_LA_MUNICIPALIDAD_DE_PUERTO_MONTT_DICIEMBRE_2018,https://www.contraloria.cl/pdfbuscador/auditoria/18ba36bcf977f3fc6a71435eb227955c/html,10,PUERTO MONTT,https://www.contraloria.cl/SicaProd/SICAv3-BIFAPortalCGR/faces/newDetalleInforme?docIdcm=18ba36bcf977f3fc6a71435eb227955c,C,Informe Final de Auditoría,27241,https://www.contraloria.cl/SicaProd/SICAv3-BIFAPortalCGR/servletfichainformegoogle?docIdcm=18ba36bcf977f3fc6a71435eb227955c&pdf=1
67052,10101,2020-05-07 00:00:00.0,MUNICIPALIDAD DE PUERTO MONTT,2019,853,INSPECCION DE OBRA PUBLICA 853-19 MUNICIPALIDAD DE PUERTO MONTT INSPECCiÓN A LAS OBRAS INSPECCiÓN A LAS OBRAS DEL CONTRATO NSTALACiÓN CARPETA SINTETICA CANCHA BADMINTON SECTOR ALERCE - MAYO 2020,https://www.contraloria.cl/pdfbuscador/auditoria/4133d19bba6914f880cbc326b8f15abd/html,10,PUERTO MONTT,https://www.contraloria.cl/SicaProd/SICAv3-BIFAPortalCGR/faces/newDetalleInforme?docIdcm=4133d19bba6914f880cbc326b8f15abd,C,Informe de Inspección de Obra Pública,33090,https://www.contraloria.cl/SicaProd/SICAv3-BIFAPortalCGR/servletfichainformegoogle?docIdcm=4133d19bba6914f880cbc326b8f15abd&pdf=1