IDACTIVIDAD,CODIGOSUBDERE,FECHAINFORME,NOMBRESERVICIO,ANOINFORME,NUMEROINFORME,MATERIAINFORME,FICHAINFORMEBIFA,C_REG_SUBDERE,NOMBRESUBDERE,FICHAINFORME,TIPOSUBDERE,TIPOINFORME,IDINFORME,PDFINFORME
24002,10109,2015-05-29 00:00:00.0,MUNICIPALIDAD DE PUERTO VARAS,2015,94,INFORME INVESTIGACION ESPECIAL 94-15 MUNICIPALIDAD DE PUERTO VARAS CONTRATOS DE OBRA EJECUTADOS POR CONSTRUCTORA KREA LTDA - MAYO 2015,https://www.contraloria.cl/pdfbuscador/auditoria/0a8379f538357823c58e5f187bd5cbdb/html,10,PUERTO VARAS,https://www.contraloria.cl/SicaProd/SICAv3-BIFAPortalCGR/faces/newDetalleInforme?docIdcm=0a8379f538357823c58e5f187bd5cbdb,C,Informe de Investigación Especial,14008,https://www.contraloria.cl/SicaProd/SICAv3-BIFAPortalCGR/servletfichainformegoogle?docIdcm=0a8379f538357823c58e5f187bd5cbdb&pdf=1
26850,10109,2015-05-28 00:00:00.0,MUNICIPALIDAD DE PUERTO VARAS,2015,139,INFORME INVESTIGACION ESPECIAL 139-15 MUNICIPALIAD DE PUERTO VARAS PLAZA NICANOR GARCIA - MAYO 2015,https://www.contraloria.cl/pdfbuscador/auditoria/cb08451d76af904f78ac86daa3a0518a/html,10,PUERTO VARAS,https://www.contraloria.cl/SicaProd/SICAv3-BIFAPortalCGR/faces/newDetalleInforme?docIdcm=cb08451d76af904f78ac86daa3a0518a,C,Informe de Investigación Especial,14107,https://www.contraloria.cl/SicaProd/SICAv3-BIFAPortalCGR/servletfichainformegoogle?docIdcm=cb08451d76af904f78ac86daa3a0518a&pdf=1
27848,10109,2015-09-30 00:00:00.0,MUNICIPALIDAD DE PUERTO VARAS,2015,265,INFORME INVESTIGACION ESPECIAL 265-15 MUNICIPALIDAD DE PUERTO VARAS COMISIONES DE SERVICIOS Y OTROS - SEPTIEMBRE 2015,https://www.contraloria.cl/pdfbuscador/auditoria/f43205813da7e4c7b6eefeb860ece200/html,10,PUERTO VARAS,https://www.contraloria.cl/SicaProd/SICAv3-BIFAPortalCGR/faces/newDetalleInforme?docIdcm=f43205813da7e4c7b6eefeb860ece200,C,Informe de Investigación Especial,14987,https://www.contraloria.cl/SicaProd/SICAv3-BIFAPortalCGR/servletfichainformegoogle?docIdcm=f43205813da7e4c7b6eefeb860ece200&pdf=1
26337,10109,2015-12-01 00:00:00.0,DEPARTAMENTO DE SALUD DE PUERTO VARAS,2015,340,INFORME INVESTIGACION ESPECIAL 340-15 DEPARTAMENTO DE SALUD MUNICIPAL PUERTO VARAS EVENTUALES IRREGULARIDADES POR CONEXION A INTERNET POR BANDA ANCHA MOVIL - DICIEMBRE 2015,https://www.contraloria.cl/pdfbuscador/auditoria/6a2727ce192df3b3620b57502a99af5c/html,10,PUERTO VARAS,https://www.contraloria.cl/SicaProd/SICAv3-BIFAPortalCGR/faces/newDetalleInforme?docIdcm=6a2727ce192df3b3620b57502a99af5c,C,Informe de Investigación Especial,17676,https://www.contraloria.cl/SicaProd/SICAv3-BIFAPortalCGR/servletfichainformegoogle?docIdcm=6a2727ce192df3b3620b57502a99af5c&pdf=1
24486,10109,2015-09-30 00:00:00.0,MUNICIPALIDAD DE PUERTO VARAS,2015,370,INFORME INVESTIGACION ESPECIAL 370-15 MUNICIPALIDAD DE PUERTO VARAS DIVERSAS SITUACIONES DE CARACTER FINANCIERO - SEPTIEMBRE 2015,https://www.contraloria.cl/pdfbuscador/auditoria/d680841973a20eaebe48ae2dc6b5f67d/html,10,PUERTO VARAS,https://www.contraloria.cl/SicaProd/SICAv3-BIFAPortalCGR/faces/newDetalleInforme?docIdcm=d680841973a20eaebe48ae2dc6b5f67d,C,Informe de Investigación Especial,14994,https://www.contraloria.cl/SicaProd/SICAv3-BIFAPortalCGR/servletfichainformegoogle?docIdcm=d680841973a20eaebe48ae2dc6b5f67d&pdf=1
28866,10109,2015-08-27 00:00:00.0,MUNICIPALIDAD DE PUERTO VARAS,2015,605,INFORME FINAL 605-15 MUNICIPALIDAD DE PUERTO VARAS - SOBRE AUDITORIA A LAS CONTRATACIONES DE HONORARIOS EN PROGRAMAS COMUNITARIOS - AGOSTO 2015,https://www.contraloria.cl/pdfbuscador/auditoria/b3a132c98bb1df6a233a143803477378/html,10,PUERTO VARAS,https://www.contraloria.cl/SicaProd/SICAv3-BIFAPortalCGR/faces/newDetalleInforme?docIdcm=b3a132c98bb1df6a233a143803477378,C,Informe Final de Auditoría,14745,https://www.contraloria.cl/SicaProd/SICAv3-BIFAPortalCGR/servletfichainformegoogle?docIdcm=b3a132c98bb1df6a233a143803477378&pdf=1
31833,10109,2015-11-20 00:00:00.0,MUNICIPALIDAD DE PUERTO VARAS,2015,1026,INFORME INVESTIGACION ESPECIAL 1026-15 MUNICIPALIDAD DE PUERTO VARAS ACCIDENTE VEHICULO MUNICIPAL Y COMISIONES DE SERVICIOS - NOVIEMBRE 2015,https://www.contraloria.cl/pdfbuscador/auditoria/f398ad3f4f85054afa8513c16530cda5/html,10,PUERTO VARAS,https://www.contraloria.cl/SicaProd/SICAv3-BIFAPortalCGR/faces/newDetalleInforme?docIdcm=f398ad3f4f85054afa8513c16530cda5,C,Informe de Investigación Especial,16560,https://www.contraloria.cl/SicaProd/SICAv3-BIFAPortalCGR/servletfichainformegoogle?docIdcm=f398ad3f4f85054afa8513c16530cda5&pdf=1
32874,10109,2016-03-01 00:00:00.0,DEPARTAMENTO DE EDUCACION DE PUERTO VARAS,2015,1314,INFORME INVESTIGACION ESPECIAL 1314-15 DEPARTAMENTO ADMINISTRATIVO DE EDUCACION MUNICIPAL DE PUERTO VARAS IRREGULARIDADES EN ASIGNACION Y PAGO HORAS EXTRAORDINARIAS - MARZO 2016,https://www.contraloria.cl/pdfbuscador/auditoria/199246d0224dad296e0984c36471ae6c/html,10,PUERTO VARAS,https://www.contraloria.cl/SicaProd/SICAv3-BIFAPortalCGR/faces/newDetalleInforme?docIdcm=199246d0224dad296e0984c36471ae6c,C,Informe de Investigación Especial,17434,https://www.contraloria.cl/SicaProd/SICAv3-BIFAPortalCGR/servletfichainformegoogle?docIdcm=199246d0224dad296e0984c36471ae6c&pdf=1
35342,10109,2016-07-21 00:00:00.0,MUNICIPALIDAD DE PUERTO VARAS,2016,203,INFORME INVESTIGACION ESPECIAL 203-16 MUNICIPALIDAD DE PUERTO VARAS ASUNTOS DE CARACTER FINANCIERO - JULIO 2016,https://www.contraloria.cl/pdfbuscador/auditoria/85a2f398127951da416534c8e734b8ac/html,10,PUERTO VARAS,https://www.contraloria.cl/SicaProd/SICAv3-BIFAPortalCGR/faces/newDetalleInforme?docIdcm=85a2f398127951da416534c8e734b8ac,C,Informe de Investigación Especial,18583,https://www.contraloria.cl/SicaProd/SICAv3-BIFAPortalCGR/servletfichainformegoogle?docIdcm=85a2f398127951da416534c8e734b8ac&pdf=1
33905,10109,2016-08-04 00:00:00.0,DEPARTAMENTO DE EDUCACION DE PUERTO VARAS,2016,261,INFORME INVESTIGACION ESPECIAL 261-16 MUNICIPALIDAD DE PUERTO VARAS SITUACION PRESUPUESTARIA FINANCIERA Y CONTABLE A NOVIEMBRE 2015 - AGOSTO 2016,https://www.contraloria.cl/pdfbuscador/auditoria/80c4e0a62ca289ec4b60fef988d661e7/html,10,PUERTO VARAS,https://www.contraloria.cl/SicaProd/SICAv3-BIFAPortalCGR/faces/newDetalleInforme?docIdcm=80c4e0a62ca289ec4b60fef988d661e7,C,Informe de Investigación Especial,19051,https://www.contraloria.cl/SicaProd/SICAv3-BIFAPortalCGR/servletfichainformegoogle?docIdcm=80c4e0a62ca289ec4b60fef988d661e7&pdf=1
36196,10109,2016-07-12 00:00:00.0,MUNICIPALIDAD DE PUERTO VARAS,2016,342,INFORME INVESTIGACION ESPECIAL 342-16 MUNICIPALIDAD DE PUERTO VARAS INASISTENCIAS A SESIONES DE CONCEJO Y COMETIDOS FUNCIONARIOS AÑO 2014 - JULIO 2016,https://www.contraloria.cl/pdfbuscador/auditoria/7867412755a31ce34dbf58251589770f/html,10,PUERTO VARAS,https://www.contraloria.cl/SicaProd/SICAv3-BIFAPortalCGR/faces/newDetalleInforme?docIdcm=7867412755a31ce34dbf58251589770f,C,Informe de Investigación Especial,18582,https://www.contraloria.cl/SicaProd/SICAv3-BIFAPortalCGR/servletfichainformegoogle?docIdcm=7867412755a31ce34dbf58251589770f&pdf=1
36775,10109,2016-11-22 00:00:00.0,DEPARTAMENTO DE EDUCACION DE PUERTO VARAS,2016,481,INFORME DE INVESTIGACION ESPECIAL 481-16 MUNICIPALIDAD DE PUERTO VARAS EVENTUYALES IRREGULARIDADES EN PROYECTOS DE AGUA POTABLE EN LOCALIDAD DE PETROHUE ENTRE OTROS - AGOSTO 2016,https://www.contraloria.cl/pdfbuscador/auditoria/eb3932077d6b2efdaa009a8c6c195511/html,10,PUERTO VARAS,https://www.contraloria.cl/SicaProd/SICAv3-BIFAPortalCGR/faces/newDetalleInforme?docIdcm=eb3932077d6b2efdaa009a8c6c195511,C,Informe de Investigación Especial,20116,https://www.contraloria.cl/SicaProd/SICAv3-BIFAPortalCGR/servletfichainformegoogle?docIdcm=eb3932077d6b2efdaa009a8c6c195511&pdf=1
37898,10109,2017-09-07 00:00:00.0,MUNICIPALIDAD DE PUERTO VARAS,2016,953,INFORME_DE_INVESTIGACION_ESPECIAL_953_16_MUNICIPALIDAD_DE_PUERTO_VARAS_PRESUNTAS_CONTRATACIONES_IRREGULARES_DE_ACTIVIDADES_RECREATIVAS_SEPTIEMBRE_2017,https://www.contraloria.cl/pdfbuscador/auditoria/b8e48e75d7903519623c67b8174f364c/html,10,PUERTO VARAS,https://www.contraloria.cl/SicaProd/SICAv3-BIFAPortalCGR/faces/newDetalleInforme?docIdcm=b8e48e75d7903519623c67b8174f364c,C,Informe de Investigación Especial,21836,https://www.contraloria.cl/SicaProd/SICAv3-BIFAPortalCGR/servletfichainformegoogle?docIdcm=b8e48e75d7903519623c67b8174f364c&pdf=1
38779,10109,2018-02-01 00:00:00.0,MUNICIPALIDAD DE PUERTO VARAS,2016,1192,INFORME_INVESTIGACION_ESPECIAL_1192_16_MUNICIPALIDAD_DE_PUERTO_VARAS_EVENTUALES_IRREGULARIDADES_ACTIVIDADES_DE_CAPACITACION_FEBRERO_2018,https://www.contraloria.cl/pdfbuscador/auditoria/83990846b6372feaa6376a6a0c559a05/html,10,PUERTO VARAS,https://www.contraloria.cl/SicaProd/SICAv3-BIFAPortalCGR/faces/newDetalleInforme?docIdcm=83990846b6372feaa6376a6a0c559a05,C,Informe de Investigación Especial,23190,https://www.contraloria.cl/SicaProd/SICAv3-BIFAPortalCGR/servletfichainformegoogle?docIdcm=83990846b6372feaa6376a6a0c559a05&pdf=1
42118,10109,2018-01-18 00:00:00.0,MUNICIPALIDAD DE PUERTO VARAS,2017,344,INFORME_FINAL_344_17_MUNICIPALIDAD_DE_PUERTO_VARAS-AUDITORIA_SUBVENCIONES_MUNICIPALES_AYUDAS_SOCIALES_ENTRE_OTRAS_ENERO_2018,https://www.contraloria.cl/pdfbuscador/auditoria/687438f8bdd4b10d24ce6321abc1fc5d/html,10,PUERTO VARAS,https://www.contraloria.cl/SicaProd/SICAv3-BIFAPortalCGR/faces/newDetalleInforme?docIdcm=687438f8bdd4b10d24ce6321abc1fc5d,C,Informe Final de Auditoría,23191,https://www.contraloria.cl/SicaProd/SICAv3-BIFAPortalCGR/servletfichainformegoogle?docIdcm=687438f8bdd4b10d24ce6321abc1fc5d&pdf=1
42972,10109,2018-06-29 00:00:00.0,DEPARTAMENTO DE EDUCACION DE PUERTO VARAS,2017,1014,INFORME_FINAL_1014_17_DAEM_PUERTO_VARAS_AUDITORIA_A_RECURSOS_LEY_20248_SUBVENCION_ESCOLAR_PREFERENCIAL_SEP_JUNIO_2018,https://www.contraloria.cl/pdfbuscador/auditoria/cfe68108e01d700501ff70ca4921770d/html,10,PUERTO VARAS,https://www.contraloria.cl/SicaProd/SICAv3-BIFAPortalCGR/faces/newDetalleInforme?docIdcm=cfe68108e01d700501ff70ca4921770d,C,Informe Final de Auditoría,24916,https://www.contraloria.cl/SicaProd/SICAv3-BIFAPortalCGR/servletfichainformegoogle?docIdcm=cfe68108e01d700501ff70ca4921770d&pdf=1
48221,10109,2018-07-18 00:00:00.0,DEPARTAMENTO DE EDUCACION DE PUERTO VARAS,2017,1172,INFORME_DE_INVESTIGACION_ESPECIAL_1172_17_DAEM_DE_PUERTO_VARAS_EVENTUALES_IRREGULARIDADES_COLEGIO_MIRADOR_DEL_LAGO_JULIO_2018,https://www.contraloria.cl/pdfbuscador/auditoria/5117e9650cf66dcb0cac204d0f7b286d/html,10,PUERTO VARAS,https://www.contraloria.cl/SicaProd/SICAv3-BIFAPortalCGR/faces/newDetalleInforme?docIdcm=5117e9650cf66dcb0cac204d0f7b286d,C,Informe de Investigación Especial,25781,https://www.contraloria.cl/SicaProd/SICAv3-BIFAPortalCGR/servletfichainformegoogle?docIdcm=5117e9650cf66dcb0cac204d0f7b286d&pdf=1
57199,10109,2020-03-04 00:00:00.0,MUNICIPALIDAD DE PUERTO VARAS,2019,311,INFORME DE INVESTIGACION ESPECIAL 311-19 MUNICIPALIDAD DE PUERTO VARAS EVENTUALES IRREGULARIDADES EN COMISIONES DE SERVICIOS AL EXTRANJERO DE ALCALDE DURANTE LOS AÑOS 2017 Y 2018 - MARZO 2020,https://www.contraloria.cl/pdfbuscador/auditoria/39b72b9befdb3bc2d82282309628a406/html,10,PUERTO VARAS,https://www.contraloria.cl/SicaProd/SICAv3-BIFAPortalCGR/faces/newDetalleInforme?docIdcm=39b72b9befdb3bc2d82282309628a406,C,Informe de Investigación Especial,31709,https://www.contraloria.cl/SicaProd/SICAv3-BIFAPortalCGR/servletfichainformegoogle?docIdcm=39b72b9befdb3bc2d82282309628a406&pdf=1
57222,10109,2019-09-30 00:00:00.0,MUNICIPALIDAD DE PUERTO VARAS,2019,459,INFORME FINAL 459-19 MUNICIPALIDAD DE PUERTO VARAS AUDITORIA AL PROCESO DE OTORGAMIENTO Y FISCALIZACION DE PERMISOS DE EDIFICACION EN DIRECCION DE OBRAS-SEPTIEMBRE 2019,https://www.contraloria.cl/pdfbuscador/auditoria/ea78c28dd55a6a00245899da407c5665/html,10,PUERTO VARAS,https://www.contraloria.cl/SicaProd/SICAv3-BIFAPortalCGR/faces/newDetalleInforme?docIdcm=ea78c28dd55a6a00245899da407c5665,C,Informe Final de Auditoría,30178,https://www.contraloria.cl/SicaProd/SICAv3-BIFAPortalCGR/servletfichainformegoogle?docIdcm=ea78c28dd55a6a00245899da407c5665&pdf=1