IDACTIVIDAD,CODIGOSUBDERE,FECHAINFORME,NOMBRESERVICIO,ANOINFORME,NUMEROINFORME,MATERIAINFORME,FICHAINFORMEBIFA,C_REG_SUBDERE,NOMBRESUBDERE,FICHAINFORME,TIPOSUBDERE,TIPOINFORME,IDINFORME,PDFINFORME
22650,10302,2015-07-13 00:00:00.0,MUNICIPALIDAD DE PUERTO OCTAY,2015,73,INFORME INVESTIGACION ESPECIAL 73-15 MUNICIPALIDAD DE PUERTO OCTAY ADMINISTRACION DE FONDOS SUBVENCION SEP Y PROGRAMA PIE - JULIO 2015,https://www.contraloria.cl/pdfbuscador/auditoria/e5485064392975c5ef8e995ebf049264/html,10,PUERTO OCTAY,https://www.contraloria.cl/SicaProd/SICAv3-BIFAPortalCGR/faces/newDetalleInforme?docIdcm=e5485064392975c5ef8e995ebf049264,C,Informe de Investigación Especial,14370,https://www.contraloria.cl/SicaProd/SICAv3-BIFAPortalCGR/servletfichainformegoogle?docIdcm=e5485064392975c5ef8e995ebf049264&pdf=1
24056,10302,2015-07-29 00:00:00.0,MUNICIPALIDAD DE PUERTO OCTAY,2015,155,INFORME INVESTIGACION ESPECIAL 155-15 MUNICIPALIDAD DE PUERTO OCTAY CONTRATO INSTALACION SERVICIO DE ALCANTARILLADO Y TRATAMIENTO DE AGUAS SERVIDAS SECTOR CASCADAS - AGOSTO 2015,https://www.contraloria.cl/pdfbuscador/auditoria/e455b2b25f7202b72ba8ef9b582533a7/html,10,PUERTO OCTAY,https://www.contraloria.cl/SicaProd/SICAv3-BIFAPortalCGR/faces/newDetalleInforme?docIdcm=e455b2b25f7202b72ba8ef9b582533a7,C,Informe de Investigación Especial,14567,https://www.contraloria.cl/SicaProd/SICAv3-BIFAPortalCGR/servletfichainformegoogle?docIdcm=e455b2b25f7202b72ba8ef9b582533a7&pdf=1
39414,10302,2017-10-20 00:00:00.0,MUNICIPALIDAD DE PUERTO OCTAY,2017,73,INFORME_DE_IMVESTIGACION_ESPECIAL_73_17_MUNICIPALIDAD_DE_PUERTO_OCTAY_EVENTUALES_IRREGULARIDADES_EN_DIVERSOS_CONTRATOS_DE_DISEÑO_Y_EJECUCION_OBRA_PUBLICA_OCTUBRE_2017,https://www.contraloria.cl/pdfbuscador/auditoria/dbdb4028107f2d72cd71f9563eb31c0f/html,10,PUERTO OCTAY,https://www.contraloria.cl/SicaProd/SICAv3-BIFAPortalCGR/faces/newDetalleInforme?docIdcm=dbdb4028107f2d72cd71f9563eb31c0f,C,Informe de Investigación Especial,22190,https://www.contraloria.cl/SicaProd/SICAv3-BIFAPortalCGR/servletfichainformegoogle?docIdcm=dbdb4028107f2d72cd71f9563eb31c0f&pdf=1
41725,10302,2017-12-26 00:00:00.0,DEPARTAMENTO DE EDUCACION DE PUERTO OCTAY,2017,843,INFORME_FINAL_843_17_DAEM_DE_PUERTO_OCTAY_AUDITORIA_AL_FONDO_DE_APOYO_A_LA_EDUCACION_PUBLICA_FAEP_DICIEMBRE_2017,https://www.contraloria.cl/pdfbuscador/auditoria/9811b32e855b69c3c9ac71c561305251/html,10,PUERTO OCTAY,https://www.contraloria.cl/SicaProd/SICAv3-BIFAPortalCGR/faces/newDetalleInforme?docIdcm=9811b32e855b69c3c9ac71c561305251,C,Informe Final de Auditoría,22698,https://www.contraloria.cl/SicaProd/SICAv3-BIFAPortalCGR/servletfichainformegoogle?docIdcm=9811b32e855b69c3c9ac71c561305251&pdf=1
54503,10302,2019-10-29 00:00:00.0,MUNICIPALIDAD DE PUERTO OCTAY,2019,74,INFORME DE INVESTIGACION ESPECIAL 74-19 MUNICIPALIDAD DE PUERTO OCTAY DIVERSAS IRREGULARIDADES EN MATERIAS DE PERSONAL Y TRAMITACION DE DOCUMENTOS - OCTUBRE 2019,https://www.contraloria.cl/pdfbuscador/auditoria/fe2a4b6b58102de004531eafc4c05130/html,10,PUERTO OCTAY,https://www.contraloria.cl/SicaProd/SICAv3-BIFAPortalCGR/faces/newDetalleInforme?docIdcm=fe2a4b6b58102de004531eafc4c05130,C,Informe de Investigación Especial,30197,https://www.contraloria.cl/SicaProd/SICAv3-BIFAPortalCGR/servletfichainformegoogle?docIdcm=fe2a4b6b58102de004531eafc4c05130&pdf=1