IDACTIVIDAD,CODIGOSUBDERE,FECHAINFORME,NOMBRESERVICIO,ANOINFORME,NUMEROINFORME,MATERIAINFORME,FICHAINFORMEBIFA,C_REG_SUBDERE,NOMBRESUBDERE,FICHAINFORME,TIPOSUBDERE,TIPOINFORME,IDINFORME,PDFINFORME
25272,12101,2015-05-25 00:00:00.0,CORPORACION MUNICIPAL DE PUNTA ARENAS,2015,37,"INFORME FINAL 37-15 CORPORACIÓN MUNICIPAL DE PUNTA ARENAS PARA LA EDUCACIÓN, SALUD Y ATENCIÓN AL MENOR AUDITORÍA A LOS RECURSOS OTORGADOS POR EL SECTOR PÚBLICO-MAYO 2015",https://www.contraloria.cl/pdfbuscador/auditoria/0b704248566878094ca60fd5f2cb2cac/html,12,PUNTA ARENAS,https://www.contraloria.cl/SicaProd/SICAv3-BIFAPortalCGR/faces/newDetalleInforme?docIdcm=0b704248566878094ca60fd5f2cb2cac,C,Informe Final de Auditoría,13902,https://www.contraloria.cl/SicaProd/SICAv3-BIFAPortalCGR/servletfichainformegoogle?docIdcm=0b704248566878094ca60fd5f2cb2cac&pdf=1
24043,12101,2015-05-26 00:00:00.0,CORPORACION MUNICIPAL DE PUNTA ARENAS,2015,174,"INFORME INVESTIGACIÓN ESPECIAL 174-15 CORPORACIÓN MUNICIPAL DE PUNTA ARENAS PARA LA EDUCACIÓN, SALUD Y ATENCIÓN AL MENOR SOBRE PRESUNTAS IRREGULARIDADES EN LA CONTRATACIÓN Y PAGO DE ASESORÍAS TÉCNICAS EDUCATIVAS-MAYO 2015",https://www.contraloria.cl/pdfbuscador/auditoria/94b20d57d04ac77d00d7e79b1a089357/html,12,PUNTA ARENAS,https://www.contraloria.cl/SicaProd/SICAv3-BIFAPortalCGR/faces/newDetalleInforme?docIdcm=94b20d57d04ac77d00d7e79b1a089357,C,Informe de Investigación Especial,13906,https://www.contraloria.cl/SicaProd/SICAv3-BIFAPortalCGR/servletfichainformegoogle?docIdcm=94b20d57d04ac77d00d7e79b1a089357&pdf=1
25270,12101,2015-05-28 00:00:00.0,MUNICIPALIDAD DE PUNTA ARENAS,2015,230,INFORME FINAL 230-15 MUNICIPALIDAD DE PUNTA ARENAS AUDITORÍA DE INFRAESTRUCTURA A LOS CONTRATOS FINANCIADOS CON FONDOS FRIL-MAYO 2015,https://www.contraloria.cl/pdfbuscador/auditoria/684383d954a294a512962c592b42e018/html,12,PUNTA ARENAS,https://www.contraloria.cl/SicaProd/SICAv3-BIFAPortalCGR/faces/newDetalleInforme?docIdcm=684383d954a294a512962c592b42e018,C,Informe Final de Auditoría,13934,https://www.contraloria.cl/SicaProd/SICAv3-BIFAPortalCGR/servletfichainformegoogle?docIdcm=684383d954a294a512962c592b42e018&pdf=1
27585,12101,2015-05-27 00:00:00.0,CORPORACION MUNICIPAL DE PUNTA ARENAS,2015,320,"INFORME INVESTIGACIÓN ESPECIAL 320-15 CORPORACIÓN MUNICIPAL DE PUNTA ARENAS PARA LA EDUCACIÓN, SALUD Y ATENCIÓN AL MENOR REVISIÓN DE LOS SALDOS CONTABLES DEL PROGRAMA DE INTEGRACIÓN ESCOLAR-MAYO 2015",https://www.contraloria.cl/pdfbuscador/auditoria/45d639d075dfd0841e2c07843685c0ce/html,12,PUNTA ARENAS,https://www.contraloria.cl/SicaProd/SICAv3-BIFAPortalCGR/faces/newDetalleInforme?docIdcm=45d639d075dfd0841e2c07843685c0ce,C,Informe de Investigación Especial,13940,https://www.contraloria.cl/SicaProd/SICAv3-BIFAPortalCGR/servletfichainformegoogle?docIdcm=45d639d075dfd0841e2c07843685c0ce&pdf=1
28274,12101,2015-08-25 00:00:00.0,MUNICIPALIDAD DE PUNTA ARENAS,2015,590,INFORME FINAL 590-15 MUNICIPALIDAD DE PUNTA ARENAS SOBRE AUDITORIA A LAS CONTRATACIONES DE HONORARIOS EN PROGRAMAS COMUNITARIOS - SEPTIEMBRE 2015,https://www.contraloria.cl/pdfbuscador/auditoria/faf5cdfeb614bd0cc787601b8e26ea89/html,12,PUNTA ARENAS,https://www.contraloria.cl/SicaProd/SICAv3-BIFAPortalCGR/faces/newDetalleInforme?docIdcm=faf5cdfeb614bd0cc787601b8e26ea89,C,Informe Final de Auditoría,14711,https://www.contraloria.cl/SicaProd/SICAv3-BIFAPortalCGR/servletfichainformegoogle?docIdcm=faf5cdfeb614bd0cc787601b8e26ea89&pdf=1
28479,12101,2015-08-28 00:00:00.0,CEMENTERIO MUNICIPAL DE PUNTA ARENAS,2015,748,INFORME FINAL 748-15 CEMENTERIO MUNICIPAL SARA BRAUN DE PUNTA ARENAS AUDITORÍA A LOS PROCESOS DE INGRESOS PROPIOS Y CONTROL INTERNO - AGOSTO 2015,https://www.contraloria.cl/pdfbuscador/auditoria/1d3a3a82f6f1540a1dc49108fd9016ac/html,12,PUNTA ARENAS,https://www.contraloria.cl/SicaProd/SICAv3-BIFAPortalCGR/faces/newDetalleInforme?docIdcm=1d3a3a82f6f1540a1dc49108fd9016ac,C,Informe Final de Auditoría,14844,https://www.contraloria.cl/SicaProd/SICAv3-BIFAPortalCGR/servletfichainformegoogle?docIdcm=1d3a3a82f6f1540a1dc49108fd9016ac&pdf=1
31268,12101,2015-09-30 00:00:00.0,MUNICIPALIDAD DE PUNTA ARENAS,2015,783,INFORME INVESTIGACIÓN ESPECIAL 783-15 MUNICIPALIDAD DE PUNTA ARENAS EVENTUAL ACOSO LABORAL - SEPTIEMBRE 2015,https://www.contraloria.cl/pdfbuscador/auditoria/8fcd7e6d79a21c42642c138ca6787723/html,12,PUNTA ARENAS,https://www.contraloria.cl/SicaProd/SICAv3-BIFAPortalCGR/faces/newDetalleInforme?docIdcm=8fcd7e6d79a21c42642c138ca6787723,C,Informe de Investigación Especial,15045,https://www.contraloria.cl/SicaProd/SICAv3-BIFAPortalCGR/servletfichainformegoogle?docIdcm=8fcd7e6d79a21c42642c138ca6787723&pdf=1
34753,12101,2016-12-06 00:00:00.0,MUNICIPALIDAD DE PUNTA ARENAS,2016,593,INFORME FINAL 593-16 MUNICIPALIDAD DE PUNTA ARENAS AUDITORÍA A LOS PROYECTOS FINANCIADOS CON EL FONDO REGIONAL DE INICIATIVA LOCAL (FRIL) BAJO LA MODALIDAD DE ADMINISTRACIÓN DIRECTA-DICIEMBRE 2016,https://www.contraloria.cl/pdfbuscador/auditoria/0308f6ce7fc6bbba0c9917ed08fcbb5f/html,12,PUNTA ARENAS,https://www.contraloria.cl/SicaProd/SICAv3-BIFAPortalCGR/faces/newDetalleInforme?docIdcm=0308f6ce7fc6bbba0c9917ed08fcbb5f,C,Informe Final de Auditoría,19728,https://www.contraloria.cl/SicaProd/SICAv3-BIFAPortalCGR/servletfichainformegoogle?docIdcm=0308f6ce7fc6bbba0c9917ed08fcbb5f&pdf=1
34679,12101,2016-10-14 00:00:00.0,MUNICIPALIDAD DE PUNTA ARENAS,2016,793,INFORME FINAL 793-16 MUNICIPALIDAD DE PUNTA ARENAS - AUDITORÍA AL GASTO EN PERIODO ELECTORAL - USO DE BIENES - VEHÍCULOS - RRHH - RECURSOS FÍSICOS Y FINANCIEROS - OCTUBRE 2016,https://www.contraloria.cl/pdfbuscador/auditoria/2b3aa9747e57f555a690b08ec25ae1b8/html,12,PUNTA ARENAS,https://www.contraloria.cl/SicaProd/SICAv3-BIFAPortalCGR/faces/newDetalleInforme?docIdcm=2b3aa9747e57f555a690b08ec25ae1b8,C,Informe Final de Auditoría,19156,https://www.contraloria.cl/SicaProd/SICAv3-BIFAPortalCGR/servletfichainformegoogle?docIdcm=2b3aa9747e57f555a690b08ec25ae1b8&pdf=1
41546,12101,2017-05-25 00:00:00.0,MUNICIPALIDAD DE PUNTA ARENAS,2017,70,"INFORME FINAL 70-17 MUNICIPALIDAD DE PUNTA ARENAS INSPECCIÓN A LA OBRA CONSTRUCCIÓN CUATRO SEDES PARA CLUBES DEPORTIVOS, PUNTA ARENAS - MAYO 2017",https://www.contraloria.cl/pdfbuscador/auditoria/b7b4a1e41aa7d9ef81ad6e5f972dd600/html,12,PUNTA ARENAS,https://www.contraloria.cl/SicaProd/SICAv3-BIFAPortalCGR/faces/newDetalleInforme?docIdcm=b7b4a1e41aa7d9ef81ad6e5f972dd600,C,Informe de Inspección de Obra Pública,21040,https://www.contraloria.cl/SicaProd/SICAv3-BIFAPortalCGR/servletfichainformegoogle?docIdcm=b7b4a1e41aa7d9ef81ad6e5f972dd600&pdf=1
39346,12101,2017-10-20 00:00:00.0,MUNICIPALIDAD DE PUNTA ARENAS,2017,472,INFORME FINAL DE INVESTIGACIÓN ESPECIAL 472-17 MUNICIPALIDAD DE PUNTA ARENAS PRESUNTAS IRREGULARIDADES EN MATERIAS DE CONTRATACIONES A HONORARIOS - OCTUBRE 2017,https://www.contraloria.cl/pdfbuscador/auditoria/f472c28bfdf64e9dc67643621e262b2c/html,12,PUNTA ARENAS,https://www.contraloria.cl/SicaProd/SICAv3-BIFAPortalCGR/faces/newDetalleInforme?docIdcm=f472c28bfdf64e9dc67643621e262b2c,C,Informe de Investigación Especial,21960,https://www.contraloria.cl/SicaProd/SICAv3-BIFAPortalCGR/servletfichainformegoogle?docIdcm=f472c28bfdf64e9dc67643621e262b2c&pdf=1
42218,12101,2017-11-20 00:00:00.0,MUNICIPALIDAD DE PUNTA ARENAS,2017,837,INFORME FINAL 837-17 MUNICIPALIDAD DE PUNTA ARENAS AUDITORÍA AL MACROPROCESO DE CONCESIÓN DEL SERVICIO DE RECOLECCIÓN FINAL DE LOS RESIDUOS DOMICILIARIOS-NOVIEMBRE 2017,https://www.contraloria.cl/pdfbuscador/auditoria/01bf7ec1c7158321303b4f1350593e57/html,12,PUNTA ARENAS,https://www.contraloria.cl/SicaProd/SICAv3-BIFAPortalCGR/faces/newDetalleInforme?docIdcm=01bf7ec1c7158321303b4f1350593e57,C,Informe Final de Auditoría,22165,https://www.contraloria.cl/SicaProd/SICAv3-BIFAPortalCGR/servletfichainformegoogle?docIdcm=01bf7ec1c7158321303b4f1350593e57&pdf=1
37656,12101,2018-06-28 00:00:00.0,CEMENTERIO MUNICIPAL DE PUNTA ARENAS,2018,95,INFORME DE INVESTIGACIÓN ESPECIAL 95-18 CEMENTERIO MUNICIPAL SARA BRAUN DE PUNTA ARENAS SOBRE PRESUNTAS IRREGULARIDADES EN MATERIAS DE RECURSOS HUMANOS-JUNIO 2018,https://www.contraloria.cl/pdfbuscador/auditoria/a98586dfa17ce060f2c7d17634cda81a/html,12,PUNTA ARENAS,https://www.contraloria.cl/SicaProd/SICAv3-BIFAPortalCGR/faces/newDetalleInforme?docIdcm=a98586dfa17ce060f2c7d17634cda81a,C,Informe de Investigación Especial,24745,https://www.contraloria.cl/SicaProd/SICAv3-BIFAPortalCGR/servletfichainformegoogle?docIdcm=a98586dfa17ce060f2c7d17634cda81a&pdf=1
49467,12101,2018-07-11 00:00:00.0,MUNICIPALIDAD DE PUNTA ARENAS,2018,239,INFORME FINAL 239-18 MUNICIPALIDAD DE PUNTA ARENAS AUDITORÍA AL OTORGAMIENTO COBRO Y PERCEPCIÓN DE LOS PERMISOS DE EDIFICACIÓN-JULIO 2018,https://www.contraloria.cl/pdfbuscador/auditoria/9cfd94dc48ff81920f356368989e51a3/html,12,PUNTA ARENAS,https://www.contraloria.cl/SicaProd/SICAv3-BIFAPortalCGR/faces/newDetalleInforme?docIdcm=9cfd94dc48ff81920f356368989e51a3,C,Informe Final de Auditoría,24724,https://www.contraloria.cl/SicaProd/SICAv3-BIFAPortalCGR/servletfichainformegoogle?docIdcm=9cfd94dc48ff81920f356368989e51a3&pdf=1
51758,12101,2018-07-20 00:00:00.0,MUNICIPALIDAD DE PUNTA ARENAS,2018,347,INFORME FINAL DE INVESTIGACIÓN ESPECIAL 347-18 MUNICIPALIDAD DE PUNTA ARENAS SOBRE PRESUNTAS IRREGULARIDADES EN EL PAGO A LA SONORA DE TOMMY REY PARA PRESENTARSE EN EL ANIVERSARIO N° 169 DE LA CIUDAD DE PUNTA ARENAS-JULIO 2018,https://www.contraloria.cl/pdfbuscador/auditoria/de13d2dc0e905c36d8f49b718ff7ef8a/html,12,PUNTA ARENAS,https://www.contraloria.cl/SicaProd/SICAv3-BIFAPortalCGR/faces/newDetalleInforme?docIdcm=de13d2dc0e905c36d8f49b718ff7ef8a,C,Informe de Investigación Especial,25201,https://www.contraloria.cl/SicaProd/SICAv3-BIFAPortalCGR/servletfichainformegoogle?docIdcm=de13d2dc0e905c36d8f49b718ff7ef8a&pdf=1
51831,12101,2019-02-08 00:00:00.0,CORPORACION MUNICIPAL DE PUNTA ARENAS,2018,757,"INFORME FINAL 757-18 CORPORACIÓN MUNICIPAL DE PUNTA ARENAS PARA LA EDUCACIÓN, SALUD Y ATENCIÓN AL MENOR AUDITORÍA A LOS RECURSOS DE LA LEY N° 20.248, SUBVENCIÓN ESCOLAR PREFERENCIAL-FEBRERO 2019",https://www.contraloria.cl/pdfbuscador/auditoria/54e8ddf3cca8142b6df44b3a22e1a9e4/html,12,PUNTA ARENAS,https://www.contraloria.cl/SicaProd/SICAv3-BIFAPortalCGR/faces/newDetalleInforme?docIdcm=54e8ddf3cca8142b6df44b3a22e1a9e4,C,Informe Final de Auditoría,27596,https://www.contraloria.cl/SicaProd/SICAv3-BIFAPortalCGR/servletfichainformegoogle?docIdcm=54e8ddf3cca8142b6df44b3a22e1a9e4&pdf=1
53545,12101,2019-07-30 00:00:00.0,MUNICIPALIDAD DE PUNTA ARENAS,2019,93,INFORME FINAL DE INVESTIGACIÓN ESPECIAL 93-19 MUNICIPALIDAD DE PUNTA ARENAS FISCALIZACIÓN SOBRE EVENTUALES IRREGULARIDADES EN LA ADQUISICIÓN DE SERVICIOS EN LA MUNICIPALIDAD DE PUNTA ARENAS Y EN LA CORPORACIÓN MUNICIPAL DE PUNTA ARENAS-JULIO 2019,https://www.contraloria.cl/pdfbuscador/auditoria/38dd1631862812f77390b2461c06523e/html,12,PUNTA ARENAS,https://www.contraloria.cl/SicaProd/SICAv3-BIFAPortalCGR/faces/newDetalleInforme?docIdcm=38dd1631862812f77390b2461c06523e,C,Informe de Investigación Especial,29550,https://www.contraloria.cl/SicaProd/SICAv3-BIFAPortalCGR/servletfichainformegoogle?docIdcm=38dd1631862812f77390b2461c06523e&pdf=1
58167,12101,2019-09-24 00:00:00.0,MUNICIPALIDAD DE PUNTA ARENAS,2019,644,INFORME DE INVESTIGACIÓN ESPECIAL 644-19 MUNICIPALIDAD DE PUNTA ARENAS SOBRE PRESUNTAS IRREGULARIDADES EN CONTRATO DE RECOLECCIÓN DE RESIDUOS SÓLIDOS DOMICILIARIOS EN LA COMUNA DE PUNTA ARENAS-SEPTIEMBRE 2019 ,https://www.contraloria.cl/pdfbuscador/auditoria/48546cdcbf82e21b243bf4c9f17a0680/html,12,PUNTA ARENAS,https://www.contraloria.cl/SicaProd/SICAv3-BIFAPortalCGR/faces/newDetalleInforme?docIdcm=48546cdcbf82e21b243bf4c9f17a0680,C,Informe de Investigación Especial,29935,https://www.contraloria.cl/SicaProd/SICAv3-BIFAPortalCGR/servletfichainformegoogle?docIdcm=48546cdcbf82e21b243bf4c9f17a0680&pdf=1
58241,12101,2019-12-19 00:00:00.0,CEMENTERIO MUNICIPAL DE PUNTA ARENAS,2019,692,INFORME FINAL DE INVESTIGACIÓN ESPECIAL 692-19 CEMENTERIO MUNICIPAL SARA BRAUN DE PUNTA ARENAS SOBRE EVENTUAL IRREGULARIDAD EN MATERIAS DE PERSONAL RESPECTO DE LA LABOR DE SEGURIDAD-DICIEMBRE 2019,https://www.contraloria.cl/pdfbuscador/auditoria/15b5421a2dc8c552147d2dfeac3b786e/html,12,PUNTA ARENAS,https://www.contraloria.cl/SicaProd/SICAv3-BIFAPortalCGR/faces/newDetalleInforme?docIdcm=15b5421a2dc8c552147d2dfeac3b786e,C,Informe de Investigación Especial,30670,https://www.contraloria.cl/SicaProd/SICAv3-BIFAPortalCGR/servletfichainformegoogle?docIdcm=15b5421a2dc8c552147d2dfeac3b786e&pdf=1
59291,12101,2019-12-30 00:00:00.0,MUNICIPALIDAD DE PUNTA ARENAS,2019,961,INFORME FINAL 961-19 MUNICIPALIDAD DE PUNTA ARENAS AUDITORÍA A LOS PROCESOS DE OTORGAMIENTO DE CERTIFICADOS DE INMUEBLES EMPLAZADOS EN ÁREAS DE RIESGO-DIC 19,https://www.contraloria.cl/pdfbuscador/auditoria/169213325187a689b9d4b546fe82eeae/html,12,PUNTA ARENAS,https://www.contraloria.cl/SicaProd/SICAv3-BIFAPortalCGR/faces/newDetalleInforme?docIdcm=169213325187a689b9d4b546fe82eeae,C,Informe Final de Auditoría,30844,https://www.contraloria.cl/SicaProd/SICAv3-BIFAPortalCGR/servletfichainformegoogle?docIdcm=169213325187a689b9d4b546fe82eeae&pdf=1
59445,12101,2020-07-24 00:00:00.0,CEMENTERIO MUNICIPAL DE PUNTA ARENAS,2020,149,"INFORME FINAL DE INVESTIGACIÓN ESPECIAL 149-20 CEMENTERIO MUNICPAL SARA BRAUN DE PUNTA ARENAS SOBRE EVENTUAL INCUMPLIMIENTO A LO DISPUESTO EN LA DIRECTIVA DE FUNCIONAMIENTO, REVISIÓN DE LOS DESCUENTOS EFECTUADOS A LOS FUNCIONARIOS QUE REALIZAN LABORES DE GUARDIAS DE SEGURIDAD, Y LA CONTRATACIÓN DE TELEVISIÓN SATELITAL-JULIO 2020    ",https://www.contraloria.cl/pdfbuscador/auditoria/b1d9edc584d006ca933cef0edfd4139e/html,12,PUNTA ARENAS,https://www.contraloria.cl/SicaProd/SICAv3-BIFAPortalCGR/faces/newDetalleInforme?docIdcm=b1d9edc584d006ca933cef0edfd4139e,C,Informe de Investigación Especial,33236,https://www.contraloria.cl/SicaProd/SICAv3-BIFAPortalCGR/servletfichainformegoogle?docIdcm=b1d9edc584d006ca933cef0edfd4139e&pdf=1