IDACTIVIDAD,CODIGOSUBDERE,FECHAINFORME,NOMBRESERVICIO,ANOINFORME,NUMEROINFORME,MATERIAINFORME,FICHAINFORMEBIFA,C_REG_SUBDERE,NOMBRESUBDERE,FICHAINFORME,TIPOSUBDERE,TIPOINFORME,IDINFORME,PDFINFORME
29601,15201,2015-07-07 00:00:00.0,DEPARTAMENTO DE EDUCACION MUNICIPAL PUTRE,2015,413,INFORME INVESTIGACIÓN ESPECIAL 413-2015 MUNICIPALIDAD DE PUTRE IRREGULARIDADES EN EL DAEM DE PUTRE-JULIO 2015,https://www.contraloria.cl/pdfbuscador/auditoria/141006a7f09fcb9d07ecc7675f17f4fe/html,15,PUTRE,https://www.contraloria.cl/SicaProd/SICAv3-BIFAPortalCGR/faces/newDetalleInforme?docIdcm=141006a7f09fcb9d07ecc7675f17f4fe,C,Informe de Investigación Especial,14258,https://www.contraloria.cl/SicaProd/SICAv3-BIFAPortalCGR/servletfichainformegoogle?docIdcm=141006a7f09fcb9d07ecc7675f17f4fe&pdf=1
30612,15201,2015-11-17 00:00:00.0,MUNICIPALIDAD DE PUTRE,2015,774,INFORME INVESTIGACIÓN ESPECIAL 774-15 MUNICIPALIDAD DE PUTRE GASTOS EFECTUADOS EN LA ACTIVIDAD ANATA CHAPIQUIÑA-NOVIEMBRE 2015,https://www.contraloria.cl/pdfbuscador/auditoria/620e2d524636e5d49fd8613c59549272/html,15,PUTRE,https://www.contraloria.cl/SicaProd/SICAv3-BIFAPortalCGR/faces/newDetalleInforme?docIdcm=620e2d524636e5d49fd8613c59549272,C,Informe de Investigación Especial,16437,https://www.contraloria.cl/SicaProd/SICAv3-BIFAPortalCGR/servletfichainformegoogle?docIdcm=620e2d524636e5d49fd8613c59549272&pdf=1
33019,15201,2016-07-18 00:00:00.0,MUNICIPALIDAD DE PUTRE,2016,81,INFORME DE INVESTIGACIÓN ESPECIAL 81-16 MUNICIPALIDAD DE PUTRE IRREGULARIDADES EN EL USO DE VEHÍCULO MUNICIPAL Y CONTRATOS DE OBRAS-JULIO 2016,https://www.contraloria.cl/pdfbuscador/auditoria/6539017d5d9fa307720f894992d2a626/html,15,PUTRE,https://www.contraloria.cl/SicaProd/SICAv3-BIFAPortalCGR/faces/newDetalleInforme?docIdcm=6539017d5d9fa307720f894992d2a626,C,Informe de Investigación Especial,18521,https://www.contraloria.cl/SicaProd/SICAv3-BIFAPortalCGR/servletfichainformegoogle?docIdcm=6539017d5d9fa307720f894992d2a626&pdf=1
37036,15201,2016-09-21 00:00:00.0,MUNICIPALIDAD DE PUTRE,2016,377,INFORME DE INVESTIGACIÓN ESPECIAL 377-16 MUNICIPALIDAD DE PUTRE PAGOS INDEBIDOS DE DIETAS A LOS CONCEJALES-SEPTIEMBRE 2016,https://www.contraloria.cl/pdfbuscador/auditoria/36ce7ee0fe4906284a1c685eab9b7453/html,15,PUTRE,https://www.contraloria.cl/SicaProd/SICAv3-BIFAPortalCGR/faces/newDetalleInforme?docIdcm=36ce7ee0fe4906284a1c685eab9b7453,C,Informe de Investigación Especial,18924,https://www.contraloria.cl/SicaProd/SICAv3-BIFAPortalCGR/servletfichainformegoogle?docIdcm=36ce7ee0fe4906284a1c685eab9b7453&pdf=1
36337,15201,2016-09-15 00:00:00.0,MUNICIPALIDAD DE PUTRE,2016,414,INFORME DE INVESTIGACIÓN ESPECIAL 414-16 MUNICIPALIDAD DE PUTRE IRREGULARIDADES INCUMPLIMIENTO DE FUNCIONES Y UTILIZACIÓN DE RECURSOS MUNICIPALES-SEPTIEMBRE 2016,https://www.contraloria.cl/pdfbuscador/auditoria/968854971b893ee6523a86a87df37ff1/html,15,PUTRE,https://www.contraloria.cl/SicaProd/SICAv3-BIFAPortalCGR/faces/newDetalleInforme?docIdcm=968854971b893ee6523a86a87df37ff1,C,Informe de Investigación Especial,18950,https://www.contraloria.cl/SicaProd/SICAv3-BIFAPortalCGR/servletfichainformegoogle?docIdcm=968854971b893ee6523a86a87df37ff1&pdf=1
39658,15201,2016-12-28 00:00:00.0,MUNICIPALIDAD DE PUTRE,2016,938,INFORME DE INVESTIGACIÓN ESPECIAL 938-16 MUNICIPALIDAD DE PUTRE IRREGULARIDAD EN EL PROCESO DE ADQUISICIÓN DE UNA VIVIENDA-DICIEMBRE 2016,https://www.contraloria.cl/pdfbuscador/auditoria/134c4ab3a53c9bf4dc5500c58def438c/html,15,PUTRE,https://www.contraloria.cl/SicaProd/SICAv3-BIFAPortalCGR/faces/newDetalleInforme?docIdcm=134c4ab3a53c9bf4dc5500c58def438c,C,Informe de Investigación Especial,20134,https://www.contraloria.cl/SicaProd/SICAv3-BIFAPortalCGR/servletfichainformegoogle?docIdcm=134c4ab3a53c9bf4dc5500c58def438c&pdf=1
39879,15201,2016-12-30 00:00:00.0,MUNICIPALIDAD DE PUTRE,2016,1081,INFORME FINAL 1081-16 MUNICIPALIDAD DE PUTRE INSPECCIÓN A LA OBRA PÚBLICA CONSTRUCCIÓN ALCANTARILLADO Y DISPOSICIÓN DE AGUAS SERVIDAS EN SOCOROMA-DICIEMBRE 2016,https://www.contraloria.cl/pdfbuscador/auditoria/c59e808bd40b5911f327ec37a8ea0880/html,15,PUTRE,https://www.contraloria.cl/SicaProd/SICAv3-BIFAPortalCGR/faces/newDetalleInforme?docIdcm=c59e808bd40b5911f327ec37a8ea0880,C,Informe de Inspección de Obra Pública,20128,https://www.contraloria.cl/SicaProd/SICAv3-BIFAPortalCGR/servletfichainformegoogle?docIdcm=c59e808bd40b5911f327ec37a8ea0880&pdf=1
34778,15201,2017-02-02 00:00:00.0,MUNICIPALIDAD DE PUTRE,2016,1440,INFORME FINAL 1440-16 MUNICIPALIDAD DE PUTRE-DESAMU AUDITORÍA A MACROPROCESO DE RECURSOS HUMANOS-FEBRERO 2017,https://www.contraloria.cl/pdfbuscador/auditoria/5097148043abc5277e91059897d14aea/html,15,PUTRE,https://www.contraloria.cl/SicaProd/SICAv3-BIFAPortalCGR/faces/newDetalleInforme?docIdcm=5097148043abc5277e91059897d14aea,C,Informe Final de Auditoría,20369,https://www.contraloria.cl/SicaProd/SICAv3-BIFAPortalCGR/servletfichainformegoogle?docIdcm=5097148043abc5277e91059897d14aea&pdf=1
41268,15201,2017-11-02 00:00:00.0,MUNICIPALIDAD DE PUTRE,2017,691,INFORME FINAL 691-17 MUNICIPALIDAD DE PUTRE AUDITORÍA AL PROCEDIMIENTO DE RECOLECCIÓN DE RESIDUOS DOMICILIARIOS-NOVIEMBRE 2017,https://www.contraloria.cl/pdfbuscador/auditoria/0c4e6e6069b216514c06e7ceab8f0adb/html,15,PUTRE,https://www.contraloria.cl/SicaProd/SICAv3-BIFAPortalCGR/faces/newDetalleInforme?docIdcm=0c4e6e6069b216514c06e7ceab8f0adb,C,Informe Final de Auditoría,22115,https://www.contraloria.cl/SicaProd/SICAv3-BIFAPortalCGR/servletfichainformegoogle?docIdcm=0c4e6e6069b216514c06e7ceab8f0adb&pdf=1
51770,15201,2019-01-10 00:00:00.0,MUNICIPALIDAD DE PUTRE,2018,764,INFORME INVESTIGACIÓN ESPECIAL 764-18 MUNICIPALIDAD DE PUTRE PRESUNTAS IRREGULARIDADES EN EL MUNICIPIO-ENERO 2019,https://www.contraloria.cl/pdfbuscador/auditoria/561c6caf069ba652f207bd081cf3574f/html,15,PUTRE,https://www.contraloria.cl/SicaProd/SICAv3-BIFAPortalCGR/faces/newDetalleInforme?docIdcm=561c6caf069ba652f207bd081cf3574f,C,Informe de Investigación Especial,27364,https://www.contraloria.cl/SicaProd/SICAv3-BIFAPortalCGR/servletfichainformegoogle?docIdcm=561c6caf069ba652f207bd081cf3574f&pdf=1
57996,15201,2020-04-14 00:00:00.0,MUNICIPALIDAD DE PUTRE,2019,625,INFORME DE INVESTIGACIÓN ESPECIAL 625-19 MUNICIPALIDAD DE PUTRE PRESUNTAS IRREGULARIDADES-ABRIL 2020,https://www.contraloria.cl/pdfbuscador/auditoria/66bd89c89a10dff7377c2e928483105a/html,15,PUTRE,https://www.contraloria.cl/SicaProd/SICAv3-BIFAPortalCGR/faces/newDetalleInforme?docIdcm=66bd89c89a10dff7377c2e928483105a,C,Informe de Investigación Especial,32333,https://www.contraloria.cl/SicaProd/SICAv3-BIFAPortalCGR/servletfichainformegoogle?docIdcm=66bd89c89a10dff7377c2e928483105a&pdf=1