IDACTIVIDAD,CODIGOSUBDERE,FECHAINFORME,NOMBRESERVICIO,ANOINFORME,NUMEROINFORME,MATERIAINFORME,FICHAINFORMEBIFA,C_REG_SUBDERE,NOMBRESUBDERE,FICHAINFORME,TIPOSUBDERE,TIPOINFORME,IDINFORME,PDFINFORME
27880,13125,2015-08-31 00:00:00.0,MUNICIPALIDAD DE QUILICURA,2015,636,INVESTIGACION ESPECIAL 636-15 MUNICIPALIDAD DE QUILICURA - SOBRE IRREGULARIDADES EN CONTROL HORARIO Y DESIGNACION FUNCIONARIA - AGOSTO 2015,https://www.contraloria.cl/pdfbuscador/auditoria/2a727ae1eb9132833b4d8b89f105c49f/html,13,QUILICURA,https://www.contraloria.cl/SicaProd/SICAv3-BIFAPortalCGR/faces/newDetalleInforme?docIdcm=2a727ae1eb9132833b4d8b89f105c49f,C,Informe de Investigación Especial,14716,https://www.contraloria.cl/SicaProd/SICAv3-BIFAPortalCGR/servletfichainformegoogle?docIdcm=2a727ae1eb9132833b4d8b89f105c49f&pdf=1
28395,13125,2016-02-01 00:00:00.0,MUNICIPALIDAD DE QUILICURA,2015,1091,INFORME FINAL 1.091-15 MUNICIPALIDAD DE QUILICURA - SOBRE AUDITORIA AL PROCESO DE OTORGAMIENTO DE PERMISOS DE CIRCULACION - FEBRERO 2016,https://www.contraloria.cl/pdfbuscador/auditoria/4a2e1edd07d5a07772c7521ccfe30f25/html,13,QUILICURA,https://www.contraloria.cl/SicaProd/SICAv3-BIFAPortalCGR/faces/newDetalleInforme?docIdcm=4a2e1edd07d5a07772c7521ccfe30f25,C,Informe Final de Auditoría,17128,https://www.contraloria.cl/SicaProd/SICAv3-BIFAPortalCGR/servletfichainformegoogle?docIdcm=4a2e1edd07d5a07772c7521ccfe30f25&pdf=1
28661,13125,2016-03-18 00:00:00.0,DEPARTAMENTO DE EDUCACION DE QUILICURA,2015,1202,"INFORME FINAL 1.202-15 DEPARTAMENTO DE EDUCACION DE QUILICURA - SOBRE AUDITORIA A LOS RECURSOS DE LA LEY N° 20.248, SUBVENCION ESCOLAR PREFERENCIAL - MARZO 2016",https://www.contraloria.cl/pdfbuscador/auditoria/262615a828cda6e9e97e383f19d65e6b/html,13,QUILICURA,https://www.contraloria.cl/SicaProd/SICAv3-BIFAPortalCGR/faces/newDetalleInforme?docIdcm=262615a828cda6e9e97e383f19d65e6b,C,Informe Final de Auditoría,17557,https://www.contraloria.cl/SicaProd/SICAv3-BIFAPortalCGR/servletfichainformegoogle?docIdcm=262615a828cda6e9e97e383f19d65e6b&pdf=1
38585,13125,2016-12-30 00:00:00.0,MUNICIPALIDAD DE QUILICURA,2016,1028,INFORME FINAL 1028-16 MUNICIPALIDAD DE QUILICURA SOBRE AUDITORÍA A LA HORAS EXTRAORDINARIAS Y DEUDA FLOTANTE - DICIEMBRE 2016,https://www.contraloria.cl/pdfbuscador/auditoria/216405f30c370cf37c1534bba71cda13/html,13,QUILICURA,https://www.contraloria.cl/SicaProd/SICAv3-BIFAPortalCGR/faces/newDetalleInforme?docIdcm=216405f30c370cf37c1534bba71cda13,C,Informe Final de Auditoría,20421,https://www.contraloria.cl/SicaProd/SICAv3-BIFAPortalCGR/servletfichainformegoogle?docIdcm=216405f30c370cf37c1534bba71cda13&pdf=1
41664,13125,2017-08-10 00:00:00.0,MUNICIPALIDAD DE QUILICURA,2017,301,INFORME FINAL N° 301-17 - MUNICIPALIDAD DE QUILICURA - SOBRE AUDTORIA AL MACROPROCESO DE ENTREGA DE BENEFICIOS - AGOSTO 2017,https://www.contraloria.cl/pdfbuscador/auditoria/9a3d0c73d2ea96b8d646d59afd768dba/html,13,QUILICURA,https://www.contraloria.cl/SicaProd/SICAv3-BIFAPortalCGR/faces/newDetalleInforme?docIdcm=9a3d0c73d2ea96b8d646d59afd768dba,C,Informe Final de Auditoría,21563,https://www.contraloria.cl/SicaProd/SICAv3-BIFAPortalCGR/servletfichainformegoogle?docIdcm=9a3d0c73d2ea96b8d646d59afd768dba&pdf=1
42414,13125,2017-11-21 00:00:00.0,DEPARTAMENTO DE SALUD DE QUILICURA,2017,568,INFORME FINAL 568-2017 MUNICIPALIDAD DE QUILICURA AUDITORÍA A LAS FUNCIONES INSTITUCIONALES EN LAS PRESTACIONES A USUARIOS FINALES EN EL DEPARTAMENTO DE SALUD DE LA MUNICIPALIDAD NOVIEMBRE 2017,https://www.contraloria.cl/pdfbuscador/auditoria/4a8eebeaab438fecd4e51370c8e85981/html,13,QUILICURA,https://www.contraloria.cl/SicaProd/SICAv3-BIFAPortalCGR/faces/newDetalleInforme?docIdcm=4a8eebeaab438fecd4e51370c8e85981,C,Informe Final de Auditoría,22217,https://www.contraloria.cl/SicaProd/SICAv3-BIFAPortalCGR/servletfichainformegoogle?docIdcm=4a8eebeaab438fecd4e51370c8e85981&pdf=1
49868,13125,2018-09-05 00:00:00.0,DEPARTAMENTO DE EDUCACION DE QUILICURA,2018,305,INFORME FINAL 305-2018 MUNICIPALIDAD DE QUILICURA AUDITORIA AL PROCESO DE FORMULACIÓN EJECUCIÓN Y CONTROL DE PRESUPUESTO SEPT-2018,https://www.contraloria.cl/pdfbuscador/auditoria/15f09568c7014e06471b73d53ae75301/html,13,QUILICURA,https://www.contraloria.cl/SicaProd/SICAv3-BIFAPortalCGR/faces/newDetalleInforme?docIdcm=15f09568c7014e06471b73d53ae75301,C,Informe Final de Auditoría,25684,https://www.contraloria.cl/SicaProd/SICAv3-BIFAPortalCGR/servletfichainformegoogle?docIdcm=15f09568c7014e06471b73d53ae75301&pdf=1
50848,13125,2018-11-21 00:00:00.0,MUNICIPALIDAD DE QUILICURA,2018,555,INFORME FINAL 555-18 MUNICIPALIDAD DE QUILICURA AUDITORÍA A LAS CONTRATACIONES A HONORARIOS - NOVIEMBRE 2018,https://www.contraloria.cl/pdfbuscador/auditoria/57e1652e165d74b9634626843ecececf/html,13,QUILICURA,https://www.contraloria.cl/SicaProd/SICAv3-BIFAPortalCGR/faces/newDetalleInforme?docIdcm=57e1652e165d74b9634626843ecececf,C,Informe Final de Auditoría,26593,https://www.contraloria.cl/SicaProd/SICAv3-BIFAPortalCGR/servletfichainformegoogle?docIdcm=57e1652e165d74b9634626843ecececf&pdf=1
57179,13125,2019-10-09 00:00:00.0,MUNICIPALIDAD DE QUILICURA,2019,441,"INFORME FINAL 441-2019 MUNICIPALIDAD DE QUILICURA AUDITORIA AL ESTADO DE LA INFRAESTRUCTURA DE LOS ESTABLECIMIENTOS DE ATENCION PRIMARIA DE SALUD APS, DEPENDIENTES DE LA MUNICIPALIDAD DE QUILICURA - OCTUBRE 2019",https://www.contraloria.cl/pdfbuscador/auditoria/f10acdee731afbec27030cc4217d4edf/html,13,QUILICURA,https://www.contraloria.cl/SicaProd/SICAv3-BIFAPortalCGR/faces/newDetalleInforme?docIdcm=f10acdee731afbec27030cc4217d4edf,C,Informe Final de Auditoría,30039,https://www.contraloria.cl/SicaProd/SICAv3-BIFAPortalCGR/servletfichainformegoogle?docIdcm=f10acdee731afbec27030cc4217d4edf&pdf=1
66846,13125,2019-12-16 00:00:00.0,MUNICIPALIDAD DE QUILICURA,2019,911,INFORME FINAL 911-19 MUNICIPALIDAD DE QUILICURA AUDITORIA AL ESTADO DE LA INFRAESTRUCTURA DE LOS ESTABLECIMIENTOS EDUCACIONALES DEPENDIENTES Y ADMINISTRADOS POR LA MUNICIPALIDAD DE QUILICURA - DICIEMBRE 2019E,https://www.contraloria.cl/pdfbuscador/auditoria/8fed758714020238ad66276114aac9d8/html,13,QUILICURA,https://www.contraloria.cl/SicaProd/SICAv3-BIFAPortalCGR/faces/newDetalleInforme?docIdcm=8fed758714020238ad66276114aac9d8,C,Informe Final de Auditoría,30602,https://www.contraloria.cl/SicaProd/SICAv3-BIFAPortalCGR/servletfichainformegoogle?docIdcm=8fed758714020238ad66276114aac9d8&pdf=1