IDACTIVIDAD,CODIGOSUBDERE,FECHAINFORME,NOMBRESERVICIO,ANOINFORME,NUMEROINFORME,MATERIAINFORME,FICHAINFORMEBIFA,C_REG_SUBDERE,NOMBRESUBDERE,FICHAINFORME,TIPOSUBDERE,TIPOINFORME,IDINFORME,PDFINFORME
29099,05501,2015-08-20 00:00:00.0,MUNICIPALIDAD DE QUILLOTA,2015,572,INFORME FINAL 572-15 MUNICIPALIDAD DE QUILLOTA SOBRE AUDITORÍA A LAS CONTRATACIONES A HONORARIOS CON CARGO A LA CUENTA PRESUPUESTARIA 21.04.004 - AGOSTO 2015,https://www.contraloria.cl/pdfbuscador/auditoria/2991438360288ac08553f44d0012c886/html,05,QUILLOTA,https://www.contraloria.cl/SicaProd/SICAv3-BIFAPortalCGR/faces/newDetalleInforme?docIdcm=2991438360288ac08553f44d0012c886,C,Informe Final de Auditoría,14585,https://www.contraloria.cl/SicaProd/SICAv3-BIFAPortalCGR/servletfichainformegoogle?docIdcm=2991438360288ac08553f44d0012c886&pdf=1
32529,05501,2015-12-31 00:00:00.0,MUNICIPALIDAD DE QUILLOTA,2015,1240,INFORME DE INSPECCIÓN DE OBRA PÚBLICA 1.240-15 MUNICIPALIDAD DE QUILLOTA SOBRE CIRCUITO PEATONAL PLAZA DE ARMAS - PLAZUELA SAN FRANCISCO - DICIEMBRE 2015,https://www.contraloria.cl/pdfbuscador/auditoria/9fe86c6c4ec2cb0ae7fa5617c71970ee/html,05,QUILLOTA,https://www.contraloria.cl/SicaProd/SICAv3-BIFAPortalCGR/faces/newDetalleInforme?docIdcm=9fe86c6c4ec2cb0ae7fa5617c71970ee,C,Informe de Inspección de Obra Pública,16865,https://www.contraloria.cl/SicaProd/SICAv3-BIFAPortalCGR/servletfichainformegoogle?docIdcm=9fe86c6c4ec2cb0ae7fa5617c71970ee&pdf=1
44528,05501,2017-09-07 00:00:00.0,MUNICIPALIDAD DE QUILLOTA,2017,625,INFORME FINAL DE INVESTIGACIÓN ESPECIAL 625-17 MUNICIPALIDAD DE QUILLOTA SOBRE COMETIDOS FUNCIONARIOS - SEPTIEMBRE 2017,https://www.contraloria.cl/pdfbuscador/auditoria/5c349c13376276185115a8e9b9f19097/html,05,QUILLOTA,https://www.contraloria.cl/SicaProd/SICAv3-BIFAPortalCGR/faces/newDetalleInforme?docIdcm=5c349c13376276185115a8e9b9f19097,C,Informe de Investigación Especial,21710,https://www.contraloria.cl/SicaProd/SICAv3-BIFAPortalCGR/servletfichainformegoogle?docIdcm=5c349c13376276185115a8e9b9f19097&pdf=1
41561,05501,2017-12-27 00:00:00.0,DEPARTAMENTO DE SALUD DE QUILLOTA,2017,1116,INFORME FINAL 1.116-17 DEPARTAMENTO DE SALUD DE LA MUNICIPALIDAD DE QUILLOTA SOBRE AUDITORÍA AL PAGO DE REMUNERACIONES - DICIEMBRE 2017,https://www.contraloria.cl/pdfbuscador/auditoria/40a4e084d15d4f3b5b4cc04183338021/html,05,QUILLOTA,https://www.contraloria.cl/SicaProd/SICAv3-BIFAPortalCGR/faces/newDetalleInforme?docIdcm=40a4e084d15d4f3b5b4cc04183338021,C,Informe Final de Auditoría,22603,https://www.contraloria.cl/SicaProd/SICAv3-BIFAPortalCGR/servletfichainformegoogle?docIdcm=40a4e084d15d4f3b5b4cc04183338021&pdf=1
47714,05501,2018-04-17 00:00:00.0,MUNICIPALIDAD DE QUILLOTA,2018,52,INFORME FINAL DE INVESTIGACIÓN ESPECIAL 52-18 MUNICIPALIDAD DE QUILLOTA SOBRE PRESUNTAS IRREGULARIDADES RELATIVAS A LA EXTRACCIÓN DE ÁRIDOS - ABRIL 2018,https://www.contraloria.cl/pdfbuscador/auditoria/e5ad9c73f0b4104f375bd83f99f0dc22/html,05,QUILLOTA,https://www.contraloria.cl/SicaProd/SICAv3-BIFAPortalCGR/faces/newDetalleInforme?docIdcm=e5ad9c73f0b4104f375bd83f99f0dc22,C,Informe de Investigación Especial,23782,https://www.contraloria.cl/SicaProd/SICAv3-BIFAPortalCGR/servletfichainformegoogle?docIdcm=e5ad9c73f0b4104f375bd83f99f0dc22&pdf=1
52850,05501,2019-03-27 00:00:00.0,MUNICIPALIDAD DE QUILLOTA,2019,75,INFORME DE INVESTIGACIÓN ESPECIAL 75-19 MUNICIPALIDAD DE QUILLOTA SOBRE PRESUNTAS IRREGULARIDADES EN LA UNIDAD DE MOVILIZACIÓN - MARZO 2019,https://www.contraloria.cl/pdfbuscador/auditoria/9afc88ca05f18d316432ec8276651f35/html,05,QUILLOTA,https://www.contraloria.cl/SicaProd/SICAv3-BIFAPortalCGR/faces/newDetalleInforme?docIdcm=9afc88ca05f18d316432ec8276651f35,C,Informe de Investigación Especial,28564,https://www.contraloria.cl/SicaProd/SICAv3-BIFAPortalCGR/servletfichainformegoogle?docIdcm=9afc88ca05f18d316432ec8276651f35&pdf=1
57040,05501,2019-06-27 00:00:00.0,MUNICIPALIDAD DE QUILLOTA,2019,326,INFORME FINAL DE INVESTIGACIÓN ESPECIAL 326-19 MUNICIPALIDAD DE QUILLOTA SOBRE IRREGULARIDADES EN EL FUNCIONAMIENTO DE RECINTOS MUNICIPALES - JUNIO 2019,https://www.contraloria.cl/pdfbuscador/auditoria/32d18e6c610e63eb11f88b5fc8f19590/html,05,QUILLOTA,https://www.contraloria.cl/SicaProd/SICAv3-BIFAPortalCGR/faces/newDetalleInforme?docIdcm=32d18e6c610e63eb11f88b5fc8f19590,C,Informe de Investigación Especial,29289,https://www.contraloria.cl/SicaProd/SICAv3-BIFAPortalCGR/servletfichainformegoogle?docIdcm=32d18e6c610e63eb11f88b5fc8f19590&pdf=1
66732,05501,2020-09-14 00:00:00.0,MUNICIPALIDAD DE QUILLOTA,2020,241,INFORME FINAL DE INVESTIGACIÓN ESPECIAL 241-20 MUNICIPALIDAD DE QUILLOTA SOBRE EVENTUALES IRREGULARIDADES - SEPTIEMBRE 2020,https://www.contraloria.cl/pdfbuscador/auditoria/ccb654f44008b08ecb9698c99f7d3da6/html,05,QUILLOTA,https://www.contraloria.cl/SicaProd/SICAv3-BIFAPortalCGR/faces/newDetalleInforme?docIdcm=ccb654f44008b08ecb9698c99f7d3da6,C,Informe de Investigación Especial,33572,https://www.contraloria.cl/SicaProd/SICAv3-BIFAPortalCGR/servletfichainformegoogle?docIdcm=ccb654f44008b08ecb9698c99f7d3da6&pdf=1