IDACTIVIDAD,CODIGOSUBDERE,FECHAINFORME,NOMBRESERVICIO,ANOINFORME,NUMEROINFORME,MATERIAINFORME,FICHAINFORMEBIFA,C_REG_SUBDERE,NOMBRESUBDERE,FICHAINFORME,TIPOSUBDERE,TIPOINFORME,IDINFORME,PDFINFORME
32531,05801,2015-12-28 00:00:00.0,MUNICIPALIDAD DE QUILPUE,2015,1149,INFORME DE INSPECCIÓN DE OBRA PÚBLICA 1.149-15 MUNICIPALIDAD DE QUILPUÉ SOBRE HABILITACIÓN CENTRO CULTURAL DE QUILPUÉ - DICIEMBRE 2015,https://www.contraloria.cl/pdfbuscador/auditoria/e51047f36fbb820cf3781dea02895a30/html,05,QUILPUE,https://www.contraloria.cl/SicaProd/SICAv3-BIFAPortalCGR/faces/newDetalleInforme?docIdcm=e51047f36fbb820cf3781dea02895a30,C,Informe de Inspección de Obra Pública,16723,https://www.contraloria.cl/SicaProd/SICAv3-BIFAPortalCGR/servletfichainformegoogle?docIdcm=e51047f36fbb820cf3781dea02895a30&pdf=1
37376,05801,2016-12-02 00:00:00.0,CORPORACION MUNICIPAL DE QUILPUE,2016,973,INFORME FINAL DE INVESTIGACIÓN ESPECIAL 973-16 CORPORACIÓN MUNICIPAL DE QUILPUÉ SOBRE DEUDA DE COTIZACIONES PREVISIONALES Y DE SALUD - DICIEMBRE 2016,https://www.contraloria.cl/pdfbuscador/auditoria/98f3ce4c7fdc134b452bd43d84117652/html,05,QUILPUE,https://www.contraloria.cl/SicaProd/SICAv3-BIFAPortalCGR/faces/newDetalleInforme?docIdcm=98f3ce4c7fdc134b452bd43d84117652,C,Informe de Investigación Especial,19738,https://www.contraloria.cl/SicaProd/SICAv3-BIFAPortalCGR/servletfichainformegoogle?docIdcm=98f3ce4c7fdc134b452bd43d84117652&pdf=1
38782,05801,2016-12-12 00:00:00.0,MUNICIPALIDAD DE QUILPUE,2016,1130,INFORME FINAL DE INVESTIGACIÓN ESPECIAL 1.130-16 MUNICIPALIDAD DE QUILPUÉ SOBRE PRESUNTAS IRREGULARIDADES EN LA EJECUCIÓN DE OBRA - DICIEMBRE 2016,https://www.contraloria.cl/pdfbuscador/auditoria/5579873a43442aa5c91a1cd34fdb238a/html,05,QUILPUE,https://www.contraloria.cl/SicaProd/SICAv3-BIFAPortalCGR/faces/newDetalleInforme?docIdcm=5579873a43442aa5c91a1cd34fdb238a,C,Informe de Investigación Especial,19820,https://www.contraloria.cl/SicaProd/SICAv3-BIFAPortalCGR/servletfichainformegoogle?docIdcm=5579873a43442aa5c91a1cd34fdb238a&pdf=1
42835,05801,2017-06-20 00:00:00.0,MUNICIPALIDAD DE QUILPUE,2017,308,INFORME FINAL DE INVESTIGACIÓN ESPECIAL 308-17 MUNICIPALIDAD DE QUILPUÉ SOBRE IRREGULARIDADES EN DIFUSIÓN Y PUBLICIDAD - JUNIO 2017,https://www.contraloria.cl/pdfbuscador/auditoria/5630a3276f82938aa263bb20fd20bc7a/html,05,QUILPUE,https://www.contraloria.cl/SicaProd/SICAv3-BIFAPortalCGR/faces/newDetalleInforme?docIdcm=5630a3276f82938aa263bb20fd20bc7a,C,Informe de Investigación Especial,21245,https://www.contraloria.cl/SicaProd/SICAv3-BIFAPortalCGR/servletfichainformegoogle?docIdcm=5630a3276f82938aa263bb20fd20bc7a&pdf=1
43885,05801,2017-08-14 00:00:00.0,MUNICIPALIDAD DE QUILPUE,2017,462,INFORME FINAL DE INVESTIGACIÓN ESPECIAL 462-17 MUNICIPALIDAD DE QUILPUÉ SOBRE EVENTUALES IRREGULARIDADES EN CAPACITACIONES DE CONCEJALES - AGOSTO 2017,https://www.contraloria.cl/pdfbuscador/auditoria/accb9f8a2711a769c0ef9e67385ad68d/html,05,QUILPUE,https://www.contraloria.cl/SicaProd/SICAv3-BIFAPortalCGR/faces/newDetalleInforme?docIdcm=accb9f8a2711a769c0ef9e67385ad68d,C,Informe de Investigación Especial,21547,https://www.contraloria.cl/SicaProd/SICAv3-BIFAPortalCGR/servletfichainformegoogle?docIdcm=accb9f8a2711a769c0ef9e67385ad68d&pdf=1
41641,05801,2017-12-26 00:00:00.0,CORPORACION MUNICIPAL DE QUILPUE,2017,1073,"INFORME FINAL 1073-17 CORPORACIÓN MUNICIPAL DE QUILPUÉ SOBRE AUDITORÍA A LOS RECURSOS QUE OTORGA LA LEY N° 20.248, DE SUBVENCIÓN ESCOLAR PREFERENCIAL - DICIEMBRE 2017",https://www.contraloria.cl/pdfbuscador/auditoria/c4c7f48195f6c8046805ae6afe9f203d/html,05,QUILPUE,https://www.contraloria.cl/SicaProd/SICAv3-BIFAPortalCGR/faces/newDetalleInforme?docIdcm=c4c7f48195f6c8046805ae6afe9f203d,C,Informe Final de Auditoría,22571,https://www.contraloria.cl/SicaProd/SICAv3-BIFAPortalCGR/servletfichainformegoogle?docIdcm=c4c7f48195f6c8046805ae6afe9f203d&pdf=1
49356,05801,2018-06-28 00:00:00.0,MUNICIPALIDAD DE QUILPUE,2018,199,INFORME FINAL 199-18 MUNICIPALIDAD DE QUILPUÉ SOBRE AUDITORÍA A LAS OBRAS DE INFRAESTRUCTURA EJECUTADAS - JUNIO 2018,https://www.contraloria.cl/pdfbuscador/auditoria/73c3f2b84ccde20c0ce74708d6637e6e/html,05,QUILPUE,https://www.contraloria.cl/SicaProd/SICAv3-BIFAPortalCGR/faces/newDetalleInforme?docIdcm=73c3f2b84ccde20c0ce74708d6637e6e,C,Informe Final de Auditoría,24490,https://www.contraloria.cl/SicaProd/SICAv3-BIFAPortalCGR/servletfichainformegoogle?docIdcm=73c3f2b84ccde20c0ce74708d6637e6e&pdf=1