IDACTIVIDAD,CODIGOSUBDERE,FECHAINFORME,NOMBRESERVICIO,ANOINFORME,NUMEROINFORME,MATERIAINFORME,FICHAINFORMEBIFA,C_REG_SUBDERE,NOMBRESUBDERE,FICHAINFORME,TIPOSUBDERE,TIPOINFORME,IDINFORME,PDFINFORME
28399,13126,2016-01-26 00:00:00.0,MUNICIPALIDAD DE QUINTA NORMAL,2015,1008,INFORME FINAL 1.008-15 MUNICIPALIDAD DE QUINTA NORMAL - SOBRE AUDITORIA AL MACROPROCESO DE ADMINISTRACION Y ABASTECIMIENTO - ENERO 2016,https://www.contraloria.cl/pdfbuscador/auditoria/d8530fe87aefb3b457f8a3cf0f5016ce/html,13,QUINTA NORMAL,https://www.contraloria.cl/SicaProd/SICAv3-BIFAPortalCGR/faces/newDetalleInforme?docIdcm=d8530fe87aefb3b457f8a3cf0f5016ce,C,Informe Final de Auditoría,17080,https://www.contraloria.cl/SicaProd/SICAv3-BIFAPortalCGR/servletfichainformegoogle?docIdcm=d8530fe87aefb3b457f8a3cf0f5016ce&pdf=1
34268,13126,2016-09-29 00:00:00.0,MUNICIPALIDAD DE QUINTA NORMAL,2016,96,"INFORME FINAL 96-16, MUNICIPALIDAD DE QUINTA NORMAL, SOBRE CONTRATOS DE OBRAS DEL PROGRAMA DE MEJORAMIENTO URBANO Y EQUIPAMIENTO COMUNAL_SEPTIEMBRE 2016.",https://www.contraloria.cl/pdfbuscador/auditoria/44e3ba5081e48f7b12000d9c23ead761/html,13,QUINTA NORMAL,https://www.contraloria.cl/SicaProd/SICAv3-BIFAPortalCGR/faces/newDetalleInforme?docIdcm=44e3ba5081e48f7b12000d9c23ead761,C,Informe Final de Auditoría,19056,https://www.contraloria.cl/SicaProd/SICAv3-BIFAPortalCGR/servletfichainformegoogle?docIdcm=44e3ba5081e48f7b12000d9c23ead761&pdf=1
34341,13126,2016-11-29 00:00:00.0,MUNICIPALIDAD DE QUINTA NORMAL,2016,252,INFORME FINAL 252-16 MUNICIPALIDAD DE QUINTA NORMAL - SOBRE AUDITORIA AL MACROPROCESO DE CONCESIONES Y CUMPLIMIENTO DE LA LEY N° 20.730 - NOVIEMBRE 2016,https://www.contraloria.cl/pdfbuscador/auditoria/711985aa4311fe497026ecc472c11425/html,13,QUINTA NORMAL,https://www.contraloria.cl/SicaProd/SICAv3-BIFAPortalCGR/faces/newDetalleInforme?docIdcm=711985aa4311fe497026ecc472c11425,C,Informe Final de Auditoría,19679,https://www.contraloria.cl/SicaProd/SICAv3-BIFAPortalCGR/servletfichainformegoogle?docIdcm=711985aa4311fe497026ecc472c11425&pdf=1
38247,13126,2016-12-30 00:00:00.0,MUNICIPALIDAD DE QUINTA NORMAL,2016,1032,INFORME FINAL 1032-2016 MUNICIPALIDAD DE QUINTA NORMAL SOBRE AUDITORIA AL MACROPROCESO DE FINANZAS EN LA MUNICIPALIDAD DE QUINTA NORMAL - DICIEMBRE 2016,https://www.contraloria.cl/pdfbuscador/auditoria/c4cfb6ab058e65e74f052682407af78d/html,13,QUINTA NORMAL,https://www.contraloria.cl/SicaProd/SICAv3-BIFAPortalCGR/faces/newDetalleInforme?docIdcm=c4cfb6ab058e65e74f052682407af78d,C,Informe Final de Auditoría,20434,https://www.contraloria.cl/SicaProd/SICAv3-BIFAPortalCGR/servletfichainformegoogle?docIdcm=c4cfb6ab058e65e74f052682407af78d&pdf=1
37484,13126,2017-07-28 00:00:00.0,MUNICIPALIDAD DE QUINTA NORMAL,2016,1212,INFORME FINAL 1212-16 MUNICIPALIDAD DE QUINTA NORMAL SOBRE INSPECCIÓN DE OBRA PUBLICA AL CONTRATO DE REPOSICIÓN CANCHAS BERNARDO O'HIGGINS Y ESPARTA- JULIO 2017,https://www.contraloria.cl/pdfbuscador/auditoria/d64ff64d908807966182d4dcf7ff9f21/html,13,QUINTA NORMAL,https://www.contraloria.cl/SicaProd/SICAv3-BIFAPortalCGR/faces/newDetalleInforme?docIdcm=d64ff64d908807966182d4dcf7ff9f21,C,Informe de Inspección de Obra Pública,21472,https://www.contraloria.cl/SicaProd/SICAv3-BIFAPortalCGR/servletfichainformegoogle?docIdcm=d64ff64d908807966182d4dcf7ff9f21&pdf=1
42812,13126,2017-07-19 00:00:00.0,MUNICIPALIDAD DE QUINTA NORMAL,2017,368,INFORME FINAL 368-17 MUNICIPALIDAD DE QUINTA NORMAL SOBRE PERMISOS DE EDIFICACIÓN-2017,https://www.contraloria.cl/pdfbuscador/auditoria/d8bc3bbefc0565d8804f7a553f027f6e/html,13,QUINTA NORMAL,https://www.contraloria.cl/SicaProd/SICAv3-BIFAPortalCGR/faces/newDetalleInforme?docIdcm=d8bc3bbefc0565d8804f7a553f027f6e,C,Informe Final de Auditoría,21412,https://www.contraloria.cl/SicaProd/SICAv3-BIFAPortalCGR/servletfichainformegoogle?docIdcm=d8bc3bbefc0565d8804f7a553f027f6e&pdf=1
49359,13126,2018-07-04 00:00:00.0,MUNICIPALIDAD DE QUINTA NORMAL,2018,208,INFORME FINAL 208-2018 MUNICIPALIDAD DE QUINTA NORMAL SOBRE AUDITORIA AL PROCESO DE ENDEUDAMIENTO EN LA MUNICIPALIDAD DE QUINTA NORMAL- JULIO 2018,https://www.contraloria.cl/pdfbuscador/auditoria/beb7c3f8ac2d5cf788b72d971d777ff7/html,13,QUINTA NORMAL,https://www.contraloria.cl/SicaProd/SICAv3-BIFAPortalCGR/faces/newDetalleInforme?docIdcm=beb7c3f8ac2d5cf788b72d971d777ff7,C,Informe Final de Auditoría,24810,https://www.contraloria.cl/SicaProd/SICAv3-BIFAPortalCGR/servletfichainformegoogle?docIdcm=beb7c3f8ac2d5cf788b72d971d777ff7&pdf=1
58740,13126,2019-11-29 00:00:00.0,MUNICIPALIDAD DE QUINTA NORMAL,2019,725,"INFORME FINAL 725-2019 DE LA MUNICIPALIDAD DE QUINTA NORMAL SOBRE AUDITORÍA AL PROCESO DE OTORGAMIENTO , RENOVACIÓN E INGRESOS PERCIBIDOS POR CONCEPTO DE PATENTES COMERCIALES Y DE ALCOLES DE LA MUNICIPALIDAD DE QUINTA NORMAL - DICIEMBRE 2019 ",https://www.contraloria.cl/pdfbuscador/auditoria/aa56bb6b6bab8870e97f1c36cc43c60f/html,13,QUINTA NORMAL,https://www.contraloria.cl/SicaProd/SICAv3-BIFAPortalCGR/faces/newDetalleInforme?docIdcm=aa56bb6b6bab8870e97f1c36cc43c60f,C,Informe Final de Auditoría,30412,https://www.contraloria.cl/SicaProd/SICAv3-BIFAPortalCGR/servletfichainformegoogle?docIdcm=aa56bb6b6bab8870e97f1c36cc43c60f&pdf=1
66809,13126,2020-01-03 00:00:00.0,CORPORACION MUNICIPAL QUINTA NORMAL,2019,876,INFORME FINAL 876-2019 MUNICIPALIDAD DE QUINTA NORMAL SOBRE AUDITORIA AL USO DE LOS RECURSOS UTILIZADOS PARA EL PAGO DE COTIZACIONES PREVISIONALES Y DE SALUD EN LA CORPORACIÓN DE DESARROLLO QUINTA NORMAL - ENERO 2020,https://www.contraloria.cl/pdfbuscador/auditoria/bb94833d7457f3fc0b7b9e4cfe7a89a4/html,13,QUINTA NORMAL,https://www.contraloria.cl/SicaProd/SICAv3-BIFAPortalCGR/faces/newDetalleInforme?docIdcm=bb94833d7457f3fc0b7b9e4cfe7a89a4,C,Informe Final de Auditoría,31064,https://www.contraloria.cl/SicaProd/SICAv3-BIFAPortalCGR/servletfichainformegoogle?docIdcm=bb94833d7457f3fc0b7b9e4cfe7a89a4&pdf=1