IDACTIVIDAD,CODIGOSUBDERE,FECHAINFORME,NOMBRESERVICIO,ANOINFORME,NUMEROINFORME,MATERIAINFORME,FICHAINFORMEBIFA,C_REG_SUBDERE,NOMBRESUBDERE,FICHAINFORME,TIPOSUBDERE,TIPOINFORME,IDINFORME,PDFINFORME
33453,05107,2015-12-28 00:00:00.0,MUNICIPALIDAD DE QUINTERO,2015,1211,INFORME INVESTIGACIÓN ESPECIAL 1211-15 MUNICIPALIDAD DE QUINTERO SOBRE EVENTUALES IRREGULARIDADES EN PROYECTO CULTURAL TRAS LAS HUELLAS (PASOS) DE FRANCISCO COLOANE - DICIEMBRE 2015,https://www.contraloria.cl/pdfbuscador/auditoria/655fbc7904c3fc1e3f1d1ac671c41e98/html,05,QUINTERO,https://www.contraloria.cl/SicaProd/SICAv3-BIFAPortalCGR/faces/newDetalleInforme?docIdcm=655fbc7904c3fc1e3f1d1ac671c41e98,C,Informe de Investigación Especial,16824,https://www.contraloria.cl/SicaProd/SICAv3-BIFAPortalCGR/servletfichainformegoogle?docIdcm=655fbc7904c3fc1e3f1d1ac671c41e98&pdf=1
35163,05107,2016-04-05 00:00:00.0,MUNICIPALIDAD DE QUINTERO,2016,46,INFORME INVESTIGACIÓN ESPECIAL 46-16 MUNICIPALIDAD DE QUINTERO EVENTUALES IRREGULARES EN MATERIAS DE PERSONAL - ABRIL 2016,https://www.contraloria.cl/pdfbuscador/auditoria/309cb5e3fd6d03c844647b7a8dad1ec5/html,05,QUINTERO,https://www.contraloria.cl/SicaProd/SICAv3-BIFAPortalCGR/faces/newDetalleInforme?docIdcm=309cb5e3fd6d03c844647b7a8dad1ec5,C,Informe de Investigación Especial,17640,https://www.contraloria.cl/SicaProd/SICAv3-BIFAPortalCGR/servletfichainformegoogle?docIdcm=309cb5e3fd6d03c844647b7a8dad1ec5&pdf=1
35489,05107,2016-06-23 00:00:00.0,MUNICIPALIDAD DE QUINTERO,2016,132,INFORME INVESTIGACIÓN ESPECIAL 132-16 MUNICIPALIDAD DE QUINTERO SOBRE ADJUDICACIÓN DEL PROCESO LICITATORIO DE SERVICIO DE GUARDIAS DE SEGURIDAD PRIVADA - JUNIO 2016,https://www.contraloria.cl/pdfbuscador/auditoria/d0c3b168c404b24f110236961cb38bc6/html,05,QUINTERO,https://www.contraloria.cl/SicaProd/SICAv3-BIFAPortalCGR/faces/newDetalleInforme?docIdcm=d0c3b168c404b24f110236961cb38bc6,C,Informe de Investigación Especial,18272,https://www.contraloria.cl/SicaProd/SICAv3-BIFAPortalCGR/servletfichainformegoogle?docIdcm=d0c3b168c404b24f110236961cb38bc6&pdf=1
34085,05107,2016-05-30 00:00:00.0,MUNICIPALIDAD DE QUINTERO,2016,175,INFORME INVESTIGACIÓN ESPECIAL 175-16 MUNICIPALIDAD DE QUINTERO E INDAP SOBRE PAGO DE VIATICOS POR COMETIDOS FUNCIONARIOS EN EL EXTRANJERO ENTRE OTROS - MAYO 2016,https://www.contraloria.cl/pdfbuscador/auditoria/5e665a05bda99b02efb327193df4626e/html,05,QUINTERO,https://www.contraloria.cl/SicaProd/SICAv3-BIFAPortalCGR/faces/newDetalleInforme?docIdcm=5e665a05bda99b02efb327193df4626e,C,Informe de Investigación Especial,18083,https://www.contraloria.cl/SicaProd/SICAv3-BIFAPortalCGR/servletfichainformegoogle?docIdcm=5e665a05bda99b02efb327193df4626e&pdf=1
37084,05107,2016-09-01 00:00:00.0,DEPARTAMENTO DE SALUD DE QUINTERO,2016,522,"INFORME INVESTIGACIÓN ESPECIAL 522-16 DEPARTAMENTO DE SALUD DE LA MUNICIPALIDAD DE QUINTERO SOBRE ASIGNACIONES, FONDOS GLOBALES, ENTRE OTROS - SEPTIEMBRE 2016",https://www.contraloria.cl/pdfbuscador/auditoria/2cfc5ce792f8a579b6b2dc822e66eb4c/html,05,QUINTERO,https://www.contraloria.cl/SicaProd/SICAv3-BIFAPortalCGR/faces/newDetalleInforme?docIdcm=2cfc5ce792f8a579b6b2dc822e66eb4c,C,Informe de Investigación Especial,18753,https://www.contraloria.cl/SicaProd/SICAv3-BIFAPortalCGR/servletfichainformegoogle?docIdcm=2cfc5ce792f8a579b6b2dc822e66eb4c&pdf=1
34969,05107,2016-10-18 00:00:00.0,MUNICIPALIDAD DE QUINTERO,2016,683,INFORME FINAL 683-16 MUNICIPALIDAD DE QUINTERO - AUDITORÍA AL GASTO EN PERIODO ELECTORAL - USO DE BIENES - VEHÍCULOS - RRHH - RECURSOS FÍSICOS Y FINANCIEROS - OCTUBRE 2016,https://www.contraloria.cl/pdfbuscador/auditoria/d5a932ef88383f6102cf9659799b00fb/html,05,QUINTERO,https://www.contraloria.cl/SicaProd/SICAv3-BIFAPortalCGR/faces/newDetalleInforme?docIdcm=d5a932ef88383f6102cf9659799b00fb,C,Informe Final de Auditoría,19204,https://www.contraloria.cl/SicaProd/SICAv3-BIFAPortalCGR/servletfichainformegoogle?docIdcm=d5a932ef88383f6102cf9659799b00fb&pdf=1
51350,05107,2018-09-25 00:00:00.0,DEPARTAMENTO DE SALUD DE QUINTERO,2018,589,INFORME FINAL DE INVESTIGACIÓN ESPECIAL 589-18 DEPARTAMENTO DE SALUD DE LA MUNICIPALIDAD DE QUINTERO SOBRE PRESUNTAS IRREGULARIDADES - SEPTIEMBRE 2018,https://www.contraloria.cl/pdfbuscador/auditoria/42558687c60bef1791a2ea623dbe1854/html,05,QUINTERO,https://www.contraloria.cl/SicaProd/SICAv3-BIFAPortalCGR/faces/newDetalleInforme?docIdcm=42558687c60bef1791a2ea623dbe1854,C,Informe de Investigación Especial,25988,https://www.contraloria.cl/SicaProd/SICAv3-BIFAPortalCGR/servletfichainformegoogle?docIdcm=42558687c60bef1791a2ea623dbe1854&pdf=1
52422,05107,2018-11-27 00:00:00.0,MUNICIPALIDAD DE QUINTERO,2018,740,INFORME FINAL DE INVESTIGACIÓN ESPECIAL 740-18 MUNICIPALIDAD DE QUINTERO SOBRE EVENTUALES IRREGULARIDADES - NOVIEMBRE 2018,https://www.contraloria.cl/pdfbuscador/auditoria/8d8236c48f995c69f45565c0f4d5651d/html,05,QUINTERO,https://www.contraloria.cl/SicaProd/SICAv3-BIFAPortalCGR/faces/newDetalleInforme?docIdcm=8d8236c48f995c69f45565c0f4d5651d,C,Informe de Investigación Especial,26690,https://www.contraloria.cl/SicaProd/SICAv3-BIFAPortalCGR/servletfichainformegoogle?docIdcm=8d8236c48f995c69f45565c0f4d5651d&pdf=1
52845,05107,2018-12-18 00:00:00.0,DEPARTAMENTO DE SALUD DE QUINTERO,2018,859,"INFORME FINAL DE INVESTIGACIÓN ESPECIAL 859-18 DEPARTAMENTO DE SALUD DE LA MUNICIPALIDAD DE QUINTERO SOBRE CAPACITACIONES, PERMISOS, CALIFICACIONES, MEDICO CONTRALOR Y ACOSO LABORAL - DICIEMBRE 2018",https://www.contraloria.cl/pdfbuscador/auditoria/39992174512b9686657b7dbd7e1bd935/html,05,QUINTERO,https://www.contraloria.cl/SicaProd/SICAv3-BIFAPortalCGR/faces/newDetalleInforme?docIdcm=39992174512b9686657b7dbd7e1bd935,C,Informe de Investigación Especial,27154,https://www.contraloria.cl/SicaProd/SICAv3-BIFAPortalCGR/servletfichainformegoogle?docIdcm=39992174512b9686657b7dbd7e1bd935&pdf=1
52336,05107,2018-12-20 00:00:00.0,MUNICIPALIDAD DE QUINTERO,2018,938,INFORME FINAL 938-18 MUNICIPALIDAD DE QUINTERO SOBRE AUDITORÍA A LAS AUTORIZACIONES OTORGADAS POR LA DIRECCIÓN DE OBRAS - DICIEMBRE 2018,https://www.contraloria.cl/pdfbuscador/auditoria/66e5c303a39f9b6f37ce4759849fe3fc/html,05,QUINTERO,https://www.contraloria.cl/SicaProd/SICAv3-BIFAPortalCGR/faces/newDetalleInforme?docIdcm=66e5c303a39f9b6f37ce4759849fe3fc,C,Informe Final de Auditoría,27137,https://www.contraloria.cl/SicaProd/SICAv3-BIFAPortalCGR/servletfichainformegoogle?docIdcm=66e5c303a39f9b6f37ce4759849fe3fc&pdf=1
53844,05107,2019-06-17 00:00:00.0,DEPARTAMENTO DE SALUD DE QUINTERO,2019,266,INFORME FINAL DE INVESTIGACIÓN ESPECIAL 266-19 DEPARTAMENTO DE SALUD DE QUINTERO SOBRE PRESUNTAS IRREGULARIDADES - JUNIO 2019,https://www.contraloria.cl/pdfbuscador/auditoria/ba9e803ef385ec18562c8fc79dcbd071/html,05,QUINTERO,https://www.contraloria.cl/SicaProd/SICAv3-BIFAPortalCGR/faces/newDetalleInforme?docIdcm=ba9e803ef385ec18562c8fc79dcbd071,C,Informe de Investigación Especial,29124,https://www.contraloria.cl/SicaProd/SICAv3-BIFAPortalCGR/servletfichainformegoogle?docIdcm=ba9e803ef385ec18562c8fc79dcbd071&pdf=1
56472,05107,2019-06-12 00:00:00.0,DEPARTAMENTO DE EDUCACION DE QUINTERO,2019,288,INFORME FINAL DE INVESTIGACIÓN ESPECIAL 288-19 DEPARTAMENTO DE ADMINISTRACIÓN DE EDUCACIÓN MUNICIPAL DE QUINTERO SOBRE EVENTUALES IRREGULARIDADES - JUNIO 2019,https://www.contraloria.cl/pdfbuscador/auditoria/088f326645e93e65aafb47fc04aa428e/html,05,QUINTERO,https://www.contraloria.cl/SicaProd/SICAv3-BIFAPortalCGR/faces/newDetalleInforme?docIdcm=088f326645e93e65aafb47fc04aa428e,C,Informe de Investigación Especial,29071,https://www.contraloria.cl/SicaProd/SICAv3-BIFAPortalCGR/servletfichainformegoogle?docIdcm=088f326645e93e65aafb47fc04aa428e&pdf=1
57460,05107,2019-07-12 00:00:00.0,MUNICIPALIDAD DE QUINTERO,2019,343,INFORME FINAL DE INVESTIGACIÓN ESPECIAL 343-19 MUNICIPALIDAD DE QUINTERO SOBRE EVENTUALES IRREGULARIDADES - JULIO 2019,https://www.contraloria.cl/pdfbuscador/auditoria/b93fc5db3c86ff7dcb0a97b5c081e47f/html,05,QUINTERO,https://www.contraloria.cl/SicaProd/SICAv3-BIFAPortalCGR/faces/newDetalleInforme?docIdcm=b93fc5db3c86ff7dcb0a97b5c081e47f,C,Informe de Investigación Especial,29378,https://www.contraloria.cl/SicaProd/SICAv3-BIFAPortalCGR/servletfichainformegoogle?docIdcm=b93fc5db3c86ff7dcb0a97b5c081e47f&pdf=1
56982,05107,2019-09-30 00:00:00.0,MUNICIPALIDAD DE QUINTERO,2019,556,INFORME FINAL 556-19 MUNICIPALIDAD DE QUINTERO SOBRE AUDITORÍA A LOS INGRESOS PERCIBIDOS POR PERMISOS DE CIRCULACIÓN - SEPTIEMBRE 2019,https://www.contraloria.cl/pdfbuscador/auditoria/1a6bedf0fc90415212353c601dcccbfb/html,05,QUINTERO,https://www.contraloria.cl/SicaProd/SICAv3-BIFAPortalCGR/faces/newDetalleInforme?docIdcm=1a6bedf0fc90415212353c601dcccbfb,C,Informe Final de Auditoría,30014,https://www.contraloria.cl/SicaProd/SICAv3-BIFAPortalCGR/servletfichainformegoogle?docIdcm=1a6bedf0fc90415212353c601dcccbfb&pdf=1
71947,05107,2020-06-26 00:00:00.0,DEPARTAMENTO DE SALUD DE QUINTERO,2020,71,INFORME FINAL DE INVESTIGACIÓN ESPECIAL 71-20 DEPARTAMENTO DE SALUD DE QUINTERO SOBRE PRESUNTAS IRREGULARIDADES EN LA EJECUCIÓN DEL PROGRAMA DE ODONTOLOGÍA DE LA POSTA RURAL DE LONCURA - JUNIO 2020,https://www.contraloria.cl/pdfbuscador/auditoria/fd937cd64abbd0894fbb4d1c3a6e46e5/html,05,QUINTERO,https://www.contraloria.cl/SicaProd/SICAv3-BIFAPortalCGR/faces/newDetalleInforme?docIdcm=fd937cd64abbd0894fbb4d1c3a6e46e5,C,Informe de Investigación Especial,33028,https://www.contraloria.cl/SicaProd/SICAv3-BIFAPortalCGR/servletfichainformegoogle?docIdcm=fd937cd64abbd0894fbb4d1c3a6e46e5&pdf=1