IDACTIVIDAD,CODIGOSUBDERE,FECHAINFORME,NOMBRESERVICIO,ANOINFORME,NUMEROINFORME,MATERIAINFORME,FICHAINFORMEBIFA,C_REG_SUBDERE,NOMBRESUBDERE,FICHAINFORME,TIPOSUBDERE,TIPOINFORME,IDINFORME,PDFINFORME
28487,06101,2015-06-25 00:00:00.0,MUNICIPALIDAD DE RANCAGUA,2015,381,INFORME FINAL 381 - 15 MUNICIPALIDAD DE RANCAGUA RECURSOS HUMANOS PROGRAMAS COMUNITARIOS - JUNIO 2015,https://www.contraloria.cl/pdfbuscador/auditoria/81d30c789e0ad147d35e086edf95f6c1/html,06,RANCAGUA,https://www.contraloria.cl/SicaProd/SICAv3-BIFAPortalCGR/faces/newDetalleInforme?docIdcm=81d30c789e0ad147d35e086edf95f6c1,C,Informe Final de Auditoría,14177,https://www.contraloria.cl/SicaProd/SICAv3-BIFAPortalCGR/servletfichainformegoogle?docIdcm=81d30c789e0ad147d35e086edf95f6c1&pdf=1
30584,06101,2015-08-25 00:00:00.0,MUNICIPALIDAD DE RANCAGUA,2015,424,INFORME DE INSPECCIÓN DE OBRA PÚBLICA 424 - 15 MUNICIPALIDAD DE RANCAGUA CONSTRUCCIÓN POLIDEPORTIVO PARQUE LOURDES - AGOSTO 2015,https://www.contraloria.cl/pdfbuscador/auditoria/f824bd67054b19465d8a0daeb7eabcb6/html,06,RANCAGUA,https://www.contraloria.cl/SicaProd/SICAv3-BIFAPortalCGR/faces/newDetalleInforme?docIdcm=f824bd67054b19465d8a0daeb7eabcb6,C,Informe de Inspección de Obra Pública,14638,https://www.contraloria.cl/SicaProd/SICAv3-BIFAPortalCGR/servletfichainformegoogle?docIdcm=f824bd67054b19465d8a0daeb7eabcb6&pdf=1
40066,06101,2019-01-24 00:00:00.0,CORPORACION MUNICIPAL RANCAGUA,2017,9,INFORME DE INVESTIGACIÓN ESPECIAL 9-17 - SEREMI DE SALUD DEL LIBERTADOR GENERAL BERNARDO O'HIGGINS - ENERO 2019,https://www.contraloria.cl/pdfbuscador/auditoria/89a941db0e9342e62c4fc03e7c4a9a01/html,06,RANCAGUA,https://www.contraloria.cl/SicaProd/SICAv3-BIFAPortalCGR/faces/newDetalleInforme?docIdcm=89a941db0e9342e62c4fc03e7c4a9a01,C,Informe de Investigación Especial,27541,https://www.contraloria.cl/SicaProd/SICAv3-BIFAPortalCGR/servletfichainformegoogle?docIdcm=89a941db0e9342e62c4fc03e7c4a9a01&pdf=1
41259,06101,2017-12-15 00:00:00.0,MUNICIPALIDAD DE RANCAGUA,2017,477,INFORME FINAL 477 - 17 MUNICIPALIDAD DE RANCAGUA AUDITORIA INFRAESTRUCTURA - DICIEMBRE 2017,https://www.contraloria.cl/pdfbuscador/auditoria/11c6e251daa973028cd6c72cd543f806/html,06,RANCAGUA,https://www.contraloria.cl/SicaProd/SICAv3-BIFAPortalCGR/faces/newDetalleInforme?docIdcm=11c6e251daa973028cd6c72cd543f806,C,Informe Final de Auditoría,22460,https://www.contraloria.cl/SicaProd/SICAv3-BIFAPortalCGR/servletfichainformegoogle?docIdcm=11c6e251daa973028cd6c72cd543f806&pdf=1
46563,06101,2017-10-25 00:00:00.0,MUNICIPALIDAD DE RANCAGUA,2017,787,INFORME FINAL DE INVESTIGACIÓN ESPECIAL 787 - 17 MUNICIPALIDAD DE RANCAGUA EVENTUALES IRREGULARIDADES RENDICIONES DE LA CORPORACIÓN MUNICIPAL DE DEPORTES - OCTUBRE 2017,https://www.contraloria.cl/pdfbuscador/auditoria/ec82ce17f9afb4bf221b9067a996ef78/html,06,RANCAGUA,https://www.contraloria.cl/SicaProd/SICAv3-BIFAPortalCGR/faces/newDetalleInforme?docIdcm=ec82ce17f9afb4bf221b9067a996ef78,C,Informe de Investigación Especial,21981,https://www.contraloria.cl/SicaProd/SICAv3-BIFAPortalCGR/servletfichainformegoogle?docIdcm=ec82ce17f9afb4bf221b9067a996ef78&pdf=1
41393,06101,2017-12-20 00:00:00.0,CORPORACION MUNICIPAL RANCAGUA,2017,1087,INFORME FINAL 1087 - 17 CORPORACIÓN MUNICIPAL RANCAGUA AUDITORIA A LOS RECURSOS LEY 20.248 SUBVENCIÓN ESCOLAR PREFERENCIAL - DICIEMBRE 2017,https://www.contraloria.cl/pdfbuscador/auditoria/e94985fd958eaf4bfb4f600884b3bcb2/html,06,RANCAGUA,https://www.contraloria.cl/SicaProd/SICAv3-BIFAPortalCGR/faces/newDetalleInforme?docIdcm=e94985fd958eaf4bfb4f600884b3bcb2,C,Informe Final de Auditoría,22507,https://www.contraloria.cl/SicaProd/SICAv3-BIFAPortalCGR/servletfichainformegoogle?docIdcm=e94985fd958eaf4bfb4f600884b3bcb2&pdf=1
42041,06101,2019-09-02 00:00:00.0,MUNICIPALIDAD DE RANCAGUA,2018,85,INFORME DE INVESTIGACIÓN ESPECIAL 85-18 - MUNICIPALIDAD DE RANCAGUA - EVENTUALES IRREGULARIDADES DE ACTIVIDADES FORMATIVAS Y CAPACITACIÓN DE CONCEJALES- SEPTIEMBRE 2019,https://www.contraloria.cl/pdfbuscador/auditoria/9f868e228bcf61ef2169cb950efba352/html,06,RANCAGUA,https://www.contraloria.cl/SicaProd/SICAv3-BIFAPortalCGR/faces/newDetalleInforme?docIdcm=9f868e228bcf61ef2169cb950efba352,C,Informe de Investigación Especial,29906,https://www.contraloria.cl/SicaProd/SICAv3-BIFAPortalCGR/servletfichainformegoogle?docIdcm=9f868e228bcf61ef2169cb950efba352&pdf=1
49931,06101,2018-08-09 00:00:00.0,CORPORACION MUNICIPAL RANCAGUA,2018,313,INFORME DE INVESTIGACIÓN ESPECIAL 313-18 CORPORACIÓN MUNICIPAL DE SERVICIOS TRASPASADOS DE RANCAGUA - AGOSTO 2018,https://www.contraloria.cl/pdfbuscador/auditoria/6fa1b2214f734d7439c01beb3709222d/html,06,RANCAGUA,https://www.contraloria.cl/SicaProd/SICAv3-BIFAPortalCGR/faces/newDetalleInforme?docIdcm=6fa1b2214f734d7439c01beb3709222d,C,Informe de Investigación Especial,25244,https://www.contraloria.cl/SicaProd/SICAv3-BIFAPortalCGR/servletfichainformegoogle?docIdcm=6fa1b2214f734d7439c01beb3709222d&pdf=1