IDACTIVIDAD,CODIGOSUBDERE,FECHAINFORME,NOMBRESERVICIO,ANOINFORME,NUMEROINFORME,MATERIAINFORME,FICHAINFORMEBIFA,C_REG_SUBDERE,NOMBRESUBDERE,FICHAINFORME,TIPOSUBDERE,TIPOINFORME,IDINFORME,PDFINFORME
28111,13127,2015-04-02 00:00:00.0,DEPARTAMENTO DE SALUD DE RECOLETA,2015,180,INFORME DE INVESTIGACION ESPECIAL 180-2015 DEPARTAMENTO DE SALUD MUNICIPAL DE RECOLETA SOBRE MODELO DE ATENCION INTEGRAL DE SALUD FAMILIAR Y COMUNITARIA IMPLEMENTADO EN LA COMUNA DE RECOLETA - ABRIL 2015,https://www.contraloria.cl/pdfbuscador/auditoria/3715439a56d02050e4d411c8c9340ac0/html,13,RECOLETA,https://www.contraloria.cl/SicaProd/SICAv3-BIFAPortalCGR/faces/newDetalleInforme?docIdcm=3715439a56d02050e4d411c8c9340ac0,C,Informe de Investigación Especial,13616,https://www.contraloria.cl/SicaProd/SICAv3-BIFAPortalCGR/servletfichainformegoogle?docIdcm=3715439a56d02050e4d411c8c9340ac0&pdf=1
28447,13127,2015-08-11 00:00:00.0,DEPARTAMENTO DE EDUCACION DE RECOLETA,2015,309,INFORME FINAL 309-15 DEPARTAMENTO DE EDUCACION DE RECOLETA - SOBRE AUDITORIA DE ADQUISICION Y ABASTECIMIENTO - AGOSTO 2015,https://www.contraloria.cl/pdfbuscador/auditoria/249c72e7763b47a6f03825c51cbcc743/html,13,RECOLETA,https://www.contraloria.cl/SicaProd/SICAv3-BIFAPortalCGR/faces/newDetalleInforme?docIdcm=249c72e7763b47a6f03825c51cbcc743,C,Informe Final de Auditoría,14523,https://www.contraloria.cl/SicaProd/SICAv3-BIFAPortalCGR/servletfichainformegoogle?docIdcm=249c72e7763b47a6f03825c51cbcc743&pdf=1
28576,13127,2015-09-17 00:00:00.0,MUNICIPALIDAD DE RECOLETA,2015,461,INFORME FINAL 461-15 MUNICIPALIDAD DE RECOLETA - SOBRE AUDITORIA A LAS CONTRATACIONES DE HONORARIOS EN PROGRAMAS COMUNITARIOS - SEPTIEMBRE 2015,https://www.contraloria.cl/pdfbuscador/auditoria/1500f9f7cb2a11ea98dcb0bea1bc30a2/html,13,RECOLETA,https://www.contraloria.cl/SicaProd/SICAv3-BIFAPortalCGR/faces/newDetalleInforme?docIdcm=1500f9f7cb2a11ea98dcb0bea1bc30a2,C,Informe Final de Auditoría,14898,https://www.contraloria.cl/SicaProd/SICAv3-BIFAPortalCGR/servletfichainformegoogle?docIdcm=1500f9f7cb2a11ea98dcb0bea1bc30a2&pdf=1
36281,13127,2016-11-04 00:00:00.0,MUNICIPALIDAD DE RECOLETA,2016,266,"INFORME DE INSPECCIÓN DE OBRA PÚBLICA 266-16, MUNICIPALIDAD DE RECOLETA, REPOSICIÓN CON RELOCALIZACIÓN BIBLIOTECA COMUNAL_NOVIEMBRE 2016.",https://www.contraloria.cl/pdfbuscador/auditoria/49c62a15f66e5d2bcbe2e6fc80dbc2c0/html,13,RECOLETA,https://www.contraloria.cl/SicaProd/SICAv3-BIFAPortalCGR/faces/newDetalleInforme?docIdcm=49c62a15f66e5d2bcbe2e6fc80dbc2c0,C,Informe de Inspección de Obra Pública,19535,https://www.contraloria.cl/SicaProd/SICAv3-BIFAPortalCGR/servletfichainformegoogle?docIdcm=49c62a15f66e5d2bcbe2e6fc80dbc2c0&pdf=1
34522,13127,2016-11-28 00:00:00.0,DEPARTAMENTO DE SALUD DE RECOLETA,2016,518,INFORME FINAL 518-2016 DEPARTAMENTO DE SALUD DE LA MUNICIPALIDAD DE RECOLETA AUDITORIA DE PROCESOS DE RECURSOS HUMANOS Y CUMPLIMIENTO DE LA LEY N° 20730 - NOVIEMBRE 2016,https://www.contraloria.cl/pdfbuscador/auditoria/0b4b55b4f22701ddbfc5d6219d54ff3b/html,13,RECOLETA,https://www.contraloria.cl/SicaProd/SICAv3-BIFAPortalCGR/faces/newDetalleInforme?docIdcm=0b4b55b4f22701ddbfc5d6219d54ff3b,C,Informe Final de Auditoría,20640,https://www.contraloria.cl/SicaProd/SICAv3-BIFAPortalCGR/servletfichainformegoogle?docIdcm=0b4b55b4f22701ddbfc5d6219d54ff3b&pdf=1
34312,13127,2016-10-20 00:00:00.0,MUNICIPALIDAD DE RECOLETA,2016,716,INFORME FINAL 716-16 MUNICIPALIDAD DE RECOLETA - AUDITORÍA AL GASTO EN PERIODO ELECTORAL - USO DE BIENES - VEHÍCULOS - RRHH - RECURSOS FÍSICOS Y FINANCIEROS - OCTUBRE 2016,https://www.contraloria.cl/pdfbuscador/auditoria/e7b569d2dfb1350ccb2db55209fd659e/html,13,RECOLETA,https://www.contraloria.cl/SicaProd/SICAv3-BIFAPortalCGR/faces/newDetalleInforme?docIdcm=e7b569d2dfb1350ccb2db55209fd659e,C,Informe Final de Auditoría,19218,https://www.contraloria.cl/SicaProd/SICAv3-BIFAPortalCGR/servletfichainformegoogle?docIdcm=e7b569d2dfb1350ccb2db55209fd659e&pdf=1
34505,13127,2016-12-30 00:00:00.0,CEMENTERIO MUNICIPALIDAD DE RECOLETA,2016,1027,INFORME FINAL 1027-2016 CEMENTERIO GENERAL DE LA MUNICIPALIDAD DE RECOLETA SOBRE AUDITORIA A DEUDORES FINANCIEROS Y AL ACTIVO FIJO DEL CEMENTERIO GENERAL DE LA MUNICIPALIDAD DE RECOLETA -DICIEMBRE 2016,https://www.contraloria.cl/pdfbuscador/auditoria/de6a189e674d6990436026ec6dbe4c57/html,13,RECOLETA,https://www.contraloria.cl/SicaProd/SICAv3-BIFAPortalCGR/faces/newDetalleInforme?docIdcm=de6a189e674d6990436026ec6dbe4c57,C,Informe Final de Auditoría,20446,https://www.contraloria.cl/SicaProd/SICAv3-BIFAPortalCGR/servletfichainformegoogle?docIdcm=de6a189e674d6990436026ec6dbe4c57&pdf=1
40147,13127,2017-12-11 00:00:00.0,MUNICIPALIDAD DE RECOLETA,2017,172,"INFORME FINAL DE INVESTIGACIÓN ESPECIAL 172-2017 MUNICIPALIDAD DE RECOLETA SOBRE SITUACIÓN PRESUPUESTIARIA, ATRASO EN EL PAGO DE OBLIGACIONES PREVISIONALES Y OTROS EN LA MUNICIPALIDAD DE RECOLETA -DICIEMBRE 2017",https://www.contraloria.cl/pdfbuscador/auditoria/29fa5925cb537344dd5f913334a38217/html,13,RECOLETA,https://www.contraloria.cl/SicaProd/SICAv3-BIFAPortalCGR/faces/newDetalleInforme?docIdcm=29fa5925cb537344dd5f913334a38217,C,Informe de Investigación Especial,22340,https://www.contraloria.cl/SicaProd/SICAv3-BIFAPortalCGR/servletfichainformegoogle?docIdcm=29fa5925cb537344dd5f913334a38217&pdf=1
44974,13127,2017-10-10 00:00:00.0,MUNICIPALIDAD DE RECOLETA,2017,451,"INFORME FINAL N° 451 DE 2017, SOBRE INSPECCIÓN AL CONTRATO DENOMINADO MEJORAMIENTO ESPACIO PÚBLICO AVENIDA PERÚ, COMUNA DE RECOLETA, EJECUTADO POR LA MUNICIPALIDAD DE RECOLETA OCTUBRE 2017",https://www.contraloria.cl/pdfbuscador/auditoria/2f716c2622569881a305da02aab13375/html,13,RECOLETA,https://www.contraloria.cl/SicaProd/SICAv3-BIFAPortalCGR/faces/newDetalleInforme?docIdcm=2f716c2622569881a305da02aab13375,C,Informe de Inspección de Obra Pública,21855,https://www.contraloria.cl/SicaProd/SICAv3-BIFAPortalCGR/servletfichainformegoogle?docIdcm=2f716c2622569881a305da02aab13375&pdf=1
46774,13127,2018-04-20 00:00:00.0,MUNICIPALIDAD DE RECOLETA,2017,786,"INFORME DE INVESTIGACIÓN ESPECIAL N°786, DE 2017, SOBRE EL OTORGAMIENTO DEL PERMISO DE EDIFICACIÓN N° 17, 2017, CONCEDIDO POR LA DIRECCIÓN DE OBRAS MUNICIPALES DE RECOLETA",https://www.contraloria.cl/pdfbuscador/auditoria/badf98240492335f3c3ab588869d8cba/html,13,RECOLETA,https://www.contraloria.cl/SicaProd/SICAv3-BIFAPortalCGR/faces/newDetalleInforme?docIdcm=badf98240492335f3c3ab588869d8cba,C,Informe de Investigación Especial,23805,https://www.contraloria.cl/SicaProd/SICAv3-BIFAPortalCGR/servletfichainformegoogle?docIdcm=badf98240492335f3c3ab588869d8cba&pdf=1
42743,13127,2018-04-13 00:00:00.0,DEPARTAMENTO DE SALUD DE RECOLETA,2017,1168,INFORME FINAL 1168-2017 MUNICIPALIDAD DE RECOLETA SOBRE AUDITORIA A LA FARMACIA POPULAR EN LA MUNICIPALIDAD DE RECOLETA -ABRIL 2018,https://www.contraloria.cl/pdfbuscador/auditoria/114ee475403f4c5af0b741da889e6b94/html,13,RECOLETA,https://www.contraloria.cl/SicaProd/SICAv3-BIFAPortalCGR/faces/newDetalleInforme?docIdcm=114ee475403f4c5af0b741da889e6b94,C,Informe Final de Auditoría,23813,https://www.contraloria.cl/SicaProd/SICAv3-BIFAPortalCGR/servletfichainformegoogle?docIdcm=114ee475403f4c5af0b741da889e6b94&pdf=1
49350,13127,2018-07-11 00:00:00.0,DEPARTAMENTO DE EDUCACION DE RECOLETA,2018,211,INFORME FINAL 211-2018 DEPARTAMENTO DE EDUCACIÓN DE LA MUNICIPALIDAD DE RECOLETA SOBRE AUDITORIA A LOS RECURSOS DE LEY N°20.248 SUBVENCIÓN ESCOLAR PREFERENCIAL-JULIO 2018,https://www.contraloria.cl/pdfbuscador/auditoria/fb98e0872253bfe8bb5dbf24f7f65e82/html,13,RECOLETA,https://www.contraloria.cl/SicaProd/SICAv3-BIFAPortalCGR/faces/newDetalleInforme?docIdcm=fb98e0872253bfe8bb5dbf24f7f65e82,C,Informe Final de Auditoría,24905,https://www.contraloria.cl/SicaProd/SICAv3-BIFAPortalCGR/servletfichainformegoogle?docIdcm=fb98e0872253bfe8bb5dbf24f7f65e82&pdf=1
56199,13127,2019-06-26 00:00:00.0,MUNICIPALIDAD DE RECOLETA,2019,164,"INFORME FINAL N° 164, DE 2019, SOBRE AUDITORÍA AL ESTADO DE LA INFRAESTRUCTURA DE LOS ESTABLECIMIENTOS DE ATENCIÓN PRIMARIA DE SALUD, DEPENDIENTES DE LA DIRECCIÓN DE SALUD DE LA MUNICIPALIDAD DE RECOLETA",https://www.contraloria.cl/pdfbuscador/auditoria/7fcf5708c9cfd9647862cad9bbd85ac5/html,13,RECOLETA,https://www.contraloria.cl/SicaProd/SICAv3-BIFAPortalCGR/faces/newDetalleInforme?docIdcm=7fcf5708c9cfd9647862cad9bbd85ac5,C,Informe Final de Auditoría,29664,https://www.contraloria.cl/SicaProd/SICAv3-BIFAPortalCGR/servletfichainformegoogle?docIdcm=7fcf5708c9cfd9647862cad9bbd85ac5&pdf=1
56300,13127,2019-07-09 00:00:00.0,MUNICIPALIDAD DE RECOLETA,2019,301,INFORME FINAL 301-2019 MUNICIPALIDAD DE RECOLETA SOBRE AUDITORIA A LOS INGRESOS POR RECUPERACIÓN Y REEMBOLSO DE LICENCIAS MEDICAS EN LA MUNICIPALIDAD DE RECOLETA JULIO 2019,https://www.contraloria.cl/pdfbuscador/auditoria/61f4c79ed09d60ff82c49568055df0e8/html,13,RECOLETA,https://www.contraloria.cl/SicaProd/SICAv3-BIFAPortalCGR/faces/newDetalleInforme?docIdcm=61f4c79ed09d60ff82c49568055df0e8,C,Informe Final de Auditoría,29410,https://www.contraloria.cl/SicaProd/SICAv3-BIFAPortalCGR/servletfichainformegoogle?docIdcm=61f4c79ed09d60ff82c49568055df0e8&pdf=1
56952,13127,2019-08-14 00:00:00.0,CEMENTERIO MUNICIPALIDAD DE RECOLETA,2019,393,INFORME FINAL 393- 2019 SOBRE AUDITORIA A LAS OBRAS DE ARTE DEL CEMENTERIO GENERAL DE LA MUNICIPALIDAD DE RECOLETA - AGOSTO 2019,https://www.contraloria.cl/pdfbuscador/auditoria/e8245ac2d13841745e4e5683425bb21c/html,13,RECOLETA,https://www.contraloria.cl/SicaProd/SICAv3-BIFAPortalCGR/faces/newDetalleInforme?docIdcm=e8245ac2d13841745e4e5683425bb21c,C,Informe Final de Auditoría,29656,https://www.contraloria.cl/SicaProd/SICAv3-BIFAPortalCGR/servletfichainformegoogle?docIdcm=e8245ac2d13841745e4e5683425bb21c&pdf=1
58337,13127,2019-12-27 00:00:00.0,MUNICIPALIDAD DE RECOLETA,2019,696,"INFORME FINAL N° 696, DE 2019, SOBRE AUDITORÍA AL OTORGAMIENTO, RENOVACIÓN E INGRESOS PERCIBIDOS POR CONCEPTO DE PATENTES COMERCIALES Y DE ALCO-HOLES EN LA MUNICIPALIDAD DE RECOLETA",https://www.contraloria.cl/pdfbuscador/auditoria/60f71b0957dc334e8fae53586270f9db/html,13,RECOLETA,https://www.contraloria.cl/SicaProd/SICAv3-BIFAPortalCGR/faces/newDetalleInforme?docIdcm=60f71b0957dc334e8fae53586270f9db,C,Informe Final de Auditoría,30825,https://www.contraloria.cl/SicaProd/SICAv3-BIFAPortalCGR/servletfichainformegoogle?docIdcm=60f71b0957dc334e8fae53586270f9db&pdf=1