IDACTIVIDAD,CODIGOSUBDERE,FECHAINFORME,NOMBRESERVICIO,ANOINFORME,NUMEROINFORME,MATERIAINFORME,FICHAINFORMEBIFA,C_REG_SUBDERE,NOMBRESUBDERE,FICHAINFORME,TIPOSUBDERE,TIPOINFORME,IDINFORME,PDFINFORME
34346,13128,2016-09-16 00:00:00.0,MUNICIPALIDAD DE RENCA,2016,233,INFORME FINAL 233-16  MUNICIPALIDAD DE RENCA - SOBRE AUDITORIA AL MACROPROCESO DE CONCESIONES Y CUMPLIMIENTO DE LA LEY N° 20.730 - SEPTIEMBRE 2016,https://www.contraloria.cl/pdfbuscador/auditoria/621c1114d4b1dd192b980945fed302d6/html,13,RENCA,https://www.contraloria.cl/SicaProd/SICAv3-BIFAPortalCGR/faces/newDetalleInforme?docIdcm=621c1114d4b1dd192b980945fed302d6,C,Informe Final de Auditoría,18872,https://www.contraloria.cl/SicaProd/SICAv3-BIFAPortalCGR/servletfichainformegoogle?docIdcm=621c1114d4b1dd192b980945fed302d6&pdf=1
38379,13128,2016-12-26 00:00:00.0,MUNICIPALIDAD DE RENCA,2016,887,INVESTIGACION ESPECIAL 887-16 MUNICIPALIDAD DE RENCA - SOBRE ADQUISICION DE ELEMENTOS PUBLICITARIOS - DICIEMBRE 2016,https://www.contraloria.cl/pdfbuscador/auditoria/4447bd6edf4ed33da63f2378d624e25a/html,13,RENCA,https://www.contraloria.cl/SicaProd/SICAv3-BIFAPortalCGR/faces/newDetalleInforme?docIdcm=4447bd6edf4ed33da63f2378d624e25a,C,Informe de Investigación Especial,20040,https://www.contraloria.cl/SicaProd/SICAv3-BIFAPortalCGR/servletfichainformegoogle?docIdcm=4447bd6edf4ed33da63f2378d624e25a&pdf=1
34548,13128,2016-12-30 00:00:00.0,MUNICIPALIDAD DE RENCA,2016,948,INFORME FINAL 948-2016 MUNICIPALIDAD DE RENCA - SOBRE AUDITORIA AL MACROPROCESO DE TECNOLOGIAS DE INFORMACIÓN Y COMUNICACION -DICIEMBRE 2016,https://www.contraloria.cl/pdfbuscador/auditoria/c4416f3aac6ae9f35086963248dd37f7/html,13,RENCA,https://www.contraloria.cl/SicaProd/SICAv3-BIFAPortalCGR/faces/newDetalleInforme?docIdcm=c4416f3aac6ae9f35086963248dd37f7,C,Informe Final de Auditoría,20544,https://www.contraloria.cl/SicaProd/SICAv3-BIFAPortalCGR/servletfichainformegoogle?docIdcm=c4416f3aac6ae9f35086963248dd37f7&pdf=1
41652,13128,2017-07-31 00:00:00.0,MUNICIPALIDAD DE RENCA,2017,144,INFORME FINAL N° 144-17 - MUNICIPALIDAD DE RENCA SOBRE AUDITORIA AL MACROPROCESO DE ADQUISICIONES Y ABASTECIMIENTO - JULIO 2017,https://www.contraloria.cl/pdfbuscador/auditoria/9da667069913db43d0480942cac1a98f/html,13,RENCA,https://www.contraloria.cl/SicaProd/SICAv3-BIFAPortalCGR/faces/newDetalleInforme?docIdcm=9da667069913db43d0480942cac1a98f,C,Informe Final de Auditoría,21457,https://www.contraloria.cl/SicaProd/SICAv3-BIFAPortalCGR/servletfichainformegoogle?docIdcm=9da667069913db43d0480942cac1a98f&pdf=1
52488,13128,2018-11-29 00:00:00.0,MUNICIPALIDAD DE RENCA,2018,705,INFORME FINAL DE INVESTIGACIÓN ESPECIAL 705-2018 MUNICIPALIDAD DE RENCA-SOBRE EVENTUALES IRREGULARIDADES EN LA RECEPCIÓN DE OBRAS DE MITIGACIÓN TERRITORIAL POR PARTE DE LA MUNICIPALIDAD DE RENCA NOVIEMBRE 2018,https://www.contraloria.cl/pdfbuscador/auditoria/7cf341deb441cf5e5c36b93f0dd7885c/html,13,RENCA,https://www.contraloria.cl/SicaProd/SICAv3-BIFAPortalCGR/faces/newDetalleInforme?docIdcm=7cf341deb441cf5e5c36b93f0dd7885c,C,Informe de Investigación Especial,26768,https://www.contraloria.cl/SicaProd/SICAv3-BIFAPortalCGR/servletfichainformegoogle?docIdcm=7cf341deb441cf5e5c36b93f0dd7885c&pdf=1
56868,13128,2019-09-12 00:00:00.0,MUNICIPALIDAD DE RENCA,2019,421,INFORME FINAL N° 421-2019 - MUNICIPALIDAD DE RENCA - SOBRE AUDITORIA AL MACROPROCESO DE INGRESOS PROPIOS POR CONCEPTO DE PATENTES - SEPTIEMBRE 2019,https://www.contraloria.cl/pdfbuscador/auditoria/25fb66a6703e248c19036c82b76231ee/html,13,RENCA,https://www.contraloria.cl/SicaProd/SICAv3-BIFAPortalCGR/faces/newDetalleInforme?docIdcm=25fb66a6703e248c19036c82b76231ee,C,Informe Final de Auditoría,29877,https://www.contraloria.cl/SicaProd/SICAv3-BIFAPortalCGR/servletfichainformegoogle?docIdcm=25fb66a6703e248c19036c82b76231ee&pdf=1