IDACTIVIDAD,CODIGOSUBDERE,FECHAINFORME,NOMBRESERVICIO,ANOINFORME,NUMEROINFORME,MATERIAINFORME,FICHAINFORMEBIFA,C_REG_SUBDERE,NOMBRESUBDERE,FICHAINFORME,TIPOSUBDERE,TIPOINFORME,IDINFORME,PDFINFORME
27833,06115,2015-05-13 00:00:00.0,MUNICIPALIDAD DE RENGO,2015,220,INFORME INVESTIGACIÓN ESPECIAL 220 - 15 MUNICIPALIDAD DE RENGO EVENTUALES IRREGULARIDADES ADJUDICACIÓN CONSULTORÍAS SALUD - MAYO 2015,https://www.contraloria.cl/pdfbuscador/auditoria/d0d22948cd59fb794f2f3c8cb31006db/html,06,RENGO,https://www.contraloria.cl/SicaProd/SICAv3-BIFAPortalCGR/faces/newDetalleInforme?docIdcm=d0d22948cd59fb794f2f3c8cb31006db,C,Informe de Investigación Especial,14133,https://www.contraloria.cl/SicaProd/SICAv3-BIFAPortalCGR/servletfichainformegoogle?docIdcm=d0d22948cd59fb794f2f3c8cb31006db&pdf=1
32838,06115,2016-07-28 00:00:00.0,MUNICIPALIDAD DE RENGO,2016,101,INFORME FINAL 101-16 MUNICIPALIDAD DE RENGO ADQUISICIONES Y ABASTECIMIENTO - JULIO 2016,https://www.contraloria.cl/pdfbuscador/auditoria/be1dd8e64d6548c669efa96424454b56/html,06,RENGO,https://www.contraloria.cl/SicaProd/SICAv3-BIFAPortalCGR/faces/newDetalleInforme?docIdcm=be1dd8e64d6548c669efa96424454b56,C,Informe Final de Auditoría,18564,https://www.contraloria.cl/SicaProd/SICAv3-BIFAPortalCGR/servletfichainformegoogle?docIdcm=be1dd8e64d6548c669efa96424454b56&pdf=1
33293,06115,2016-02-17 00:00:00.0,MUNICIPALIDAD DE RENGO,2016,1236,INFORME INSPECCIÓN DE OBRA PÚBLICA 1236-15 MUNICIPALIDAD DE RENGO OBRA REPOSICIÓN EDIFICIO CONSISTORIAL - FEBRERO 2016,https://www.contraloria.cl/pdfbuscador/auditoria/9b139a667af056fde3132a44c02b4315/html,06,RENGO,https://www.contraloria.cl/SicaProd/SICAv3-BIFAPortalCGR/faces/newDetalleInforme?docIdcm=9b139a667af056fde3132a44c02b4315,C,Informe de Inspección de Obra Pública,17456,https://www.contraloria.cl/SicaProd/SICAv3-BIFAPortalCGR/servletfichainformegoogle?docIdcm=9b139a667af056fde3132a44c02b4315&pdf=1
43413,06115,2017-09-29 00:00:00.0,MUNICIPALIDAD DE RENGO,2017,375,INFORME FINAL DE INSPECCIÓN DE OBRA PÚBLICA 375 - 17 MUNICIPALIDAD DE RENGO OBRA CONSTRUCCIÓN COMPLEJO POLIDEPORTIVO ORIENTE ETAPA II RENGO - SEPTIEMBRE 2017,https://www.contraloria.cl/pdfbuscador/auditoria/207e0abee29f30a4cffbd6c16dd84f6d/html,06,RENGO,https://www.contraloria.cl/SicaProd/SICAv3-BIFAPortalCGR/faces/newDetalleInforme?docIdcm=207e0abee29f30a4cffbd6c16dd84f6d,C,Informe de Inspección de Obra Pública,21830,https://www.contraloria.cl/SicaProd/SICAv3-BIFAPortalCGR/servletfichainformegoogle?docIdcm=207e0abee29f30a4cffbd6c16dd84f6d&pdf=1
41299,06115,2017-12-15 00:00:00.0,MUNICIPALIDAD DE RENGO,2017,894,"INFORME FINAL 894 - 17 MUNICIPALIDAD DE RENGO AUDITORIA ADQUISICIÓN Y ABASTECIMIENTO, TRANSFERENCIAS, FINANZAS Y AMBIENTE DE CONTROL INTERNO - DICIEMBRE 2017",https://www.contraloria.cl/pdfbuscador/auditoria/0822c767ebcbc475e89837d08f6999a1/html,06,RENGO,https://www.contraloria.cl/SicaProd/SICAv3-BIFAPortalCGR/faces/newDetalleInforme?docIdcm=0822c767ebcbc475e89837d08f6999a1,C,Informe Final de Auditoría,22506,https://www.contraloria.cl/SicaProd/SICAv3-BIFAPortalCGR/servletfichainformegoogle?docIdcm=0822c767ebcbc475e89837d08f6999a1&pdf=1