IDACTIVIDAD,CODIGOSUBDERE,FECHAINFORME,NOMBRESERVICIO,ANOINFORME,NUMEROINFORME,MATERIAINFORME,FICHAINFORMEBIFA,C_REG_SUBDERE,NOMBRESUBDERE,FICHAINFORME,TIPOSUBDERE,TIPOINFORME,IDINFORME,PDFINFORME
37477,05303,2016-12-15 00:00:00.0,MUNICIPALIDAD DE RINCONADA,2016,445,INFORME FINAL DE INVESTIGACIÓN ESPECIAL 445-16 MUNICIPALIDAD DE RINCONADA SOBRE EVENTUALES IRREGULARIDADES EN EL CENTRO DE SALUD FAMILIAR - DICIEMBRE 2016,https://www.contraloria.cl/pdfbuscador/auditoria/34eb618b4cb3d4f24365b4bc76cda26a/html,05,RINCONADA,https://www.contraloria.cl/SicaProd/SICAv3-BIFAPortalCGR/faces/newDetalleInforme?docIdcm=34eb618b4cb3d4f24365b4bc76cda26a,C,Informe de Investigación Especial,19838,https://www.contraloria.cl/SicaProd/SICAv3-BIFAPortalCGR/servletfichainformegoogle?docIdcm=34eb618b4cb3d4f24365b4bc76cda26a&pdf=1
38260,05303,2016-11-21 00:00:00.0,MUNICIPALIDAD DE RINCONADA,2016,899,INFORME INVESTIGACIÓN ESPECIAL 899-16 MUNICIPALIDAD DE RINCONADA SOBRE PERMISO EXPERIMENTAL DE RADIODIFUSIÓN SONORA - NOVIEMBRE 2016,https://www.contraloria.cl/pdfbuscador/auditoria/e3790307f022132479a5b4fab052b1b7/html,05,RINCONADA,https://www.contraloria.cl/SicaProd/SICAv3-BIFAPortalCGR/faces/newDetalleInforme?docIdcm=e3790307f022132479a5b4fab052b1b7,C,Informe de Investigación Especial,19720,https://www.contraloria.cl/SicaProd/SICAv3-BIFAPortalCGR/servletfichainformegoogle?docIdcm=e3790307f022132479a5b4fab052b1b7&pdf=1
47866,05303,2017-12-19 00:00:00.0,MUNICIPALIDAD DE RINCONADA,2017,994,INFORME FINAL DE INVESTIGACIÓN ESPECIAL 994-17 MUNICIPALIDAD DE RINCONADA SOBRE PRESUNTAS IRREGULARIDADES EN LA OBRA MEJORAMIENTO PAVIMENTO CALLE ALBORADA - DICIEMBRE 2017,https://www.contraloria.cl/pdfbuscador/auditoria/6ac9b96638ceacee064c0c82c94c7f3a/html,05,RINCONADA,https://www.contraloria.cl/SicaProd/SICAv3-BIFAPortalCGR/faces/newDetalleInforme?docIdcm=6ac9b96638ceacee064c0c82c94c7f3a,C,Informe de Investigación Especial,22493,https://www.contraloria.cl/SicaProd/SICAv3-BIFAPortalCGR/servletfichainformegoogle?docIdcm=6ac9b96638ceacee064c0c82c94c7f3a&pdf=1
52697,05303,2019-01-14 00:00:00.0,DEPARTAMENTO DE EDUCACION DE RINCONADA,2018,955,INFORME FINAL DE INVESTIGACIÓN ESPECIAL 955-18 DEPARTAMENTO DE ADMINISTRACIÓN DE EDUCACIÓN MUNICIPAL DE RINCONADA SOBRE PRESUNTAS IRREGULARIDADES,https://www.contraloria.cl/pdfbuscador/auditoria/c1bfee4825d7ef2477feeef96e45bcf6/html,05,RINCONADA,https://www.contraloria.cl/SicaProd/SICAv3-BIFAPortalCGR/faces/newDetalleInforme?docIdcm=c1bfee4825d7ef2477feeef96e45bcf6,C,Informe de Investigación Especial,27446,https://www.contraloria.cl/SicaProd/SICAv3-BIFAPortalCGR/servletfichainformegoogle?docIdcm=c1bfee4825d7ef2477feeef96e45bcf6&pdf=1
58057,05303,2019-12-05 00:00:00.0,MUNICIPALIDAD DE RINCONADA,2019,787,INFORME FINAL 787-19 MUNICIPALIDAD DE RINCONADA SOBRE AUDITORÍA A LOS INGRESOS PERCIBIDOS Y GASTOS EFECTUADOS - DICIEMBRE 2019,https://www.contraloria.cl/pdfbuscador/auditoria/c2ff966a01f37350c5c5adfe38ce3ae1/html,05,RINCONADA,https://www.contraloria.cl/SicaProd/SICAv3-BIFAPortalCGR/faces/newDetalleInforme?docIdcm=c2ff966a01f37350c5c5adfe38ce3ae1,C,Informe Final de Auditoría,30474,https://www.contraloria.cl/SicaProd/SICAv3-BIFAPortalCGR/servletfichainformegoogle?docIdcm=c2ff966a01f37350c5c5adfe38ce3ae1&pdf=1