IDACTIVIDAD,CODIGOSUBDERE,FECHAINFORME,NOMBRESERVICIO,ANOINFORME,NUMEROINFORME,MATERIAINFORME,FICHAINFORMEBIFA,C_REG_SUBDERE,NOMBRESUBDERE,FICHAINFORME,TIPOSUBDERE,TIPOINFORME,IDINFORME,PDFINFORME
21376,10305,2015-05-28 00:00:00.0,MUNICIPALIDAD DE RIO NEGRO,2015,247,INFORME FINAL 247-15 MUNICIPALIDAD DE RIO NEGRO AUDITORIA SITUACION FINANCIERA AÑO  2013 - MAYO 2015,https://www.contraloria.cl/pdfbuscador/auditoria/2d32d1651c732615bc542cb250f83e4b/html,10,RIO NEGRO,https://www.contraloria.cl/SicaProd/SICAv3-BIFAPortalCGR/faces/newDetalleInforme?docIdcm=2d32d1651c732615bc542cb250f83e4b,C,Informe Final de Auditoría,14138,https://www.contraloria.cl/SicaProd/SICAv3-BIFAPortalCGR/servletfichainformegoogle?docIdcm=2d32d1651c732615bc542cb250f83e4b&pdf=1
25487,10305,2015-09-30 00:00:00.0,MUNICIPALIDAD DE RIO NEGRO,2015,270,INFORME INVESTIGACION ESPECIAL 270-15 MUNICIPALIDAD DE RIO NEGRO ASIGNACION Y PAGO HORAS EXTRAORDINARIAS - SEPTIEMBRE 2015,https://www.contraloria.cl/pdfbuscador/auditoria/9654ea0918254b81a67cec870b66d8e9/html,10,RIO NEGRO,https://www.contraloria.cl/SicaProd/SICAv3-BIFAPortalCGR/faces/newDetalleInforme?docIdcm=9654ea0918254b81a67cec870b66d8e9,C,Informe de Investigación Especial,14991,https://www.contraloria.cl/SicaProd/SICAv3-BIFAPortalCGR/servletfichainformegoogle?docIdcm=9654ea0918254b81a67cec870b66d8e9&pdf=1
28816,10305,2015-08-31 00:00:00.0,DEPARTAMENTO DE EDUCACION DE RIO NEGRO,2015,722,INFORME FINAL 722-15 MUNICIPALIDAD DE RIO NEGRO AUDITORIA FONDOS SEP Y PROGRAMA PIE - AGOSTO 2015,https://www.contraloria.cl/pdfbuscador/auditoria/5e586b246ceed28a28667fd59af3b537/html,10,RIO NEGRO,https://www.contraloria.cl/SicaProd/SICAv3-BIFAPortalCGR/faces/newDetalleInforme?docIdcm=5e586b246ceed28a28667fd59af3b537,C,Informe Final de Auditoría,14758,https://www.contraloria.cl/SicaProd/SICAv3-BIFAPortalCGR/servletfichainformegoogle?docIdcm=5e586b246ceed28a28667fd59af3b537&pdf=1
34738,10305,2016-12-13 00:00:00.0,DEPARTAMENTO DE SALUD DE RIO NEGRO,2016,945,INFORME FINAL 945-16 DEPARTAMENTO DE SALUD MUNICIPAL DE RIO NEGRO AUDITORIA SITUACION FINANCIERA - DICIEMBRE 2016,https://www.contraloria.cl/pdfbuscador/auditoria/2a571cf682def3bf4b9e764af6cf6b8c/html,10,RIO NEGRO,https://www.contraloria.cl/SicaProd/SICAv3-BIFAPortalCGR/faces/newDetalleInforme?docIdcm=2a571cf682def3bf4b9e764af6cf6b8c,C,Informe Final de Auditoría,20104,https://www.contraloria.cl/SicaProd/SICAv3-BIFAPortalCGR/servletfichainformegoogle?docIdcm=2a571cf682def3bf4b9e764af6cf6b8c&pdf=1
40206,10305,2017-06-12 00:00:00.0,MUNICIPALIDAD DE RIO NEGRO,2017,20,INFORME DE INVESTIGACION ESPECIAL 20-17 MUNICIPALIDAD DE RIO NEGRO EVENTUAL USO DE RECURSOS MUNICIPALES EN CAMPAÑA DE REELECCION DE ALCALDE - JUNIO 2017,https://www.contraloria.cl/pdfbuscador/auditoria/0bb5eb3858120ca24159a96712408f7e/html,10,RIO NEGRO,https://www.contraloria.cl/SicaProd/SICAv3-BIFAPortalCGR/faces/newDetalleInforme?docIdcm=0bb5eb3858120ca24159a96712408f7e,C,Informe de Investigación Especial,21363,https://www.contraloria.cl/SicaProd/SICAv3-BIFAPortalCGR/servletfichainformegoogle?docIdcm=0bb5eb3858120ca24159a96712408f7e&pdf=1
46883,10305,2017-10-20 00:00:00.0,DEPARTAMENTO DE SALUD DE RIO NEGRO,2017,757,INFORME_DE_INVESTIGACION_ESPECIAL_757_17_DESAM_DE_RIO_NEGRO_SOBRE_PAGO_DE_ASIGNACION_TRANSITORIAS_DEL_ART_45_LEY_19378_OCTUBRE_2017,https://www.contraloria.cl/pdfbuscador/auditoria/65c64e7c32153b5eb23aa7a2d06adcc8/html,10,RIO NEGRO,https://www.contraloria.cl/SicaProd/SICAv3-BIFAPortalCGR/faces/newDetalleInforme?docIdcm=65c64e7c32153b5eb23aa7a2d06adcc8,C,Informe de Investigación Especial,22004,https://www.contraloria.cl/SicaProd/SICAv3-BIFAPortalCGR/servletfichainformegoogle?docIdcm=65c64e7c32153b5eb23aa7a2d06adcc8&pdf=1
46814,10305,2018-07-17 00:00:00.0,MUNICIPALIDAD DE RIO NEGRO,2017,979,INFORME_DE_INVESTIGACION_ESPECIAL_979_17_MUNICIPALIDAD_DE_RIO_NEGRO_EVENTUALES_IRREGULARIDADES_EJECUCION_PROYECTO_MEJORAMIENTO_CENTRO_CIVICO_DE_RIACHUELO_Y_OTRAS_MATERIAS_JULIO_2018,https://www.contraloria.cl/pdfbuscador/auditoria/1a78536e2432704a77df2738edd2ad98/html,10,RIO NEGRO,https://www.contraloria.cl/SicaProd/SICAv3-BIFAPortalCGR/faces/newDetalleInforme?docIdcm=1a78536e2432704a77df2738edd2ad98,C,Informe de Investigación Especial,25021,https://www.contraloria.cl/SicaProd/SICAv3-BIFAPortalCGR/servletfichainformegoogle?docIdcm=1a78536e2432704a77df2738edd2ad98&pdf=1