IDACTIVIDAD,CODIGOSUBDERE,FECHAINFORME,NOMBRESERVICIO,ANOINFORME,NUMEROINFORME,MATERIAINFORME,FICHAINFORMEBIFA,C_REG_SUBDERE,NOMBRESUBDERE,FICHAINFORME,TIPOSUBDERE,TIPOINFORME,IDINFORME,PDFINFORME
27587,12103,2015-04-20 00:00:00.0,MUNICIPALIDAD DE RIO VERDE,2015,157,INFORME DE INVESTIGACIÓN ESPECIAL 157-15 MUNICIPALIDAD DE RÍO VERDE SOBRE UN SUPUESTO ACOSO LABORAL - ABRIL 2015,https://www.contraloria.cl/pdfbuscador/auditoria/3cac76d89eda638d3f4881bf2ccdc46e/html,12,RIO VERDE,https://www.contraloria.cl/SicaProd/SICAv3-BIFAPortalCGR/faces/newDetalleInforme?docIdcm=3cac76d89eda638d3f4881bf2ccdc46e,C,Informe de Investigación Especial,13689,https://www.contraloria.cl/SicaProd/SICAv3-BIFAPortalCGR/servletfichainformegoogle?docIdcm=3cac76d89eda638d3f4881bf2ccdc46e&pdf=1
29557,12103,2015-09-11 00:00:00.0,MUNICIPALIDAD DE RIO VERDE,2015,344,INFORME INVESTIGACIÓN ESPECIAL 344-15 MUNICIPALIDAD DE RÍO VERDE ASIGNACIÓN Y PAGO DE HORAS EXTRAORDINARIAS AL SERVICIO INCORPORADO DE SALUD-SEPTIEMBRE 2015,https://www.contraloria.cl/pdfbuscador/auditoria/41592531194bd93cb48985898b0200ed/html,12,RIO VERDE,https://www.contraloria.cl/SicaProd/SICAv3-BIFAPortalCGR/faces/newDetalleInforme?docIdcm=41592531194bd93cb48985898b0200ed,C,Informe de Investigación Especial,14973,https://www.contraloria.cl/SicaProd/SICAv3-BIFAPortalCGR/servletfichainformegoogle?docIdcm=41592531194bd93cb48985898b0200ed&pdf=1
29504,12103,2015-08-31 00:00:00.0,MUNICIPALIDAD DE RIO VERDE,2015,749,INFORME FINAL 749-15 MUNICIPALIDAD DE RÍO VERDE AUDITORÍA AL MACROPROCESO DE ADQUISICIONES Y ABASTECIMIENTO - AGOSTO 2015,https://www.contraloria.cl/pdfbuscador/auditoria/e1c99a185b114ed10b8026ad7b73ce16/html,12,RIO VERDE,https://www.contraloria.cl/SicaProd/SICAv3-BIFAPortalCGR/faces/newDetalleInforme?docIdcm=e1c99a185b114ed10b8026ad7b73ce16,C,Informe Final de Auditoría,14855,https://www.contraloria.cl/SicaProd/SICAv3-BIFAPortalCGR/servletfichainformegoogle?docIdcm=e1c99a185b114ed10b8026ad7b73ce16&pdf=1
35564,12103,2016-06-13 00:00:00.0,MUNICIPALIDAD DE RIO VERDE,2016,135,INFORME DE INVESTIGACIÓN ESPECIAL 135-16 MUNICIPALIDAD DE RÍO VERDE EVENTUALES IRREGULARIDADES EN LA EJECUCIÓN DE OBRAS Y EN EL PROCESO DE CALIFICACIONES DE UN FUNCIONARIO - JUNIO 2016,https://www.contraloria.cl/pdfbuscador/auditoria/f60cc9af032874cff4bec66a098c69bf/html,12,RIO VERDE,https://www.contraloria.cl/SicaProd/SICAv3-BIFAPortalCGR/faces/newDetalleInforme?docIdcm=f60cc9af032874cff4bec66a098c69bf,C,Informe de Investigación Especial,18267,https://www.contraloria.cl/SicaProd/SICAv3-BIFAPortalCGR/servletfichainformegoogle?docIdcm=f60cc9af032874cff4bec66a098c69bf&pdf=1
33642,12103,2016-10-12 00:00:00.0,MUNICIPALIDAD DE RIO VERDE,2016,205,INFORME INVESTIGACIÓN ESPECIAL 205-16 MUNICIPALIDAD DE RÍO VERDE SOBRE EVENTUALES IRREGULARIDADES EN MATERIA DE HORAS EXTRAORDINARIAS-OCTUBRE 2016,https://www.contraloria.cl/pdfbuscador/auditoria/db72bde877b8f97f429813446e7ba86b/html,12,RIO VERDE,https://www.contraloria.cl/SicaProd/SICAv3-BIFAPortalCGR/faces/newDetalleInforme?docIdcm=db72bde877b8f97f429813446e7ba86b,C,Informe de Investigación Especial,19624,https://www.contraloria.cl/SicaProd/SICAv3-BIFAPortalCGR/servletfichainformegoogle?docIdcm=db72bde877b8f97f429813446e7ba86b&pdf=1
35888,12103,2016-06-10 00:00:00.0,MUNICIPALIDAD DE RIO VERDE,2016,329,INFORME DE INVESTIGACIÓN ESPECIAL 329-16 MUNICIPALIDAD DE RÍO VERDE SOBRE EVENTUALES IRREGULARIDADES EN LA ENTREGA DE AYUDAS SOCIALES-JUNIO 2016,https://www.contraloria.cl/pdfbuscador/auditoria/18f88254092784f8763f7ffd2c786238/html,12,RIO VERDE,https://www.contraloria.cl/SicaProd/SICAv3-BIFAPortalCGR/faces/newDetalleInforme?docIdcm=18f88254092784f8763f7ffd2c786238,C,Informe de Investigación Especial,18265,https://www.contraloria.cl/SicaProd/SICAv3-BIFAPortalCGR/servletfichainformegoogle?docIdcm=18f88254092784f8763f7ffd2c786238&pdf=1
37202,12103,2016-12-19 00:00:00.0,MUNICIPALIDAD DE RIO VERDE,2016,1090,INFORME FINAL 1.090-16 MUNICIPALIDAD DE RÍO VERDE AUDITORÍA AL PROCESO DE ENTREGA DE VIÁTICOS Y EJECUCIÓN PRESPUESTARIA-DICIEMBRE 2016,https://www.contraloria.cl/pdfbuscador/auditoria/f5702f6d0f1954a4b1230a8a70b174c0/html,12,RIO VERDE,https://www.contraloria.cl/SicaProd/SICAv3-BIFAPortalCGR/faces/newDetalleInforme?docIdcm=f5702f6d0f1954a4b1230a8a70b174c0,C,Informe Final de Auditoría,19876,https://www.contraloria.cl/SicaProd/SICAv3-BIFAPortalCGR/servletfichainformegoogle?docIdcm=f5702f6d0f1954a4b1230a8a70b174c0&pdf=1
52320,12103,2018-12-24 00:00:00.0,MUNICIPALIDAD DE RIO VERDE,2018,724,INFORME DE INSPECCIÓN DE OBRA PÚBLICA N° 724-DICIEMBRE 2018 - MUNICIPALIDAD DE RIO VERDE,https://www.contraloria.cl/pdfbuscador/auditoria/957ba7a8eaf290f77f467bed29dfd714/html,12,RIO VERDE,https://www.contraloria.cl/SicaProd/SICAv3-BIFAPortalCGR/faces/newDetalleInforme?docIdcm=957ba7a8eaf290f77f467bed29dfd714,C,Informe de Inspección de Obra Pública,27197,https://www.contraloria.cl/SicaProd/SICAv3-BIFAPortalCGR/servletfichainformegoogle?docIdcm=957ba7a8eaf290f77f467bed29dfd714&pdf=1
56113,12103,2019-04-12 00:00:00.0,MUNICIPALIDAD DE RIO VERDE,2019,91,INFORME FINAL DE INVESTIGACIÓN ESPECIAL 91-19 MUNICIPALIDAD DE RÍO VERDE EVENTUALES IRREGULARIDADES POR INSERCIÓN EN PRENSAS LOCAL-ABRIL 2019,https://www.contraloria.cl/pdfbuscador/auditoria/c99097536c276f2af8f806355730c34b/html,12,RIO VERDE,https://www.contraloria.cl/SicaProd/SICAv3-BIFAPortalCGR/faces/newDetalleInforme?docIdcm=c99097536c276f2af8f806355730c34b,C,Informe de Investigación Especial,28746,https://www.contraloria.cl/SicaProd/SICAv3-BIFAPortalCGR/servletfichainformegoogle?docIdcm=c99097536c276f2af8f806355730c34b&pdf=1
57810,12103,2019-12-30 00:00:00.0,MUNICIPALIDAD DE RIO VERDE,2019,600,INFORME FINAL DE INVESTIGACIÓN ESPECIAL 600-19 MUNICIPALIDAD DE RÍO VERDE SOBRE IRREGULARIDADES EN MATERIA DE PERSONAL- DIC 2019,https://www.contraloria.cl/pdfbuscador/auditoria/76569680a042a77eae36608b9336f06c/html,12,RIO VERDE,https://www.contraloria.cl/SicaProd/SICAv3-BIFAPortalCGR/faces/newDetalleInforme?docIdcm=76569680a042a77eae36608b9336f06c,C,Informe de Investigación Especial,30826,https://www.contraloria.cl/SicaProd/SICAv3-BIFAPortalCGR/servletfichainformegoogle?docIdcm=76569680a042a77eae36608b9336f06c&pdf=1
66931,12103,2019-12-16 00:00:00.0,MUNICIPALIDAD DE RIO VERDE,2019,765,INFORME FINAL DE INVESTIGACIÓN ESPECIAL 765-19 MUNICIPALIDAD DE RÍO VERDE FISCALIZACIÓN SOBRE EVENTUALES IRREGULARIDADES EN LA EJECUCIÓN DE ACTIVIDADES EN EL MARCO DE LA CELEBRACIÓN DEL DÍA DE LA MUJER-DICIEMBRE 2019,https://www.contraloria.cl/pdfbuscador/auditoria/e2c68b406d30749e047a22eb83e5ad18/html,12,RIO VERDE,https://www.contraloria.cl/SicaProd/SICAv3-BIFAPortalCGR/faces/newDetalleInforme?docIdcm=e2c68b406d30749e047a22eb83e5ad18,C,Informe de Investigación Especial,30596,https://www.contraloria.cl/SicaProd/SICAv3-BIFAPortalCGR/servletfichainformegoogle?docIdcm=e2c68b406d30749e047a22eb83e5ad18&pdf=1
58227,12103,2019-12-20 00:00:00.0,MUNICIPALIDAD DE RIO VERDE,2019,841,INFORME FINAL 841-19 MUNICIPALIDAD DE RÍO VERDE AUDITORÍA A LOS INGRESOS POR EL OTORGAMIENTO DE PERMISOS DE CIRCULACIÓN CORRESPONDIENTES A LOS AÑOS 2017 Y 2018-DICIEMBRE 2019,https://www.contraloria.cl/pdfbuscador/auditoria/12aab809846117303c96e63f17f6a0ba/html,12,RIO VERDE,https://www.contraloria.cl/SicaProd/SICAv3-BIFAPortalCGR/faces/newDetalleInforme?docIdcm=12aab809846117303c96e63f17f6a0ba,C,Informe Final de Auditoría,30746,https://www.contraloria.cl/SicaProd/SICAv3-BIFAPortalCGR/servletfichainformegoogle?docIdcm=12aab809846117303c96e63f17f6a0ba&pdf=1