IDACTIVIDAD,CODIGOSUBDERE,FECHAINFORME,NOMBRESERVICIO,ANOINFORME,NUMEROINFORME,MATERIAINFORME,FICHAINFORMEBIFA,C_REG_SUBDERE,NOMBRESUBDERE,FICHAINFORME,TIPOSUBDERE,TIPOINFORME,IDINFORME,PDFINFORME
28601,14204,2015-08-26 00:00:00.0,MUNICIPALIDAD DE RIO BUENO,2015,527,"INFORME FINAL N° 527-15, MUNICIPALIDAD DE RÍO BUENO - SOBRE AUDITORÍA A LAS CONTRATACIONES DE HONORARIOS EN PROGRAMAS COMUNITARIOS- AGOSTO 2015",https://www.contraloria.cl/pdfbuscador/auditoria/f0cc9189f0e5808519bc2236b1d0efbd/html,14,RIO BUENO,https://www.contraloria.cl/SicaProd/SICAv3-BIFAPortalCGR/faces/newDetalleInforme?docIdcm=f0cc9189f0e5808519bc2236b1d0efbd,C,Informe Final de Auditoría,14728,https://www.contraloria.cl/SicaProd/SICAv3-BIFAPortalCGR/servletfichainformegoogle?docIdcm=f0cc9189f0e5808519bc2236b1d0efbd&pdf=1
38360,14204,2016-10-17 00:00:00.0,MUNICIPALIDAD DE RIO BUENO,2016,709,"INFORME DE  INVESTIGACIÓN ESPECIAL 709-16 MUNICIPALIDAD DE RÍO BUENO, COMETIDOS REALIZADOS EN EL EXTRANJERO POR CONCEJALES - OCTUBRE 2016",https://www.contraloria.cl/pdfbuscador/auditoria/68ea2ff253e393e0a7c631f019641ab0/html,14,RIO BUENO,https://www.contraloria.cl/SicaProd/SICAv3-BIFAPortalCGR/faces/newDetalleInforme?docIdcm=68ea2ff253e393e0a7c631f019641ab0,C,Informe de Investigación Especial,19206,https://www.contraloria.cl/SicaProd/SICAv3-BIFAPortalCGR/servletfichainformegoogle?docIdcm=68ea2ff253e393e0a7c631f019641ab0&pdf=1
38488,14204,2016-12-14 00:00:00.0,MUNICIPALIDAD DE RIO BUENO,2016,1077,"INFORME DE  INVESTIGACIÓN ESPECIAL 1077-16 MUNICIPALIDAD DE RÍO BUENO, FONDOS POR RENDIR, TRANSFERENCIAS CORRIENTES Y OTROS - DICIEMBRE 2016",https://www.contraloria.cl/pdfbuscador/auditoria/75d1d456631626081f90c656a2775d59/html,14,RIO BUENO,https://www.contraloria.cl/SicaProd/SICAv3-BIFAPortalCGR/faces/newDetalleInforme?docIdcm=75d1d456631626081f90c656a2775d59,C,Informe de Investigación Especial,19870,https://www.contraloria.cl/SicaProd/SICAv3-BIFAPortalCGR/servletfichainformegoogle?docIdcm=75d1d456631626081f90c656a2775d59&pdf=1
41005,14204,2017-09-11 00:00:00.0,MUNICIPALIDAD DE RIO BUENO,2017,305,"INFORME FINAL DE INVESTIGACION ESPECIAL 305 - 2017 MUNICIPALIDAD DE RÍO BUENO, SOBRE CASETAS SANITARIAS LOCALIDAD DE MANTILHUE- SEPTIEMBRE 2017",https://www.contraloria.cl/pdfbuscador/auditoria/ba4368ade80443160fc4cf51e71a17be/html,14,RIO BUENO,https://www.contraloria.cl/SicaProd/SICAv3-BIFAPortalCGR/faces/newDetalleInforme?docIdcm=ba4368ade80443160fc4cf51e71a17be,C,Informe de Investigación Especial,21945,https://www.contraloria.cl/SicaProd/SICAv3-BIFAPortalCGR/servletfichainformegoogle?docIdcm=ba4368ade80443160fc4cf51e71a17be&pdf=1
45884,14204,2017-12-11 00:00:00.0,DEPARTAMENTO DE EDUCACION DE RIO BUENO,2017,823,"INFORME FINAL 823 - 2017 DEPARTAMENTO DE EDUCACIÓN DE RÍO BUENO, AUDITORÍA LOS INGRESOS, GASTO Y RENDICIÓN DE LOS RECURSOS TRANSFERIDOS POR EL MINISTERIO DE EDUCACIÓN CON CARGO AL FONDO DE APOYO A LA EDUCACIÓN PÚBLICA DEL AÑO 2015 - DICIEMBRE 2017",https://www.contraloria.cl/pdfbuscador/auditoria/b913432ea1ced37ddb2d6cbad8facffd/html,14,RIO BUENO,https://www.contraloria.cl/SicaProd/SICAv3-BIFAPortalCGR/faces/newDetalleInforme?docIdcm=b913432ea1ced37ddb2d6cbad8facffd,C,Informe Final de Auditoría,22513,https://www.contraloria.cl/SicaProd/SICAv3-BIFAPortalCGR/servletfichainformegoogle?docIdcm=b913432ea1ced37ddb2d6cbad8facffd&pdf=1
41684,14204,2017-12-18 00:00:00.0,MUNICIPALIDAD DE RIO BUENO,2017,951,"INFORME FINAL 951 - 2017 MUNICIPALIDAD DE RÍO BUENO, AL MACROPROCESO DE RECURSOS HUMANOS - DICIEMBRE 2017",https://www.contraloria.cl/pdfbuscador/auditoria/3f245e6f3f76d39b60eff6bde90693dd/html,14,RIO BUENO,https://www.contraloria.cl/SicaProd/SICAv3-BIFAPortalCGR/faces/newDetalleInforme?docIdcm=3f245e6f3f76d39b60eff6bde90693dd,C,Informe Final de Auditoría,22534,https://www.contraloria.cl/SicaProd/SICAv3-BIFAPortalCGR/servletfichainformegoogle?docIdcm=3f245e6f3f76d39b60eff6bde90693dd&pdf=1
52616,14204,2018-12-27 00:00:00.0,MUNICIPALIDAD DE RIO BUENO,2018,881,"INFORME FINAL N° 881, MUNICIPALIDAD DE RÍO BUENO, SOBRE AUDITORÍA AL PROCESO DE FORMULACIÓN, EJECUCIÓN Y CONTROL DEL PRESUPUESTO, DICIEMBRE-2018",https://www.contraloria.cl/pdfbuscador/auditoria/c2298df04c0f4d890e70343a784a0235/html,14,RIO BUENO,https://www.contraloria.cl/SicaProd/SICAv3-BIFAPortalCGR/faces/newDetalleInforme?docIdcm=c2298df04c0f4d890e70343a784a0235,C,Informe Final de Auditoría,27234,https://www.contraloria.cl/SicaProd/SICAv3-BIFAPortalCGR/servletfichainformegoogle?docIdcm=c2298df04c0f4d890e70343a784a0235&pdf=1
56338,14204,2019-09-09 00:00:00.0,MUNICIPALIDAD DE RIO BUENO,2019,229,INFORME FINAL 229-2019 MUNICIPALIDAD DE RÍO BUENO INSPECCIÓN A LA OBRA PUBLICA CONSTRUCCIÓN CASETAS SANITARIAS LOCALIDAD DE MANTILHUE - SEPTIEMBRE 2019,https://www.contraloria.cl/pdfbuscador/auditoria/dbbc2bdd0e79c3a113b2d2179963f553/html,14,RIO BUENO,https://www.contraloria.cl/SicaProd/SICAv3-BIFAPortalCGR/faces/newDetalleInforme?docIdcm=dbbc2bdd0e79c3a113b2d2179963f553,C,Informe de Inspección de Obra Pública,29875,https://www.contraloria.cl/SicaProd/SICAv3-BIFAPortalCGR/servletfichainformegoogle?docIdcm=dbbc2bdd0e79c3a113b2d2179963f553&pdf=1