IDACTIVIDAD,CODIGOSUBDERE,FECHAINFORME,NOMBRESERVICIO,ANOINFORME,NUMEROINFORME,MATERIAINFORME,FICHAINFORMEBIFA,C_REG_SUBDERE,NOMBRESUBDERE,FICHAINFORME,TIPOSUBDERE,TIPOINFORME,IDINFORME,PDFINFORME
28143,07108,2015-12-16 00:00:00.0,MUNICIPALIDAD DE RIO CLARO,2015,486,INFORME FINAL 486-15 MUNICIPALIDAD DE RIO CLARO PERMISOS DE CIRCULACION - DICIEMBRE 2015,https://www.contraloria.cl/pdfbuscador/auditoria/893eeac4d153afe818b659b142ea1846/html,07,RIO CLARO,https://www.contraloria.cl/SicaProd/SICAv3-BIFAPortalCGR/faces/newDetalleInforme?docIdcm=893eeac4d153afe818b659b142ea1846,C,Informe Final de Auditoría,16642,https://www.contraloria.cl/SicaProd/SICAv3-BIFAPortalCGR/servletfichainformegoogle?docIdcm=893eeac4d153afe818b659b142ea1846&pdf=1
28647,07108,2015-08-26 00:00:00.0,MUNICIPALIDAD DE RIO CLARO,2015,490,INFORME FINAL 490-15 MUNICIPALIDAD DE RIO CLARO - SOBRE AUDITORIA A LAS CONTRATACIONES DE HONORARIOS EN PROGRAMAS COMUNITARIOS - AGOSTO 2015,https://www.contraloria.cl/pdfbuscador/auditoria/f5ac73f983600b67eff886f091814c40/html,07,RIO CLARO,https://www.contraloria.cl/SicaProd/SICAv3-BIFAPortalCGR/faces/newDetalleInforme?docIdcm=f5ac73f983600b67eff886f091814c40,C,Informe Final de Auditoría,14644,https://www.contraloria.cl/SicaProd/SICAv3-BIFAPortalCGR/servletfichainformegoogle?docIdcm=f5ac73f983600b67eff886f091814c40&pdf=1
43742,07108,2017-07-13 00:00:00.0,MUNICIPALIDAD DE RIO CLARO,2017,237,INFORME FINAL DE INVESTIGACIÓN ESPECIAL 237-17 MUNICIPALIDAD DE RÍO CLARO EXAMEN DE CUENTAS A HONORARIOS PAGADOS - JULIO 2017,https://www.contraloria.cl/pdfbuscador/auditoria/1524cb83ceeb8baf52b80f44540bcf3d/html,07,RIO CLARO,https://www.contraloria.cl/SicaProd/SICAv3-BIFAPortalCGR/faces/newDetalleInforme?docIdcm=1524cb83ceeb8baf52b80f44540bcf3d,C,Informe de Investigación Especial,21375,https://www.contraloria.cl/SicaProd/SICAv3-BIFAPortalCGR/servletfichainformegoogle?docIdcm=1524cb83ceeb8baf52b80f44540bcf3d&pdf=1
42074,07108,2017-12-19 00:00:00.0,MUNICIPALIDAD DE RIO CLARO,2017,862,INFORME FINAL 862-17 MUNICIPALIDAD DE RIO CLARO AUDITORIA A LOS MACROPROCESOS DE FINANZAS Y AMBIENTE DE CONTROL INTERNO - DICIEMBRE 2017,https://www.contraloria.cl/pdfbuscador/auditoria/cd8aff85155705bbad80397a557a336f/html,07,RIO CLARO,https://www.contraloria.cl/SicaProd/SICAv3-BIFAPortalCGR/faces/newDetalleInforme?docIdcm=cd8aff85155705bbad80397a557a336f,C,Informe Final de Auditoría,22473,https://www.contraloria.cl/SicaProd/SICAv3-BIFAPortalCGR/servletfichainformegoogle?docIdcm=cd8aff85155705bbad80397a557a336f&pdf=1
59156,07108,2019-12-16 00:00:00.0,DEPARTAMENTO DE EDUCACION DE RIO CLARO,2019,882,INFORME FINAL 882-19 DEPARTAMENTO DE EDUCACIÓN MUNICIPAL DE RÍO CLARO AUDITORÍA A LOS INGRESOS PERCIBIDOS Y GASTOS EFECTUADOS POR EL DAEM - DICIEMBRE 2019,https://www.contraloria.cl/pdfbuscador/auditoria/4a7b41f8758eb088cf3cff69f90b3e4b/html,07,RIO CLARO,https://www.contraloria.cl/SicaProd/SICAv3-BIFAPortalCGR/faces/newDetalleInforme?docIdcm=4a7b41f8758eb088cf3cff69f90b3e4b,C,Informe Final de Auditoría,30592,https://www.contraloria.cl/SicaProd/SICAv3-BIFAPortalCGR/servletfichainformegoogle?docIdcm=4a7b41f8758eb088cf3cff69f90b3e4b&pdf=1