IDACTIVIDAD,CODIGOSUBDERE,FECHAINFORME,NOMBRESERVICIO,ANOINFORME,NUMEROINFORME,MATERIAINFORME,FICHAINFORMEBIFA,C_REG_SUBDERE,NOMBRESUBDERE,FICHAINFORME,TIPOSUBDERE,TIPOINFORME,IDINFORME,PDFINFORME
27143,09116,2015-05-22 00:00:00.0,MUNICIPALIDAD DE PUERTO SAAVEDRA,2015,111,"INFORME DE INVESTIGACIÓN ESPECIAL 111-15 MUNICIPALIDAD DE PUERTO SAAVEDRA, SOBRE EVENTUALES IRREGULARIDADES-MAYO 2015",https://www.contraloria.cl/pdfbuscador/auditoria/1b5441d38f2a6301c2ab54c23bc02621/html,09,SAAVEDRA,https://www.contraloria.cl/SicaProd/SICAv3-BIFAPortalCGR/faces/newDetalleInforme?docIdcm=1b5441d38f2a6301c2ab54c23bc02621,C,Informe de Investigación Especial,13886,https://www.contraloria.cl/SicaProd/SICAv3-BIFAPortalCGR/servletfichainformegoogle?docIdcm=1b5441d38f2a6301c2ab54c23bc02621&pdf=1
28759,09116,2015-09-28 00:00:00.0,MUNICIPALIDAD DE PUERTO SAAVEDRA,2015,593,INFORME FINAL 593-15 MUNICIPALIDAD DE SAAVEDRA - SOBRE AUDITORÍA A LAS CONTRATACIONES DE HONORARIOS EN PROGRAMAS COMUNITARIOS-AGOSTO 2015,https://www.contraloria.cl/pdfbuscador/auditoria/f8ce4a2b998454ba74c68ee8b08a70a4/html,09,SAAVEDRA,https://www.contraloria.cl/SicaProd/SICAv3-BIFAPortalCGR/faces/newDetalleInforme?docIdcm=f8ce4a2b998454ba74c68ee8b08a70a4,C,Informe Final de Auditoría,14672,https://www.contraloria.cl/SicaProd/SICAv3-BIFAPortalCGR/servletfichainformegoogle?docIdcm=f8ce4a2b998454ba74c68ee8b08a70a4&pdf=1
35096,09116,2016-05-09 00:00:00.0,DEPARTAMENTO DE EDUCACION MUNICIPAL DE PUERTO SAAVEDRA,2016,109,"INFORME DE INVESTIGACIÓN ESPECIAL 109-16 DEPARTAMENTO DE EDUCACIÓN MUNICIPAL DE SAAVEDRA, SOBRE LEY SEP-MAYO 2016",https://www.contraloria.cl/pdfbuscador/auditoria/f06832c658057189eb8c0b55bcc70192/html,09,SAAVEDRA,https://www.contraloria.cl/SicaProd/SICAv3-BIFAPortalCGR/faces/newDetalleInforme?docIdcm=f06832c658057189eb8c0b55bcc70192,C,Informe de Investigación Especial,18060,https://www.contraloria.cl/SicaProd/SICAv3-BIFAPortalCGR/servletfichainformegoogle?docIdcm=f06832c658057189eb8c0b55bcc70192&pdf=1
35971,09116,2016-06-13 00:00:00.0,MUNICIPALIDAD DE PUERTO SAAVEDRA,2016,310,"INFORME DE INVESTIGACIÓN ESPECIAL 310-2016 MUNICIPALIDAD DE SAAVEDRA, SOBRE SUPUESTA CONTRATACIÓN IRREGULAR - JUNIO 2016",https://www.contraloria.cl/pdfbuscador/auditoria/7f0a4ebc46b3e7609124726290c703b8/html,09,SAAVEDRA,https://www.contraloria.cl/SicaProd/SICAv3-BIFAPortalCGR/faces/newDetalleInforme?docIdcm=7f0a4ebc46b3e7609124726290c703b8,C,Informe de Investigación Especial,18516,https://www.contraloria.cl/SicaProd/SICAv3-BIFAPortalCGR/servletfichainformegoogle?docIdcm=7f0a4ebc46b3e7609124726290c703b8&pdf=1
36387,09116,2016-07-08 00:00:00.0,DEPARTAMENTO DE EDUCACION MUNICIPAL DE PUERTO SAAVEDRA,2016,311,"INFORME DE INVESTIGACIÓN ESPECIAL 311-2016 DEPARTAMENTO DE EDUCACIÓN MUNICIPAL DE SAAVEDRA, SOBRE SERVICIO DE TRANSPORTE Y COMPRA DE COLACIONES - JULIO 2016",https://www.contraloria.cl/pdfbuscador/auditoria/01805fed72005f5dfe0a83a1f5b02394/html,09,SAAVEDRA,https://www.contraloria.cl/SicaProd/SICAv3-BIFAPortalCGR/faces/newDetalleInforme?docIdcm=01805fed72005f5dfe0a83a1f5b02394,C,Informe de Investigación Especial,18415,https://www.contraloria.cl/SicaProd/SICAv3-BIFAPortalCGR/servletfichainformegoogle?docIdcm=01805fed72005f5dfe0a83a1f5b02394&pdf=1
34895,09116,2016-11-03 00:00:00.0,MUNICIPALIDAD DE PUERTO SAAVEDRA,2016,367,"INFORME FINAL 367-2016 MUNICIPALIDAD DE SAAVEDRA, SOBRE HORAS EXTRAORDINARIAS, VIATICOS Y LEY DEL LOBBY-NOVIEMBRE 21016",https://www.contraloria.cl/pdfbuscador/auditoria/57fb58910a9ac16aba5655f4a8d14577/html,09,SAAVEDRA,https://www.contraloria.cl/SicaProd/SICAv3-BIFAPortalCGR/faces/newDetalleInforme?docIdcm=57fb58910a9ac16aba5655f4a8d14577,C,Informe Final de Auditoría,19344,https://www.contraloria.cl/SicaProd/SICAv3-BIFAPortalCGR/servletfichainformegoogle?docIdcm=57fb58910a9ac16aba5655f4a8d14577&pdf=1
36388,09116,2016-07-26 00:00:00.0,MUNICIPALIDAD DE PUERTO SAAVEDRA,2016,463,"INFORME DE INVESTIGACIÓN ESPECIAL 463-2016 MUNICIPALIDAD DE SAAVEDRA, SOBRE EJECUCIÓN PRESUPUESTARIA-JULIO 2016",https://www.contraloria.cl/pdfbuscador/auditoria/3e1da6dea02c246a0135604e875c738e/html,09,SAAVEDRA,https://www.contraloria.cl/SicaProd/SICAv3-BIFAPortalCGR/faces/newDetalleInforme?docIdcm=3e1da6dea02c246a0135604e875c738e,C,Informe de Investigación Especial,18559,https://www.contraloria.cl/SicaProd/SICAv3-BIFAPortalCGR/servletfichainformegoogle?docIdcm=3e1da6dea02c246a0135604e875c738e&pdf=1
36384,09116,2016-07-27 00:00:00.0,DEPARTAMENTO DE SALUD MUNICIPAL DE PUERTO SAAVEDRA,2016,477,"INFORME DE INVESTIGACIÓN ESPECIAL 477-2016 DEPARTAMENTO DE SALUD MUNICIPAL DE SAAVEDRA, SOBRE EJECUCIÓN DE PROGRAMA DENTAL-JULIO 2016",https://www.contraloria.cl/pdfbuscador/auditoria/5fb3ca447fdff835151fbaf00ff08626/html,09,SAAVEDRA,https://www.contraloria.cl/SicaProd/SICAv3-BIFAPortalCGR/faces/newDetalleInforme?docIdcm=5fb3ca447fdff835151fbaf00ff08626,C,Informe de Investigación Especial,18549,https://www.contraloria.cl/SicaProd/SICAv3-BIFAPortalCGR/servletfichainformegoogle?docIdcm=5fb3ca447fdff835151fbaf00ff08626&pdf=1
37546,09116,2016-08-09 00:00:00.0,MUNICIPALIDAD DE PUERTO SAAVEDRA,2016,482,"INFORME DE INVESTIGACIÓN ESPECIAL 482-2016 MUNICIPALIDAD DE SAAVEDRA, SOBRE DESTINO DE FONDOS DE PROYECTOS DE CASETAS SANITARIAS-AGOSTO 2016",https://www.contraloria.cl/pdfbuscador/auditoria/7d126dd013eed74dfe11c74b4815562a/html,09,SAAVEDRA,https://www.contraloria.cl/SicaProd/SICAv3-BIFAPortalCGR/faces/newDetalleInforme?docIdcm=7d126dd013eed74dfe11c74b4815562a,C,Informe de Investigación Especial,18642,https://www.contraloria.cl/SicaProd/SICAv3-BIFAPortalCGR/servletfichainformegoogle?docIdcm=7d126dd013eed74dfe11c74b4815562a&pdf=1
49994,09116,2018-04-24 00:00:00.0,MUNICIPALIDAD DE PUERTO SAAVEDRA,2018,102,"INFORME DE INVESTIGACIÓN ESPECIAL 102-2018 MUNICIPALIDAD DE SAAVEDRA, SOBRE EJECUCIÓN DE OBRA- ABRIL 2018",https://www.contraloria.cl/pdfbuscador/auditoria/d98800a508d2cf648b97ceef4f67d8e4/html,09,SAAVEDRA,https://www.contraloria.cl/SicaProd/SICAv3-BIFAPortalCGR/faces/newDetalleInforme?docIdcm=d98800a508d2cf648b97ceef4f67d8e4,C,Informe de Investigación Especial,23908,https://www.contraloria.cl/SicaProd/SICAv3-BIFAPortalCGR/servletfichainformegoogle?docIdcm=d98800a508d2cf648b97ceef4f67d8e4&pdf=1