IDACTIVIDAD,CODIGOSUBDERE,FECHAINFORME,NOMBRESERVICIO,ANOINFORME,NUMEROINFORME,MATERIAINFORME,FICHAINFORMEBIFA,C_REG_SUBDERE,NOMBRESUBDERE,FICHAINFORME,TIPOSUBDERE,TIPOINFORME,IDINFORME,PDFINFORME
25611,07307,2015-05-28 00:00:00.0,MUNICIPALIDAD DE SAGRADA FAMILIA,2015,183,INFORME DE INVESTIGACION ESPECIAL 183-15 MUNICIPALIDAD DE SAGRADA FAMILIA EVENTUALES IRREGULARIDADES - MAYO 2015,https://www.contraloria.cl/pdfbuscador/auditoria/dde6a3d6614fa5282e2d23bfbfd27ee3/html,07,SAGRADA FAMILIA,https://www.contraloria.cl/SicaProd/SICAv3-BIFAPortalCGR/faces/newDetalleInforme?docIdcm=dde6a3d6614fa5282e2d23bfbfd27ee3,C,Informe de Investigación Especial,13914,https://www.contraloria.cl/SicaProd/SICAv3-BIFAPortalCGR/servletfichainformegoogle?docIdcm=dde6a3d6614fa5282e2d23bfbfd27ee3&pdf=1
32887,07307,2015-12-22 00:00:00.0,MUNICIPALIDAD DE SAGRADA FAMILIA,2015,1052,INFORME INSPECCION DE OBRA PUBLICA 1052-15 MUNICIPALIDAD DE SAGRADA FAMILIA CONSTRUCCION SOLUCIONES SANITARIAS LOS QUILLAYES - DICIEMBRE 2015,https://www.contraloria.cl/pdfbuscador/auditoria/496160266b8db129f4e8d347e894cfd6/html,07,SAGRADA FAMILIA,https://www.contraloria.cl/SicaProd/SICAv3-BIFAPortalCGR/faces/newDetalleInforme?docIdcm=496160266b8db129f4e8d347e894cfd6,C,Informe de Inspección de Obra Pública,16683,https://www.contraloria.cl/SicaProd/SICAv3-BIFAPortalCGR/servletfichainformegoogle?docIdcm=496160266b8db129f4e8d347e894cfd6&pdf=1
31786,07307,2015-11-18 00:00:00.0,MUNICIPALIDAD DE SAGRADA FAMILIA,2015,1062,INFORME DE INVESTIGACION ESPECIAL 1062-15 MUNICIPALIDAD DE SAGRADA FAMILIA EVENTUALES IRREGULARIDADES EN CONTRATACION Y PAGO DE REMUNERACIONES A CONCEJAL - NOVIEMBRE 2015,https://www.contraloria.cl/pdfbuscador/auditoria/21104884140c8c3e21837956ac07732d/html,07,SAGRADA FAMILIA,https://www.contraloria.cl/SicaProd/SICAv3-BIFAPortalCGR/faces/newDetalleInforme?docIdcm=21104884140c8c3e21837956ac07732d,C,Informe de Investigación Especial,16156,https://www.contraloria.cl/SicaProd/SICAv3-BIFAPortalCGR/servletfichainformegoogle?docIdcm=21104884140c8c3e21837956ac07732d&pdf=1
31861,07307,2015-12-01 00:00:00.0,DEPARTAMENTO DE EDUCACION DE SAGRADA FAMILIA,2015,1094,INFORME DE INVESTIGACION ESPECIAL 1094-15 DEPARTAMENTO DE EDUCACION DE LA MUNICIPALIDAD DE SAGRADA FAMILIA EVENTUALES IRREGULARIDADES EN ADQUISICION DE TEXTO FINANCIADO CON FONDOS LEY SEP - DICIEMBRE 2015,https://www.contraloria.cl/pdfbuscador/auditoria/f81d7b97dd0777c9790b57eafd1b0c96/html,07,SAGRADA FAMILIA,https://www.contraloria.cl/SicaProd/SICAv3-BIFAPortalCGR/faces/newDetalleInforme?docIdcm=f81d7b97dd0777c9790b57eafd1b0c96,C,Informe de Investigación Especial,16384,https://www.contraloria.cl/SicaProd/SICAv3-BIFAPortalCGR/servletfichainformegoogle?docIdcm=f81d7b97dd0777c9790b57eafd1b0c96&pdf=1
36744,07307,2016-10-12 00:00:00.0,MUNICIPALIDAD DE SAGRADA FAMILIA,2016,828,"INFORME INVESTIGACION ESPECIAL 828-16 MUNICIPALIDAD DE SAGRADA FAMILIA PROGRAMAS FIESTA DE LA CHICHA Y TODOS A LA PLAYA, USO DEL SITIO WEB INSTITUCIONAL, COMISIONES DE SERVICIO Y REPRESENTACIONES, ENTRE OTRAS – OCTUBRE 2016",https://www.contraloria.cl/pdfbuscador/auditoria/0bfe33338921aef285a7803013e93b14/html,07,SAGRADA FAMILIA,https://www.contraloria.cl/SicaProd/SICAv3-BIFAPortalCGR/faces/newDetalleInforme?docIdcm=0bfe33338921aef285a7803013e93b14,C,Informe de Investigación Especial,19209,https://www.contraloria.cl/SicaProd/SICAv3-BIFAPortalCGR/servletfichainformegoogle?docIdcm=0bfe33338921aef285a7803013e93b14&pdf=1
34590,07307,2016-12-23 00:00:00.0,MUNICIPALIDAD DE SAGRADA FAMILIA,2016,1121,INFORME FINAL 1121-16 MUNICIPALIDAD SAGRADA FAMILIA SOBRE AUDITORIA A LOS MACROPROCESOS DE INGRESOS PROPIOS Y AMBIENTE DE CONTROL INTERNO-DICIEMBRE-2016 ,https://www.contraloria.cl/pdfbuscador/auditoria/9fdbac91e2738cddb896ac9f1dcc3aa2/html,07,SAGRADA FAMILIA,https://www.contraloria.cl/SicaProd/SICAv3-BIFAPortalCGR/faces/newDetalleInforme?docIdcm=9fdbac91e2738cddb896ac9f1dcc3aa2,C,Informe Final de Auditoría,19985,https://www.contraloria.cl/SicaProd/SICAv3-BIFAPortalCGR/servletfichainformegoogle?docIdcm=9fdbac91e2738cddb896ac9f1dcc3aa2&pdf=1
50488,07307,2019-02-06 00:00:00.0,MUNICIPALIDAD DE SAGRADA FAMILIA,2018,339,INFORME DE INVESTIGACION ESPECIAL 339-18 MUNICIPALIDAD DE SAGRADA FAMILIA DIVERSAS IRREGULARES OCURRIDAS EN EL MUNICIPIO Y SUS SERVICIOS TRASPASADOS - FEBRERO 2019,https://www.contraloria.cl/pdfbuscador/auditoria/d6cb289309a46d8851fa9fd793ab812b/html,07,SAGRADA FAMILIA,https://www.contraloria.cl/SicaProd/SICAv3-BIFAPortalCGR/faces/newDetalleInforme?docIdcm=d6cb289309a46d8851fa9fd793ab812b,C,Informe de Investigación Especial,27608,https://www.contraloria.cl/SicaProd/SICAv3-BIFAPortalCGR/servletfichainformegoogle?docIdcm=d6cb289309a46d8851fa9fd793ab812b&pdf=1
57010,07307,2019-09-30 00:00:00.0,MUNICIPALIDAD DE SAGRADA FAMILIA,2019,524,INFORME FINAL 524-19 MUNICIPALIDAD DE SAGRADA FAMILIA AUDITORÍA AL MACROPROCESO DE ADQUISICIÓN Y ABASTECIMIENTO - SEPTIEMBRE 2019,https://www.contraloria.cl/pdfbuscador/auditoria/6987a13a291d07f74fb2346b1c9b8498/html,07,SAGRADA FAMILIA,https://www.contraloria.cl/SicaProd/SICAv3-BIFAPortalCGR/faces/newDetalleInforme?docIdcm=6987a13a291d07f74fb2346b1c9b8498,C,Informe Final de Auditoría,29990,https://www.contraloria.cl/SicaProd/SICAv3-BIFAPortalCGR/servletfichainformegoogle?docIdcm=6987a13a291d07f74fb2346b1c9b8498&pdf=1