IDACTIVIDAD,CODIGOSUBDERE,FECHAINFORME,NOMBRESERVICIO,ANOINFORME,NUMEROINFORME,MATERIAINFORME,FICHAINFORMEBIFA,C_REG_SUBDERE,NOMBRESUBDERE,FICHAINFORME,TIPOSUBDERE,TIPOINFORME,IDINFORME,PDFINFORME
28677,04204,2015-08-28 00:00:00.0,MUNICIPALIDAD DE SALAMANCA,2015,691,INFORME FINAL 691-15 MUNICIPALIDAD DE SALAMANCA SOBRE AUDITORÍA A LAS CONTRATACIONES A HONORARIOS CON CARGO A LA CUENTA PRESUPUESTARIA 21.04.004 - AGOSTO 2015,https://www.contraloria.cl/pdfbuscador/auditoria/a3e1ebd4b88b282ec00f76c554bc7220/html,04,SALAMANCA,https://www.contraloria.cl/SicaProd/SICAv3-BIFAPortalCGR/faces/newDetalleInforme?docIdcm=a3e1ebd4b88b282ec00f76c554bc7220,C,Informe Final de Auditoría,14766,https://www.contraloria.cl/SicaProd/SICAv3-BIFAPortalCGR/servletfichainformegoogle?docIdcm=a3e1ebd4b88b282ec00f76c554bc7220&pdf=1
28665,04204,2016-05-04 00:00:00.0,MUNICIPALIDAD DE SALAMANCA,2016,11,INFORME FINAL 11-2016 MUNICIPALIDAD DE SALAMANCA AUDITORÍA A LA MATERIA DE PATENTES MINERAS Y ADQUISICIONES CON ESTOS FONDOS MAYO 2016,https://www.contraloria.cl/pdfbuscador/auditoria/011cf5f1e99192d4f76ebe22175473bb/html,04,SALAMANCA,https://www.contraloria.cl/SicaProd/SICAv3-BIFAPortalCGR/faces/newDetalleInforme?docIdcm=011cf5f1e99192d4f76ebe22175473bb,C,Informe Final de Auditoría,17937,https://www.contraloria.cl/SicaProd/SICAv3-BIFAPortalCGR/servletfichainformegoogle?docIdcm=011cf5f1e99192d4f76ebe22175473bb&pdf=1
34611,04204,2016-11-24 00:00:00.0,MUNICIPALIDAD DE SALAMANCA,2016,745,INFORME FINAL N° 745-16 MUNICIPALIDAD DE SALAMANCA SOBRE AUDITORÍA A LOS RECURSOS Y BIENES RECIBIDOS POR EL TERREMOTO-NOVIEMBRE 2016,https://www.contraloria.cl/pdfbuscador/auditoria/3811bb668b956f5c3728964329634775/html,04,SALAMANCA,https://www.contraloria.cl/SicaProd/SICAv3-BIFAPortalCGR/faces/newDetalleInforme?docIdcm=3811bb668b956f5c3728964329634775,C,Informe Final de Auditoría,19619,https://www.contraloria.cl/SicaProd/SICAv3-BIFAPortalCGR/servletfichainformegoogle?docIdcm=3811bb668b956f5c3728964329634775&pdf=1
41303,04204,2017-12-26 00:00:00.0,MUNICIPALIDAD DE SALAMANCA,2017,955,"INFORME FINAL N° 955-17 SOBRE AUDITORÍA AL MACROPROCESO DE FINANZAS EN LAS ÁREAS DE GESTIÓN MUNICIPAL, EDUCACIÓN Y SALUD EN LA MUNICIPALIDAD DE SALAMANCA-DICIEMBRE 2017",https://www.contraloria.cl/pdfbuscador/auditoria/44fddae26f9e9b471cd1f6a78e46b1cd/html,04,SALAMANCA,https://www.contraloria.cl/SicaProd/SICAv3-BIFAPortalCGR/faces/newDetalleInforme?docIdcm=44fddae26f9e9b471cd1f6a78e46b1cd,C,Informe Final de Auditoría,22612,https://www.contraloria.cl/SicaProd/SICAv3-BIFAPortalCGR/servletfichainformegoogle?docIdcm=44fddae26f9e9b471cd1f6a78e46b1cd&pdf=1
49457,04204,2018-08-20 00:00:00.0,MUNICIPALIDAD DE SALAMANCA,2018,351,"INFORME FINAL N° 351-18 SOBRE AUDITORÍA A LAS TRANSFERENCIAS EFECTUADAS POR LA MINERA LOS PELAMBRES EN EL PROGRAMA SALAMANCA VIVA, VIVA SALAMANCA.",https://www.contraloria.cl/pdfbuscador/auditoria/5ae7c456a5a7f4bf9e34e890017870df/html,04,SALAMANCA,https://www.contraloria.cl/SicaProd/SICAv3-BIFAPortalCGR/faces/newDetalleInforme?docIdcm=5ae7c456a5a7f4bf9e34e890017870df,C,Informe Final de Auditoría,25350,https://www.contraloria.cl/SicaProd/SICAv3-BIFAPortalCGR/servletfichainformegoogle?docIdcm=5ae7c456a5a7f4bf9e34e890017870df&pdf=1
56074,04204,2019-12-17 00:00:00.0,MUNICIPALIDAD DE SALAMANCA,2019,702,INFORME FINAL DE INVESTIGACIÓN ESPECIAL N° 702-19 MUNICIPALIDAD DE SALAMANCA SOBRE CUMPLIMIENTO OPORTUNO AL PAGO DE PROVEEDORES - DIC 2019,https://www.contraloria.cl/pdfbuscador/auditoria/9bcdeeb9a39c2e8510ec536b42fa2056/html,04,SALAMANCA,https://www.contraloria.cl/SicaProd/SICAv3-BIFAPortalCGR/faces/newDetalleInforme?docIdcm=9bcdeeb9a39c2e8510ec536b42fa2056,C,Informe de Investigación Especial,30621,https://www.contraloria.cl/SicaProd/SICAv3-BIFAPortalCGR/servletfichainformegoogle?docIdcm=9bcdeeb9a39c2e8510ec536b42fa2056&pdf=1