IDACTIVIDAD,CODIGOSUBDERE,FECHAINFORME,NOMBRESERVICIO,ANOINFORME,NUMEROINFORME,MATERIAINFORME,FICHAINFORMEBIFA,C_REG_SUBDERE,NOMBRESUBDERE,FICHAINFORME,TIPOSUBDERE,TIPOINFORME,IDINFORME,PDFINFORME
41287,06117,2017-10-25 00:00:00.0,DEPARTAMENTO DE SALUD SAN VICENTE DE TAGUA TAGUA,2017,556,"INFORME FINAL 556 - 17 DEPARTAMENTO DE SALUD MUNICIPAL SAN VICENTE DE TAGUA TAGUA ADQUISICIÓN, ABASTECIMIENTO, FINANZAS, CONTROL INTERNO - OCTUBRE 2017",https://www.contraloria.cl/pdfbuscador/auditoria/c43f37343f30a5ceffd9337640672f32/html,06,SAN VICENTE,https://www.contraloria.cl/SicaProd/SICAv3-BIFAPortalCGR/faces/newDetalleInforme?docIdcm=c43f37343f30a5ceffd9337640672f32,C,Informe Final de Auditoría,21993,https://www.contraloria.cl/SicaProd/SICAv3-BIFAPortalCGR/servletfichainformegoogle?docIdcm=c43f37343f30a5ceffd9337640672f32&pdf=1
41394,06117,2017-12-22 00:00:00.0,CORPORACION MUNICIPAL SAN VICENTE DE TAGUA TAGUA,2017,1074,INFORME FINAL 1074 - 17 CORPORACIÓN MUNICIPAL SAN VICENTE DE TAGUA TAGUA AUDITORÍA A LOS RECURSOS DE LA LEY N° 20.248 SUBVENCIÓN ESCOLAR PREFERENCIAL - DICIEMBRE 2017,https://www.contraloria.cl/pdfbuscador/auditoria/37dee77268345fbb1d29d1ba9a09869b/html,06,SAN VICENTE,https://www.contraloria.cl/SicaProd/SICAv3-BIFAPortalCGR/faces/newDetalleInforme?docIdcm=37dee77268345fbb1d29d1ba9a09869b,C,Informe Final de Auditoría,22796,https://www.contraloria.cl/SicaProd/SICAv3-BIFAPortalCGR/servletfichainformegoogle?docIdcm=37dee77268345fbb1d29d1ba9a09869b&pdf=1
51697,06117,2018-10-25 00:00:00.0,MUNICIPALIDAD DE SAN VICENTE DE TAGUA TAGUA,2018,520,INFORME DE INVESTIGACIÓN ESPECIAL 520-18 MUNICIPALIDAD DE SAN VICENTE DE TAGUA TAGUA - OCTUBRE 2018,https://www.contraloria.cl/pdfbuscador/auditoria/6e5986e1f7e33f259ff26d00d2c629de/html,06,SAN VICENTE,https://www.contraloria.cl/SicaProd/SICAv3-BIFAPortalCGR/faces/newDetalleInforme?docIdcm=6e5986e1f7e33f259ff26d00d2c629de,C,Informe de Investigación Especial,26484,https://www.contraloria.cl/SicaProd/SICAv3-BIFAPortalCGR/servletfichainformegoogle?docIdcm=6e5986e1f7e33f259ff26d00d2c629de&pdf=1
52662,06117,2019-04-02 00:00:00.0,MUNICIPALIDAD DE SAN VICENTE DE TAGUA TAGUA,2018,1090,INFORME FINAL 1090-18 MUNICIPALIDAD DE SAN VICENTE DE TAGUA TAGUA - ABRIL 2019,https://www.contraloria.cl/pdfbuscador/auditoria/d732b3d90b958f5a980c882e89bd5151/html,06,SAN VICENTE,https://www.contraloria.cl/SicaProd/SICAv3-BIFAPortalCGR/faces/newDetalleInforme?docIdcm=d732b3d90b958f5a980c882e89bd5151,C,Informe Final de Auditoría,28648,https://www.contraloria.cl/SicaProd/SICAv3-BIFAPortalCGR/servletfichainformegoogle?docIdcm=d732b3d90b958f5a980c882e89bd5151&pdf=1
50663,06117,2019-05-20 00:00:00.0,DEPARTAMENTO DE SALUD SAN VICENTE DE TAGUA TAGUA,2019,21,INFORME FINAL DE INVESTIGACIÓN ESPECIAL 21-19 MUNICIPALIDAD DE SAN VICENTE DE TAGUA TAGUA - MAYO 2019,https://www.contraloria.cl/pdfbuscador/auditoria/024a1416aa91a52a5bb1936308be686f/html,06,SAN VICENTE,https://www.contraloria.cl/SicaProd/SICAv3-BIFAPortalCGR/faces/newDetalleInforme?docIdcm=024a1416aa91a52a5bb1936308be686f,C,Informe de Investigación Especial,28981,https://www.contraloria.cl/SicaProd/SICAv3-BIFAPortalCGR/servletfichainformegoogle?docIdcm=024a1416aa91a52a5bb1936308be686f&pdf=1
71579,06117,2020-04-29 00:00:00.0,MUNICIPALIDAD DE SAN VICENTE DE TAGUA TAGUA,2020,83,INFORME FINAL DE INSPECCIÓN DE OBRA PÚBLICA 83-20 - MUNICIPALIDAD DE SAN VICENTE DE TAGUA TAGUA -REPOSICIÓN GIMNASIO MUNICIPAL - MAYO DE 2020,https://www.contraloria.cl/pdfbuscador/auditoria/f54ef0f4f80fcf747a36355d884df2ae/html,06,SAN VICENTE,https://www.contraloria.cl/SicaProd/SICAv3-BIFAPortalCGR/faces/newDetalleInforme?docIdcm=f54ef0f4f80fcf747a36355d884df2ae,C,Informe de Inspección de Obra Pública,32447,https://www.contraloria.cl/SicaProd/SICAv3-BIFAPortalCGR/servletfichainformegoogle?docIdcm=f54ef0f4f80fcf747a36355d884df2ae&pdf=1