IDACTIVIDAD,CODIGOSUBDERE,FECHAINFORME,NOMBRESERVICIO,ANOINFORME,NUMEROINFORME,MATERIAINFORME,FICHAINFORMEBIFA,C_REG_SUBDERE,NOMBRESUBDERE,FICHAINFORME,TIPOSUBDERE,TIPOINFORME,IDINFORME,PDFINFORME
28424,13129,2015-07-03 00:00:00.0,MUNICIPALIDAD DE SAN JOAQUIN,2015,203,INFORME FINAL 203-15 MUNICIPALIDAD DE SAN JOAQUIN - SOBRE AUDITORIA AL OTORGAMIENTO DE PERMISOS DE CIRCULACION Y LICENCIAS DE CONDUCIR - JULIO 2015,https://www.contraloria.cl/pdfbuscador/auditoria/a93a4a0ada5fbf5b428a6f9db5e024fb/html,13,SAN JOAQUIN,https://www.contraloria.cl/SicaProd/SICAv3-BIFAPortalCGR/faces/newDetalleInforme?docIdcm=a93a4a0ada5fbf5b428a6f9db5e024fb,C,Informe Final de Auditoría,14256,https://www.contraloria.cl/SicaProd/SICAv3-BIFAPortalCGR/servletfichainformegoogle?docIdcm=a93a4a0ada5fbf5b428a6f9db5e024fb&pdf=1
33022,13129,2015-12-29 00:00:00.0,MUNICIPALIDAD DE SAN JOAQUIN,2015,986,INVESTIGACION ESPECIAL 986-15 MUNICIPALIDAD DE SAN JOAQUIN - SOBRE ADQUISICION DE LETREROS PUBLICITARIOS - DICIEMBRE 2015,https://www.contraloria.cl/pdfbuscador/auditoria/1ef7157afc7a0593b7883b49dd8ae815/html,13,SAN JOAQUIN,https://www.contraloria.cl/SicaProd/SICAv3-BIFAPortalCGR/faces/newDetalleInforme?docIdcm=1ef7157afc7a0593b7883b49dd8ae815,C,Informe de Investigación Especial,16847,https://www.contraloria.cl/SicaProd/SICAv3-BIFAPortalCGR/servletfichainformegoogle?docIdcm=1ef7157afc7a0593b7883b49dd8ae815&pdf=1
34483,13129,2016-12-30 00:00:00.0,MUNICIPALIDAD DE SAN JOAQUIN,2016,1049,INFORME FINAL 1049-2016 MUNICIPALIDAD DE SAN JOAQUIN SOBRE AUDITORIA AL MACROPROCESO DE ADQUISICIONES Y ABASTECIMIENTO - DICIEMBRE 2016,https://www.contraloria.cl/pdfbuscador/auditoria/76b12f5cd64bb1e334f5fd7bbd2120ef/html,13,SAN JOAQUIN,https://www.contraloria.cl/SicaProd/SICAv3-BIFAPortalCGR/faces/newDetalleInforme?docIdcm=76b12f5cd64bb1e334f5fd7bbd2120ef,C,Informe Final de Auditoría,20531,https://www.contraloria.cl/SicaProd/SICAv3-BIFAPortalCGR/servletfichainformegoogle?docIdcm=76b12f5cd64bb1e334f5fd7bbd2120ef&pdf=1
41723,13129,2017-12-07 00:00:00.0,MUNICIPALIDAD DE SAN JOAQUIN,2017,779,INFORME FINAL 779-2017 MUNICIPALIDAD DE SAN JOAQUÍN AUDITORÍA AL PROCESO DE FORMULACIÓN EJECUCIÓN Y CONTROL DEL PRESUPUESTO DE LA GESTIÓN MUNICIPAL - DICIEMBRE 2017,https://www.contraloria.cl/pdfbuscador/auditoria/4f85bfbedf758672f253e12d9f194822/html,13,SAN JOAQUIN,https://www.contraloria.cl/SicaProd/SICAv3-BIFAPortalCGR/faces/newDetalleInforme?docIdcm=4f85bfbedf758672f253e12d9f194822,C,Informe Final de Auditoría,22324,https://www.contraloria.cl/SicaProd/SICAv3-BIFAPortalCGR/servletfichainformegoogle?docIdcm=4f85bfbedf758672f253e12d9f194822&pdf=1
52337,13129,2019-01-08 00:00:00.0,MUNICIPALIDAD DE SAN JOAQUIN,2018,848,"INFORME FINAL 848-2018 MUNICIPALIDAD DE SAN JOAQUÍN AUDITORÍA A LOS INGRESOS PROPIOS POR CONCEPTO DE PATENTES COMERCIALES, INDUSTRIALES, PROFESIONALES Y ALCOHOLES - ENERO 2019",https://www.contraloria.cl/pdfbuscador/auditoria/caa7842e22bd43d9ac57b84e864847f4/html,13,SAN JOAQUIN,https://www.contraloria.cl/SicaProd/SICAv3-BIFAPortalCGR/faces/newDetalleInforme?docIdcm=caa7842e22bd43d9ac57b84e864847f4,C,Informe Final de Auditoría,27335,https://www.contraloria.cl/SicaProd/SICAv3-BIFAPortalCGR/servletfichainformegoogle?docIdcm=caa7842e22bd43d9ac57b84e864847f4&pdf=1
56054,13129,2019-07-01 00:00:00.0,MUNICIPALIDAD DE SAN JOAQUIN,2019,186,INFORME DE INVESTIGACION ESPECIAL N° 186 - 19 MUNICIPALIDAD DE SAN JOAQUIN - SOBRE EVENTUALES IRREGULARIDADES EN LA MUNICIPALIDAD DE SAN JOAQUIN - JULIO 2019,https://www.contraloria.cl/pdfbuscador/auditoria/ed97ac6d03b3cad6d587e15be2fccb9a/html,13,SAN JOAQUIN,https://www.contraloria.cl/SicaProd/SICAv3-BIFAPortalCGR/faces/newDetalleInforme?docIdcm=ed97ac6d03b3cad6d587e15be2fccb9a,C,Informe de Investigación Especial,29278,https://www.contraloria.cl/SicaProd/SICAv3-BIFAPortalCGR/servletfichainformegoogle?docIdcm=ed97ac6d03b3cad6d587e15be2fccb9a&pdf=1
56034,13129,2019-07-12 00:00:00.0,MUNICIPALIDAD DE SAN JOAQUIN,2019,271,"INFORME FINAL N° 271 DE 2019 SOBRE AUDITORIA A LOS PROCESOS DE LICITACIÓN, ADJUDICACIÓN, CONTRATACIÓN, EJECUCIÓN Y EXPLOTACIÓN DE LOS CONTRATOS DE OBRA POR PARTE DE LA MUNICIPALIDAD DE SAN JOAQUÍN JULIO-2019",https://www.contraloria.cl/pdfbuscador/auditoria/0f1706ac87f66ca67ebdba7e6c541e6d/html,13,SAN JOAQUIN,https://www.contraloria.cl/SicaProd/SICAv3-BIFAPortalCGR/faces/newDetalleInforme?docIdcm=0f1706ac87f66ca67ebdba7e6c541e6d,C,Informe Final de Auditoría,29380,https://www.contraloria.cl/SicaProd/SICAv3-BIFAPortalCGR/servletfichainformegoogle?docIdcm=0f1706ac87f66ca67ebdba7e6c541e6d&pdf=1