IDACTIVIDAD,CODIGOSUBDERE,FECHAINFORME,NOMBRESERVICIO,ANOINFORME,NUMEROINFORME,MATERIAINFORME,FICHAINFORMEBIFA,C_REG_SUBDERE,NOMBRESUBDERE,FICHAINFORME,TIPOSUBDERE,TIPOINFORME,IDINFORME,PDFINFORME
26017,08108,2015-12-16 00:00:00.0,DEPARTAMENTO DE ADMINISTRACION DE EDUCACION MUNICIPAL DE SAN PEDRO DE LA PAZ,2015,84,INFORME INVESTIGACIÓN ESPECIAL 84 - 15 MUNICIPALIDAD DE SAN PEDRO DE LA PAZ SOBRE PRESUNTAS IRREGULARIDADES - DICIEMBRE 2015,https://www.contraloria.cl/pdfbuscador/auditoria/39706e70b8e829954de519bec745038c/html,08,SAN PEDRO DE LA PAZ,https://www.contraloria.cl/SicaProd/SICAv3-BIFAPortalCGR/faces/newDetalleInforme?docIdcm=39706e70b8e829954de519bec745038c,C,Informe de Investigación Especial,16964,https://www.contraloria.cl/SicaProd/SICAv3-BIFAPortalCGR/servletfichainformegoogle?docIdcm=39706e70b8e829954de519bec745038c&pdf=1
28545,08108,2015-07-31 00:00:00.0,MUNICIPALIDAD DE SAN PEDRO DE LA PAZ,2015,445,INFORME FINAL 445-15 MUNICIPALIDAD DE SAN PEDRO DE LA PAZ PROGRAMA CONTRATACIONES A HONORARIOS - JULIO 2015,https://www.contraloria.cl/pdfbuscador/auditoria/16e91c7da8f2f97eec9d7b7ef2666513/html,08,SAN PEDRO DE LA PAZ,https://www.contraloria.cl/SicaProd/SICAv3-BIFAPortalCGR/faces/newDetalleInforme?docIdcm=16e91c7da8f2f97eec9d7b7ef2666513,C,Informe Final de Auditoría,14463,https://www.contraloria.cl/SicaProd/SICAv3-BIFAPortalCGR/servletfichainformegoogle?docIdcm=16e91c7da8f2f97eec9d7b7ef2666513&pdf=1
33842,08108,2016-06-10 00:00:00.0,MUNICIPALIDAD DE SAN PEDRO DE LA PAZ,2015,1346,INFORME INVESTIGACIÓN ESPECIAL 1346-15 MUNICIPALIDAD DE SAN PEDRO DE LA PAZ SOBRE PRESUNTAS IRREGULARIDADES EN LA EJECUCIÓN DE PROGRAMAS SOCIALES - JUNIO 2016,https://www.contraloria.cl/pdfbuscador/auditoria/d3a6eee90bcc5589028aba3d69e9e0d7/html,08,SAN PEDRO DE LA PAZ,https://www.contraloria.cl/SicaProd/SICAv3-BIFAPortalCGR/faces/newDetalleInforme?docIdcm=d3a6eee90bcc5589028aba3d69e9e0d7,C,Informe de Investigación Especial,18249,https://www.contraloria.cl/SicaProd/SICAv3-BIFAPortalCGR/servletfichainformegoogle?docIdcm=d3a6eee90bcc5589028aba3d69e9e0d7&pdf=1
40299,08108,2018-02-02 00:00:00.0,DEPARTAMENTO DE ADMINISTRACION DE SALUD MUNICIPAL DE SAN PEDRO DE LA PAZ,2017,6,INFORME INVESTIGACIÓN ESPECIAL 6-17 DAS MUNICIPALIDAD DE SAN PEDRO DE LA PAZ SOBRE PRESUNTAS IRREGULARIDADES - FEBRERO 2018,https://www.contraloria.cl/pdfbuscador/auditoria/53b475fddc713cecfc7adb6147b76d83/html,08,SAN PEDRO DE LA PAZ,https://www.contraloria.cl/SicaProd/SICAv3-BIFAPortalCGR/faces/newDetalleInforme?docIdcm=53b475fddc713cecfc7adb6147b76d83,C,Informe de Investigación Especial,23195,https://www.contraloria.cl/SicaProd/SICAv3-BIFAPortalCGR/servletfichainformegoogle?docIdcm=53b475fddc713cecfc7adb6147b76d83&pdf=1
43152,08108,2017-07-18 00:00:00.0,MUNICIPALIDAD DE SAN PEDRO DE LA PAZ,2017,187,INFORME INVESTIGACIÓN ESPECIAL 187-17 MUNICIPALIDAD DE SAN PEDRO DE LA PAZ SOBRE INDEMNIZACIONES PAGADAS A TRAVÉS DE ANTICIPO DE SUBVENCIÓN DE ESCOLARIDAD - JULIO 2017,https://www.contraloria.cl/pdfbuscador/auditoria/9dd4907c5f89240cf376783c963b9ff5/html,08,SAN PEDRO DE LA PAZ,https://www.contraloria.cl/SicaProd/SICAv3-BIFAPortalCGR/faces/newDetalleInforme?docIdcm=9dd4907c5f89240cf376783c963b9ff5,C,Informe de Investigación Especial,21423,https://www.contraloria.cl/SicaProd/SICAv3-BIFAPortalCGR/servletfichainformegoogle?docIdcm=9dd4907c5f89240cf376783c963b9ff5&pdf=1
44727,08108,2017-10-02 00:00:00.0,MUNICIPALIDAD DE SAN PEDRO DE LA PAZ,2017,671,INFORME INVESTIGACIÓN ESPECIAL 671-17 MUNICIPALIDAD DE SAN PEDRO DE LA PAZ SOBRE PRESUNTAS IRREGULARIDADES - OCTUBRE 2017,https://www.contraloria.cl/pdfbuscador/auditoria/a31d938837df4e1eeab61aa1589d7367/html,08,SAN PEDRO DE LA PAZ,https://www.contraloria.cl/SicaProd/SICAv3-BIFAPortalCGR/faces/newDetalleInforme?docIdcm=a31d938837df4e1eeab61aa1589d7367,C,Informe de Investigación Especial,21827,https://www.contraloria.cl/SicaProd/SICAv3-BIFAPortalCGR/servletfichainformegoogle?docIdcm=a31d938837df4e1eeab61aa1589d7367&pdf=1
46174,08108,2017-12-13 00:00:00.0,DEPARTAMENTO DE ADMINISTRACION DE SALUD MUNICIPAL DE SAN PEDRO DE LA PAZ,2017,736,INFORME INVESTIGACIÓN ESPECIAL 736-17 DAS MUNICIPALIDAD DE SAN PEDRO DE LA PAZ SOBRE SERVICIO DE BIENESTAR - DICIEMBRE 2017,https://www.contraloria.cl/pdfbuscador/auditoria/3ee4b7d87391047f1b99b4a268183209/html,08,SAN PEDRO DE LA PAZ,https://www.contraloria.cl/SicaProd/SICAv3-BIFAPortalCGR/faces/newDetalleInforme?docIdcm=3ee4b7d87391047f1b99b4a268183209,C,Informe de Investigación Especial,22423,https://www.contraloria.cl/SicaProd/SICAv3-BIFAPortalCGR/servletfichainformegoogle?docIdcm=3ee4b7d87391047f1b99b4a268183209&pdf=1
54012,08108,2019-02-11 00:00:00.0,MUNICIPALIDAD DE SAN PEDRO DE LA PAZ,2018,857,INFORME DE INSPECCIÓN OBRA PÚBLICA 316-18 MUNICIPALIDAD DE SAN PEDRO DE LA PAZ SOBRE CONSTRUCCIÓN DE ÁREAS VERDES EN DIVERSOS SECTORES - FEBRERO 2019,https://www.contraloria.cl/pdfbuscador/auditoria/682e137f9dc6ea3a92b3c11daea81d71/html,08,SAN PEDRO DE LA PAZ,https://www.contraloria.cl/SicaProd/SICAv3-BIFAPortalCGR/faces/newDetalleInforme?docIdcm=682e137f9dc6ea3a92b3c11daea81d71,C,Informe de Inspección de Obra Pública,27646,https://www.contraloria.cl/SicaProd/SICAv3-BIFAPortalCGR/servletfichainformegoogle?docIdcm=682e137f9dc6ea3a92b3c11daea81d71&pdf=1
51852,08108,2019-05-10 00:00:00.0,MUNICIPALIDAD DE SAN PEDRO DE LA PAZ,2019,40,INFORME INVESTIGACIÓN ESPECIAL 40-19 MUNICIPALIDAD DE SAN PEDRO DE LA PAZ SOBRE LICITACIÓN Y VIAJE A CHINA - MAYO 2019,https://www.contraloria.cl/pdfbuscador/auditoria/49ac0d6ecd3a8e90a979c557569d9165/html,08,SAN PEDRO DE LA PAZ,https://www.contraloria.cl/SicaProd/SICAv3-BIFAPortalCGR/faces/newDetalleInforme?docIdcm=49ac0d6ecd3a8e90a979c557569d9165,C,Informe de Investigación Especial,28956,https://www.contraloria.cl/SicaProd/SICAv3-BIFAPortalCGR/servletfichainformegoogle?docIdcm=49ac0d6ecd3a8e90a979c557569d9165&pdf=1
57513,08108,2019-10-18 00:00:00.0,MUNICIPALIDAD DE SAN PEDRO DE LA PAZ,2019,406,INFORME FINAL 406-19 MUNICIPALIDAD DE SAN PEDRO DE LA PAZ AUDITORÍA AL OTORGAMIENTO E INGRESOS POR PERMISOS DE EDIFICACIÓN EN ZONAS DE RIESGO - OCTUBRE 2019,https://www.contraloria.cl/pdfbuscador/auditoria/4c4df70ecbe0fc8f8fc5681681e49230/html,08,SAN PEDRO DE LA PAZ,https://www.contraloria.cl/SicaProd/SICAv3-BIFAPortalCGR/faces/newDetalleInforme?docIdcm=4c4df70ecbe0fc8f8fc5681681e49230,C,Informe Final de Auditoría,30200,https://www.contraloria.cl/SicaProd/SICAv3-BIFAPortalCGR/servletfichainformegoogle?docIdcm=4c4df70ecbe0fc8f8fc5681681e49230&pdf=1