IDACTIVIDAD,CODIGOSUBDERE,FECHAINFORME,NOMBRESERVICIO,ANOINFORME,NUMEROINFORME,MATERIAINFORME,FICHAINFORMEBIFA,C_REG_SUBDERE,NOMBRESUBDERE,FICHAINFORME,TIPOSUBDERE,TIPOINFORME,IDINFORME,PDFINFORME
28637,13401,2015-05-12 00:00:00.0,MUNICIPALIDAD DE SAN BERNARDO,2015,251,INFORME DE INVESTIGACION ESPECIAL 251-2015 MUNICIPALIDAD DE SAN BERNARDO LICITACIONES PUBLICAS MAYO 2015,https://www.contraloria.cl/pdfbuscador/auditoria/b0e5e1b4d9abcf555975afe1d7ba2b36/html,13,SAN BERNARDO,https://www.contraloria.cl/SicaProd/SICAv3-BIFAPortalCGR/faces/newDetalleInforme?docIdcm=b0e5e1b4d9abcf555975afe1d7ba2b36,C,Informe de Investigación Especial,13790,https://www.contraloria.cl/SicaProd/SICAv3-BIFAPortalCGR/servletfichainformegoogle?docIdcm=b0e5e1b4d9abcf555975afe1d7ba2b36&pdf=1
28349,13401,2016-05-05 00:00:00.0,MUNICIPALIDAD DE SAN BERNARDO,2015,587,"INFORME FINAL 587-15 MUNICIPALIDAD DE SAN BERNARDO, SOBRE CONTRATOS CON RECEPCION PROVISORIA Y FINANCIADO POR EL GOBIERNO REGIONAL METROPOLITANO _MAYO 2016.",https://www.contraloria.cl/pdfbuscador/auditoria/774220b7a7072378e78366524ac4dd5b/html,13,SAN BERNARDO,https://www.contraloria.cl/SicaProd/SICAv3-BIFAPortalCGR/faces/newDetalleInforme?docIdcm=774220b7a7072378e78366524ac4dd5b,C,Informe Final de Auditoría,17934,https://www.contraloria.cl/SicaProd/SICAv3-BIFAPortalCGR/servletfichainformegoogle?docIdcm=774220b7a7072378e78366524ac4dd5b&pdf=1
28585,13401,2015-10-13 00:00:00.0,MUNICIPALIDAD DE SAN BERNARDO,2015,627,INFORME FINAL 627-15 MUNICIPALIDAD DE SAN BERNARDO - SOBRE AUDITORIA A LAS CONTRATACIONES DE HONORARIOS EN PROGRAMAS COMUNITARIOS - OCTUBRE 2015,https://www.contraloria.cl/pdfbuscador/auditoria/c672811b2723133b1e70f10536b69389/html,13,SAN BERNARDO,https://www.contraloria.cl/SicaProd/SICAv3-BIFAPortalCGR/faces/newDetalleInforme?docIdcm=c672811b2723133b1e70f10536b69389,C,Informe Final de Auditoría,15084,https://www.contraloria.cl/SicaProd/SICAv3-BIFAPortalCGR/servletfichainformegoogle?docIdcm=c672811b2723133b1e70f10536b69389&pdf=1
34353,13401,2016-12-30 00:00:00.0,CORPORACION MUNICIPAL SAN BERNARDO,2016,1068,INFORME FINAL 1068-2016 - CORPORACION MUNICIPAL SAN BERNARDO - AUDITORIA AL FONDO APOYO PARA LA EDUCACIÓN PUBLICA MUNICIPAL - DICIEMBRE 2016,https://www.contraloria.cl/pdfbuscador/auditoria/7bacf4075db28a99e0fef839a1e66410/html,13,SAN BERNARDO,https://www.contraloria.cl/SicaProd/SICAv3-BIFAPortalCGR/faces/newDetalleInforme?docIdcm=7bacf4075db28a99e0fef839a1e66410,C,Informe Final de Auditoría,20493,https://www.contraloria.cl/SicaProd/SICAv3-BIFAPortalCGR/servletfichainformegoogle?docIdcm=7bacf4075db28a99e0fef839a1e66410&pdf=1
44756,13401,2017-08-29 00:00:00.0,MUNICIPALIDAD DE SAN BERNARDO,2017,618,INFORME FINAL DE INVESTIGACIÓN ESPECIAL N° 618-17 - MUNICIPALIDAD DE SAN BERNARDO - SOBRE EVENTUALES IRREGULARIDADES EN OTORGAMIENTO DE PERMISOS PARA REALIZAR ACTIVIDADES COMERCIALES EN LA VIA PUBLICA - AGOSTO 2017,https://www.contraloria.cl/pdfbuscador/auditoria/434d1173cc5411e6f2669a987f658dfa/html,13,SAN BERNARDO,https://www.contraloria.cl/SicaProd/SICAv3-BIFAPortalCGR/faces/newDetalleInforme?docIdcm=434d1173cc5411e6f2669a987f658dfa,C,Informe de Investigación Especial,21647,https://www.contraloria.cl/SicaProd/SICAv3-BIFAPortalCGR/servletfichainformegoogle?docIdcm=434d1173cc5411e6f2669a987f658dfa&pdf=1
41770,13401,2017-12-22 00:00:00.0,MUNICIPALIDAD DE SAN BERNARDO,2017,803,INFORME FINAL N° 803-17 - MUNICIPALIDAD DE SAN BERNARDO - SOBRE AUDITORIA AL MACROPROCESO DE CONCESIONES - DICIEMBRE 2017,https://www.contraloria.cl/pdfbuscador/auditoria/ae4540610de2d6588c1e898af4827d5b/html,13,SAN BERNARDO,https://www.contraloria.cl/SicaProd/SICAv3-BIFAPortalCGR/faces/newDetalleInforme?docIdcm=ae4540610de2d6588c1e898af4827d5b,C,Informe Final de Auditoría,22549,https://www.contraloria.cl/SicaProd/SICAv3-BIFAPortalCGR/servletfichainformegoogle?docIdcm=ae4540610de2d6588c1e898af4827d5b&pdf=1
42388,13401,2017-12-21 00:00:00.0,CORPORACION MUNICIPAL SAN BERNARDO,2017,904,"INFORME FINAL N° 904-17 - CORPORACION MUNICIPAL DE SAN BERNARDO - SOBRE AUDITORIA A LOS RECURSOS DE LA LEY N° 20.248, SUBVENCION ESCOLAR PREFERENCIAL - DICIEMBRE 2017",https://www.contraloria.cl/pdfbuscador/auditoria/0c16d3ed68ce3dea6803d0b5f07f7899/html,13,SAN BERNARDO,https://www.contraloria.cl/SicaProd/SICAv3-BIFAPortalCGR/faces/newDetalleInforme?docIdcm=0c16d3ed68ce3dea6803d0b5f07f7899,C,Informe Final de Auditoría,22552,https://www.contraloria.cl/SicaProd/SICAv3-BIFAPortalCGR/servletfichainformegoogle?docIdcm=0c16d3ed68ce3dea6803d0b5f07f7899&pdf=1
47485,13401,2018-02-20 00:00:00.0,MUNICIPALIDAD DE SAN BERNARDO,2017,1143,INFORME FINAL DE INVESTIGACION ESPECIAL N° 1.143-17 - MUNICIPALIDAD DE SAN BERNARDO - SOBRE ARRENDAMIENTO DE PROPIEDAD POR PARTE DEL MUNICIPIO - FEBRERO 2018,https://www.contraloria.cl/pdfbuscador/auditoria/ec9a0d3844e69715ce62e6a8b9df19d1/html,13,SAN BERNARDO,https://www.contraloria.cl/SicaProd/SICAv3-BIFAPortalCGR/faces/newDetalleInforme?docIdcm=ec9a0d3844e69715ce62e6a8b9df19d1,C,Informe de Investigación Especial,23201,https://www.contraloria.cl/SicaProd/SICAv3-BIFAPortalCGR/servletfichainformegoogle?docIdcm=ec9a0d3844e69715ce62e6a8b9df19d1&pdf=1
49234,13401,2018-07-12 00:00:00.0,CORPORACION MUNICIPAL SAN BERNARDO,2018,164,INFORME FINAL 164-2018 CORPORACIÓN MUNICIPAL DE EDUCACIÓN Y SALUD DE SAN BERNARDO AUDITORÍA A LA FARMACIA  COMUNAL EN LA CORPORACIÓN DE EDUCACIÓN Y SALUD DE SAN BERNARDO,https://www.contraloria.cl/pdfbuscador/auditoria/8adcba087fc2cc3d86357d9162f83ca0/html,13,SAN BERNARDO,https://www.contraloria.cl/SicaProd/SICAv3-BIFAPortalCGR/faces/newDetalleInforme?docIdcm=8adcba087fc2cc3d86357d9162f83ca0,C,Informe Final de Auditoría,24723,https://www.contraloria.cl/SicaProd/SICAv3-BIFAPortalCGR/servletfichainformegoogle?docIdcm=8adcba087fc2cc3d86357d9162f83ca0&pdf=1
48353,13401,2019-04-24 00:00:00.0,MUNICIPALIDAD DE SAN BERNARDO,2018,370,INFORME INVESTIGACIÓN ESPECIAL 370-18 SOBRE IRREGULARIDADES EN LA EXTRACCIÓN DE ÁRIDOS EN EL RÍO MAIPO – ABRIL 2019,https://www.contraloria.cl/pdfbuscador/auditoria/95dcff7defe16fc78420cbb924704b66/html,13,SAN BERNARDO,https://www.contraloria.cl/SicaProd/SICAv3-BIFAPortalCGR/faces/newDetalleInforme?docIdcm=95dcff7defe16fc78420cbb924704b66,C,Informe de Investigación Especial,28892,https://www.contraloria.cl/SicaProd/SICAv3-BIFAPortalCGR/servletfichainformegoogle?docIdcm=95dcff7defe16fc78420cbb924704b66&pdf=1
50695,13401,2018-12-03 00:00:00.0,MUNICIPALIDAD DE SAN BERNARDO,2018,547,INFORME FINAL 547-2018 MUNICIPALIDAD DE SAN BERNARDO AUDITORÍA AL MACROPROCESO DE ADQUISICIONES Y ABASTECIMIENTO-DICIEMBRE 2018,https://www.contraloria.cl/pdfbuscador/auditoria/717e5c0eb92c16238989b703b2158104/html,13,SAN BERNARDO,https://www.contraloria.cl/SicaProd/SICAv3-BIFAPortalCGR/faces/newDetalleInforme?docIdcm=717e5c0eb92c16238989b703b2158104,C,Informe Final de Auditoría,26796,https://www.contraloria.cl/SicaProd/SICAv3-BIFAPortalCGR/servletfichainformegoogle?docIdcm=717e5c0eb92c16238989b703b2158104&pdf=1
52204,13401,2018-12-07 00:00:00.0,MUNICIPALIDAD DE SAN BERNARDO,2018,627,INFORME FINAL N° 627-2018 MUNICIPALIDAD DE SAN BERNARDO SOBRE AUDITORIA A LOS CONTRATOS DE OBRA FINANCIADO POR LA MUNICIPALIDAD DE SAN BERNARDO .,https://www.contraloria.cl/pdfbuscador/auditoria/38f35b0bf4f0b6841d00ff4904562193/html,13,SAN BERNARDO,https://www.contraloria.cl/SicaProd/SICAv3-BIFAPortalCGR/faces/newDetalleInforme?docIdcm=38f35b0bf4f0b6841d00ff4904562193,C,Informe Final de Auditoría,26847,https://www.contraloria.cl/SicaProd/SICAv3-BIFAPortalCGR/servletfichainformegoogle?docIdcm=38f35b0bf4f0b6841d00ff4904562193&pdf=1
55609,13401,2019-06-25 00:00:00.0,MUNICIPALIDAD DE SAN BERNARDO,2019,235,INFORME FINAL N° 235 DE 2019 AUDITORIA AL PROCESO DE OTORGAMIENTO DE PERMISOS DE EDIFICACIÓN EN LA MUNICIPALIDAD DE SAN BERNARDO JUNIO - 2019,https://www.contraloria.cl/pdfbuscador/auditoria/55de4bc9aafb45611039372bdf4c292e/html,13,SAN BERNARDO,https://www.contraloria.cl/SicaProd/SICAv3-BIFAPortalCGR/faces/newDetalleInforme?docIdcm=55de4bc9aafb45611039372bdf4c292e,C,Informe Final de Auditoría,29268,https://www.contraloria.cl/SicaProd/SICAv3-BIFAPortalCGR/servletfichainformegoogle?docIdcm=55de4bc9aafb45611039372bdf4c292e&pdf=1
59342,13401,2019-12-17 00:00:00.0,CORPORACION MUNICIPAL SAN BERNARDO,2019,885,INFORME FINAL N° 885-2019 - CORPORACION MUNICIPAL DE EDUCACION Y SALUD DE SAN BERNARDO - SOBRE AUDITORIA AL PROGRAMA DE SERVICIO DE ATENCION PRIMARIA DE URGENCIA - DICIEMBRE 2019,https://www.contraloria.cl/pdfbuscador/auditoria/a466fb97fdd8244a2b01018e8b2aac5c/html,13,SAN BERNARDO,https://www.contraloria.cl/SicaProd/SICAv3-BIFAPortalCGR/faces/newDetalleInforme?docIdcm=a466fb97fdd8244a2b01018e8b2aac5c,C,Informe Final de Auditoría,30771,https://www.contraloria.cl/SicaProd/SICAv3-BIFAPortalCGR/servletfichainformegoogle?docIdcm=a466fb97fdd8244a2b01018e8b2aac5c&pdf=1
67327,13401,2020-03-16 00:00:00.0,MUNICIPALIDAD DE SAN BERNARDO,2020,68,"INFORME DE INSPECCIÓN DE OBRA PÚBLICA 68-20 MUNICIPALIDAD DE SAN BERNARDO SOBRE INSPECCIÓN A LAS OBRAS DEL CONTRATO DENOMINADO ""MEJORAMIENTO PARQUE COLÓN, 2da ETAPA, COMUNA DE SAN BERNARDO-MARZO 2020",https://www.contraloria.cl/pdfbuscador/auditoria/0503c44438e771abe4a5b045e4956fb8/html,13,SAN BERNARDO,https://www.contraloria.cl/SicaProd/SICAv3-BIFAPortalCGR/faces/newDetalleInforme?docIdcm=0503c44438e771abe4a5b045e4956fb8,C,Informe de Inspección de Obra Pública,32387,https://www.contraloria.cl/SicaProd/SICAv3-BIFAPortalCGR/servletfichainformegoogle?docIdcm=0503c44438e771abe4a5b045e4956fb8&pdf=1