IDACTIVIDAD,CODIGOSUBDERE,FECHAINFORME,NOMBRESERVICIO,ANOINFORME,NUMEROINFORME,MATERIAINFORME,FICHAINFORMEBIFA,C_REG_SUBDERE,NOMBRESUBDERE,FICHAINFORME,TIPOSUBDERE,TIPOINFORME,IDINFORME,PDFINFORME
21379,10306,2015-05-28 00:00:00.0,MUNICIPALIDAD DE SAN JUAN DE LA COSTA,2015,141,INFORME FINAL 141-15 MUNICIPALIDAD DE SAN JUAN DE LA COSTA AUDITORIA SITUACION FINANCIERA PERIODO 2013 Y 2014 - MAYO 2015,https://www.contraloria.cl/pdfbuscador/auditoria/2e17997eb72304dbd64eb1fe6e130e85/html,10,SAN JUAN DE LA COSTA,https://www.contraloria.cl/SicaProd/SICAv3-BIFAPortalCGR/faces/newDetalleInforme?docIdcm=2e17997eb72304dbd64eb1fe6e130e85,C,Informe Final de Auditoría,14113,https://www.contraloria.cl/SicaProd/SICAv3-BIFAPortalCGR/servletfichainformegoogle?docIdcm=2e17997eb72304dbd64eb1fe6e130e85&pdf=1
30614,10306,2015-08-19 00:00:00.0,MUNICIPALIDAD DE SAN JUAN DE LA COSTA,2015,609,INFORME INVESTIGACION ESPECIAL 609-15 MUNICIPALIDAD DE SAN JUAN DE LA COSTA EVENTUALES IRREGULARIDADES EN CAPTACION DE PERMISOS DE CIRCULACION - AGOSTO 2015,https://www.contraloria.cl/pdfbuscador/auditoria/309bf4d341380e093040fbb62ed38ea4/html,10,SAN JUAN DE LA COSTA,https://www.contraloria.cl/SicaProd/SICAv3-BIFAPortalCGR/faces/newDetalleInforme?docIdcm=309bf4d341380e093040fbb62ed38ea4,C,Informe de Investigación Especial,14622,https://www.contraloria.cl/SicaProd/SICAv3-BIFAPortalCGR/servletfichainformegoogle?docIdcm=309bf4d341380e093040fbb62ed38ea4&pdf=1
28863,10306,2015-08-28 00:00:00.0,MUNICIPALIDAD DE SAN JUAN DE LA COSTA,2015,638,INFORME FINAL 638-15 MUNICIPALIDAD DE SAN JUAN DE LA COSTA - SOBRE AUDITORIA A LAS CONTRATACIONES DE HONORARIOS EN PROGRAMAS COMUNITARIOS - AGOSTO 2015,https://www.contraloria.cl/pdfbuscador/auditoria/557b47653f696ef5ba4a3ba6d448faf5/html,10,SAN JUAN DE LA COSTA,https://www.contraloria.cl/SicaProd/SICAv3-BIFAPortalCGR/faces/newDetalleInforme?docIdcm=557b47653f696ef5ba4a3ba6d448faf5,C,Informe Final de Auditoría,14749,https://www.contraloria.cl/SicaProd/SICAv3-BIFAPortalCGR/servletfichainformegoogle?docIdcm=557b47653f696ef5ba4a3ba6d448faf5&pdf=1
31276,10306,2015-10-30 00:00:00.0,MUNICIPALIDAD DE SAN JUAN DE LA COSTA,2015,931,INFORME INVESTIGACION ESPECIAL 931-15 MUNICIPALIDAD DE SAN JUAN DE LA COSTA INCUMPLIMIENTO PAGO COTIZACIONES PREVISIONALES EN DAEM - OCTUBRE 2015,https://www.contraloria.cl/pdfbuscador/auditoria/9265f5720ba9206820e3da13f15044ea/html,10,SAN JUAN DE LA COSTA,https://www.contraloria.cl/SicaProd/SICAv3-BIFAPortalCGR/faces/newDetalleInforme?docIdcm=9265f5720ba9206820e3da13f15044ea,C,Informe de Investigación Especial,15697,https://www.contraloria.cl/SicaProd/SICAv3-BIFAPortalCGR/servletfichainformegoogle?docIdcm=9265f5720ba9206820e3da13f15044ea&pdf=1
54093,10306,2019-10-30 00:00:00.0,MUNICIPALIDAD DE SAN JUAN DE LA COSTA,2019,643,INFORME DE INVESTIGACION ESPECIAL 643-19 MUNICIPALIDAD DE SAN JUAN DE LA COSTA PAGO DE SERVICIOS DE TRASLADO DE FAMILIARES A FUNERALES - OCTUBRE 2019,https://www.contraloria.cl/pdfbuscador/auditoria/fc2e6c29645c1f6a1aed09fc604330a8/html,10,SAN JUAN DE LA COSTA,https://www.contraloria.cl/SicaProd/SICAv3-BIFAPortalCGR/faces/newDetalleInforme?docIdcm=fc2e6c29645c1f6a1aed09fc604330a8,C,Informe de Investigación Especial,30198,https://www.contraloria.cl/SicaProd/SICAv3-BIFAPortalCGR/servletfichainformegoogle?docIdcm=fc2e6c29645c1f6a1aed09fc604330a8&pdf=1