IDACTIVIDAD,CODIGOSUBDERE,FECHAINFORME,NOMBRESERVICIO,ANOINFORME,NUMEROINFORME,MATERIAINFORME,FICHAINFORMEBIFA,C_REG_SUBDERE,NOMBRESUBDERE,FICHAINFORME,TIPOSUBDERE,TIPOINFORME,IDINFORME,PDFINFORME
30049,05601,2015-08-05 00:00:00.0,MUNICIPALIDAD DE SAN ANTONIO,2015,640,INFORME INVESTIGACIÓN ESPECIAL 640-15 MUNICIPALIDAD DE SAN ANTONIO SOBRE PRESUNTAS IRREGULARIDADES EN GASTOS INDEBIDOS EN DIFUSIÓN Y PUBLICIDAD - AGOSTO 2015,https://www.contraloria.cl/pdfbuscador/auditoria/ca0b33ab810ed3b81d14da2ad4f6e3c7/html,05,SAN ANTONIO,https://www.contraloria.cl/SicaProd/SICAv3-BIFAPortalCGR/faces/newDetalleInforme?docIdcm=ca0b33ab810ed3b81d14da2ad4f6e3c7,C,Informe de Investigación Especial,14465,https://www.contraloria.cl/SicaProd/SICAv3-BIFAPortalCGR/servletfichainformegoogle?docIdcm=ca0b33ab810ed3b81d14da2ad4f6e3c7&pdf=1
20232,05601,2015-11-09 00:00:00.0,DEPARTAMENTO DE EDUCACION DE SAN ANTONIO,2015,938,INFORME INVESTIGACIÓN ESPECIAL 938-15 DEPARTAMENTO DE ADMINISTRACIÓN DE EDUCACIÓN MUNICIPAL DE SAN ANTONIO SOBRE PRESUNTAS IRREGULARIDADES - NOVIEMBRE 2015,https://www.contraloria.cl/pdfbuscador/auditoria/a9484659375e282d3328f53f808cba66/html,05,SAN ANTONIO,https://www.contraloria.cl/SicaProd/SICAv3-BIFAPortalCGR/faces/newDetalleInforme?docIdcm=a9484659375e282d3328f53f808cba66,C,Informe de Investigación Especial,15878,https://www.contraloria.cl/SicaProd/SICAv3-BIFAPortalCGR/servletfichainformegoogle?docIdcm=a9484659375e282d3328f53f808cba66&pdf=1
35312,05601,2016-04-04 00:00:00.0,MUNICIPALIDAD DE SAN ANTONIO,2016,32,"INFORME DE INVESTIGACIÓN ESPECIAL 32-16 MUNICIPALIDAD DE SAN ANTONIO, SOBRE APROBACIÓN DE COMETIDO FUNCIONARIO AL EXTRANJERO Y PAGO DE VIATICO A CONCEJAL - ABRIL 2016",https://www.contraloria.cl/pdfbuscador/auditoria/0896def969fe3d5494e1ace871f260be/html,05,SAN ANTONIO,https://www.contraloria.cl/SicaProd/SICAv3-BIFAPortalCGR/faces/newDetalleInforme?docIdcm=0896def969fe3d5494e1ace871f260be,C,Informe de Investigación Especial,17612,https://www.contraloria.cl/SicaProd/SICAv3-BIFAPortalCGR/servletfichainformegoogle?docIdcm=0896def969fe3d5494e1ace871f260be&pdf=1
34973,05601,2016-10-21 00:00:00.0,MUNICIPALIDAD DE SAN ANTONIO,2016,814,INFORME FINAL 814-16 MUNICIPALIDAD DE SAN ANTONIO - AUDITORÍA AL GASTO EN PERIODO ELECTORAL - USO DE BIENES - VEHÍCULOS - RRHH - RECURSOS FÍSICOS Y FINANCIEROS - OCTUBRE 2016,https://www.contraloria.cl/pdfbuscador/auditoria/4279016137a3dc8e40997a446ab51315/html,05,SAN ANTONIO,https://www.contraloria.cl/SicaProd/SICAv3-BIFAPortalCGR/faces/newDetalleInforme?docIdcm=4279016137a3dc8e40997a446ab51315,C,Informe Final de Auditoría,19217,https://www.contraloria.cl/SicaProd/SICAv3-BIFAPortalCGR/servletfichainformegoogle?docIdcm=4279016137a3dc8e40997a446ab51315&pdf=1
34841,05601,2016-12-21 00:00:00.0,MUNICIPALIDAD DE SAN ANTONIO,2016,971,INFORME FINAL 971-16 MUNICIPALIDAD DE SAN ANTONIO SOBRE AUDITORÍA A LOS CONTRATOS DE INFRAESTRUCTURA EJECUTADOS - DICIEMBRE 2016,https://www.contraloria.cl/pdfbuscador/auditoria/e72023d2f45d4bcc6cb4b115ebaed3ba/html,05,SAN ANTONIO,https://www.contraloria.cl/SicaProd/SICAv3-BIFAPortalCGR/faces/newDetalleInforme?docIdcm=e72023d2f45d4bcc6cb4b115ebaed3ba,C,Informe Final de Auditoría,19944,https://www.contraloria.cl/SicaProd/SICAv3-BIFAPortalCGR/servletfichainformegoogle?docIdcm=e72023d2f45d4bcc6cb4b115ebaed3ba&pdf=1
52701,05601,2018-12-11 00:00:00.0,MUNICIPALIDAD DE SAN ANTONIO,2018,767,INFORME FINAL DE INVESTIGACIÓN ESPECIAL 767-18 MUNICIPALIDAD DE SAN ANTONIO SOBRE EVENTUALES IRREGULARIDADES - DICIEMBRE 2018,https://www.contraloria.cl/pdfbuscador/auditoria/38f535d31af1ee5a2ffac34fee1215a3/html,05,SAN ANTONIO,https://www.contraloria.cl/SicaProd/SICAv3-BIFAPortalCGR/faces/newDetalleInforme?docIdcm=38f535d31af1ee5a2ffac34fee1215a3,C,Informe de Investigación Especial,26851,https://www.contraloria.cl/SicaProd/SICAv3-BIFAPortalCGR/servletfichainformegoogle?docIdcm=38f535d31af1ee5a2ffac34fee1215a3&pdf=1
67034,05601,2020-02-04 00:00:00.0,MUNICIPALIDAD DE SAN ANTONIO,2019,1074,INFORME FINAL DE INVESTIGACIÓN ESPECIAL 1.074-19 MUNICIPALIDAD DE SAN ANTONIO SOBRE EVENTUALES IRREGULARIDADES EN EL FESTIVAL VOCES DEL LITORAL DE LOS POETAS - FEBRERO 2020,https://www.contraloria.cl/pdfbuscador/auditoria/5cc336ab1f805c8f8cac402459ea8832/html,05,SAN ANTONIO,https://www.contraloria.cl/SicaProd/SICAv3-BIFAPortalCGR/faces/newDetalleInforme?docIdcm=5cc336ab1f805c8f8cac402459ea8832,C,Informe de Investigación Especial,31187,https://www.contraloria.cl/SicaProd/SICAv3-BIFAPortalCGR/servletfichainformegoogle?docIdcm=5cc336ab1f805c8f8cac402459ea8832&pdf=1
67530,05601,2020-04-08 00:00:00.0,MUNICIPALIDAD DE SAN ANTONIO,2020,4,INFORME FINAL DE INVESTIGACIÓN ESPECIAL 4-20 MUNICIPALIDAD DE SAN ANTONIO SOBRE EVENTUALES IRREGULARIDADES EN CAPACITACIONES EN EL EXTRANJERO DE CONCEJALES - ABRIL 2020,https://www.contraloria.cl/pdfbuscador/auditoria/6be2c15efd14886624c1b78c52ede2bb/html,05,SAN ANTONIO,https://www.contraloria.cl/SicaProd/SICAv3-BIFAPortalCGR/faces/newDetalleInforme?docIdcm=6be2c15efd14886624c1b78c52ede2bb,C,Informe de Investigación Especial,32242,https://www.contraloria.cl/SicaProd/SICAv3-BIFAPortalCGR/servletfichainformegoogle?docIdcm=6be2c15efd14886624c1b78c52ede2bb&pdf=1
67221,05601,2020-03-04 00:00:00.0,MUNICIPALIDAD DE SAN ANTONIO,2020,30,INFORME FINAL DE INVESTIGACIÓN ESPECIAL 30-20 MUNICIPALIDAD DE SAN ANTONIO SOBRE EVENTUALES IRREGULARIDADES EN LA OBTENCIÓN DE BENEFICIOS SOCIALES POR PARTE DE UNA CONCEJALA - MARZO 2020 ,https://www.contraloria.cl/pdfbuscador/auditoria/91213c99aef2688496e68cb46439304f/html,05,SAN ANTONIO,https://www.contraloria.cl/SicaProd/SICAv3-BIFAPortalCGR/faces/newDetalleInforme?docIdcm=91213c99aef2688496e68cb46439304f,C,Informe de Investigación Especial,31845,https://www.contraloria.cl/SicaProd/SICAv3-BIFAPortalCGR/servletfichainformegoogle?docIdcm=91213c99aef2688496e68cb46439304f&pdf=1