IDACTIVIDAD,CODIGOSUBDERE,FECHAINFORME,NOMBRESERVICIO,ANOINFORME,NUMEROINFORME,MATERIAINFORME,FICHAINFORMEBIFA,C_REG_SUBDERE,NOMBRESUBDERE,FICHAINFORME,TIPOSUBDERE,TIPOINFORME,IDINFORME,PDFINFORME
28053,13130,2015-10-14 00:00:00.0,MUNICIPALIDAD DE SAN MIGUEL,2015,467,INFORME FINAL 467-15 MUNICIPALIDAD DE SAN MIGUEL SOBRE AUDITORIA A LOS GASTOS EFECTUADOS CON CARGO A LA CUENTA CONTABLE N° 215-31 DURANTE LOS AÑOS 2013 Y 2014 - OCTUBRE 2015,https://www.contraloria.cl/pdfbuscador/auditoria/b81e8875908e985792a9560fedea15e4/html,13,SAN MIGUEL,https://www.contraloria.cl/SicaProd/SICAv3-BIFAPortalCGR/faces/newDetalleInforme?docIdcm=b81e8875908e985792a9560fedea15e4,C,Informe Final de Auditoría,15418,https://www.contraloria.cl/SicaProd/SICAv3-BIFAPortalCGR/servletfichainformegoogle?docIdcm=b81e8875908e985792a9560fedea15e4&pdf=1
34343,13130,2016-08-11 00:00:00.0,MUNICIPALIDAD DE SAN MIGUEL,2016,151,INFORME FINAL 151-16 MUNICIPALIDAD DE SAN MIGUEL - SOBRE AUDITORIA AL MACROPROCESO DE CONCESIONES Y CUMPLIMIENTO DE LA LEY NRO. 20.730 - AGOSTO 2016,https://www.contraloria.cl/pdfbuscador/auditoria/45e26ef1ddaafde28789d77fad276fa7/html,13,SAN MIGUEL,https://www.contraloria.cl/SicaProd/SICAv3-BIFAPortalCGR/faces/newDetalleInforme?docIdcm=45e26ef1ddaafde28789d77fad276fa7,C,Informe Final de Auditoría,18636,https://www.contraloria.cl/SicaProd/SICAv3-BIFAPortalCGR/servletfichainformegoogle?docIdcm=45e26ef1ddaafde28789d77fad276fa7&pdf=1
38246,13130,2016-12-07 00:00:00.0,MUNICIPALIDAD DE SAN MIGUEL,2016,964,INFORME FINAL 964-2016 MUNICIPALIDAD DE SAN MIGUEL SOBRE AUDITORIA AL PROCESO DE OTORGAMIENTO DE PERMISOS DE CIRCULACIÓN EN LA MUNICIPALIDAD DE SAN MIGUEL - DICIEMBRE 2016,https://www.contraloria.cl/pdfbuscador/auditoria/44cdfd4e45acb780942c6301e049d0bf/html,13,SAN MIGUEL,https://www.contraloria.cl/SicaProd/SICAv3-BIFAPortalCGR/faces/newDetalleInforme?docIdcm=44cdfd4e45acb780942c6301e049d0bf,C,Informe Final de Auditoría,20649,https://www.contraloria.cl/SicaProd/SICAv3-BIFAPortalCGR/servletfichainformegoogle?docIdcm=44cdfd4e45acb780942c6301e049d0bf&pdf=1
38378,13130,2016-12-30 00:00:00.0,MUNICIPALIDAD DE SAN MIGUEL,2016,1000,INFORME FINAL DE INVESTIGACION ESPECIAL 1000-2016 MUNICIPALIDAD DE SAN MIGUEL SOBRE ADQUISICION DE ELEMENTOS PUBLICITARIOS EN LA MUNICIPALIDAD DE SAN MIGUEL - DICIEMBRE 2016,https://www.contraloria.cl/pdfbuscador/auditoria/ce1b1b5852b95e611e4ea12f0aab3cc9/html,13,SAN MIGUEL,https://www.contraloria.cl/SicaProd/SICAv3-BIFAPortalCGR/faces/newDetalleInforme?docIdcm=ce1b1b5852b95e611e4ea12f0aab3cc9,C,Informe de Investigación Especial,20526,https://www.contraloria.cl/SicaProd/SICAv3-BIFAPortalCGR/servletfichainformegoogle?docIdcm=ce1b1b5852b95e611e4ea12f0aab3cc9&pdf=1
41797,13130,2017-07-19 00:00:00.0,MUNICIPALIDAD DE SAN MIGUEL,2017,291,"INFORME FINAL N° 291 DE 2017, SOBRE AUDITORÍA A LOS PERMISOS DE EDIFICACIÓN OTORGADOS POR LA MUNICIPALIDAD DE SAN MIGUEL DURANTE EL AÑO 2016",https://www.contraloria.cl/pdfbuscador/auditoria/2fecd60e76dbeab22c633f946f359b1d/html,13,SAN MIGUEL,https://www.contraloria.cl/SicaProd/SICAv3-BIFAPortalCGR/faces/newDetalleInforme?docIdcm=2fecd60e76dbeab22c633f946f359b1d,C,Informe Final de Auditoría,21424,https://www.contraloria.cl/SicaProd/SICAv3-BIFAPortalCGR/servletfichainformegoogle?docIdcm=2fecd60e76dbeab22c633f946f359b1d&pdf=1
52896,13130,2019-06-03 00:00:00.0,MUNICIPALIDAD DE SAN MIGUEL,2018,882,"INFORME FINAL N° 882, DE 2018, SOBRE AUDITORÍA A LOS INGRESOS POR RECUPERACIÓN Y REEMBOLSO DE LICENCIAS MÉDICAS EN LA MUNICIPALIDAD DE SAN MIGUEL",https://www.contraloria.cl/pdfbuscador/auditoria/1717b8037dbb718b76c114dcae57a2d8/html,13,SAN MIGUEL,https://www.contraloria.cl/SicaProd/SICAv3-BIFAPortalCGR/faces/newDetalleInforme?docIdcm=1717b8037dbb718b76c114dcae57a2d8,C,Informe Final de Auditoría,29043,https://www.contraloria.cl/SicaProd/SICAv3-BIFAPortalCGR/servletfichainformegoogle?docIdcm=1717b8037dbb718b76c114dcae57a2d8&pdf=1
58588,13130,2020-03-05 00:00:00.0,CORPORACION MUNICIPAL SAN MIGUEL,2019,649,INFORME FINAL DE INVESTIGACIÓN ESPECIAL 649-2019 CORPORACIÓN MUNICIPAL DE SAN MIGUEL SOBRE EVENTUALES IRREGULARIDADES EN EL CUMPLIMIENTO DEL CONVENIO EJECUTADO POR LA CORPORACIÓN MUNICIPAL DE SAN MIGUEL - MARZO 2020,https://www.contraloria.cl/pdfbuscador/auditoria/e102198f2f1df63358bd0cbdd6f31eea/html,13,SAN MIGUEL,https://www.contraloria.cl/SicaProd/SICAv3-BIFAPortalCGR/faces/newDetalleInforme?docIdcm=e102198f2f1df63358bd0cbdd6f31eea,C,Informe de Investigación Especial,31904,https://www.contraloria.cl/SicaProd/SICAv3-BIFAPortalCGR/servletfichainformegoogle?docIdcm=e102198f2f1df63358bd0cbdd6f31eea&pdf=1
67520,13130,2020-03-28 00:00:00.0,MUNICIPALIDAD DE SAN MIGUEL,2019,977,"INFORME FINAL N° 977 DE 2019, SOBRE INSPECCIÓN DE OBRA PÚBLICA AL CONTRATO ""REPOSICIÓN ESTADIO LA MONTURA"" EJECUTADO POR LA MUNICIPALIDAD DE SAN MIGUEL.",https://www.contraloria.cl/pdfbuscador/auditoria/83ee9413df8810d615b9265739df638d/html,13,SAN MIGUEL,https://www.contraloria.cl/SicaProd/SICAv3-BIFAPortalCGR/faces/newDetalleInforme?docIdcm=83ee9413df8810d615b9265739df638d,C,Informe de Inspección de Obra Pública,31855,https://www.contraloria.cl/SicaProd/SICAv3-BIFAPortalCGR/servletfichainformegoogle?docIdcm=83ee9413df8810d615b9265739df638d&pdf=1