IDACTIVIDAD,CODIGOSUBDERE,FECHAINFORME,NOMBRESERVICIO,ANOINFORME,NUMEROINFORME,MATERIAINFORME,FICHAINFORMEBIFA,C_REG_SUBDERE,NOMBRESUBDERE,FICHAINFORME,TIPOSUBDERE,TIPOINFORME,IDINFORME,PDFINFORME
28320,16108,2015-12-30 00:00:00.0,MUNICIPALIDAD DE SAN IGNACIO,2015,888,INFORME INVESTIGACIÓN ESPECIAL 888 - 15 MUNICIPALIDAD DE SAN IGNACIO SOBRE EVENTUALES IRREGULARIDADES - DICIEMBRE 2015,https://www.contraloria.cl/pdfbuscador/auditoria/b8617e69a9cff922ee3c75400a2f5361/html,16,SAN IGNACIO,https://www.contraloria.cl/SicaProd/SICAv3-BIFAPortalCGR/faces/newDetalleInforme?docIdcm=b8617e69a9cff922ee3c75400a2f5361,C,Informe de Investigación Especial,16869,https://www.contraloria.cl/SicaProd/SICAv3-BIFAPortalCGR/servletfichainformegoogle?docIdcm=b8617e69a9cff922ee3c75400a2f5361&pdf=1
35298,16108,2016-11-04 00:00:00.0,MUNICIPALIDAD DE SAN IGNACIO,2016,355,INFORME INVESTIGACIÓN ESPECIAL 355-16 MUNICIPALIDAD DE SAN IGNACIO SOBRE ACTUACIONES PRESUNTAMENTE IRREGULARIDADES - NOVIEMBRE 2016,https://www.contraloria.cl/pdfbuscador/auditoria/4e43f83c3bb8b00d4f1052bd8a06518d/html,16,SAN IGNACIO,https://www.contraloria.cl/SicaProd/SICAv3-BIFAPortalCGR/faces/newDetalleInforme?docIdcm=4e43f83c3bb8b00d4f1052bd8a06518d,C,Informe de Investigación Especial,19381,https://www.contraloria.cl/SicaProd/SICAv3-BIFAPortalCGR/servletfichainformegoogle?docIdcm=4e43f83c3bb8b00d4f1052bd8a06518d&pdf=1
42294,16108,2017-09-08 00:00:00.0,MUNICIPALIDAD DE SAN IGNACIO,2017,209,INFORME FINAL 209-17 MUNICIPALIDAD DE SAN IGNACIO AUDITORÍA A LOS PROCESOS DE FINANZAS Y ADQUISICIONES DE BIENES Y SERVICIOS - SEPTIEMBRE 2017,https://www.contraloria.cl/pdfbuscador/auditoria/0d3eb0b9213b92291d27299b0b4d39b3/html,16,SAN IGNACIO,https://www.contraloria.cl/SicaProd/SICAv3-BIFAPortalCGR/faces/newDetalleInforme?docIdcm=0d3eb0b9213b92291d27299b0b4d39b3,C,Informe Final de Auditoría,21745,https://www.contraloria.cl/SicaProd/SICAv3-BIFAPortalCGR/servletfichainformegoogle?docIdcm=0d3eb0b9213b92291d27299b0b4d39b3&pdf=1
43611,16108,2017-08-04 00:00:00.0,MUNICIPALIDAD DE SAN IGNACIO,2017,259,INFORME INVESTIGACIÓN ESPECIAL 259-17 MUNICIPALIDAD DE SAN IGNACIO SOBRE EVENTUALIDADES IRREGULARIDADES EN DOCENTES - AGOSTO 2017,https://www.contraloria.cl/pdfbuscador/auditoria/2e50ada18316e9ae83dba9b4661c6dbd/html,16,SAN IGNACIO,https://www.contraloria.cl/SicaProd/SICAv3-BIFAPortalCGR/faces/newDetalleInforme?docIdcm=2e50ada18316e9ae83dba9b4661c6dbd,C,Informe de Investigación Especial,21519,https://www.contraloria.cl/SicaProd/SICAv3-BIFAPortalCGR/servletfichainformegoogle?docIdcm=2e50ada18316e9ae83dba9b4661c6dbd&pdf=1
46350,16108,2017-12-15 00:00:00.0,MUNICIPALIDAD DE SAN IGNACIO,2017,783,INFORME INVESTIGACIÓN ESPECIAL 783-17 DAEM MUNCIPALIDAD DE SAN IGNACIO SOBRE PRESUNTAS IRREGULARIDADES - DICIEMBRE 2017,https://www.contraloria.cl/pdfbuscador/auditoria/be5ffd145111d423f168c0941dd4525a/html,16,SAN IGNACIO,https://www.contraloria.cl/SicaProd/SICAv3-BIFAPortalCGR/faces/newDetalleInforme?docIdcm=be5ffd145111d423f168c0941dd4525a,C,Informe de Investigación Especial,22451,https://www.contraloria.cl/SicaProd/SICAv3-BIFAPortalCGR/servletfichainformegoogle?docIdcm=be5ffd145111d423f168c0941dd4525a&pdf=1
50233,16108,2018-07-13 00:00:00.0,MUNICIPALIDAD DE SAN IGNACIO,2018,157,INFORME DE INSPECCIÓN OBRA PÚBLICA 157-18 MUNICIPALIDAD DE SAN IGNACIO SOBRE NORMALIZACIÓN CENTRO DE SALUD FAMILIAR SAN IGNACIO - JULIO 2018,https://www.contraloria.cl/pdfbuscador/auditoria/ce112f02e767652bc7fe022c9ea4a790/html,16,SAN IGNACIO,https://www.contraloria.cl/SicaProd/SICAv3-BIFAPortalCGR/faces/newDetalleInforme?docIdcm=ce112f02e767652bc7fe022c9ea4a790,C,Informe de Inspección de Obra Pública,24907,https://www.contraloria.cl/SicaProd/SICAv3-BIFAPortalCGR/servletfichainformegoogle?docIdcm=ce112f02e767652bc7fe022c9ea4a790&pdf=1
49804,16108,2018-09-11 00:00:00.0,MUNICIPALIDAD DE SAN IGNACIO,2018,198,INFORME FINAL 198-18 MUNICIPALIDAD DE SAN IGNACIO SOBRE AUDITORÍA AL MACROPROCESO DE TECNOLOGÍAS DE LA INFORMACIÓN  - SEPTIEMBRE 2018,https://www.contraloria.cl/pdfbuscador/auditoria/c1df2b2938a53b295f7eb09fd9d3ee4d/html,16,SAN IGNACIO,https://www.contraloria.cl/SicaProd/SICAv3-BIFAPortalCGR/faces/newDetalleInforme?docIdcm=c1df2b2938a53b295f7eb09fd9d3ee4d,C,Informe Final de Auditoría,26028,https://www.contraloria.cl/SicaProd/SICAv3-BIFAPortalCGR/servletfichainformegoogle?docIdcm=c1df2b2938a53b295f7eb09fd9d3ee4d&pdf=1