IDACTIVIDAD,CODIGOSUBDERE,FECHAINFORME,NOMBRESERVICIO,ANOINFORME,NUMEROINFORME,MATERIAINFORME,FICHAINFORMEBIFA,C_REG_SUBDERE,NOMBRESUBDERE,FICHAINFORME,TIPOSUBDERE,TIPOINFORME,IDINFORME,PDFINFORME
28052,13505,2016-01-25 00:00:00.0,MUNICIPALIDAD DE SAN PEDRO,2015,571,IINFORME FINAL 571-15 MUNICIPALIDAD DE SAN PEDRO CONSTRUCCION DEL CONSULTORIO GENERAL RURAL DE SAN PEDRO Y OTRAS OBRAS-ENERO 2016.,https://www.contraloria.cl/pdfbuscador/auditoria/0a983f3c035d36fdf24fb27992188e88/html,13,SAN PEDRO,https://www.contraloria.cl/SicaProd/SICAv3-BIFAPortalCGR/faces/newDetalleInforme?docIdcm=0a983f3c035d36fdf24fb27992188e88,C,Informe Final de Auditoría,17142,https://www.contraloria.cl/SicaProd/SICAv3-BIFAPortalCGR/servletfichainformegoogle?docIdcm=0a983f3c035d36fdf24fb27992188e88&pdf=1
32032,13505,2016-02-02 00:00:00.0,DEPARTAMENTO DE EDUCACION DE SAN PEDRO,2015,1224,"INFORME FINAL 1.224-15 DEPARTAMENTO DE EDUCACION DE SAN PEDRO - SOBRE AUDITORIA A LOS RECURSOS DE LA LEY N° 20.248, SUBVENCION ESCOLAR PREFERENCIAL SEP - FEBRERO 2016",https://www.contraloria.cl/pdfbuscador/auditoria/91efd115badd4743de6901bc68ab8ee2/html,13,SAN PEDRO,https://www.contraloria.cl/SicaProd/SICAv3-BIFAPortalCGR/faces/newDetalleInforme?docIdcm=91efd115badd4743de6901bc68ab8ee2,C,Informe Final de Auditoría,17139,https://www.contraloria.cl/SicaProd/SICAv3-BIFAPortalCGR/servletfichainformegoogle?docIdcm=91efd115badd4743de6901bc68ab8ee2&pdf=1
49462,13505,2018-07-11 00:00:00.0,MUNICIPALIDAD DE SAN PEDRO,2018,302,"INFORME FINAL 302-2018 MUNICIPALIDAD DE SAN PEDRO SOBRE AUDITORIA AL PROCESO DE FORMULACIÓN, EJECUCIÓN Y CONTROL DEL PRESUPUESTO GESTIÓN MUNICIPAL-JULIO 2018",https://www.contraloria.cl/pdfbuscador/auditoria/ed10f989e2d6df169c3c23fa848bb158/html,13,SAN PEDRO,https://www.contraloria.cl/SicaProd/SICAv3-BIFAPortalCGR/faces/newDetalleInforme?docIdcm=ed10f989e2d6df169c3c23fa848bb158,C,Informe Final de Auditoría,24904,https://www.contraloria.cl/SicaProd/SICAv3-BIFAPortalCGR/servletfichainformegoogle?docIdcm=ed10f989e2d6df169c3c23fa848bb158&pdf=1
51267,13505,2018-12-04 00:00:00.0,DEPARTAMENTO DE EDUCACION DE SAN PEDRO,2018,645,INFORME FINAL 645-2018 DEPARTAMENTO DE EDUCACIÓN EN LA MUNICIPALIDAD DE SAN PEDRO SOBRE AUDITORIA AL FONDO DE APOYO A LA EDUCACIÓN PUBLICA -DICIEMBRE 2018,https://www.contraloria.cl/pdfbuscador/auditoria/172ec27d550e0e8dc7aebaa92d41dab1/html,13,SAN PEDRO,https://www.contraloria.cl/SicaProd/SICAv3-BIFAPortalCGR/faces/newDetalleInforme?docIdcm=172ec27d550e0e8dc7aebaa92d41dab1,C,Informe Final de Auditoría,26864,https://www.contraloria.cl/SicaProd/SICAv3-BIFAPortalCGR/servletfichainformegoogle?docIdcm=172ec27d550e0e8dc7aebaa92d41dab1&pdf=1
56200,13505,2019-06-26 00:00:00.0,MUNICIPALIDAD DE SAN PEDRO,2019,165,"INFORME FINAL N° 165-2019, SOBRE AUDITORÍA AL ESTADO DE LA INFRAESTRUCTURA DE LOS ESTABLECIMIENTOS DE ATENCIÓN PRIMARIA DE SALUD, DEPENDIENTES DEL DEPARTAMENTO DE SALUD DE LA MUNICIPALIDAD DE SAN PEDRO",https://www.contraloria.cl/pdfbuscador/auditoria/60e74ac0d98cc9d7e7fe1763a753ceb6/html,13,SAN PEDRO,https://www.contraloria.cl/SicaProd/SICAv3-BIFAPortalCGR/faces/newDetalleInforme?docIdcm=60e74ac0d98cc9d7e7fe1763a753ceb6,C,Informe Final de Auditoría,29666,https://www.contraloria.cl/SicaProd/SICAv3-BIFAPortalCGR/servletfichainformegoogle?docIdcm=60e74ac0d98cc9d7e7fe1763a753ceb6&pdf=1