IDACTIVIDAD,CODIGOSUBDERE,FECHAINFORME,NOMBRESERVICIO,ANOINFORME,NUMEROINFORME,MATERIAINFORME,FICHAINFORMEBIFA,C_REG_SUBDERE,NOMBRESUBDERE,FICHAINFORME,TIPOSUBDERE,TIPOINFORME,IDINFORME,PDFINFORME
35106,05701,2016-08-18 00:00:00.0,MUNICIPALIDAD DE SAN FELIPE,2016,128,"INFORME INVESTIGACIÓN ESPECIAL 128-16 MUNICIPALIDAD DE SAN FELIPE SOBRE CONTRATACIÓN DE CONCEJALES, PAGO DE COTIZACIONES PREVISIONALES Y OTROS - AGOSTO 2016",https://www.contraloria.cl/pdfbuscador/auditoria/859f574a2be234b6307fc5726115d1b1/html,05,SAN FELIPE,https://www.contraloria.cl/SicaProd/SICAv3-BIFAPortalCGR/faces/newDetalleInforme?docIdcm=859f574a2be234b6307fc5726115d1b1,C,Informe de Investigación Especial,18682,https://www.contraloria.cl/SicaProd/SICAv3-BIFAPortalCGR/servletfichainformegoogle?docIdcm=859f574a2be234b6307fc5726115d1b1&pdf=1
35805,05701,2016-08-09 00:00:00.0,MUNICIPALIDAD DE SAN FELIPE,2016,415,INFORME INVESTIGACIÓN ESPECIAL 415-16 MUNICIPALIDAD DE SAN FELIPE SOBRE EXTRACCIÓN ILEGAL DE ÁRIDOS - AGOSTO 2016,https://www.contraloria.cl/pdfbuscador/auditoria/f6acefd43fcbbfc6d4f288a8c2950a5b/html,05,SAN FELIPE,https://www.contraloria.cl/SicaProd/SICAv3-BIFAPortalCGR/faces/newDetalleInforme?docIdcm=f6acefd43fcbbfc6d4f288a8c2950a5b,C,Informe de Investigación Especial,18634,https://www.contraloria.cl/SicaProd/SICAv3-BIFAPortalCGR/servletfichainformegoogle?docIdcm=f6acefd43fcbbfc6d4f288a8c2950a5b&pdf=1
34982,05701,2016-10-20 00:00:00.0,MUNICIPALIDAD DE SAN FELIPE,2016,738,INFORME FINAL 738-16 MUNICIPALIDAD DE SAN FELIPE - AUDITORÍA AL GASTO EN PERIODO ELECTORAL - USO DE BIENES - VEHÍCULOS - RRHH - RECURSOS FÍSICOS Y FINANCIEROS - OCTUBRE 2016,https://www.contraloria.cl/pdfbuscador/auditoria/b3b4b0239725e0c4cd42c707ecdfcf84/html,05,SAN FELIPE,https://www.contraloria.cl/SicaProd/SICAv3-BIFAPortalCGR/faces/newDetalleInforme?docIdcm=b3b4b0239725e0c4cd42c707ecdfcf84,C,Informe Final de Auditoría,19216,https://www.contraloria.cl/SicaProd/SICAv3-BIFAPortalCGR/servletfichainformegoogle?docIdcm=b3b4b0239725e0c4cd42c707ecdfcf84&pdf=1
38786,05701,2017-03-07 00:00:00.0,MUNICIPALIDAD DE SAN FELIPE,2016,1194,INFORME FINAL DE INVESTIGACIÓN ESPECIAL 1.194-16 MUNICIPALIDAD DE SAN FELIPE SOBRE EVENTUALES IRREGULARIDADES OCURRIDAS EN LA OFICINA DE PROGRAMAS Y PROYECTOS SOCIALES - MARZO 2017,https://www.contraloria.cl/pdfbuscador/auditoria/0a23ac2ee703d941b5c2291ccf32d1af/html,05,SAN FELIPE,https://www.contraloria.cl/SicaProd/SICAv3-BIFAPortalCGR/faces/newDetalleInforme?docIdcm=0a23ac2ee703d941b5c2291ccf32d1af,C,Informe de Investigación Especial,20581,https://www.contraloria.cl/SicaProd/SICAv3-BIFAPortalCGR/servletfichainformegoogle?docIdcm=0a23ac2ee703d941b5c2291ccf32d1af&pdf=1
39031,05701,2017-04-05 00:00:00.0,MUNICIPALIDAD DE SAN FELIPE,2017,46,INFORME FINAL DE INVESTIGACIÓN ESPECIAL 46-17 MUNICIPALIDAD DE SAN FELIPE SOBRE EVENTUALES IRREGULARIDADES - ABRIL 2017,https://www.contraloria.cl/pdfbuscador/auditoria/f56eaf2f057d4669177a1d225acc38d8/html,05,SAN FELIPE,https://www.contraloria.cl/SicaProd/SICAv3-BIFAPortalCGR/faces/newDetalleInforme?docIdcm=f56eaf2f057d4669177a1d225acc38d8,C,Informe de Investigación Especial,20786,https://www.contraloria.cl/SicaProd/SICAv3-BIFAPortalCGR/servletfichainformegoogle?docIdcm=f56eaf2f057d4669177a1d225acc38d8&pdf=1
41850,05701,2017-05-18 00:00:00.0,MUNICIPALIDAD DE SAN FELIPE,2017,251,INFORME FINAL DE INVESTIGACIÓN ESPECIAL 251-17 MUNICIPALIDAD DE SAN FELIPE SOBRE GASTOS DE FESTIVAL DE LA CANCION PALMENIA PIZARRO - MAYO 2017,https://www.contraloria.cl/pdfbuscador/auditoria/d4e42d75c40a7bb72871a30edf0b757e/html,05,SAN FELIPE,https://www.contraloria.cl/SicaProd/SICAv3-BIFAPortalCGR/faces/newDetalleInforme?docIdcm=d4e42d75c40a7bb72871a30edf0b757e,C,Informe de Investigación Especial,21027,https://www.contraloria.cl/SicaProd/SICAv3-BIFAPortalCGR/servletfichainformegoogle?docIdcm=d4e42d75c40a7bb72871a30edf0b757e&pdf=1
42080,05701,2017-06-05 00:00:00.0,MUNICIPALIDAD DE SAN FELIPE,2017,321,INFORME FINAL DE INVESTIGACIÓN ESPECIAL 321-17 MUNICIPALIDAD DE SAN FELIPE SOBRE IRREGULARIDADES EN LA EJECUCIÓN DEL CONTRATO DE MEJORAMIENTO Y MANTENCIÓN DE ALUMBRADO PÚBLICO - JUNIO 2017,https://www.contraloria.cl/pdfbuscador/auditoria/1fcbef612aa289f8473b1dddb6ec7207/html,05,SAN FELIPE,https://www.contraloria.cl/SicaProd/SICAv3-BIFAPortalCGR/faces/newDetalleInforme?docIdcm=1fcbef612aa289f8473b1dddb6ec7207,C,Informe de Investigación Especial,21093,https://www.contraloria.cl/SicaProd/SICAv3-BIFAPortalCGR/servletfichainformegoogle?docIdcm=1fcbef612aa289f8473b1dddb6ec7207&pdf=1
45744,05701,2017-12-27 00:00:00.0,MUNICIPALIDAD DE SAN FELIPE,2017,921,"INFORME FINAL 921-17 MUNICIPALIDAD DE LOS ANDES, CATEMU Y SAN FELIPE SOBRE AUDITORÍA A GASTOS DE RESIDUOS DOMICILIARIOS EN EL CENTRO DE TRAATAMIENTO INTEGRAL LA HORMIGA -  DICIEMBRE 2017",https://www.contraloria.cl/pdfbuscador/auditoria/7d0def72c89a97afc5a6a6a4bc3d9cd7/html,05,SAN FELIPE,https://www.contraloria.cl/SicaProd/SICAv3-BIFAPortalCGR/faces/newDetalleInforme?docIdcm=7d0def72c89a97afc5a6a6a4bc3d9cd7,C,Informe Final de Auditoría,22591,https://www.contraloria.cl/SicaProd/SICAv3-BIFAPortalCGR/servletfichainformegoogle?docIdcm=7d0def72c89a97afc5a6a6a4bc3d9cd7&pdf=1
49304,05701,2018-08-16 00:00:00.0,DEPARTAMENTO DE EDUCACION DE SAN FELIPE,2018,143,INFORME FINAL 143-18 DEPARTAMENTO DE ADMINISTRACIÓN DE EDUCACIÓN MUNICIPAL DE SAN FELIPE SOBRE AUDITORÍA A LOS RECURSOS OBTENIDOS POR SUBVENCIONES - AGOSTO 2018,https://www.contraloria.cl/pdfbuscador/auditoria/8145d38080ad4d3871454f8cc0e8acd2/html,05,SAN FELIPE,https://www.contraloria.cl/SicaProd/SICAv3-BIFAPortalCGR/faces/newDetalleInforme?docIdcm=8145d38080ad4d3871454f8cc0e8acd2,C,Informe Final de Auditoría,25381,https://www.contraloria.cl/SicaProd/SICAv3-BIFAPortalCGR/servletfichainformegoogle?docIdcm=8145d38080ad4d3871454f8cc0e8acd2&pdf=1
51059,05701,2018-06-22 00:00:00.0,MUNICIPALIDAD DE SAN FELIPE,2018,248,INFORME FINAL DE INVESTIGACIÓN ESPECIAL 248-18 MUNICIPALIDAD DE SAN FELIPE SOBRE EVENTUALES IRREGULARIDADES - JUNIO 2018,https://www.contraloria.cl/pdfbuscador/auditoria/2c4052ff04ab7d81eff9cc97cbf2943c/html,05,SAN FELIPE,https://www.contraloria.cl/SicaProd/SICAv3-BIFAPortalCGR/faces/newDetalleInforme?docIdcm=2c4052ff04ab7d81eff9cc97cbf2943c,C,Informe de Investigación Especial,24421,https://www.contraloria.cl/SicaProd/SICAv3-BIFAPortalCGR/servletfichainformegoogle?docIdcm=2c4052ff04ab7d81eff9cc97cbf2943c&pdf=1
52700,05701,2018-12-07 00:00:00.0,MUNICIPALIDAD DE SAN FELIPE,2018,841,INFORME FINAL DE INVESTIGACIÓN ESPECIAL 841-18 MUNICIPALIDAD DE SAN FELIPE SOBRE EVENTUALES IRREGULARIDADES - DICIEMBRE 2018,https://www.contraloria.cl/pdfbuscador/auditoria/0604e51ab148560a240940a935e24848/html,05,SAN FELIPE,https://www.contraloria.cl/SicaProd/SICAv3-BIFAPortalCGR/faces/newDetalleInforme?docIdcm=0604e51ab148560a240940a935e24848,C,Informe de Investigación Especial,26848,https://www.contraloria.cl/SicaProd/SICAv3-BIFAPortalCGR/servletfichainformegoogle?docIdcm=0604e51ab148560a240940a935e24848&pdf=1
53749,05701,2019-03-13 00:00:00.0,MUNICIPALIDAD DE SAN FELIPE,2018,987,INFORME FINAL DE INVESTIGACIÓN ESPECIAL 987-18 MUNICIPALIDAD DE SAN FELIPE SOBRE EVENTUALES IRREGULARIDADES - MARZO 2019,https://www.contraloria.cl/pdfbuscador/auditoria/9c9d5ddfbf529a4333a3369ccc9d9f20/html,05,SAN FELIPE,https://www.contraloria.cl/SicaProd/SICAv3-BIFAPortalCGR/faces/newDetalleInforme?docIdcm=9c9d5ddfbf529a4333a3369ccc9d9f20,C,Informe de Investigación Especial,28186,https://www.contraloria.cl/SicaProd/SICAv3-BIFAPortalCGR/servletfichainformegoogle?docIdcm=9c9d5ddfbf529a4333a3369ccc9d9f20&pdf=1
55129,05701,2019-04-17 00:00:00.0,MUNICIPALIDAD DE SAN FELIPE,2019,221,INFORME FINAL DE INVESTIGACIÓN ESPECIAL 221-19 MUNICIPALIDAD DE SAN FELIPE SOBRE PRESUNTAS IRREGULARIDADES RELATIVAS A LA EXTRACCIÓN DE ÁRIDOS - ABRIL 2019,https://www.contraloria.cl/pdfbuscador/auditoria/bfba64a7e263002acae5eb11065559d1/html,05,SAN FELIPE,https://www.contraloria.cl/SicaProd/SICAv3-BIFAPortalCGR/faces/newDetalleInforme?docIdcm=bfba64a7e263002acae5eb11065559d1,C,Informe de Investigación Especial,28867,https://www.contraloria.cl/SicaProd/SICAv3-BIFAPortalCGR/servletfichainformegoogle?docIdcm=bfba64a7e263002acae5eb11065559d1&pdf=1