IDACTIVIDAD,CODIGOSUBDERE,FECHAINFORME,NOMBRESERVICIO,ANOINFORME,NUMEROINFORME,MATERIAINFORME,FICHAINFORMEBIFA,C_REG_SUBDERE,NOMBRESUBDERE,FICHAINFORME,TIPOSUBDERE,TIPOINFORME,IDINFORME,PDFINFORME
27041,06301,2015-01-13 00:00:00.0,MUNICIPALIDAD DE SAN FERNANDO,2015,17,INFORME INVESTIGACIÓN ESPECIAL 17 - 15 MUNICIPALIDAD DE SAN FERNANDO EVENTUALES IRREGULARIDADES AMPLIACIÓN Y MEJORAMIENTO ESCUELA OLEGARIO LAZO BAEZA - ENERO 2015,https://www.contraloria.cl/pdfbuscador/auditoria/69c05a7cfbc890150d14776a4f0db1db/html,06,SAN FERNANDO,https://www.contraloria.cl/SicaProd/SICAv3-BIFAPortalCGR/faces/newDetalleInforme?docIdcm=69c05a7cfbc890150d14776a4f0db1db,C,Informe de Investigación Especial,13107,https://www.contraloria.cl/SicaProd/SICAv3-BIFAPortalCGR/servletfichainformegoogle?docIdcm=69c05a7cfbc890150d14776a4f0db1db&pdf=1
27042,06301,2015-04-09 00:00:00.0,MUNICIPALIDAD DE SAN FERNANDO,2015,85,INFORME INVESTIGACIÓN ESPECIAL 85 - 15 MUNICIPALIDAD DE SAN FERNANDO EVENTUALES IRREGULARIDADES LICITACIÓN PÚBLICA ID 2817-2-LP13 - ABRIL 2015,https://www.contraloria.cl/pdfbuscador/auditoria/9244f948b953a34df915aa5260eb7383/html,06,SAN FERNANDO,https://www.contraloria.cl/SicaProd/SICAv3-BIFAPortalCGR/faces/newDetalleInforme?docIdcm=9244f948b953a34df915aa5260eb7383,C,Informe de Investigación Especial,13623,https://www.contraloria.cl/SicaProd/SICAv3-BIFAPortalCGR/servletfichainformegoogle?docIdcm=9244f948b953a34df915aa5260eb7383&pdf=1
28502,06301,2015-07-08 00:00:00.0,MUNICIPALIDAD DE SAN FERNANDO,2015,408,INFORME FINAL 408 - 15 MUNICIPALIDAD DE SAN FERNANDO RECURSOS HUMANOS PROGRAMAS COMUNITARIOS - JULIO 2015,https://www.contraloria.cl/pdfbuscador/auditoria/f724e801004935293670a52468c9b1f7/html,06,SAN FERNANDO,https://www.contraloria.cl/SicaProd/SICAv3-BIFAPortalCGR/faces/newDetalleInforme?docIdcm=f724e801004935293670a52468c9b1f7,C,Informe Final de Auditoría,14262,https://www.contraloria.cl/SicaProd/SICAv3-BIFAPortalCGR/servletfichainformegoogle?docIdcm=f724e801004935293670a52468c9b1f7&pdf=1
36364,06301,2016-10-24 00:00:00.0,MUNICIPALIDAD DE SAN FERNANDO,2016,269,INFORME INSPECCIÓN DE OBRA PÚBLICA 269 - 16 MUNICIPALIDAD DE SAN FERNANDO OBRA MEJORAMIENTO GESTIÓN VIAL Y PEATONAL SAN FERNANDO - OCTUBRE 2016,https://www.contraloria.cl/pdfbuscador/auditoria/8fb61308c99cb7bb7e961496af39680e/html,06,SAN FERNANDO,https://www.contraloria.cl/SicaProd/SICAv3-BIFAPortalCGR/faces/newDetalleInforme?docIdcm=8fb61308c99cb7bb7e961496af39680e,C,Informe de Inspección de Obra Pública,19289,https://www.contraloria.cl/SicaProd/SICAv3-BIFAPortalCGR/servletfichainformegoogle?docIdcm=8fb61308c99cb7bb7e961496af39680e&pdf=1
34431,06301,2016-09-16 00:00:00.0,CORPORACION MUNICIPAL SAN FERNANDO,2016,457,INFORME FINAL 457 - 16 CORPORACIÓN MUNICIPAL SAN FERNANDO FONDO DE APOYO A LA EDUCACIÓN PÚBLICA MUNICIPAL FAEP Y ATENCIÓN PRIMARIA DE SALUD APS - SEPTIEMBRE 2016,https://www.contraloria.cl/pdfbuscador/auditoria/11e762de0387247eb8ceb25aff81866f/html,06,SAN FERNANDO,https://www.contraloria.cl/SicaProd/SICAv3-BIFAPortalCGR/faces/newDetalleInforme?docIdcm=11e762de0387247eb8ceb25aff81866f,C,Informe Final de Auditoría,18957,https://www.contraloria.cl/SicaProd/SICAv3-BIFAPortalCGR/servletfichainformegoogle?docIdcm=11e762de0387247eb8ceb25aff81866f&pdf=1
34565,06301,2016-10-18 00:00:00.0,MUNICIPALIDAD DE SAN FERNANDO,2016,587,INFORME FINAL 587-2016 MUNICIPALIDAD DE SAN FERNANDO - AUDITORÍA AL GASTO EN PERIODO ELECTORAL - USO DE BIENES - VEHÍCULOS - RRHH - RECURSOS FÍSICOS Y FINANCIEROS - OCTUBRE 2016,https://www.contraloria.cl/pdfbuscador/auditoria/3447dea24025042311c0ee8d71a4f263/html,06,SAN FERNANDO,https://www.contraloria.cl/SicaProd/SICAv3-BIFAPortalCGR/faces/newDetalleInforme?docIdcm=3447dea24025042311c0ee8d71a4f263,C,Informe Final de Auditoría,19177,https://www.contraloria.cl/SicaProd/SICAv3-BIFAPortalCGR/servletfichainformegoogle?docIdcm=3447dea24025042311c0ee8d71a4f263&pdf=1
37988,06301,2017-07-27 00:00:00.0,MUNICIPALIDAD DE SAN FERNANDO,2016,1051,"INFORME DE INVESTIGACIÓN ESPECIAL 1051 - 2016 MUNICIPALIDAD DE SAN FERNANDO PAGO HONORARIOS, COMISIONES DE SERVICIO Y VIAJES CONCEJALES - JULIO 2017",https://www.contraloria.cl/pdfbuscador/auditoria/b228e80426eb41e2f23d063baa9e7514/html,06,SAN FERNANDO,https://www.contraloria.cl/SicaProd/SICAv3-BIFAPortalCGR/faces/newDetalleInforme?docIdcm=b228e80426eb41e2f23d063baa9e7514,C,Informe de Investigación Especial,21501,https://www.contraloria.cl/SicaProd/SICAv3-BIFAPortalCGR/servletfichainformegoogle?docIdcm=b228e80426eb41e2f23d063baa9e7514&pdf=1
42213,06301,2017-12-27 00:00:00.0,MUNICIPALIDAD DE SAN FERNANDO,2017,80,INFORME INSPECCIÓN OBRA PÚBLICA 80 - 17 MUNICIPALIDAD DE SAN FERNANDO OBRA REPOSICIÓN PISCINA MUNICIPAL - DICIEMBRE 2017,https://www.contraloria.cl/pdfbuscador/auditoria/2067a0118f683ad97de328fbe71d4277/html,06,SAN FERNANDO,https://www.contraloria.cl/SicaProd/SICAv3-BIFAPortalCGR/faces/newDetalleInforme?docIdcm=2067a0118f683ad97de328fbe71d4277,C,Informe de Inspección de Obra Pública,22786,https://www.contraloria.cl/SicaProd/SICAv3-BIFAPortalCGR/servletfichainformegoogle?docIdcm=2067a0118f683ad97de328fbe71d4277&pdf=1
46961,06301,2017-11-06 00:00:00.0,MUNICIPALIDAD DE SAN FERNANDO,2017,780,INFORME FINAL DE INVESTIGACIÓN ESPECIAL 780 - 17 MUNICIPALIDAD DE SAN FERNANDO EVENTUALES IRREGULARIDADES EN CONTRATACIÓN DE PERSONA A HONORARIOS Y EN LOS PAGOS EFECTUADOS POR LA MUNICIPALIDAD - NOVIEMBRE 2017,https://www.contraloria.cl/pdfbuscador/auditoria/d228c9ecbbf8afc6e3cfdddee4dd84c4/html,06,SAN FERNANDO,https://www.contraloria.cl/SicaProd/SICAv3-BIFAPortalCGR/faces/newDetalleInforme?docIdcm=d228c9ecbbf8afc6e3cfdddee4dd84c4,C,Informe de Investigación Especial,22053,https://www.contraloria.cl/SicaProd/SICAv3-BIFAPortalCGR/servletfichainformegoogle?docIdcm=d228c9ecbbf8afc6e3cfdddee4dd84c4&pdf=1
41389,06301,2017-12-29 00:00:00.0,MUNICIPALIDAD DE SAN FERNANDO,2017,895,INFORME FINAL 895 - 17 MUNICIPALIDAD DE SAN FERNANDO AUDITORIA MACROPROCESO DE CONCESIÓN DEL SERVICIO DE ASEO - DICIEMBRE 2017,https://www.contraloria.cl/pdfbuscador/auditoria/3f158198f867d8f5a8950dec3e658abf/html,06,SAN FERNANDO,https://www.contraloria.cl/SicaProd/SICAv3-BIFAPortalCGR/faces/newDetalleInforme?docIdcm=3f158198f867d8f5a8950dec3e658abf,C,Informe Final de Auditoría,22670,https://www.contraloria.cl/SicaProd/SICAv3-BIFAPortalCGR/servletfichainformegoogle?docIdcm=3f158198f867d8f5a8950dec3e658abf&pdf=1
47236,06301,2019-01-25 00:00:00.0,MUNICIPALIDAD DE SAN FERNANDO,2018,331,INFORME FINAL DE INVESTIGACIÓN ESPECIAL 331-18 - MUNICIPALIDAD DE SAN FERNANDO - ENERO 2019,https://www.contraloria.cl/pdfbuscador/auditoria/2d88849e9be7179160b88b190754e378/html,06,SAN FERNANDO,https://www.contraloria.cl/SicaProd/SICAv3-BIFAPortalCGR/faces/newDetalleInforme?docIdcm=2d88849e9be7179160b88b190754e378,C,Informe de Investigación Especial,27542,https://www.contraloria.cl/SicaProd/SICAv3-BIFAPortalCGR/servletfichainformegoogle?docIdcm=2d88849e9be7179160b88b190754e378&pdf=1
50935,06301,2019-06-12 00:00:00.0,MUNICIPALIDAD DE SAN FERNANDO,2018,1057,INFORME INVESTIGACION ESPECIAL 1057-18-MUNICIPALIDAD SAN FERNANDO-IRREGULARIDADES MATERIA PERSONAL Y AREAS VERDES-JUNIO 2019,https://www.contraloria.cl/pdfbuscador/auditoria/e868275d9fa58f021df83358aee0507e/html,06,SAN FERNANDO,https://www.contraloria.cl/SicaProd/SICAv3-BIFAPortalCGR/faces/newDetalleInforme?docIdcm=e868275d9fa58f021df83358aee0507e,C,Informe de Investigación Especial,29144,https://www.contraloria.cl/SicaProd/SICAv3-BIFAPortalCGR/servletfichainformegoogle?docIdcm=e868275d9fa58f021df83358aee0507e&pdf=1
54203,06301,2019-04-11 00:00:00.0,MUNICIPALIDAD DE SAN FERNANDO,2019,29,INFORME FINAL DE INVESTIGACIÓN ESPECIAL 29-19 MUNICIPALIDAD DE SAN FERNANDO - ABRIL 2019,https://www.contraloria.cl/pdfbuscador/auditoria/14db6c1ee71ba3163dfbbc40de6f3b8d/html,06,SAN FERNANDO,https://www.contraloria.cl/SicaProd/SICAv3-BIFAPortalCGR/faces/newDetalleInforme?docIdcm=14db6c1ee71ba3163dfbbc40de6f3b8d,C,Informe de Investigación Especial,28786,https://www.contraloria.cl/SicaProd/SICAv3-BIFAPortalCGR/servletfichainformegoogle?docIdcm=14db6c1ee71ba3163dfbbc40de6f3b8d&pdf=1