IDACTIVIDAD,CODIGOSUBDERE,FECHAINFORME,NOMBRESERVICIO,ANOINFORME,NUMEROINFORME,MATERIAINFORME,FICHAINFORMEBIFA,C_REG_SUBDERE,NOMBRESUBDERE,FICHAINFORME,TIPOSUBDERE,TIPOINFORME,IDINFORME,PDFINFORME
30629,07406,2015-09-02 00:00:00.0,MUNICIPALIDAD DE SAN JAVIER,2015,780,INFORME DE INVESTIGACION ESPECIAL 780-15 MUNICIPALIDAD DE SAN JAVIER EVENTUALES IRREGULARIDADES - SEPTIEMBRE 2015,https://www.contraloria.cl/pdfbuscador/auditoria/3553ce81dc16caa881d39f27e9ee3020/html,07,SAN JAVIER,https://www.contraloria.cl/SicaProd/SICAv3-BIFAPortalCGR/faces/newDetalleInforme?docIdcm=3553ce81dc16caa881d39f27e9ee3020,C,Informe de Investigación Especial,14736,https://www.contraloria.cl/SicaProd/SICAv3-BIFAPortalCGR/servletfichainformegoogle?docIdcm=3553ce81dc16caa881d39f27e9ee3020&pdf=1
32095,07406,2015-12-09 00:00:00.0,MUNICIPALIDAD DE SAN JAVIER,2015,1158,INFORME DE INVESTIGACION ESPECIAL 1158-15 MUNICIPALIDAD DE SAN JAVIER EVENTUALES IRREGULARIDADES EN COMISIONES DE SERVICIO Y OTRAS MATERIAS - DICIEMBRE 2015,https://www.contraloria.cl/pdfbuscador/auditoria/16dced4d4d247e14f869010a3092b226/html,07,SAN JAVIER,https://www.contraloria.cl/SicaProd/SICAv3-BIFAPortalCGR/faces/newDetalleInforme?docIdcm=16dced4d4d247e14f869010a3092b226,C,Informe de Investigación Especial,16462,https://www.contraloria.cl/SicaProd/SICAv3-BIFAPortalCGR/servletfichainformegoogle?docIdcm=16dced4d4d247e14f869010a3092b226&pdf=1
33023,07406,2016-05-11 00:00:00.0,MUNICIPALIDAD DE SAN JAVIER,2016,89,INFORME DE INVESTIGACION ESPECIAL 89-16 MUNICIPALIDAD DE SAN JAVIER SOBRE EVENTUALES IRREGULARIDADES EN EL CONVENIO PRESTACION DE SERVICIO DE RECOLECCION DE RESIDUOS SOLIDOS DOMICILIARIOS  Y OTROS – MAYO 2016,https://www.contraloria.cl/pdfbuscador/auditoria/3f9ff4086a306a119f951007890b8c80/html,07,SAN JAVIER,https://www.contraloria.cl/SicaProd/SICAv3-BIFAPortalCGR/faces/newDetalleInforme?docIdcm=3f9ff4086a306a119f951007890b8c80,C,Informe de Investigación Especial,17978,https://www.contraloria.cl/SicaProd/SICAv3-BIFAPortalCGR/servletfichainformegoogle?docIdcm=3f9ff4086a306a119f951007890b8c80&pdf=1
44814,07406,2017-07-10 00:00:00.0,DEPARTAMENTO DE EDUCACION DE SAN JAVIER,2017,435,"INFORME FINAL DE INVESTIGACIÓN ESPECIAL 435-17 DEPARTAMENTO DE EDUCACIÓN DE SAN JAVIER SOBRE PAGO DE ASIGNACIONES, DESTINACIONES Y OTRAS SITUACIONES - JULIO 2017",https://www.contraloria.cl/pdfbuscador/auditoria/01013bec6f8889f0970182f8954f2b09/html,07,SAN JAVIER,https://www.contraloria.cl/SicaProd/SICAv3-BIFAPortalCGR/faces/newDetalleInforme?docIdcm=01013bec6f8889f0970182f8954f2b09,C,Informe de Investigación Especial,21385,https://www.contraloria.cl/SicaProd/SICAv3-BIFAPortalCGR/servletfichainformegoogle?docIdcm=01013bec6f8889f0970182f8954f2b09&pdf=1
58747,07406,2020-07-06 00:00:00.0,MUNICIPALIDAD DE SAN JAVIER,2019,886,INFORME DE INVESTIGACIÓN ESPECIAL 886-19 MUNICIPALIDAD DE SAN JAVIER SOBRE PRESUNTAS IRREGULARIDADES - JULIO 2020,https://www.contraloria.cl/pdfbuscador/auditoria/6d50b0be88344268b5cbe82f91790314/html,07,SAN JAVIER,https://www.contraloria.cl/SicaProd/SICAv3-BIFAPortalCGR/faces/newDetalleInforme?docIdcm=6d50b0be88344268b5cbe82f91790314,C,Informe de Investigación Especial,33065,https://www.contraloria.cl/SicaProd/SICAv3-BIFAPortalCGR/servletfichainformegoogle?docIdcm=6d50b0be88344268b5cbe82f91790314&pdf=1