IDACTIVIDAD,CODIGOSUBDERE,FECHAINFORME,NOMBRESERVICIO,ANOINFORME,NUMEROINFORME,MATERIAINFORME,FICHAINFORMEBIFA,C_REG_SUBDERE,NOMBRESUBDERE,FICHAINFORME,TIPOSUBDERE,TIPOINFORME,IDINFORME,PDFINFORME
28410,13203,2016-02-08 00:00:00.0,MUNICIPALIDAD DE SAN JOSE DE MAIPO,2015,978,INFORME FINAL 978-15 MUNICIPALIDAD DE SAN JOSE DE MAIPO - SOBRE AUDITORIA A LAS TRANSFERENCIAS EXTRAPRESUPUESTARIAS - FEBRERO 2016,https://www.contraloria.cl/pdfbuscador/auditoria/115ea06b5fc996529dfa81ecd6e9da0c/html,13,SAN JOSE DE MAIPO,https://www.contraloria.cl/SicaProd/SICAv3-BIFAPortalCGR/faces/newDetalleInforme?docIdcm=115ea06b5fc996529dfa81ecd6e9da0c,C,Informe Final de Auditoría,17203,https://www.contraloria.cl/SicaProd/SICAv3-BIFAPortalCGR/servletfichainformegoogle?docIdcm=115ea06b5fc996529dfa81ecd6e9da0c&pdf=1
36276,13203,2017-05-31 00:00:00.0,MUNICIPALIDAD DE SAN JOSE DE MAIPO,2016,870,"INFORME FINAL N° 870, DE 2016, SOBRE INSPECCIÓN A LAS OBRAS DEL CONTRATO ""AMPLIACIÓN RED AGUA POTABLE Y ALCANTARILLADO EN SJM O3"", A CARGO DE LA MUNICIPALIDAD DE SAN JOSÉ DE MAIPO",https://www.contraloria.cl/pdfbuscador/auditoria/bef29fafccff29625dde895151e22213/html,13,SAN JOSE DE MAIPO,https://www.contraloria.cl/SicaProd/SICAv3-BIFAPortalCGR/faces/newDetalleInforme?docIdcm=bef29fafccff29625dde895151e22213,C,Informe de Inspección de Obra Pública,21073,https://www.contraloria.cl/SicaProd/SICAv3-BIFAPortalCGR/servletfichainformegoogle?docIdcm=bef29fafccff29625dde895151e22213&pdf=1
41774,13203,2017-09-07 00:00:00.0,MUNICIPALIDAD DE SAN JOSE DE MAIPO,2017,434,INFORME FINAL 434/2017 MUNICIPALIDAD DE SAN JOSE DE MAIPO SOBRE AUDITORIA A LAS ACTUACIONES MUNICIPALES RELACIONADAS CON EL PROCESO DE EXTRACCION DE ARIDOS -SEPTIEMBRE 2017,https://www.contraloria.cl/pdfbuscador/auditoria/7eb556ff6e8b48f6437824a8b0c0950b/html,13,SAN JOSE DE MAIPO,https://www.contraloria.cl/SicaProd/SICAv3-BIFAPortalCGR/faces/newDetalleInforme?docIdcm=7eb556ff6e8b48f6437824a8b0c0950b,C,Informe Final de Auditoría,21779,https://www.contraloria.cl/SicaProd/SICAv3-BIFAPortalCGR/servletfichainformegoogle?docIdcm=7eb556ff6e8b48f6437824a8b0c0950b&pdf=1
56475,13203,2019-08-07 00:00:00.0,MUNICIPALIDAD DE SAN JOSE DE MAIPO,2019,357,INFORME FINAL 357-2019 MUNICIPALIDAD DE SAN JOSÉ DE MAIPO SOBRE AUDITORIA AL MACROPROCESO DE ADQUISICIONES Y ABASTECIMIENTO EN LA MUNICIPALIDAD DE ISLA DE MAIPO - AGOSTO 2019,https://www.contraloria.cl/pdfbuscador/auditoria/354ded9742cb7b558fec49a6d7d958e1/html,13,SAN JOSE DE MAIPO,https://www.contraloria.cl/SicaProd/SICAv3-BIFAPortalCGR/faces/newDetalleInforme?docIdcm=354ded9742cb7b558fec49a6d7d958e1,C,Informe Final de Auditoría,29725,https://www.contraloria.cl/SicaProd/SICAv3-BIFAPortalCGR/servletfichainformegoogle?docIdcm=354ded9742cb7b558fec49a6d7d958e1&pdf=1
67522,13203,2020-06-01 00:00:00.0,MUNICIPALIDAD DE SAN JOSE DE MAIPO,2019,979,"INFORME FINAL 979-19 MUNICIPALIDAD DE SAN JOSÉ DE MAIPO SOBRE INSPECCIÓN A LAS OBRAS DEL CONTRATO ""MEJORAMIENTO EJE PATRIMONIAL CALLE COMERCIO ET,2,SJM""-JUNIO 2020",https://www.contraloria.cl/pdfbuscador/auditoria/4e23db5796d7cd5876dc436b518fa193/html,13,SAN JOSE DE MAIPO,https://www.contraloria.cl/SicaProd/SICAv3-BIFAPortalCGR/faces/newDetalleInforme?docIdcm=4e23db5796d7cd5876dc436b518fa193,C,Informe de Inspección de Obra Pública,32917,https://www.contraloria.cl/SicaProd/SICAv3-BIFAPortalCGR/servletfichainformegoogle?docIdcm=4e23db5796d7cd5876dc436b518fa193&pdf=1