IDACTIVIDAD,CODIGOSUBDERE,FECHAINFORME,NOMBRESERVICIO,ANOINFORME,NUMEROINFORME,MATERIAINFORME,FICHAINFORMEBIFA,C_REG_SUBDERE,NOMBRESUBDERE,FICHAINFORME,TIPOSUBDERE,TIPOINFORME,IDINFORME,PDFINFORME
28345,02203,2015-08-25 00:00:00.0,MUNICIPALIDAD DE SAN PEDRO DE ATACAMA,2015,539,INFORME FINAL 539-15 MUNICIPALIDAD DE SAN PEDRO DE ATACAMA - SOBRE AUDITORÍA A LAS CONTRATACIONES DE HONORARIOS EN PROGRAMAS COMUNITARIOS - AGOSTO 2015,https://www.contraloria.cl/pdfbuscador/auditoria/52801bbd3817c197f2a72701d8a1c4bb/html,02,SAN PEDRO DE ATACAMA,https://www.contraloria.cl/SicaProd/SICAv3-BIFAPortalCGR/faces/newDetalleInforme?docIdcm=52801bbd3817c197f2a72701d8a1c4bb,C,Informe Final de Auditoría,14652,https://www.contraloria.cl/SicaProd/SICAv3-BIFAPortalCGR/servletfichainformegoogle?docIdcm=52801bbd3817c197f2a72701d8a1c4bb&pdf=1
33672,02203,2017-03-20 00:00:00.0,MUNICIPALIDAD DE SAN PEDRO DE ATACAMA,2016,990,INFORME DE INVESTIGACIÓN ESPECIAL 990-2016 MUNICIPALIDAD DE SAN PEDRO DE ATACAMA SOBRE FALTA DE PAGO DE LOS SUBSIDIOS DEL COMITE VIVIENDAS PORVENIR POR OBRAS CONTRATADAS - MARZO 2017,https://www.contraloria.cl/pdfbuscador/auditoria/290f673fc80e22f6c13d31583021068c/html,02,SAN PEDRO DE ATACAMA,https://www.contraloria.cl/SicaProd/SICAv3-BIFAPortalCGR/faces/newDetalleInforme?docIdcm=290f673fc80e22f6c13d31583021068c,C,Informe de Investigación Especial,20802,https://www.contraloria.cl/SicaProd/SICAv3-BIFAPortalCGR/servletfichainformegoogle?docIdcm=290f673fc80e22f6c13d31583021068c&pdf=1
40929,02203,2017-05-23 00:00:00.0,MUNICIPALIDAD DE SAN PEDRO DE ATACAMA,2017,299,INFORME FINAL DE INVESTIGACION ESPECIAL 299 DE 2017 SOBRE COBRO DE MULTAS POR EXCESO DE RESIDUOS SOLIDOS EFECTUADOS POR LA MUNICIPALIDAD ,https://www.contraloria.cl/pdfbuscador/auditoria/0c70e0709ae60f0eb19ce86ae560a7f3/html,02,SAN PEDRO DE ATACAMA,https://www.contraloria.cl/SicaProd/SICAv3-BIFAPortalCGR/faces/newDetalleInforme?docIdcm=0c70e0709ae60f0eb19ce86ae560a7f3,C,Informe de Investigación Especial,21013,https://www.contraloria.cl/SicaProd/SICAv3-BIFAPortalCGR/servletfichainformegoogle?docIdcm=0c70e0709ae60f0eb19ce86ae560a7f3&pdf=1
38918,02203,2018-01-16 00:00:00.0,MUNICIPALIDAD DE SAN PEDRO DE ATACAMA,2017,307,INFORME FINAL DE INVESTIGACIÓN ESPECIAL 307 DE 2017 MUNICIPALIDAD SAN PEDRO DE ATACAMA SOBRE EJECUCIÓN DEL PROYECTO REPOSICIÓN MUSEO ARQUEOLÓGICO GUSTAVO LE PAIGE - ENERO 2018.,https://www.contraloria.cl/pdfbuscador/auditoria/8ecb088472278cde3d7dd9d0e273d206/html,02,SAN PEDRO DE ATACAMA,https://www.contraloria.cl/SicaProd/SICAv3-BIFAPortalCGR/faces/newDetalleInforme?docIdcm=8ecb088472278cde3d7dd9d0e273d206,C,Informe de Investigación Especial,22936,https://www.contraloria.cl/SicaProd/SICAv3-BIFAPortalCGR/servletfichainformegoogle?docIdcm=8ecb088472278cde3d7dd9d0e273d206&pdf=1
43811,02203,2017-08-16 00:00:00.0,MUNICIPALIDAD DE SAN PEDRO DE ATACAMA,2017,520,INFORME DE INVESTIGACIÓN ESPECIAL 520-2017 MUNICIPALIDAD DE SAN PEDRO DE ATACAMA SOBRE EVENTUALES IRREGULARIDADES EN LA ADMINISTRACIÓN DEL TERMINAL DE BUSES MUNICIPAL Y OTRAS MATERIAS-AGOSTO 2017,https://www.contraloria.cl/pdfbuscador/auditoria/728a17e21c441577a5ce70d625a831fd/html,02,SAN PEDRO DE ATACAMA,https://www.contraloria.cl/SicaProd/SICAv3-BIFAPortalCGR/faces/newDetalleInforme?docIdcm=728a17e21c441577a5ce70d625a831fd,C,Informe de Investigación Especial,21600,https://www.contraloria.cl/SicaProd/SICAv3-BIFAPortalCGR/servletfichainformegoogle?docIdcm=728a17e21c441577a5ce70d625a831fd&pdf=1
46244,02203,2017-12-20 00:00:00.0,MUNICIPALIDAD DE SAN PEDRO DE ATACAMA,2017,1023,INFORME DE INVESTIGACION ESPECIAL 1023-2017 MUNICIPALIDAD SAN PEDRO DE ATACAMA SOBRE PRESUNTAS IRREGULARIDADES EN EL USO DE BIENES INMUEBLES EN LA MUNICIPALIDAD - DICIEMBRE 2017,https://www.contraloria.cl/pdfbuscador/auditoria/9b340fb793d811cf4c951e316f1404f6/html,02,SAN PEDRO DE ATACAMA,https://www.contraloria.cl/SicaProd/SICAv3-BIFAPortalCGR/faces/newDetalleInforme?docIdcm=9b340fb793d811cf4c951e316f1404f6,C,Informe de Investigación Especial,22769,https://www.contraloria.cl/SicaProd/SICAv3-BIFAPortalCGR/servletfichainformegoogle?docIdcm=9b340fb793d811cf4c951e316f1404f6&pdf=1
49459,02203,2018-10-16 00:00:00.0,MUNICIPALIDAD DE SAN PEDRO DE ATACAMA,2018,368,"INFORME FINAL N° 368-18 MUNICIPALIDAD DE SAN PEDRO DE ATACAMA SOBRE AUDITORÍA AL PROCESO DE FORMULACIÓN, EJECUCIÓN Y CONTROL PRESUPUESTARIO Y FINANCIERO - OCTUBRE 2018",https://www.contraloria.cl/pdfbuscador/auditoria/30bfd3e63b038d22ba4c42cfa0f22b4b/html,02,SAN PEDRO DE ATACAMA,https://www.contraloria.cl/SicaProd/SICAv3-BIFAPortalCGR/faces/newDetalleInforme?docIdcm=30bfd3e63b038d22ba4c42cfa0f22b4b,C,Informe Final de Auditoría,26206,https://www.contraloria.cl/SicaProd/SICAv3-BIFAPortalCGR/servletfichainformegoogle?docIdcm=30bfd3e63b038d22ba4c42cfa0f22b4b&pdf=1