IDACTIVIDAD,CODIGOSUBDERE,FECHAINFORME,NOMBRESERVICIO,ANOINFORME,NUMEROINFORME,MATERIAINFORME,FICHAINFORMEBIFA,C_REG_SUBDERE,NOMBRESUBDERE,FICHAINFORME,TIPOSUBDERE,TIPOINFORME,IDINFORME,PDFINFORME
27986,13131,2015-05-12 00:00:00.0,MUNICIPALIDAD DE SAN RAMON,2015,284,INFORME DE INVESTIGACION ESPECIAL 284-2015 MUNICIPALIDAD DE SAN RAMON LICITACIONES PUBLICAS MAYO 2015,https://www.contraloria.cl/pdfbuscador/auditoria/cf6feb59594b6bc5ef8a2f753bb9fc2a/html,13,SAN RAMON,https://www.contraloria.cl/SicaProd/SICAv3-BIFAPortalCGR/faces/newDetalleInforme?docIdcm=cf6feb59594b6bc5ef8a2f753bb9fc2a,C,Informe de Investigación Especial,13776,https://www.contraloria.cl/SicaProd/SICAv3-BIFAPortalCGR/servletfichainformegoogle?docIdcm=cf6feb59594b6bc5ef8a2f753bb9fc2a&pdf=1
28339,13131,2016-01-06 00:00:00.0,MUNICIPALIDAD DE SAN RAMON,2015,999,INFORME FINAL 999-15 MUNICIPALIDAD DE SAN RAMON - SOBRE AUDITORIA AL MACROPROCESO DE TECNOLOGIAS DE INFORMACION - ENERO 2016.,https://www.contraloria.cl/pdfbuscador/auditoria/fa5c8fad813f5a38d99712ffefd02cb1/html,13,SAN RAMON,https://www.contraloria.cl/SicaProd/SICAv3-BIFAPortalCGR/faces/newDetalleInforme?docIdcm=fa5c8fad813f5a38d99712ffefd02cb1,C,Informe Final de Auditoría,16886,https://www.contraloria.cl/SicaProd/SICAv3-BIFAPortalCGR/servletfichainformegoogle?docIdcm=fa5c8fad813f5a38d99712ffefd02cb1&pdf=1
28658,13131,2016-02-10 00:00:00.0,DEPARTAMENTO DE EDUCACION DE SAN RAMON,2015,1251,"INFORME FINAL 1.251-15 DEPARTAMENTO DE EDUCACION DE SAN RAMON - SOBRE AUDITORIA A LOS RECURSOS DE LA LEY N° 20.248, SUBVENCION ESCOLAR PREFERENCIAL SEP - FEBRERO 2016",https://www.contraloria.cl/pdfbuscador/auditoria/d37663db692c0c20724ab1b95d7af7f8/html,13,SAN RAMON,https://www.contraloria.cl/SicaProd/SICAv3-BIFAPortalCGR/faces/newDetalleInforme?docIdcm=d37663db692c0c20724ab1b95d7af7f8,C,Informe Final de Auditoría,17210,https://www.contraloria.cl/SicaProd/SICAv3-BIFAPortalCGR/servletfichainformegoogle?docIdcm=d37663db692c0c20724ab1b95d7af7f8&pdf=1
28453,13131,2016-03-28 00:00:00.0,DEPARTAMENTO DE SALUD DE SAN RAMON,2016,12,INFORME FINAL 12-16 DEPARTAMENTO DE SALUD DE SAN RAMON - SOBRE AUDITORIA AL MACROPROCESO DE ADQUISICIONES Y ABASTECIMIENTO - MARZO 2016,https://www.contraloria.cl/pdfbuscador/auditoria/cf6fceb1c31fe544f7ca659c458138a8/html,13,SAN RAMON,https://www.contraloria.cl/SicaProd/SICAv3-BIFAPortalCGR/faces/newDetalleInforme?docIdcm=cf6fceb1c31fe544f7ca659c458138a8,C,Informe Final de Auditoría,17619,https://www.contraloria.cl/SicaProd/SICAv3-BIFAPortalCGR/servletfichainformegoogle?docIdcm=cf6fceb1c31fe544f7ca659c458138a8&pdf=1
37731,13131,2016-10-13 00:00:00.0,MUNICIPALIDAD DE SAN RAMON,2016,569,INVESTIGACION ESPECIAL 569-16 MUNICIPALIDAD DE SAN RAMON - SOBRE ADQUISICION DE ELEMENTOS PUBLICITARIOS - OCTUBRE 2016,https://www.contraloria.cl/pdfbuscador/auditoria/d5db21d70dfc73dbf26796c55d0a1543/html,13,SAN RAMON,https://www.contraloria.cl/SicaProd/SICAv3-BIFAPortalCGR/faces/newDetalleInforme?docIdcm=d5db21d70dfc73dbf26796c55d0a1543,C,Informe de Investigación Especial,19127,https://www.contraloria.cl/SicaProd/SICAv3-BIFAPortalCGR/servletfichainformegoogle?docIdcm=d5db21d70dfc73dbf26796c55d0a1543&pdf=1
46573,13131,2017-12-18 00:00:00.0,DEPARTAMENTO DE EDUCACION DE SAN RAMON,2017,882,INFORME FINAL DE INVESTIGACION ESPECIAL N° 882-17 - DEPARTAMENTO DE EDUCACION DE SAN RAMON - SOBRE AUDITORIA AL PAGO DE ASIGNACION DE DESEMPEÑO EN CONDICIONES DIFICILES - DICIEMBRE 2017,https://www.contraloria.cl/pdfbuscador/auditoria/8ff8a0eaa992ee6cbd4fdd21dfa13ff8/html,13,SAN RAMON,https://www.contraloria.cl/SicaProd/SICAv3-BIFAPortalCGR/faces/newDetalleInforme?docIdcm=8ff8a0eaa992ee6cbd4fdd21dfa13ff8,C,Informe de Investigación Especial,22822,https://www.contraloria.cl/SicaProd/SICAv3-BIFAPortalCGR/servletfichainformegoogle?docIdcm=8ff8a0eaa992ee6cbd4fdd21dfa13ff8&pdf=1
45881,13131,2018-02-26 00:00:00.0,DEPARTAMENTO DE SALUD DE SAN RAMON,2017,928,INFORME FINAL N° 928-17 - DEPARTAMENTO DE SALUD DE SAN RAMÓN - SOBRE AUDITORIA A LAS CONTRATACIONES A HONORARIOS IMPUTADAS AL PROGRAMA SERVICIO DE ATENCION PRIMARIA DE URGENCIA - FEBRERO 2018,https://www.contraloria.cl/pdfbuscador/auditoria/7c9de3c6126874bc93b10653446e068d/html,13,SAN RAMON,https://www.contraloria.cl/SicaProd/SICAv3-BIFAPortalCGR/faces/newDetalleInforme?docIdcm=7c9de3c6126874bc93b10653446e068d,C,Informe Final de Auditoría,23202,https://www.contraloria.cl/SicaProd/SICAv3-BIFAPortalCGR/servletfichainformegoogle?docIdcm=7c9de3c6126874bc93b10653446e068d&pdf=1
48610,13131,2018-10-22 00:00:00.0,MUNICIPALIDAD DE SAN RAMON,2018,77,INFORME EN INVESTIGACIÓN ESPECIAL 77-2018 MUNICIPALIDAD DE SAN RAMÓN INVESTIGACIÓN SOBRE PRESUNTAS IRREGULARIDADES DE UN DIRECTIVO DEPENDIENTE DEL GOBIERNO REGIONAL METROPOLITANO Y ACTUAL CONCEJAL DE LA MUNICIPALIDAD,https://www.contraloria.cl/pdfbuscador/auditoria/9a6099b336f88513720a82a2f1c9ef2f/html,13,SAN RAMON,https://www.contraloria.cl/SicaProd/SICAv3-BIFAPortalCGR/faces/newDetalleInforme?docIdcm=9a6099b336f88513720a82a2f1c9ef2f,C,Informe de Investigación Especial,26261,https://www.contraloria.cl/SicaProd/SICAv3-BIFAPortalCGR/servletfichainformegoogle?docIdcm=9a6099b336f88513720a82a2f1c9ef2f&pdf=1
67932,13131,2020-07-27 00:00:00.0,MUNICIPALIDAD DE SAN RAMON,2020,43,INFORME FINAL DE INVESTIGACION ESPECIAL N° 43-2020 - MUNICIPALIDAD DE SAN RAMON - SOBRE EVENTUALES IRREGULARIDADES EN EL OTORGAMIENTO DE BECAS DE EDUCACION SUPERIOR - JULIO 2020,https://www.contraloria.cl/pdfbuscador/auditoria/4b7a9a409ee41c97b9aba8dfe42d9fbb/html,13,SAN RAMON,https://www.contraloria.cl/SicaProd/SICAv3-BIFAPortalCGR/faces/newDetalleInforme?docIdcm=4b7a9a409ee41c97b9aba8dfe42d9fbb,C,Informe de Investigación Especial,33207,https://www.contraloria.cl/SicaProd/SICAv3-BIFAPortalCGR/servletfichainformegoogle?docIdcm=4b7a9a409ee41c97b9aba8dfe42d9fbb&pdf=1
67921,13131,2020-07-28 00:00:00.0,MUNICIPALIDAD DE SAN RAMON,2020,123,"INFORME FINAL DE INVESTIGACION ESPECIAL N° 123-2020 - MUNICIPALIDAD DE SAN RAMON - SOBRE EVENTUALES IRREGULARIDADES EN LA EJECUCION DEL PROGRAMA FAMILIAS, SEGURIDAD - JULIO 2020",https://www.contraloria.cl/pdfbuscador/auditoria/c76715fe38811f4aec74d0d318593734/html,13,SAN RAMON,https://www.contraloria.cl/SicaProd/SICAv3-BIFAPortalCGR/faces/newDetalleInforme?docIdcm=c76715fe38811f4aec74d0d318593734,C,Informe de Investigación Especial,33206,https://www.contraloria.cl/SicaProd/SICAv3-BIFAPortalCGR/servletfichainformegoogle?docIdcm=c76715fe38811f4aec74d0d318593734&pdf=1
59199,13131,2020-10-13 00:00:00.0,MUNICIPALIDAD DE SAN RAMON,2020,181,INFORME FINAL N° 181-2020 - MUNICIPALIDAD DE SAN RAMON - SOBRE AUDITORIA AL CUMPLIMIENTO DE LA NORMATIVA SOBRE INHABILIDADES EN MATERIAS DE PERSONAL - OCTUBRE 2020,https://www.contraloria.cl/pdfbuscador/auditoria/a35a010180178b1a096684f7cebd7fa3/html,13,SAN RAMON,https://www.contraloria.cl/SicaProd/SICAv3-BIFAPortalCGR/faces/newDetalleInforme?docIdcm=a35a010180178b1a096684f7cebd7fa3,C,Informe Final de Auditoría,33824,https://www.contraloria.cl/SicaProd/SICAv3-BIFAPortalCGR/servletfichainformegoogle?docIdcm=a35a010180178b1a096684f7cebd7fa3&pdf=1