IDACTIVIDAD,CODIGOSUBDERE,FECHAINFORME,NOMBRESERVICIO,ANOINFORME,NUMEROINFORME,MATERIAINFORME,FICHAINFORMEBIFA,C_REG_SUBDERE,NOMBRESUBDERE,FICHAINFORME,TIPOSUBDERE,TIPOINFORME,IDINFORME,PDFINFORME
28043,13101,2016-02-22 00:00:00.0,MUNICIPALIDAD DE SANTIAGO,2015,291,INFORME FINAL 291-15 MUNICIPALIDAD DE SANTIAGO AUDITORIA A LAS ORDENES DE TRABAJO DEL AÑO 2013 RELACIONADAS CON CONTRATOS DE PAVIMENTACION_FEBRERO 2016,https://www.contraloria.cl/pdfbuscador/auditoria/8b492d3c3e84c36def687b7fdecaef8a/html,13,SANTIAGO,https://www.contraloria.cl/SicaProd/SICAv3-BIFAPortalCGR/faces/newDetalleInforme?docIdcm=8b492d3c3e84c36def687b7fdecaef8a,C,Informe Final de Auditoría,17333,https://www.contraloria.cl/SicaProd/SICAv3-BIFAPortalCGR/servletfichainformegoogle?docIdcm=8b492d3c3e84c36def687b7fdecaef8a&pdf=1
31992,13101,2016-02-05 00:00:00.0,DEPARTAMENTO DE EDUCACION DE SANTIAGO,2015,1095,INFORME FINAL 1.095-15 DEPARTAMENTO DE EDUCACION DE SANTIAGO - SOBRE AUDITORIA AL FONDO DE APOYO A LA EDUCACION PUBLICA MUNICIPAL - FEBRERO 2016,https://www.contraloria.cl/pdfbuscador/auditoria/39aaa0678bb7b2bb8bf61a97f3044747/html,13,SANTIAGO,https://www.contraloria.cl/SicaProd/SICAv3-BIFAPortalCGR/faces/newDetalleInforme?docIdcm=39aaa0678bb7b2bb8bf61a97f3044747,C,Informe Final de Auditoría,17186,https://www.contraloria.cl/SicaProd/SICAv3-BIFAPortalCGR/servletfichainformegoogle?docIdcm=39aaa0678bb7b2bb8bf61a97f3044747&pdf=1
34513,13101,2016-09-02 00:00:00.0,MUNICIPALIDAD DE SANTIAGO,2016,354,INFORME FINAL 354-16 MUNICIPALIDAD DE SANTIAGO - SOBRE AUDITORIA A LOS INGRESOS POR PERMISOS POR ROTURAS Y REPOSICION DE PAVIMENTACION Y EL CUMPLIMIENTO DE LA LEY NRO. 20.730 - SEPTIEMBRE 2016,https://www.contraloria.cl/pdfbuscador/auditoria/2a50fd88476c6ca5afb836d0b91f0a08/html,13,SANTIAGO,https://www.contraloria.cl/SicaProd/SICAv3-BIFAPortalCGR/faces/newDetalleInforme?docIdcm=2a50fd88476c6ca5afb836d0b91f0a08,C,Informe Final de Auditoría,18761,https://www.contraloria.cl/SicaProd/SICAv3-BIFAPortalCGR/servletfichainformegoogle?docIdcm=2a50fd88476c6ca5afb836d0b91f0a08&pdf=1
36786,13101,2016-10-11 00:00:00.0,DEPARTAMENTO DE EDUCACION DE SANTIAGO,2016,390,INVESTIGACION ESPECIAL 390-16 MUNICIPALIDAD DE SANTIAGO - SOBRE ATRASO EN EL PAGO DE OBLIGACIONES PREVISIONALES - OCTUBRE 2016,https://www.contraloria.cl/pdfbuscador/auditoria/82fa8da3f650630f4102489695f1c2d9/html,13,SANTIAGO,https://www.contraloria.cl/SicaProd/SICAv3-BIFAPortalCGR/faces/newDetalleInforme?docIdcm=82fa8da3f650630f4102489695f1c2d9,C,Informe de Investigación Especial,19154,https://www.contraloria.cl/SicaProd/SICAv3-BIFAPortalCGR/servletfichainformegoogle?docIdcm=82fa8da3f650630f4102489695f1c2d9&pdf=1
34321,13101,2016-10-20 00:00:00.0,MUNICIPALIDAD DE SANTIAGO,2016,725,INFORME FINAL 725-16 MUNICIPALIDAD DE SANTIAGO - AUDITORÍA AL GASTO EN PERÍODO ELECTORAL - USO DE BIENES - VEHÍCULOS - RRHH - RECURSOS FÍSICOS Y FINANCIEROS - OCTUBRE 2016,https://www.contraloria.cl/pdfbuscador/auditoria/fed667efb6fd5a3f48655bfd283afb34/html,13,SANTIAGO,https://www.contraloria.cl/SicaProd/SICAv3-BIFAPortalCGR/faces/newDetalleInforme?docIdcm=fed667efb6fd5a3f48655bfd283afb34,C,Informe Final de Auditoría,19210,https://www.contraloria.cl/SicaProd/SICAv3-BIFAPortalCGR/servletfichainformegoogle?docIdcm=fed667efb6fd5a3f48655bfd283afb34&pdf=1
37637,13101,2017-06-01 00:00:00.0,MUNICIPALIDAD DE SANTIAGO,2016,1177,"INFORME DE INSPECCIÓN TECNICA DE OBRA PÚBLICA 1.177-16, MUNICIPALIDAD DE SANTIAGO, CONTRATO REMODELACIÓN EJE SAN ANTONIO, COMUNA DE SANTIAGO _JUNIO 2017",https://www.contraloria.cl/pdfbuscador/auditoria/ca568f1a4524898de9ca54d13d511f7a/html,13,SANTIAGO,https://www.contraloria.cl/SicaProd/SICAv3-BIFAPortalCGR/faces/newDetalleInforme?docIdcm=ca568f1a4524898de9ca54d13d511f7a,C,Informe de Inspección de Obra Pública,21095,https://www.contraloria.cl/SicaProd/SICAv3-BIFAPortalCGR/servletfichainformegoogle?docIdcm=ca568f1a4524898de9ca54d13d511f7a&pdf=1
40015,13101,2017-06-01 00:00:00.0,MUNICIPALIDAD DE SANTIAGO,2016,1189,"INFORME DE INSPECCIÓN TECNICA DE OBRA PÚBLICA 1.189-16, MUNICIPALIDAD DE SANTIAGO, CONTRATO HABILITACIÓN CENTRO DE EXTENSIÓN INSTITUTO NACIONAL DE SANTIAGO_JUNIO 2017",https://www.contraloria.cl/pdfbuscador/auditoria/9e05e02783923c0b9e313d53230e4ca5/html,13,SANTIAGO,https://www.contraloria.cl/SicaProd/SICAv3-BIFAPortalCGR/faces/newDetalleInforme?docIdcm=9e05e02783923c0b9e313d53230e4ca5,C,Informe de Inspección de Obra Pública,21121,https://www.contraloria.cl/SicaProd/SICAv3-BIFAPortalCGR/servletfichainformegoogle?docIdcm=9e05e02783923c0b9e313d53230e4ca5&pdf=1
45672,13101,2017-11-17 00:00:00.0,MUNICIPALIDAD DE SANTIAGO,2017,735,"IINFORME FINAL INVESTIGACION ESPECIAL 735_17, MUNICIPALIDAD DE SANTIAGO, SOBRE CUMPLIMIENTO DEL DICTAMEN N°74.442, EN CONTRATO DE OBRA _ DICIEMBRE 2017",https://www.contraloria.cl/pdfbuscador/auditoria/c6d0a395bc86f47a55d990da13d92e1a/html,13,SANTIAGO,https://www.contraloria.cl/SicaProd/SICAv3-BIFAPortalCGR/faces/newDetalleInforme?docIdcm=c6d0a395bc86f47a55d990da13d92e1a,C,Informe de Investigación Especial,22204,https://www.contraloria.cl/SicaProd/SICAv3-BIFAPortalCGR/servletfichainformegoogle?docIdcm=c6d0a395bc86f47a55d990da13d92e1a&pdf=1
44564,13101,2017-12-01 00:00:00.0,DEPARTAMENTO DE EDUCACION DE SANTIAGO,2017,742,"INFORME FINAL N° 742-2017 - DEPARTAMENTO DE EDUCACION DE SANTIAGO - SOBRE AUDITORIA AL PROCESO DE FORMULACION, EJECUCION Y CONTROL DEL PRESUPUESTO - DICIEMBRE 2017",https://www.contraloria.cl/pdfbuscador/auditoria/8b087b235f6f5acc4dcaf6efc097d623/html,13,SANTIAGO,https://www.contraloria.cl/SicaProd/SICAv3-BIFAPortalCGR/faces/newDetalleInforme?docIdcm=8b087b235f6f5acc4dcaf6efc097d623,C,Informe Final de Auditoría,22294,https://www.contraloria.cl/SicaProd/SICAv3-BIFAPortalCGR/servletfichainformegoogle?docIdcm=8b087b235f6f5acc4dcaf6efc097d623&pdf=1
46938,13101,2017-12-27 00:00:00.0,MUNICIPALIDAD DE SANTIAGO,2017,899,INFORME FINAL 899-17 MUNICIPALIDAD DE SANTIAGO AUDITORIA AL PROGRAMA REVITALIZACIÓN DE BARRIOS - DICIEMBRE 2017,https://www.contraloria.cl/pdfbuscador/auditoria/4f64fe6b4068563a2dd732c71f72b1f8/html,13,SANTIAGO,https://www.contraloria.cl/SicaProd/SICAv3-BIFAPortalCGR/faces/newDetalleInforme?docIdcm=4f64fe6b4068563a2dd732c71f72b1f8,C,Informe Final de Auditoría,22652,https://www.contraloria.cl/SicaProd/SICAv3-BIFAPortalCGR/servletfichainformegoogle?docIdcm=4f64fe6b4068563a2dd732c71f72b1f8&pdf=1
49786,13101,2018-04-20 00:00:00.0,MUNICIPALIDAD DE SANTIAGO,2018,112,INFORME FINAL 112-18 MUNICIPALIDAD DE SANTIAGO PROGRAMA DE REVITALIZACIÓN DE BARRIOS E INFRAESTRUCTURA PATRIMONIAL EMBLEMÁTICA- ABRIL 2018 ,https://www.contraloria.cl/pdfbuscador/auditoria/c28995d40dc7629b702aab06f546e09d/html,13,SANTIAGO,https://www.contraloria.cl/SicaProd/SICAv3-BIFAPortalCGR/faces/newDetalleInforme?docIdcm=c28995d40dc7629b702aab06f546e09d,C,Informe Final de Auditoría,23821,https://www.contraloria.cl/SicaProd/SICAv3-BIFAPortalCGR/servletfichainformegoogle?docIdcm=c28995d40dc7629b702aab06f546e09d&pdf=1
49230,13101,2018-09-05 00:00:00.0,DEPARTAMENTO DE EDUCACION DE SANTIAGO,2018,262,INFORME FINAL 262-2018 MUNICIPALIDAD DE SANTIAGO AUDITORIA A LOS RECURSOS DE LA LEY 20248 SUBVENCION ESCOLAR PREFERENCIAL EN LA DIRECCIÓN DE EDUCACIÓN SEPTIEMBRE 2018,https://www.contraloria.cl/pdfbuscador/auditoria/ba704acfa72f3bf37667c362d4b5ff0e/html,13,SANTIAGO,https://www.contraloria.cl/SicaProd/SICAv3-BIFAPortalCGR/faces/newDetalleInforme?docIdcm=ba704acfa72f3bf37667c362d4b5ff0e,C,Informe Final de Auditoría,25685,https://www.contraloria.cl/SicaProd/SICAv3-BIFAPortalCGR/servletfichainformegoogle?docIdcm=ba704acfa72f3bf37667c362d4b5ff0e&pdf=1
52594,13101,2019-01-25 00:00:00.0,MUNICIPALIDAD DE SANTIAGO,2018,575,INFORME FINAL DE INVESTIGACIÓN N° 575_2018 MUNICIPALIDAD DE SANTIAGO SOBRE EVENTUALES IRREGURALIDADES EN LA DONACIÓN DE OBRAS DE ARTE,https://www.contraloria.cl/pdfbuscador/auditoria/6e4b4b5294ce423b676aafad0f088824/html,13,SANTIAGO,https://www.contraloria.cl/SicaProd/SICAv3-BIFAPortalCGR/faces/newDetalleInforme?docIdcm=6e4b4b5294ce423b676aafad0f088824,C,Informe de Investigación Especial,27564,https://www.contraloria.cl/SicaProd/SICAv3-BIFAPortalCGR/servletfichainformegoogle?docIdcm=6e4b4b5294ce423b676aafad0f088824&pdf=1
52205,13101,2018-12-18 00:00:00.0,MUNICIPALIDAD DE SANTIAGO,2018,729,INFORME FINAL N° 729 MUNICIPALIDAD DE SANTIAGO SOBRE AUDITORIA AL PROCESO DE OTORGAMIENTO DE PERMISO DE EDIFICACIÓN - DICIEMBRE 2018,https://www.contraloria.cl/pdfbuscador/auditoria/a02d3a76116821960faa74565ab24fa5/html,13,SANTIAGO,https://www.contraloria.cl/SicaProd/SICAv3-BIFAPortalCGR/faces/newDetalleInforme?docIdcm=a02d3a76116821960faa74565ab24fa5,C,Informe Final de Auditoría,27105,https://www.contraloria.cl/SicaProd/SICAv3-BIFAPortalCGR/servletfichainformegoogle?docIdcm=a02d3a76116821960faa74565ab24fa5&pdf=1
54558,13101,2019-03-14 00:00:00.0,MUNICIPALIDAD DE SANTIAGO,2019,87,INFORME FINAL N°87 DE 2019 MUNICIPALIDAD DE SANTIAGO REPARACIÓN PARROQUIA SAN SATURNINO COMUNA DE SANTIAGO MARZO-2019,https://www.contraloria.cl/pdfbuscador/auditoria/c063ebffb84ac0573fce9d921ea14f6e/html,13,SANTIAGO,https://www.contraloria.cl/SicaProd/SICAv3-BIFAPortalCGR/faces/newDetalleInforme?docIdcm=c063ebffb84ac0573fce9d921ea14f6e,C,Informe de Inspección de Obra Pública,28084,https://www.contraloria.cl/SicaProd/SICAv3-BIFAPortalCGR/servletfichainformegoogle?docIdcm=c063ebffb84ac0573fce9d921ea14f6e&pdf=1
56391,13101,2019-04-23 00:00:00.0,MUNICIPALIDAD DE SANTIAGO,2019,155,"INFORME FINAL DE AUDITORIA N° 155 DE 2019 MUNICIPALIDAD DE SANTIAGO SOBRE AUDITORIA AL PROGRAMA DE REVITALIZACIÓN DE BARRIOS E INFRAESTRUCTURA PATRIMONIAL EMBLEMÁTICA, FINANCIADO CON RECURSO DEL PRÉSTAMO INTERNACIONAL N° 3564/OC-CH ABRIL-2019",https://www.contraloria.cl/pdfbuscador/auditoria/c886a1b88faf903444e64b0376cae89c/html,13,SANTIAGO,https://www.contraloria.cl/SicaProd/SICAv3-BIFAPortalCGR/faces/newDetalleInforme?docIdcm=c886a1b88faf903444e64b0376cae89c,C,Informe Final de Auditoría,28819,https://www.contraloria.cl/SicaProd/SICAv3-BIFAPortalCGR/servletfichainformegoogle?docIdcm=c886a1b88faf903444e64b0376cae89c&pdf=1
55926,13101,2019-07-09 00:00:00.0,MUNICIPALIDAD DE SANTIAGO,2019,257,INFORME FINAL N° 257-2019 - MUNICIPALIDAD DE SANTIAGO - SOBRE AUDITORIA AL MACROPROCESO DE ADQUISICION Y ABASTECIMIENTO - JULIO 2019,https://www.contraloria.cl/pdfbuscador/auditoria/75aca0c1cbeef1c5e39a9cd05aa43862/html,13,SANTIAGO,https://www.contraloria.cl/SicaProd/SICAv3-BIFAPortalCGR/faces/newDetalleInforme?docIdcm=75aca0c1cbeef1c5e39a9cd05aa43862,C,Informe Final de Auditoría,29331,https://www.contraloria.cl/SicaProd/SICAv3-BIFAPortalCGR/servletfichainformegoogle?docIdcm=75aca0c1cbeef1c5e39a9cd05aa43862&pdf=1
57134,13101,2019-10-04 00:00:00.0,MUNICIPALIDAD DE SANTIAGO,2019,439,INFORME FINAL N° 439-2019 - MUNICIPALIDAD DE SANTIGO - SOBRE AUDITORIA AL MACROPROCESO DE INGRESOS PROPIOS POR CONCEPTO DE PERMISOS DE CIRCULACION - OCTUBRE 2019,https://www.contraloria.cl/pdfbuscador/auditoria/a5af579f4b2595af1c50e36284aaf812/html,13,SANTIAGO,https://www.contraloria.cl/SicaProd/SICAv3-BIFAPortalCGR/faces/newDetalleInforme?docIdcm=a5af579f4b2595af1c50e36284aaf812,C,Informe Final de Auditoría,30028,https://www.contraloria.cl/SicaProd/SICAv3-BIFAPortalCGR/servletfichainformegoogle?docIdcm=a5af579f4b2595af1c50e36284aaf812&pdf=1
58092,13101,2020-04-30 00:00:00.0,MUNICIPALIDAD DE SANTIAGO,2019,472,INFORME FINAL DE INVESTIGACION ESPECIAL N° 472-2019 - MUNICIPALIDAD DE SANTIAGO - SOBRE EVENTUALES IRREGULARIDADES - ABRIL 2020,https://www.contraloria.cl/pdfbuscador/auditoria/7d541309f71aa8778c0f5f9098a37431/html,13,SANTIAGO,https://www.contraloria.cl/SicaProd/SICAv3-BIFAPortalCGR/faces/newDetalleInforme?docIdcm=7d541309f71aa8778c0f5f9098a37431,C,Informe de Investigación Especial,32544,https://www.contraloria.cl/SicaProd/SICAv3-BIFAPortalCGR/servletfichainformegoogle?docIdcm=7d541309f71aa8778c0f5f9098a37431&pdf=1
58368,13101,2019-12-09 00:00:00.0,MUNICIPALIDAD DE SANTIAGO,2019,856,"INFORME FINAL 856-19 MUNICIPALIDAD DE SANTIAGO AUDITORIA A LOS PROCESOS DE LICITACION, ADJUDICACION, CONTRATACION Y EJECUCION DE LOS CONTRATOS DE OBRA - DICIEMBRE 2019",https://www.contraloria.cl/pdfbuscador/auditoria/58afe6f169fd122fbfa0fe5978f778a9/html,13,SANTIAGO,https://www.contraloria.cl/SicaProd/SICAv3-BIFAPortalCGR/faces/newDetalleInforme?docIdcm=58afe6f169fd122fbfa0fe5978f778a9,C,Informe Final de Auditoría,30507,https://www.contraloria.cl/SicaProd/SICAv3-BIFAPortalCGR/servletfichainformegoogle?docIdcm=58afe6f169fd122fbfa0fe5978f778a9&pdf=1
72204,13101,2020-06-25 00:00:00.0,MUNICIPALIDAD DE SANTIAGO,2020,162,"INFORME FINAL N°162-2020 MUNICIPALIDAD DE SANTIAGO SOBRE AUDITORÍA AL PROGRAMA DE REVITALIZACIÓN DE BARRIOS E INFRAESTRUCTURA PATRIMONIAL EMBLEMÁTICA, FINANCIADO CON RECURSOS DEL PRÉSTAMO INTERNACIONAL N° 3564/OC-CH- JUNIO 2020",https://www.contraloria.cl/pdfbuscador/auditoria/6d8a366159f95c0c7919b66e2da4e8de/html,13,SANTIAGO,https://www.contraloria.cl/SicaProd/SICAv3-BIFAPortalCGR/faces/newDetalleInforme?docIdcm=6d8a366159f95c0c7919b66e2da4e8de,C,Informe Final de Auditoría,32943,https://www.contraloria.cl/SicaProd/SICAv3-BIFAPortalCGR/servletfichainformegoogle?docIdcm=6d8a366159f95c0c7919b66e2da4e8de&pdf=1