IDACTIVIDAD,CODIGOSUBDERE,FECHAINFORME,NOMBRESERVICIO,ANOINFORME,NUMEROINFORME,MATERIAINFORME,FICHAINFORMEBIFA,C_REG_SUBDERE,NOMBRESUBDERE,FICHAINFORME,TIPOSUBDERE,TIPOINFORME,IDINFORME,PDFINFORME
30286,13601,2015-11-06 00:00:00.0,MUNICIPALIDAD DE TALAGANTE,2015,462,INFORME FINAL 462-15 MUNICIPALIDAD DE TALAGANTE SOBRE AUDITORÍA A LOS CONTRATOS DE OBRA CON RECEPCIÓN PROVISORIA – NOVIEMBRE DE 2015,https://www.contraloria.cl/pdfbuscador/auditoria/8d96a01e428de526c1c0fdcf94d34fd3/html,13,TALAGANTE,https://www.contraloria.cl/SicaProd/SICAv3-BIFAPortalCGR/faces/newDetalleInforme?docIdcm=8d96a01e428de526c1c0fdcf94d34fd3,C,Informe Final de Auditoría,15896,https://www.contraloria.cl/SicaProd/SICAv3-BIFAPortalCGR/servletfichainformegoogle?docIdcm=8d96a01e428de526c1c0fdcf94d34fd3&pdf=1
28431,13601,2015-12-16 00:00:00.0,MUNICIPALIDAD DE TALAGANTE,2015,809,INFORME FINAL 809-15 MUNICIPALIDAD DE TALAGANTE - SOBRE AUDITORIA AL MACROPROCESO DE ENTREGA DE BENEFICIOS - DICIEMBRE 2015,https://www.contraloria.cl/pdfbuscador/auditoria/a6d1fb3eda0a35ad8a639bb7f8bc0879/html,13,TALAGANTE,https://www.contraloria.cl/SicaProd/SICAv3-BIFAPortalCGR/faces/newDetalleInforme?docIdcm=a6d1fb3eda0a35ad8a639bb7f8bc0879,C,Informe Final de Auditoría,16599,https://www.contraloria.cl/SicaProd/SICAv3-BIFAPortalCGR/servletfichainformegoogle?docIdcm=a6d1fb3eda0a35ad8a639bb7f8bc0879&pdf=1
34538,13601,2016-12-29 00:00:00.0,DEPARTAMENTO DE SALUD DE TALAGANTE,2016,402,INFORME FINAL 402-2016 DEPARTAMENTO DE SALUD DE TALAGANTE AUDITORIA AL MACROPROCESO DE RECURSOS HUMANOS EN EL DEPARTAMENTO DE SALUD Y CUMPLIMIENTO DE LA LEY N° 20730 EN LA MUNICIPALIDAD DE TALAGANTE - DICIEMBRE 2016,https://www.contraloria.cl/pdfbuscador/auditoria/a3bfa79f483465a012fa9c973df8e4cd/html,13,TALAGANTE,https://www.contraloria.cl/SicaProd/SICAv3-BIFAPortalCGR/faces/newDetalleInforme?docIdcm=a3bfa79f483465a012fa9c973df8e4cd,C,Informe Final de Auditoría,20861,https://www.contraloria.cl/SicaProd/SICAv3-BIFAPortalCGR/servletfichainformegoogle?docIdcm=a3bfa79f483465a012fa9c973df8e4cd&pdf=1
41762,13601,2017-07-26 00:00:00.0,MUNICIPALIDAD DE TALAGANTE,2017,369,"INFORME FINAL 369-2017 MUNICIPALIDAD DE TALAGANTE SOBRE AUDITORIA A MACROPROCESO DE INGRESOS PROPIOS POR CONCEPTO PATENTES , COMERCIALES, PROFESIONALES, Y DE ALCOHOLES EN LA MUNICIPALIDAD DE TALAGANTE - JULIO 2017  ",https://www.contraloria.cl/pdfbuscador/auditoria/01880b55903f2bbdf6b4da8545cc1a1c/html,13,TALAGANTE,https://www.contraloria.cl/SicaProd/SICAv3-BIFAPortalCGR/faces/newDetalleInforme?docIdcm=01880b55903f2bbdf6b4da8545cc1a1c,C,Informe Final de Auditoría,21469,https://www.contraloria.cl/SicaProd/SICAv3-BIFAPortalCGR/servletfichainformegoogle?docIdcm=01880b55903f2bbdf6b4da8545cc1a1c&pdf=1
44985,13601,2017-09-20 00:00:00.0,MUNICIPALIDAD DE TALAGANTE,2017,447,INFORME FINAL 447-2017 MUNICIPALIDAD DE TALAGANTE SOBRE AUDITORIA A LAS ACTUACIONES MUNICIPALES RELACIONADAS CON EL PROCESO DE EXTRACCION DE ARIDOS -SEPTIEMBRE 2017,https://www.contraloria.cl/pdfbuscador/auditoria/f495cf36677d9e0b53a6661ff1f90d4f/html,13,TALAGANTE,https://www.contraloria.cl/SicaProd/SICAv3-BIFAPortalCGR/faces/newDetalleInforme?docIdcm=f495cf36677d9e0b53a6661ff1f90d4f,C,Informe Final de Auditoría,21778,https://www.contraloria.cl/SicaProd/SICAv3-BIFAPortalCGR/servletfichainformegoogle?docIdcm=f495cf36677d9e0b53a6661ff1f90d4f&pdf=1
46088,13601,2017-01-07 00:00:00.0,MUNICIPALIDAD DE TALAGANTE,2017,781,"INFORME FINAL 781-17 MUNICIPALIDAD DE TALAGANTE AUDITORÍA AL ESTADO DE LA INFRAESTRUCTURA DE LOS ESTABLECIMIENTOS DE ATENCIÓN PRIMARIA DE SALUD, DEPENDIENTES DE LA DIRECCIÓN DE SALUD DE LA MUNICIPALIDAD DE TALAGANTE; DICIEMBRE 2017",https://www.contraloria.cl/pdfbuscador/auditoria/832d78c0badfd4feb3d15c8aae7c9220/html,13,TALAGANTE,https://www.contraloria.cl/SicaProd/SICAv3-BIFAPortalCGR/faces/newDetalleInforme?docIdcm=832d78c0badfd4feb3d15c8aae7c9220,C,Informe Final de Auditoría,22981,https://www.contraloria.cl/SicaProd/SICAv3-BIFAPortalCGR/servletfichainformegoogle?docIdcm=832d78c0badfd4feb3d15c8aae7c9220&pdf=1
52868,13601,2019-03-29 00:00:00.0,DEPARTAMENTO DE SALUD DE TALAGANTE,2018,854,INFORME FINAL 854-2018 MUNICIPALIDAD DE TALAGANTE SOBRE AUDITORIA  A LOS INGRESOS POR RECUPERACIÓN Y REEMBOLSOS DE LICENCIAS MEDICAS EN LA DIRECCION DE SALUD DE LA MUNICIPALIDAD DE TALAGANTE - MARZO 2019,https://www.contraloria.cl/pdfbuscador/auditoria/7b56b73396c4ba1c57829183c3a8a5b5/html,13,TALAGANTE,https://www.contraloria.cl/SicaProd/SICAv3-BIFAPortalCGR/faces/newDetalleInforme?docIdcm=7b56b73396c4ba1c57829183c3a8a5b5,C,Informe Final de Auditoría,28610,https://www.contraloria.cl/SicaProd/SICAv3-BIFAPortalCGR/servletfichainformegoogle?docIdcm=7b56b73396c4ba1c57829183c3a8a5b5&pdf=1
57099,13601,2019-09-27 00:00:00.0,MUNICIPALIDAD DE TALAGANTE,2019,399,"INFORME FINAL N° 399-2019, SOBRE AUDITORÍA Y EXAMEN DE CUENTAS A LOS GASTOS EFECTUADOS CON CARGO A LA CUENTA CONTABLE N° 215-31, DURANTE EL AÑO 2018 EN LA MUNICIPALIDAD DE TALAGANTE",https://www.contraloria.cl/pdfbuscador/auditoria/37821e35b6233cc4a2c7be7c3696144c/html,13,TALAGANTE,https://www.contraloria.cl/SicaProd/SICAv3-BIFAPortalCGR/faces/newDetalleInforme?docIdcm=37821e35b6233cc4a2c7be7c3696144c,C,Informe Final de Auditoría,30020,https://www.contraloria.cl/SicaProd/SICAv3-BIFAPortalCGR/servletfichainformegoogle?docIdcm=37821e35b6233cc4a2c7be7c3696144c&pdf=1
58382,13601,2019-11-20 00:00:00.0,MUNICIPALIDAD DE TALAGANTE,2019,686,INFORME FINAL 686-2019 SOBRE AUDITORIA AL MACROPROCESO DE ADQUISICIONES Y ABASTECIMIENTO EN LA MUNICIPALIDAD DE TALAGANTE,https://www.contraloria.cl/pdfbuscador/auditoria/e8ca076aa804e79848bcf3be7b3a24c1/html,13,TALAGANTE,https://www.contraloria.cl/SicaProd/SICAv3-BIFAPortalCGR/faces/newDetalleInforme?docIdcm=e8ca076aa804e79848bcf3be7b3a24c1,C,Informe Final de Auditoría,30353,https://www.contraloria.cl/SicaProd/SICAv3-BIFAPortalCGR/servletfichainformegoogle?docIdcm=e8ca076aa804e79848bcf3be7b3a24c1&pdf=1
68085,13601,2020-05-28 00:00:00.0,MUNICIPALIDAD DE TALAGANTE,2020,101,"INFORME FINAL N° 101 DE 2020, SOBRE INSPECCIÓN A LAS OBRAS DEL CONTRATO ""MEJORAMIENTO BALNEARIO MUNICIPAL PARQUE TEGUALDA II ETAPA, EJECUTADO POR LA MUNICIPALIDAD DE TALAGANTE.",https://www.contraloria.cl/pdfbuscador/auditoria/fa61afc343a2582e728f0591b711a49f/html,13,TALAGANTE,https://www.contraloria.cl/SicaProd/SICAv3-BIFAPortalCGR/faces/newDetalleInforme?docIdcm=fa61afc343a2582e728f0591b711a49f,C,Informe de Inspección de Obra Pública,32905,https://www.contraloria.cl/SicaProd/SICAv3-BIFAPortalCGR/servletfichainformegoogle?docIdcm=fa61afc343a2582e728f0591b711a49f&pdf=1