IDACTIVIDAD,CODIGOSUBDERE,FECHAINFORME,NOMBRESERVICIO,ANOINFORME,NUMEROINFORME,MATERIAINFORME,FICHAINFORMEBIFA,C_REG_SUBDERE,NOMBRESUBDERE,FICHAINFORME,TIPOSUBDERE,TIPOINFORME,IDINFORME,PDFINFORME
24648,07101,2015-04-10 00:00:00.0,MUNICIPALIDAD DE TALCA,2015,118,INFORME DE INVESTIGACION ESPECIAL 118-15 MUNICIPALIDAD DE TALCA PRESUNTAS IRREGULARIDADES - ABRIL 2015,https://www.contraloria.cl/pdfbuscador/auditoria/ac2162e5dacc8161983e078f32394829/html,07,TALCA,https://www.contraloria.cl/SicaProd/SICAv3-BIFAPortalCGR/faces/newDetalleInforme?docIdcm=ac2162e5dacc8161983e078f32394829,C,Informe de Investigación Especial,13624,https://www.contraloria.cl/SicaProd/SICAv3-BIFAPortalCGR/servletfichainformegoogle?docIdcm=ac2162e5dacc8161983e078f32394829&pdf=1
26911,07101,2015-04-15 00:00:00.0,DEPARTAMENTO DE EDUCACION DE TALCA,2015,244,INFORME DE INVESTIGACION ESPECIAL 244-15 DEPARTAMENTO DE EDUCACION DE LA MUNICIPALIDAD DE TALCA IRREGULARIDAD EN CUMPLIMIENTO DE JORNADA LABORAL DE FUNCIONARIA - ABRIL 2015,https://www.contraloria.cl/pdfbuscador/auditoria/25eff78754819155d8d469694a2250ed/html,07,TALCA,https://www.contraloria.cl/SicaProd/SICAv3-BIFAPortalCGR/faces/newDetalleInforme?docIdcm=25eff78754819155d8d469694a2250ed,C,Informe de Investigación Especial,13632,https://www.contraloria.cl/SicaProd/SICAv3-BIFAPortalCGR/servletfichainformegoogle?docIdcm=25eff78754819155d8d469694a2250ed&pdf=1
28650,07101,2015-08-31 00:00:00.0,MUNICIPALIDAD DE TALCA,2015,639,INFORME FINAL 639-15 MUNICIPALIDAD DE TALCA - SOBRE AUDITORIA A LAS CONTRATACIONES DE HONORARIOS EN PROGRAMAS COMUNITARIOS - AGOSTO 2015,https://www.contraloria.cl/pdfbuscador/auditoria/7631ccb33f4728cd1bafb4b600ef2741/html,07,TALCA,https://www.contraloria.cl/SicaProd/SICAv3-BIFAPortalCGR/faces/newDetalleInforme?docIdcm=7631ccb33f4728cd1bafb4b600ef2741,C,Informe Final de Auditoría,14679,https://www.contraloria.cl/SicaProd/SICAv3-BIFAPortalCGR/servletfichainformegoogle?docIdcm=7631ccb33f4728cd1bafb4b600ef2741&pdf=1
32683,07101,2016-04-21 00:00:00.0,MUNICIPALIDAD DE TALCA,2016,38,INFORME DE INVESTIGACION ESPECIAL 38-16 MUNICIPALIDAD DE TALCA SOBRE EVENTUALES IRREGULARIDADES E INHABILIDAD EN LA DESIGNACION DE FUNCIONARIO - ABRIL 2016,https://www.contraloria.cl/pdfbuscador/auditoria/78bcbebffd8bd0f74afef64d6af27663/html,07,TALCA,https://www.contraloria.cl/SicaProd/SICAv3-BIFAPortalCGR/faces/newDetalleInforme?docIdcm=78bcbebffd8bd0f74afef64d6af27663,C,Informe de Investigación Especial,17843,https://www.contraloria.cl/SicaProd/SICAv3-BIFAPortalCGR/servletfichainformegoogle?docIdcm=78bcbebffd8bd0f74afef64d6af27663&pdf=1
32956,07101,2016-05-31 00:00:00.0,DEPARTAMENTO DE SALUD DE TALCA,2016,149,INFORME DE INVESTIGACION ESPECIAL 149-16 DEPARTAMENTO DE SALUD MUNICIPALIDAD DE TALCA SOBRE EVENTUALES ACTOS DE DISCRIMINACION POR ORIENTACION SEXUAL Y ACOSO LABORAL - MAYO 2016,https://www.contraloria.cl/pdfbuscador/auditoria/5960fd07d33854916cd4571cc570cc69/html,07,TALCA,https://www.contraloria.cl/SicaProd/SICAv3-BIFAPortalCGR/faces/newDetalleInforme?docIdcm=5960fd07d33854916cd4571cc570cc69,C,Informe de Investigación Especial,18079,https://www.contraloria.cl/SicaProd/SICAv3-BIFAPortalCGR/servletfichainformegoogle?docIdcm=5960fd07d33854916cd4571cc570cc69&pdf=1
35746,07101,2016-06-14 00:00:00.0,MUNICIPALIDAD DE TALCA,2016,369,INFORME INVESTIGACION ESPECIAL 369-16 MUNICIPALIDAD DE TALCA SOBRE PRESUNTAS IRREGULARIDADES RELACIONADAS CON LOS SERVICIOS DE PUBLICIDAD Y DIFUSION CONTRATADOS - JUNIO 2016,https://www.contraloria.cl/pdfbuscador/auditoria/4d2d3c8b0256058b897254ace4879c99/html,07,TALCA,https://www.contraloria.cl/SicaProd/SICAv3-BIFAPortalCGR/faces/newDetalleInforme?docIdcm=4d2d3c8b0256058b897254ace4879c99,C,Informe de Investigación Especial,18253,https://www.contraloria.cl/SicaProd/SICAv3-BIFAPortalCGR/servletfichainformegoogle?docIdcm=4d2d3c8b0256058b897254ace4879c99&pdf=1
37830,07101,2016-10-04 00:00:00.0,DEPARTAMENTO DE SALUD DE TALCA,2016,768,INFORME DE INVESTIGACION ESPECIAL 768-16 DESAM DE TALCA SOBRE EVENTUALES IRREGULARIDADES EN EL CUMPLIMIENTO DE LA JORNADA LABORAL DE FUNCIONARIA - SEPTIEMBRE 2016,https://www.contraloria.cl/pdfbuscador/auditoria/ac9bc90fb5d94ecedcdbf4df0b3fbfe2/html,07,TALCA,https://www.contraloria.cl/SicaProd/SICAv3-BIFAPortalCGR/faces/newDetalleInforme?docIdcm=ac9bc90fb5d94ecedcdbf4df0b3fbfe2,C,Informe de Investigación Especial,19011,https://www.contraloria.cl/SicaProd/SICAv3-BIFAPortalCGR/servletfichainformegoogle?docIdcm=ac9bc90fb5d94ecedcdbf4df0b3fbfe2&pdf=1
37071,07101,2016-12-07 00:00:00.0,MUNICIPALIDAD DE TALCA,2016,770,INFORME FINAL 770-16 MUNICIPALIDAD DE TALCA SOBRE INSPECCIÓN A LA OBRA REPARACIÓN DE LA MEDIALUNA DE TALCA-DICIEMBRE-2016 IOP 7027,https://www.contraloria.cl/pdfbuscador/auditoria/51793bfb8f4a3bed5656e54bbb792605/html,07,TALCA,https://www.contraloria.cl/SicaProd/SICAv3-BIFAPortalCGR/faces/newDetalleInforme?docIdcm=51793bfb8f4a3bed5656e54bbb792605,C,Informe de Inspección de Obra Pública,19786,https://www.contraloria.cl/SicaProd/SICAv3-BIFAPortalCGR/servletfichainformegoogle?docIdcm=51793bfb8f4a3bed5656e54bbb792605&pdf=1
34419,07101,2016-10-13 00:00:00.0,MUNICIPALIDAD DE TALCA,2016,807,INFORME FINAL 807 -16 MUNICIPALIDAD DE TALCA - AUDITORÍA AL GASTO EN PERIODO ELECTORAL - USO DE BIENES - VEHÍCULOS - RRHH - RECURSOS FÍSICOS Y FINANCIEROS  - OCTUBRE 2016,https://www.contraloria.cl/pdfbuscador/auditoria/be40394b311bedea69d33b967b21e5f9/html,07,TALCA,https://www.contraloria.cl/SicaProd/SICAv3-BIFAPortalCGR/faces/newDetalleInforme?docIdcm=be40394b311bedea69d33b967b21e5f9,C,Informe Final de Auditoría,19137,https://www.contraloria.cl/SicaProd/SICAv3-BIFAPortalCGR/servletfichainformegoogle?docIdcm=be40394b311bedea69d33b967b21e5f9&pdf=1
39020,07101,2016-12-29 00:00:00.0,DEPARTAMENTO DE EDUCACION DE TALCA,2016,1172,INFORME DE INVESTIGACION ESPECIAL 1172-16 DEPARTAMENTO ADMINISTRACION DE EDUCACION MUNICIPAL DE TALCA SOBRE EVENTUALES IRREGULARIDADES - DICIEMBRE 2016,https://www.contraloria.cl/pdfbuscador/auditoria/ce8f61f04781f597035965454fa3ad85/html,07,TALCA,https://www.contraloria.cl/SicaProd/SICAv3-BIFAPortalCGR/faces/newDetalleInforme?docIdcm=ce8f61f04781f597035965454fa3ad85,C,Informe de Investigación Especial,20103,https://www.contraloria.cl/SicaProd/SICAv3-BIFAPortalCGR/servletfichainformegoogle?docIdcm=ce8f61f04781f597035965454fa3ad85&pdf=1
43810,07101,2017-08-16 00:00:00.0,MUNICIPALIDAD DE TALCA,2017,567,INFORME FINAL DE INVESTIGACION ESPECIAL 567-17 MUNICIPALIDAD DE TALCA EVENTUALES IRREGULARIDADES - AGOSTO 2017,https://www.contraloria.cl/pdfbuscador/auditoria/f2a6846926055bcd6fbf9a7ae4c84031/html,07,TALCA,https://www.contraloria.cl/SicaProd/SICAv3-BIFAPortalCGR/faces/newDetalleInforme?docIdcm=f2a6846926055bcd6fbf9a7ae4c84031,C,Informe de Investigación Especial,21564,https://www.contraloria.cl/SicaProd/SICAv3-BIFAPortalCGR/servletfichainformegoogle?docIdcm=f2a6846926055bcd6fbf9a7ae4c84031&pdf=1
46090,07101,2017-10-04 00:00:00.0,DEPARTAMENTO DE EDUCACION DE TALCA,2017,716,INFORME FINAL DE INVESTIGACIÓN ESPECIAL 716-17 DEPARTAMENTO DE ADMINISTRACIÓN DE EDUCACIÓN MUNICIPAL DE TALCA SOBRE CONTRATACIÓN DE FUNCIONARIOS - OCTUBRE 2017,https://www.contraloria.cl/pdfbuscador/auditoria/64fe46208a11e36b23f4cffe5dc17e4b/html,07,TALCA,https://www.contraloria.cl/SicaProd/SICAv3-BIFAPortalCGR/faces/newDetalleInforme?docIdcm=64fe46208a11e36b23f4cffe5dc17e4b,C,Informe de Investigación Especial,21808,https://www.contraloria.cl/SicaProd/SICAv3-BIFAPortalCGR/servletfichainformegoogle?docIdcm=64fe46208a11e36b23f4cffe5dc17e4b&pdf=1
46374,07101,2017-10-13 00:00:00.0,DEPARTAMENTO DE SALUD DE TALCA,2017,789,INFORME FINAL DE INVESTIGACION ESPECIAL 789-17 DEPARTAMENTO DE SALUD MUNICIPAL DE TALCA SOBRE IRREGULARIDADES EN CUMPLIMIENTO DE JORNADA LABORAL - OCTUBRE 2017,https://www.contraloria.cl/pdfbuscador/auditoria/d6c06b1fa8bec139b03fb8672a13ebd7/html,07,TALCA,https://www.contraloria.cl/SicaProd/SICAv3-BIFAPortalCGR/faces/newDetalleInforme?docIdcm=d6c06b1fa8bec139b03fb8672a13ebd7,C,Informe de Investigación Especial,21881,https://www.contraloria.cl/SicaProd/SICAv3-BIFAPortalCGR/servletfichainformegoogle?docIdcm=d6c06b1fa8bec139b03fb8672a13ebd7&pdf=1
45388,07101,2017-11-03 00:00:00.0,DEPARTAMENTO DE EDUCACION DE TALCA,2017,867,INFORME FINAL DE INVESTIGACION ESPECIAL 867-17 DAEM DE TALCA SOBRE IRREGULARIDADES EN LA CONTRATACION DE UN PROFESOR DE INGLES - NOVIEMBRE 2017,https://www.contraloria.cl/pdfbuscador/auditoria/9a1eceb4171e544ab123cd57f7aba0ef/html,07,TALCA,https://www.contraloria.cl/SicaProd/SICAv3-BIFAPortalCGR/faces/newDetalleInforme?docIdcm=9a1eceb4171e544ab123cd57f7aba0ef,C,Informe de Investigación Especial,22090,https://www.contraloria.cl/SicaProd/SICAv3-BIFAPortalCGR/servletfichainformegoogle?docIdcm=9a1eceb4171e544ab123cd57f7aba0ef&pdf=1
41384,07101,2017-12-29 00:00:00.0,DEPARTAMENTO DE EDUCACION DE TALCA,2017,1111,INFORME FINAL 1111-17 DEPARTAMENTO DE EDUCACION MUNICIPAL DE TALCA AUDITORIA A LOS RECURSOS QUE OTORGA LA LEY N°20.248 SEP - DICIEMBRE 2017,https://www.contraloria.cl/pdfbuscador/auditoria/4d6c410f7d5031e7879b29907729bd23/html,07,TALCA,https://www.contraloria.cl/SicaProd/SICAv3-BIFAPortalCGR/faces/newDetalleInforme?docIdcm=4d6c410f7d5031e7879b29907729bd23,C,Informe Final de Auditoría,22592,https://www.contraloria.cl/SicaProd/SICAv3-BIFAPortalCGR/servletfichainformegoogle?docIdcm=4d6c410f7d5031e7879b29907729bd23&pdf=1
43914,07101,2018-04-03 00:00:00.0,DEPARTAMENTO DE SALUD DE TALCA,2017,1401,INFORME DE INVESTIGACIÓN ESPECIAL 1401-2017 SALUD MUNICIPAL TALCA IRREGULARIDADES EN CONTRATO DE TRABAJO Y FALTA DE MEDICAMENTOS-ABRIL 2018,https://www.contraloria.cl/pdfbuscador/auditoria/9ef5cfc2783be3c68ab32b73e4458e02/html,07,TALCA,https://www.contraloria.cl/SicaProd/SICAv3-BIFAPortalCGR/faces/newDetalleInforme?docIdcm=9ef5cfc2783be3c68ab32b73e4458e02,C,Informe de Investigación Especial,23803,https://www.contraloria.cl/SicaProd/SICAv3-BIFAPortalCGR/servletfichainformegoogle?docIdcm=9ef5cfc2783be3c68ab32b73e4458e02&pdf=1
50166,07101,2018-08-01 00:00:00.0,MUNICIPALIDAD DE TALCA,2018,142,INFORME DE INVESTIGACION ESPECIAL 142-2018 MUNICIPALIDAD DE TALCA IRREGULARIDADES EN DIRECCION DE TRANSITO Y TRANSPORTE PUBLICO - AGOSTO 2018,https://www.contraloria.cl/pdfbuscador/auditoria/9a72c2ea320086b9dab128d54db965aa/html,07,TALCA,https://www.contraloria.cl/SicaProd/SICAv3-BIFAPortalCGR/faces/newDetalleInforme?docIdcm=9a72c2ea320086b9dab128d54db965aa,C,Informe de Investigación Especial,24915,https://www.contraloria.cl/SicaProd/SICAv3-BIFAPortalCGR/servletfichainformegoogle?docIdcm=9a72c2ea320086b9dab128d54db965aa&pdf=1
49572,07101,2019-01-03 00:00:00.0,MUNICIPALIDAD DE TALCA,2018,326,INFORME FINAL 326-18 MUNICIPALIDAD DE TALCA MACROPROCESOS DE TECNOLOGÍAS DE LA INFORMACIÓN Y COMUNICACIONES Y ADQUISICIÓN Y ABASTECIMIENTO - ENERO 2019,https://www.contraloria.cl/pdfbuscador/auditoria/e2d774dc7755243406dfb2999ca467e3/html,07,TALCA,https://www.contraloria.cl/SicaProd/SICAv3-BIFAPortalCGR/faces/newDetalleInforme?docIdcm=e2d774dc7755243406dfb2999ca467e3,C,Informe Final de Auditoría,27329,https://www.contraloria.cl/SicaProd/SICAv3-BIFAPortalCGR/servletfichainformegoogle?docIdcm=e2d774dc7755243406dfb2999ca467e3&pdf=1
51880,07101,2019-04-15 00:00:00.0,DEPARTAMENTO DE EDUCACION DE TALCA,2018,426,INFORME DE INVESTIGACIÓN ESPECIAL 426-18 DEPARTAMENTO DE ADMINISTRACIÓN DE EDUCACIÓN MUNICIPAL DE TALCA PRESUNTAS IRREGULARIDADES - ABRIL 2019,https://www.contraloria.cl/pdfbuscador/auditoria/0b0673c115ed6605dbc9075657620eea/html,07,TALCA,https://www.contraloria.cl/SicaProd/SICAv3-BIFAPortalCGR/faces/newDetalleInforme?docIdcm=0b0673c115ed6605dbc9075657620eea,C,Informe de Investigación Especial,28749,https://www.contraloria.cl/SicaProd/SICAv3-BIFAPortalCGR/servletfichainformegoogle?docIdcm=0b0673c115ed6605dbc9075657620eea&pdf=1
51051,07101,2019-04-12 00:00:00.0,MUNICIPALIDAD DE TALCA,2018,578,"INFORME FINAL 578-18 MUNICIPALIDAD DE TALCA AUDITORIA A LAS TRANSFERENCIAS REALIZADAS A LAS CORPORACIONES MUNICIPALES DE CULTURA, DEPORTES Y DESARROLLO COMUNAL Y PRODUCTIVO - ABRIL 2019",https://www.contraloria.cl/pdfbuscador/auditoria/a157c95f014cc41f66ec931d01e90b5f/html,07,TALCA,https://www.contraloria.cl/SicaProd/SICAv3-BIFAPortalCGR/faces/newDetalleInforme?docIdcm=a157c95f014cc41f66ec931d01e90b5f,C,Informe Final de Auditoría,28750,https://www.contraloria.cl/SicaProd/SICAv3-BIFAPortalCGR/servletfichainformegoogle?docIdcm=a157c95f014cc41f66ec931d01e90b5f&pdf=1
52680,07101,2019-04-10 00:00:00.0,MUNICIPALIDAD DE TALCA,2018,904,INFORME FINAL 904-18 MUNICIPALIDAD DE TALCA AUDITORIA AL PROCESO DE ENDEUDAMIENTO PERIODO ENERO A DICIEMBRE DE 2017 - ABRIL 2019,https://www.contraloria.cl/pdfbuscador/auditoria/46fdb3ab7567058edb549c7b23aecc31/html,07,TALCA,https://www.contraloria.cl/SicaProd/SICAv3-BIFAPortalCGR/faces/newDetalleInforme?docIdcm=46fdb3ab7567058edb549c7b23aecc31,C,Informe Final de Auditoría,28724,https://www.contraloria.cl/SicaProd/SICAv3-BIFAPortalCGR/servletfichainformegoogle?docIdcm=46fdb3ab7567058edb549c7b23aecc31&pdf=1
57166,07101,2019-10-16 00:00:00.0,MUNICIPALIDAD DE TALCA,2019,554,INFORME FINAL 554-19 MUNICIPALIDAD DE TALCA AUDITORÍA AL MACROPROCESO DE CONCESIONES POR SERVICIO DE MANTENCIÓN DE ÁREAS VERDES - OCTUBRE 2019,https://www.contraloria.cl/pdfbuscador/auditoria/4292dea5453158b2f7367b8991fef00b/html,07,TALCA,https://www.contraloria.cl/SicaProd/SICAv3-BIFAPortalCGR/faces/newDetalleInforme?docIdcm=4292dea5453158b2f7367b8991fef00b,C,Informe Final de Auditoría,30084,https://www.contraloria.cl/SicaProd/SICAv3-BIFAPortalCGR/servletfichainformegoogle?docIdcm=4292dea5453158b2f7367b8991fef00b&pdf=1