IDACTIVIDAD,CODIGOSUBDERE,FECHAINFORME,NOMBRESERVICIO,ANOINFORME,NUMEROINFORME,MATERIAINFORME,FICHAINFORMEBIFA,C_REG_SUBDERE,NOMBRESUBDERE,FICHAINFORME,TIPOSUBDERE,TIPOINFORME,IDINFORME,PDFINFORME
26780,08110,2015-06-30 00:00:00.0,MUNICIPALIDAD DE TALCAHUANO,2015,143,INFORME INVESTIGACIÓN ESPECIAL 143-15 SOBRE ENTREGA DE SUBSIDIO FAMILIAR ,https://www.contraloria.cl/pdfbuscador/auditoria/d245044c45772fc84ffbaccdb6e5e6bf/html,08,TALCAHUANO,https://www.contraloria.cl/SicaProd/SICAv3-BIFAPortalCGR/faces/newDetalleInforme?docIdcm=d245044c45772fc84ffbaccdb6e5e6bf,C,Informe de Investigación Especial,14245,https://www.contraloria.cl/SicaProd/SICAv3-BIFAPortalCGR/servletfichainformegoogle?docIdcm=d245044c45772fc84ffbaccdb6e5e6bf&pdf=1
26398,08110,2015-06-16 00:00:00.0,DEPARTAMENTO DE ADMINISTRACION DE EDUCACION MUNICIPAL DE TALCAHUANO,2015,152,INFORME INVESTIGACIÓN ESPECIAL 152 - 15 MUNICIPALIDAD DE TALCAHUANO SOBRE PRESUNTAS IRREGULARIDADES - JUNIO 2015,https://www.contraloria.cl/pdfbuscador/auditoria/5c001610714b31dd21dd22448325f2ee/html,08,TALCAHUANO,https://www.contraloria.cl/SicaProd/SICAv3-BIFAPortalCGR/faces/newDetalleInforme?docIdcm=5c001610714b31dd21dd22448325f2ee,C,Informe de Investigación Especial,14102,https://www.contraloria.cl/SicaProd/SICAv3-BIFAPortalCGR/servletfichainformegoogle?docIdcm=5c001610714b31dd21dd22448325f2ee&pdf=1
28546,08110,2015-07-24 00:00:00.0,MUNICIPALIDAD DE TALCAHUANO,2015,411,INFORME FINAL 411-15 MUNICIPALIDAD DE TALCAHUANO SOBRE PROGRAMAS COMUNITARIOS - JULIO 2015,https://www.contraloria.cl/pdfbuscador/auditoria/30b2e33d9cbf8587e4e9a180a0e0d446/html,08,TALCAHUANO,https://www.contraloria.cl/SicaProd/SICAv3-BIFAPortalCGR/faces/newDetalleInforme?docIdcm=30b2e33d9cbf8587e4e9a180a0e0d446,C,Informe Final de Auditoría,14413,https://www.contraloria.cl/SicaProd/SICAv3-BIFAPortalCGR/servletfichainformegoogle?docIdcm=30b2e33d9cbf8587e4e9a180a0e0d446&pdf=1
33521,08110,2016-09-15 00:00:00.0,MUNICIPALIDAD DE TALCAHUANO,2015,1181,INFORME INVESTIGACIÓN ESPECIAL 1.181-15 MUNICIPALIDAD DE TALCAHUANO SOBRE DETERMINACIÓN DEL SALDO INICIAL DE CAJA DEUDA EXIGIBLE Y DEPÓSITO A PLAZO - SEPTIEMBRE 2016,https://www.contraloria.cl/pdfbuscador/auditoria/a4755ddf2355d980db0fc248aa686b17/html,08,TALCAHUANO,https://www.contraloria.cl/SicaProd/SICAv3-BIFAPortalCGR/faces/newDetalleInforme?docIdcm=a4755ddf2355d980db0fc248aa686b17,C,Informe de Investigación Especial,18873,https://www.contraloria.cl/SicaProd/SICAv3-BIFAPortalCGR/servletfichainformegoogle?docIdcm=a4755ddf2355d980db0fc248aa686b17&pdf=1
33138,08110,2016-02-10 00:00:00.0,MUNICIPALIDAD DE TALCAHUANO,2015,1218,INFORME DE INSPECCIÓN OBRA PÚBLICA  1.218-15  MUNICIPALIDAD DE TALCAHUANO SOBRE REPOSICIÓN Y NORMALIZACIÓN DEPENDENCIAS MUNICIPALES - FEBRERO 2016,https://www.contraloria.cl/pdfbuscador/auditoria/25ee11461efea50fbb674171daa74b35/html,08,TALCAHUANO,https://www.contraloria.cl/SicaProd/SICAv3-BIFAPortalCGR/faces/newDetalleInforme?docIdcm=25ee11461efea50fbb674171daa74b35,C,Informe de Inspección de Obra Pública,17256,https://www.contraloria.cl/SicaProd/SICAv3-BIFAPortalCGR/servletfichainformegoogle?docIdcm=25ee11461efea50fbb674171daa74b35&pdf=1
34660,08110,2016-08-30 00:00:00.0,MUNICIPALIDAD DE TALCAHUANO,2016,27,INFORME INVESTIGACIÓN ESPECIAL 27-16 MUNICIPALIDAD DE TALCAHUANO SOBRE ANOMALÍAS ACONTECIDAS EN LA DIRECCIÓN DE OBRAS - AGOSTO 2016,https://www.contraloria.cl/pdfbuscador/auditoria/d12a15c0bf3b4e277122c0d807f720d0/html,08,TALCAHUANO,https://www.contraloria.cl/SicaProd/SICAv3-BIFAPortalCGR/faces/newDetalleInforme?docIdcm=d12a15c0bf3b4e277122c0d807f720d0,C,Informe de Investigación Especial,18743,https://www.contraloria.cl/SicaProd/SICAv3-BIFAPortalCGR/servletfichainformegoogle?docIdcm=d12a15c0bf3b4e277122c0d807f720d0&pdf=1
34874,08110,2017-01-20 00:00:00.0,DEPARTAMENTO DE ADMINISTRACION DE EDUCACION MUNICIPAL DE TALCAHUANO,2016,449,INFORME INVESTIGACIÓN ESPECIAL 449-16 MUNICIPALIDAD DE TALCAHUANO SOBRE PRESUNTAS IRREGULARIDADES - ENERO 2017,https://www.contraloria.cl/pdfbuscador/auditoria/8a2ecf58c33797099af332544b50788d/html,08,TALCAHUANO,https://www.contraloria.cl/SicaProd/SICAv3-BIFAPortalCGR/faces/newDetalleInforme?docIdcm=8a2ecf58c33797099af332544b50788d,C,Informe de Investigación Especial,20264,https://www.contraloria.cl/SicaProd/SICAv3-BIFAPortalCGR/servletfichainformegoogle?docIdcm=8a2ecf58c33797099af332544b50788d&pdf=1
37360,08110,2016-08-03 00:00:00.0,MUNICIPALIDAD DE TALCAHUANO,2016,464,INFORME INVESTIGACIÓN ESPECIAL 464-16 MUNICIPALIDAD DE TALCAHUANO SOBRE PRESUNTO INCUMPLIMIENTO EN EL PAGO DE COTIZACIONES PREVISIONALES - AGOSTO 2016,https://www.contraloria.cl/pdfbuscador/auditoria/5bf9374ff7b9d004cbccd1453fe779ec/html,08,TALCAHUANO,https://www.contraloria.cl/SicaProd/SICAv3-BIFAPortalCGR/faces/newDetalleInforme?docIdcm=5bf9374ff7b9d004cbccd1453fe779ec,C,Informe de Investigación Especial,18658,https://www.contraloria.cl/SicaProd/SICAv3-BIFAPortalCGR/servletfichainformegoogle?docIdcm=5bf9374ff7b9d004cbccd1453fe779ec&pdf=1
34656,08110,2016-10-07 00:00:00.0,MUNICIPALIDAD DE TALCAHUANO,2016,644,INFORME FINAL 644-16 MUNICIPALIDAD DE TALCAHUANO - AUDITORÍA AL GASTO EN PERIODO ELECTORAL - USO DE BIENES - VEHÍCULOS - RRHH - RECURSOS FÍSICOS Y FINANCIEROS - OCTUBRE 2016,https://www.contraloria.cl/pdfbuscador/auditoria/0df731968b5aa6d4cb3839c5945a6c5c/html,08,TALCAHUANO,https://www.contraloria.cl/SicaProd/SICAv3-BIFAPortalCGR/faces/newDetalleInforme?docIdcm=0df731968b5aa6d4cb3839c5945a6c5c,C,Informe Final de Auditoría,19084,https://www.contraloria.cl/SicaProd/SICAv3-BIFAPortalCGR/servletfichainformegoogle?docIdcm=0df731968b5aa6d4cb3839c5945a6c5c&pdf=1
34873,08110,2017-01-19 00:00:00.0,MUNICIPALIDAD DE TALCAHUANO,2016,813,INFORME INVESTIGACIÓN ESPECIAL 813-16 MUNICIPALIDAD DE TALCAHUANO SOBRE PRESUNTAS IRREGULARIDADES EN REMUNERACIONES - ENERO 2017,https://www.contraloria.cl/pdfbuscador/auditoria/9f68447205912adf6aa675f02e296092/html,08,TALCAHUANO,https://www.contraloria.cl/SicaProd/SICAv3-BIFAPortalCGR/faces/newDetalleInforme?docIdcm=9f68447205912adf6aa675f02e296092,C,Informe de Investigación Especial,20263,https://www.contraloria.cl/SicaProd/SICAv3-BIFAPortalCGR/servletfichainformegoogle?docIdcm=9f68447205912adf6aa675f02e296092&pdf=1
38621,08110,2016-12-23 00:00:00.0,MUNICIPALIDAD DE TALCAHUANO,2016,898,INFORME FINAL 898-16 MUNICIPALIDAD DE TALCAHUANO - AUDITORÍA A GASTOS DE COMETIDOS Y DIETAS DE CONCEJALES - DICIEMBRE 2016,https://www.contraloria.cl/pdfbuscador/auditoria/e1d549a7adcd03c12f47e3e8dc79c04d/html,08,TALCAHUANO,https://www.contraloria.cl/SicaProd/SICAv3-BIFAPortalCGR/faces/newDetalleInforme?docIdcm=e1d549a7adcd03c12f47e3e8dc79c04d,C,Informe Final de Auditoría,19973,https://www.contraloria.cl/SicaProd/SICAv3-BIFAPortalCGR/servletfichainformegoogle?docIdcm=e1d549a7adcd03c12f47e3e8dc79c04d&pdf=1
41129,08110,2018-01-23 00:00:00.0,MUNICIPALIDAD DE TALCAHUANO,2017,24,INFORME INVESTIGACIÓN ESPECIAL 24-17 MUNICIPALIDAD DE TALCAHUANO SOBRE DIVERSAS IRREGULARIDADES - ENERO 2018,https://www.contraloria.cl/pdfbuscador/auditoria/a7cfcc52085d7c81b0d4f9352e8394b7/html,08,TALCAHUANO,https://www.contraloria.cl/SicaProd/SICAv3-BIFAPortalCGR/faces/newDetalleInforme?docIdcm=a7cfcc52085d7c81b0d4f9352e8394b7,C,Informe de Investigación Especial,22967,https://www.contraloria.cl/SicaProd/SICAv3-BIFAPortalCGR/servletfichainformegoogle?docIdcm=a7cfcc52085d7c81b0d4f9352e8394b7&pdf=1
42343,08110,2017-12-12 00:00:00.0,MUNICIPALIDAD DE TALCAHUANO,2017,557,INFORME FINAL N°557-17 - MUNICIPALIDAD DE TALCAHUANO - SOBRE AUDITORÍA AL MACROPROCESO DE CONCESIÓN DEL SERVICIO DE ASEO - DICIEMBRE 2017,https://www.contraloria.cl/pdfbuscador/auditoria/e610f97164f62aea5685b3ab8bb2735d/html,08,TALCAHUANO,https://www.contraloria.cl/SicaProd/SICAv3-BIFAPortalCGR/faces/newDetalleInforme?docIdcm=e610f97164f62aea5685b3ab8bb2735d,C,Informe Final de Auditoría,22401,https://www.contraloria.cl/SicaProd/SICAv3-BIFAPortalCGR/servletfichainformegoogle?docIdcm=e610f97164f62aea5685b3ab8bb2735d&pdf=1
51158,08110,2019-03-06 00:00:00.0,DEPARTAMENTO DE ADMINISTRACION DE EDUCACION MUNICIPAL DE TALCAHUANO,2018,402,INFORME FINAL 402 DE 2018 DEPARTAMENTO DE ADMINISTRACIÓN DE EDUCACIÓN MUNICIPAL DE TALCAHUANO - SUBVENCIÓN ESCOLAR PREFERENCIAL E INTEGRACIÓN ESCOLAR - MARZO 2019,https://www.contraloria.cl/pdfbuscador/auditoria/f7838b3353e590f5f03dc8807b4648fd/html,08,TALCAHUANO,https://www.contraloria.cl/SicaProd/SICAv3-BIFAPortalCGR/faces/newDetalleInforme?docIdcm=f7838b3353e590f5f03dc8807b4648fd,C,Informe Final de Auditoría,27995,https://www.contraloria.cl/SicaProd/SICAv3-BIFAPortalCGR/servletfichainformegoogle?docIdcm=f7838b3353e590f5f03dc8807b4648fd&pdf=1
52109,08110,2018-11-30 00:00:00.0,MUNICIPALIDAD DE TALCAHUANO,2018,619,INFORME FINAL 619 -18 MUNICIPALIDAD DE TALCAHUANO  AUDITORÍA A LOS MACROPROCESOS DE TECNOLOGÍAS DE INFORMACIÓN Y COMUNICACIÓN  - NOVIEMBRE 2018,https://www.contraloria.cl/pdfbuscador/auditoria/3a41038dac53f54f84972eccb2ecc9a6/html,08,TALCAHUANO,https://www.contraloria.cl/SicaProd/SICAv3-BIFAPortalCGR/faces/newDetalleInforme?docIdcm=3a41038dac53f54f84972eccb2ecc9a6,C,Informe Final de Auditoría,26784,https://www.contraloria.cl/SicaProd/SICAv3-BIFAPortalCGR/servletfichainformegoogle?docIdcm=3a41038dac53f54f84972eccb2ecc9a6&pdf=1
53119,08110,2018-12-28 00:00:00.0,MUNICIPALIDAD DE TALCAHUANO,2018,839,INFORME FINAL 839-18 MUNICIPALIDAD DE TALCAHUANO SOBRE AUDITORÍA A LAS OBRAS DE INFRAESTRUCTURA - DICIEMBRE 2018,https://www.contraloria.cl/pdfbuscador/auditoria/0a9bec6f58e9e4a670083824f89597b8/html,08,TALCAHUANO,https://www.contraloria.cl/SicaProd/SICAv3-BIFAPortalCGR/faces/newDetalleInforme?docIdcm=0a9bec6f58e9e4a670083824f89597b8,C,Informe Final de Auditoría,27192,https://www.contraloria.cl/SicaProd/SICAv3-BIFAPortalCGR/servletfichainformegoogle?docIdcm=0a9bec6f58e9e4a670083824f89597b8&pdf=1
56704,08110,2019-12-17 00:00:00.0,DEPARTAMENTO DE ADMINISTRACION DE SALUD MUNICIPAL DE TALCAHUANO,2019,315,INFORME FINAL 315-19 DEPARTAMENTO DE ADMINISTRACIÓN DE SALUD MUNICIPAL DE TALCAHUANO SOBRE MACROPROCESO DE FINANZAS-DICIEMBRE 2019,https://www.contraloria.cl/pdfbuscador/auditoria/a381208d65eb962a09a62e5218164b55/html,08,TALCAHUANO,https://www.contraloria.cl/SicaProd/SICAv3-BIFAPortalCGR/faces/newDetalleInforme?docIdcm=a381208d65eb962a09a62e5218164b55,C,Informe Final de Auditoría,30598,https://www.contraloria.cl/SicaProd/SICAv3-BIFAPortalCGR/servletfichainformegoogle?docIdcm=a381208d65eb962a09a62e5218164b55&pdf=1
59236,08110,2019-12-27 00:00:00.0,DEPARTAMENTO DE ADMINISTRACION DE SALUD MUNICIPAL DE TALCAHUANO,2019,693,INFORME FINAL 693-19 DAS MUNICIPALIDAD DE TALCAHUANO AUDITORÍA AL MACROPROCESO DE ADQUISICIONES Y ABASTECIMIENTO - DICIEMBRE 2019,https://www.contraloria.cl/pdfbuscador/auditoria/a6c66895897cab55cfda6ac9a294dc03/html,08,TALCAHUANO,https://www.contraloria.cl/SicaProd/SICAv3-BIFAPortalCGR/faces/newDetalleInforme?docIdcm=a6c66895897cab55cfda6ac9a294dc03,C,Informe Final de Auditoría,30845,https://www.contraloria.cl/SicaProd/SICAv3-BIFAPortalCGR/servletfichainformegoogle?docIdcm=a6c66895897cab55cfda6ac9a294dc03&pdf=1