IDACTIVIDAD,CODIGOSUBDERE,FECHAINFORME,NOMBRESERVICIO,ANOINFORME,NUMEROINFORME,MATERIAINFORME,FICHAINFORMEBIFA,C_REG_SUBDERE,NOMBRESUBDERE,FICHAINFORME,TIPOSUBDERE,TIPOINFORME,IDINFORME,PDFINFORME
29558,02104,2015-05-12 00:00:00.0,MUNICIPALIDAD DE TALTAL,2015,269,INFORME DE INVESTIGACION ESPECIAL 269-2015 MUNICIPALIDAD DE TALTAL SOBRE EVENTUALES IRREGULARIDADES EN LA EJECUCION DE PROYECTOS - MAYO 2015,https://www.contraloria.cl/pdfbuscador/auditoria/1a8f1236caa84409bf22e267c008a7b3/html,02,TALTAL,https://www.contraloria.cl/SicaProd/SICAv3-BIFAPortalCGR/faces/newDetalleInforme?docIdcm=1a8f1236caa84409bf22e267c008a7b3,C,Informe de Investigación Especial,13842,https://www.contraloria.cl/SicaProd/SICAv3-BIFAPortalCGR/servletfichainformegoogle?docIdcm=1a8f1236caa84409bf22e267c008a7b3&pdf=1
31959,02104,2015-12-22 00:00:00.0,MUNICIPALIDAD DE TALTAL,2015,1134,INFORME FINAL 1134-15 MUNICIPALIDAD DE TALTAL SOBRE AUDITORIA A LOS RECURSOS UTILIZADOS PARA ENFRENTAR SITUACIÓN DE EMERGENCIA POR EVENTO CLIMATICO - DICIEMBRE 2015,https://www.contraloria.cl/pdfbuscador/auditoria/f77db1f24e3e3ae1c1e156aeef896ead/html,02,TALTAL,https://www.contraloria.cl/SicaProd/SICAv3-BIFAPortalCGR/faces/newDetalleInforme?docIdcm=f77db1f24e3e3ae1c1e156aeef896ead,C,Informe Final de Auditoría,16669,https://www.contraloria.cl/SicaProd/SICAv3-BIFAPortalCGR/servletfichainformegoogle?docIdcm=f77db1f24e3e3ae1c1e156aeef896ead&pdf=1
36146,02104,2016-07-19 00:00:00.0,DEPARTAMENTO DE ADMINISTRACION DE EDUCACION DE TALTAL,2016,255,INFORME DE INVESTIGACIÓN ESPECIAL 255-2016 DAEM MUNICIPALIDAD DE TALTAL IRREGULARIDADES USO DE VIVIENDAS Y RECURSOS LEY SEP-JULIO 2016,https://www.contraloria.cl/pdfbuscador/auditoria/910d91106967a31b9b631a9f808e0f73/html,02,TALTAL,https://www.contraloria.cl/SicaProd/SICAv3-BIFAPortalCGR/faces/newDetalleInforme?docIdcm=910d91106967a31b9b631a9f808e0f73,C,Informe de Investigación Especial,18504,https://www.contraloria.cl/SicaProd/SICAv3-BIFAPortalCGR/servletfichainformegoogle?docIdcm=910d91106967a31b9b631a9f808e0f73&pdf=1
39356,02104,2016-12-21 00:00:00.0,MUNICIPALIDAD DE TALTAL,2016,1109,INFORME FINAL N° 1109-16 SOBRE AUDITORIA A LOS GASTOS EN CONTRATACION DE PERSONAL A HONORARIOS EN LA MUNICIPALIDAD DE TALTAL - DICIEMBRE 2016,https://www.contraloria.cl/pdfbuscador/auditoria/8d898a124a854c887a5cc1d83b0b0b62/html,02,TALTAL,https://www.contraloria.cl/SicaProd/SICAv3-BIFAPortalCGR/faces/newDetalleInforme?docIdcm=8d898a124a854c887a5cc1d83b0b0b62,C,Informe Final de Auditoría,20001,https://www.contraloria.cl/SicaProd/SICAv3-BIFAPortalCGR/servletfichainformegoogle?docIdcm=8d898a124a854c887a5cc1d83b0b0b62&pdf=1
40930,02104,2018-06-14 00:00:00.0,MUNICIPALIDAD DE TALTAL,2017,539,"INFORME DE INVESTIGACIÓN ESPECIAL N° 539-2017 MUNICIPALIDAD DE TALTAL SOBRE EVENTUALES IRREGULARIDADES EN MATERIA DE PERSONAL, REMUNERACIONES, INVERSIONES ENTRE OTRAS - JUNIO 2018",https://www.contraloria.cl/pdfbuscador/auditoria/3d288847fdd012996ece539aa3acf99f/html,02,TALTAL,https://www.contraloria.cl/SicaProd/SICAv3-BIFAPortalCGR/faces/newDetalleInforme?docIdcm=3d288847fdd012996ece539aa3acf99f,C,Informe de Investigación Especial,24365,https://www.contraloria.cl/SicaProd/SICAv3-BIFAPortalCGR/servletfichainformegoogle?docIdcm=3d288847fdd012996ece539aa3acf99f&pdf=1
46611,02104,2018-10-26 00:00:00.0,MUNICIPALIDAD DE TALTAL,2018,74,INVESTIGACIÓN ESPECIAL 74-2018 MUNICIPALIDAD DE TALTAL SOBRE IRREGULARIDADES EN EJECUCIÓN DEL PROYECTO MEJORAMIENTO CANCHA DE FÚTBOL DE PAPOSO-OCTUBRE 2018,https://www.contraloria.cl/pdfbuscador/auditoria/0506e74ed07057f41a09ba9f0c8f8fdf/html,02,TALTAL,https://www.contraloria.cl/SicaProd/SICAv3-BIFAPortalCGR/faces/newDetalleInforme?docIdcm=0506e74ed07057f41a09ba9f0c8f8fdf,C,Informe de Investigación Especial,26355,https://www.contraloria.cl/SicaProd/SICAv3-BIFAPortalCGR/servletfichainformegoogle?docIdcm=0506e74ed07057f41a09ba9f0c8f8fdf&pdf=1
49211,02104,2018-11-21 00:00:00.0,MUNICIPALIDAD DE TALTAL,2018,203,INFORME FINAL 203-18 MUNICIPALIDAD DE TALTAL SOBRE AUDITORÍA A LOS INGRESOS E INVERSIÓN DE LOS RECURSOS PROVENIENTES DE PATENTES MINERAS Y OTRAS MATERIAS - NOVIEMBRE 2018,https://www.contraloria.cl/pdfbuscador/auditoria/3ac0216d1d8e79f4c392da89170eeb21/html,02,TALTAL,https://www.contraloria.cl/SicaProd/SICAv3-BIFAPortalCGR/faces/newDetalleInforme?docIdcm=3ac0216d1d8e79f4c392da89170eeb21,C,Informe Final de Auditoría,26706,https://www.contraloria.cl/SicaProd/SICAv3-BIFAPortalCGR/servletfichainformegoogle?docIdcm=3ac0216d1d8e79f4c392da89170eeb21&pdf=1
46900,02104,2018-09-25 00:00:00.0,MUNICIPALIDAD DE TALTAL,2018,389,"INVESTIGACIÓN ESPECIAL 389-18 MUNICIPALIDAD DE TALTAL SOBRE IRREGULARIDADES EN PAGO DE HORAS EXTRAORDINARIAS, VIATICOS, FALTA DE FORMALIZACIÓN DE COMETIDOS, VEHÍCULOS EN MAL ESTADO, ENTRE OTRAS-SEPTIEMBRE 2018",https://www.contraloria.cl/pdfbuscador/auditoria/e4183c0726b3bd52f936f2f09c9fffed/html,02,TALTAL,https://www.contraloria.cl/SicaProd/SICAv3-BIFAPortalCGR/faces/newDetalleInforme?docIdcm=e4183c0726b3bd52f936f2f09c9fffed,C,Informe de Investigación Especial,26215,https://www.contraloria.cl/SicaProd/SICAv3-BIFAPortalCGR/servletfichainformegoogle?docIdcm=e4183c0726b3bd52f936f2f09c9fffed&pdf=1