IDACTIVIDAD,CODIGOSUBDERE,FECHAINFORME,NOMBRESERVICIO,ANOINFORME,NUMEROINFORME,MATERIAINFORME,FICHAINFORMEBIFA,C_REG_SUBDERE,NOMBRESUBDERE,FICHAINFORME,TIPOSUBDERE,TIPOINFORME,IDINFORME,PDFINFORME
27697,09101,2015-09-15 00:00:00.0,DEPARTAMENTO DE SALUD MUNICIPAL DE TEMUCO,2015,173,"INFORME INVESTIGACIÓN ESPECIAL 173-15 DEPARTAMENTO DE SALUD MUNICIPAL DE TEMUCO, SOBRE PRESUNTAS IRREGULARIDADES EN CENTRO COMUNITARIO LAS QUILAS-SEPTIEMBRE 2015",https://www.contraloria.cl/pdfbuscador/auditoria/f0258bdf7a9742b74369400d7b881929/html,09,TEMUCO,https://www.contraloria.cl/SicaProd/SICAv3-BIFAPortalCGR/faces/newDetalleInforme?docIdcm=f0258bdf7a9742b74369400d7b881929,C,Informe de Investigación Especial,14876,https://www.contraloria.cl/SicaProd/SICAv3-BIFAPortalCGR/servletfichainformegoogle?docIdcm=f0258bdf7a9742b74369400d7b881929&pdf=1
31855,09101,2015-11-25 00:00:00.0,MUNICIPALIDAD DE TEMUCO,2015,878,"INFORME DE INVESTIGACIÓN ESPECIAL 878-15 MUNICIPALIDAD DE TEMUCO, SOBRE PRESUNTAS IRREGULARIDADES-NOVIEMBRE 2015",https://www.contraloria.cl/pdfbuscador/auditoria/a8759f9fe1efbd3e5a9144b36a60db16/html,09,TEMUCO,https://www.contraloria.cl/SicaProd/SICAv3-BIFAPortalCGR/faces/newDetalleInforme?docIdcm=a8759f9fe1efbd3e5a9144b36a60db16,C,Informe de Investigación Especial,16358,https://www.contraloria.cl/SicaProd/SICAv3-BIFAPortalCGR/servletfichainformegoogle?docIdcm=a8759f9fe1efbd3e5a9144b36a60db16&pdf=1
28719,09101,2015-12-23 00:00:00.0,DEPARTAMENTO DE EDUCACION MUNICIPAL DE TEMUCO,2015,1200,"INFORME FINAL 1200-15 DEPARTAMENTO DE EDUCACIÓN MUNICIPAL DE TEMUCO, SOBRE CONTRATACIONES REGIDAS POR EL CODIGO DEL TRABAJO-DICIEMBRE 2015",https://www.contraloria.cl/pdfbuscador/auditoria/faacb6f398810b84f232a79555a10a89/html,09,TEMUCO,https://www.contraloria.cl/SicaProd/SICAv3-BIFAPortalCGR/faces/newDetalleInforme?docIdcm=faacb6f398810b84f232a79555a10a89,C,Informe Final de Auditoría,16849,https://www.contraloria.cl/SicaProd/SICAv3-BIFAPortalCGR/servletfichainformegoogle?docIdcm=faacb6f398810b84f232a79555a10a89&pdf=1
32719,09101,2015-12-29 00:00:00.0,MUNICIPALIDAD DE TEMUCO,2015,1232,"INFORME DE INVESTIGACIÓN ESPECIAL 1232-15 VARIAS MUNICIPALIDADES, SOBRE EXTRACCIÓN DE ÁRIDOS EN EL RÍO CAUTÍN-DICIEMBRE 2015",https://www.contraloria.cl/pdfbuscador/auditoria/4d8172ee95db521f29816236eeabb93e/html,09,TEMUCO,https://www.contraloria.cl/SicaProd/SICAv3-BIFAPortalCGR/faces/newDetalleInforme?docIdcm=4d8172ee95db521f29816236eeabb93e,C,Informe de Investigación Especial,16891,https://www.contraloria.cl/SicaProd/SICAv3-BIFAPortalCGR/servletfichainformegoogle?docIdcm=4d8172ee95db521f29816236eeabb93e&pdf=1
32021,09101,2015-12-29 00:00:00.0,MUNICIPALIDAD DE TEMUCO,2015,1247,"INFORME FINAL 1247-15 MUNICIPALIDAD DE TEMUCO, SOBRE PAGO DE VIÁTICOS-DICIEMBRE 2015",https://www.contraloria.cl/pdfbuscador/auditoria/0a19ba0bf3d45c9e2306010da9aa08f1/html,09,TEMUCO,https://www.contraloria.cl/SicaProd/SICAv3-BIFAPortalCGR/faces/newDetalleInforme?docIdcm=0a19ba0bf3d45c9e2306010da9aa08f1,C,Informe Final de Auditoría,16828,https://www.contraloria.cl/SicaProd/SICAv3-BIFAPortalCGR/servletfichainformegoogle?docIdcm=0a19ba0bf3d45c9e2306010da9aa08f1&pdf=1
35573,09101,2016-12-30 00:00:00.0,MUNICIPALIDAD DE TEMUCO,2016,339,"INFORME DE INVESTIGACIÓN ESPECIAL 339-2016 MUNICIPALIDAD DE TEMUCO, SOBRE EXTRACCIÓN DE MATERIAL-DICIEMBRE 2016",https://www.contraloria.cl/pdfbuscador/auditoria/8085eaf61ad4a511fafa16bcc09bee46/html,09,TEMUCO,https://www.contraloria.cl/SicaProd/SICAv3-BIFAPortalCGR/faces/newDetalleInforme?docIdcm=8085eaf61ad4a511fafa16bcc09bee46,C,Informe de Investigación Especial,20143,https://www.contraloria.cl/SicaProd/SICAv3-BIFAPortalCGR/servletfichainformegoogle?docIdcm=8085eaf61ad4a511fafa16bcc09bee46&pdf=1
34912,09101,2016-09-30 00:00:00.0,MUNICIPALIDAD DE TEMUCO,2016,458,"INFORME FINAL 458-16 MUNICIPALIDAD DE TEMUCO, SOBRE AUDITORÍA A LOS MACROPOROCESOS DE FINANZAS Y LEY DEL LOBBY-SEPTIEMBRE 2016",https://www.contraloria.cl/pdfbuscador/auditoria/f7fbfaddb197b113fd640151202cee21/html,09,TEMUCO,https://www.contraloria.cl/SicaProd/SICAv3-BIFAPortalCGR/faces/newDetalleInforme?docIdcm=f7fbfaddb197b113fd640151202cee21,C,Informe Final de Auditoría,18980,https://www.contraloria.cl/SicaProd/SICAv3-BIFAPortalCGR/servletfichainformegoogle?docIdcm=f7fbfaddb197b113fd640151202cee21&pdf=1
34966,09101,2016-12-20 00:00:00.0,DEPARTAMENTO DE EDUCACION MUNICIPAL DE TEMUCO,2016,1043,"INFORME FINAL 1043-2016 DTO DE EDUCACIÓN MUNICIPAL DE TEMUCO, SOBRE FONDO APOYO A LA EDUCACIÓN-DICIEMBRE 2016",https://www.contraloria.cl/pdfbuscador/auditoria/8094d7492abddd2945ef5670e37cea61/html,09,TEMUCO,https://www.contraloria.cl/SicaProd/SICAv3-BIFAPortalCGR/faces/newDetalleInforme?docIdcm=8094d7492abddd2945ef5670e37cea61,C,Informe Final de Auditoría,20184,https://www.contraloria.cl/SicaProd/SICAv3-BIFAPortalCGR/servletfichainformegoogle?docIdcm=8094d7492abddd2945ef5670e37cea61&pdf=1
39022,09101,2017-10-04 00:00:00.0,MUNICIPALIDAD DE TEMUCO,2017,8,"INFORME DE INVESTIGACIÓN ESPECIAL 8-17 MUNICIPALIDAD DE TEMUCO, SOBRE  CAPACITACIÓN EN EL EXTRANJERO- OCTUBRE 2017",https://www.contraloria.cl/pdfbuscador/auditoria/fa28395c6cce0f2c8e2aade5a08b2980/html,09,TEMUCO,https://www.contraloria.cl/SicaProd/SICAv3-BIFAPortalCGR/faces/newDetalleInforme?docIdcm=fa28395c6cce0f2c8e2aade5a08b2980,C,Informe de Investigación Especial,21803,https://www.contraloria.cl/SicaProd/SICAv3-BIFAPortalCGR/servletfichainformegoogle?docIdcm=fa28395c6cce0f2c8e2aade5a08b2980&pdf=1
38356,09101,2017-12-07 00:00:00.0,MUNICIPALIDAD DE TEMUCO,2017,38,"INFORME DE INVESTIGACIÓN ESPECIAL 38-2017 MUNICIPALIDAD DE TEMUCO, SOBRE PPROYECTOS FINANCIADOS CON SUBVENCIÓN - DICIEMBRE 2017",https://www.contraloria.cl/pdfbuscador/auditoria/a4248fa97d2f10290caeb5f7358bb721/html,09,TEMUCO,https://www.contraloria.cl/SicaProd/SICAv3-BIFAPortalCGR/faces/newDetalleInforme?docIdcm=a4248fa97d2f10290caeb5f7358bb721,C,Informe de Investigación Especial,22327,https://www.contraloria.cl/SicaProd/SICAv3-BIFAPortalCGR/servletfichainformegoogle?docIdcm=a4248fa97d2f10290caeb5f7358bb721&pdf=1
42544,09101,2017-06-21 00:00:00.0,MUNICIPALIDAD DE TEMUCO,2017,102,"INFORME DE INVESTIGACIÓN ESPECIAL 102-17 MUNICIPALIDAD DE TEMUCO, SOBRE RECURSOS DE SUBVENCION- JUNIO DE 2017",https://www.contraloria.cl/pdfbuscador/auditoria/5840c594c011ff9440edf49facbcb260/html,09,TEMUCO,https://www.contraloria.cl/SicaProd/SICAv3-BIFAPortalCGR/faces/newDetalleInforme?docIdcm=5840c594c011ff9440edf49facbcb260,C,Informe de Investigación Especial,21266,https://www.contraloria.cl/SicaProd/SICAv3-BIFAPortalCGR/servletfichainformegoogle?docIdcm=5840c594c011ff9440edf49facbcb260&pdf=1
43815,09101,2017-06-29 00:00:00.0,MUNICIPALIDAD DE TEMUCO,2017,355,"INFORME DE INVESTIGACIÓN ESPECIAL 355-17 MUNICIPALIDAD DE TEMUCO, SOBRE OTORGAMIENTO DE PERMISO PARA OBRA- JUNIO DE 2017",https://www.contraloria.cl/pdfbuscador/auditoria/53a97bb3dad1f930efab95b65a34ff82/html,09,TEMUCO,https://www.contraloria.cl/SicaProd/SICAv3-BIFAPortalCGR/faces/newDetalleInforme?docIdcm=53a97bb3dad1f930efab95b65a34ff82,C,Informe de Investigación Especial,21251,https://www.contraloria.cl/SicaProd/SICAv3-BIFAPortalCGR/servletfichainformegoogle?docIdcm=53a97bb3dad1f930efab95b65a34ff82&pdf=1
42044,09101,2017-08-28 00:00:00.0,DEPARTAMENTO DE SALUD MUNICIPAL DE TEMUCO,2017,398,"INFORME FINAL 398-2017 DEPTO SALUD MUNICIPAL DE TEMUCO, SOBRE AUDITORÍA FARMACIA COMUNAL- AGOSTO 2017",https://www.contraloria.cl/pdfbuscador/auditoria/2091004b461a0531f27ade638462cd99/html,09,TEMUCO,https://www.contraloria.cl/SicaProd/SICAv3-BIFAPortalCGR/faces/newDetalleInforme?docIdcm=2091004b461a0531f27ade638462cd99,C,Informe Final de Auditoría,21615,https://www.contraloria.cl/SicaProd/SICAv3-BIFAPortalCGR/servletfichainformegoogle?docIdcm=2091004b461a0531f27ade638462cd99&pdf=1
43112,09101,2017-08-30 00:00:00.0,MUNICIPALIDAD DE TEMUCO,2017,545,"INFORME FINAL 545-2017 MUNICIPALIDAD DE TEMUCO, SOBRE AUDITORÍA ACTIVO FIJO- AGOSTO 2017",https://www.contraloria.cl/pdfbuscador/auditoria/d966d9dc34ae984690059ae6a228dac5/html,09,TEMUCO,https://www.contraloria.cl/SicaProd/SICAv3-BIFAPortalCGR/faces/newDetalleInforme?docIdcm=d966d9dc34ae984690059ae6a228dac5,C,Informe Final de Auditoría,21642,https://www.contraloria.cl/SicaProd/SICAv3-BIFAPortalCGR/servletfichainformegoogle?docIdcm=d966d9dc34ae984690059ae6a228dac5&pdf=1
47057,09101,2017-11-02 00:00:00.0,MUNICIPALIDAD DE TEMUCO,2017,794,"INFORME DE INVESTIGACIÓN ESPECIAL 794-17 MUNICIPALIDAD DE TEMUCO, SOBRE ACTIVIDAD PRODUCTIVA EMPRESA CONSTRUCTORA - NOVIEMBRE 2017",https://www.contraloria.cl/pdfbuscador/auditoria/25f5f8b67d8ed9acfc08ccf0cdd99e82/html,09,TEMUCO,https://www.contraloria.cl/SicaProd/SICAv3-BIFAPortalCGR/faces/newDetalleInforme?docIdcm=25f5f8b67d8ed9acfc08ccf0cdd99e82,C,Informe de Investigación Especial,22141,https://www.contraloria.cl/SicaProd/SICAv3-BIFAPortalCGR/servletfichainformegoogle?docIdcm=25f5f8b67d8ed9acfc08ccf0cdd99e82&pdf=1
42053,09101,2017-12-26 00:00:00.0,DEPARTAMENTO DE EDUCACION MUNICIPAL DE TEMUCO,2017,967,"INFORME FINAL 967-2017 DEPTO DE EDUCACIÓN MUNICIPAL TEMUCO, SOBRE LEY N° 20.248 SUBVENCIÓN ESCOLAR-DICIEMBRE 2017",https://www.contraloria.cl/pdfbuscador/auditoria/c7bdf8a10cecb271b9e8d9352b887f3a/html,09,TEMUCO,https://www.contraloria.cl/SicaProd/SICAv3-BIFAPortalCGR/faces/newDetalleInforme?docIdcm=c7bdf8a10cecb271b9e8d9352b887f3a,C,Informe Final de Auditoría,22538,https://www.contraloria.cl/SicaProd/SICAv3-BIFAPortalCGR/servletfichainformegoogle?docIdcm=c7bdf8a10cecb271b9e8d9352b887f3a&pdf=1
46278,09101,2017-12-21 00:00:00.0,MUNICIPALIDAD DE TEMUCO,2017,1048,"INFORME FINAL 1.048-2017 MUNICIPALIDAD DE TEMUCO, SOBRE CLASIFICACIÓN Y DESIGNACION VIVIENDA SOCIAL-DICIEMBRE 2017",https://www.contraloria.cl/pdfbuscador/auditoria/6f0ed222aca21d301947cfd4d88e5df6/html,09,TEMUCO,https://www.contraloria.cl/SicaProd/SICAv3-BIFAPortalCGR/faces/newDetalleInforme?docIdcm=6f0ed222aca21d301947cfd4d88e5df6,C,Informe Final de Auditoría,22541,https://www.contraloria.cl/SicaProd/SICAv3-BIFAPortalCGR/servletfichainformegoogle?docIdcm=6f0ed222aca21d301947cfd4d88e5df6&pdf=1
47954,09101,2018-02-16 00:00:00.0,MUNICIPALIDAD DE TEMUCO,2018,41,"INFORME DE INVESTIGACIÓN ESPECIAL 41-2018 MUNICIPALIDAD DE TEMUCO, SOBRE PASANTÍA INTERNACIONAL- FEBRERO DE 2018",https://www.contraloria.cl/pdfbuscador/auditoria/5da0e55ba844abe77590f346789963c6/html,09,TEMUCO,https://www.contraloria.cl/SicaProd/SICAv3-BIFAPortalCGR/faces/newDetalleInforme?docIdcm=5da0e55ba844abe77590f346789963c6,C,Informe de Investigación Especial,23161,https://www.contraloria.cl/SicaProd/SICAv3-BIFAPortalCGR/servletfichainformegoogle?docIdcm=5da0e55ba844abe77590f346789963c6&pdf=1
51015,09101,2018-08-13 00:00:00.0,DEPARTAMENTO DE EDUCACION MUNICIPAL DE TEMUCO,2018,323,"INFORME DE INVESTIGACIÓN ESPECIAL 323-2018 DEPTO DE EDUCACIÓN MUNICIPAL DE TEMUCO, SOBRE HORAS EXTRAORDINARIAS- AGOSTO 2018",https://www.contraloria.cl/pdfbuscador/auditoria/15aef120dab692ae9fc6c8e3642827e1/html,09,TEMUCO,https://www.contraloria.cl/SicaProd/SICAv3-BIFAPortalCGR/faces/newDetalleInforme?docIdcm=15aef120dab692ae9fc6c8e3642827e1,C,Informe de Investigación Especial,25264,https://www.contraloria.cl/SicaProd/SICAv3-BIFAPortalCGR/servletfichainformegoogle?docIdcm=15aef120dab692ae9fc6c8e3642827e1&pdf=1
54977,09101,2019-04-12 00:00:00.0,MUNICIPALIDAD DE TEMUCO,2019,146,"INFORME DE INVESTIGACIÓN ESPECIAL 146-19 MUNICIPALIDAD DE TEMUCO, SOBRE PERMISO DE EDIFICACIÓN-ABRIL 2019",https://www.contraloria.cl/pdfbuscador/auditoria/9b55cde60ac29013b63f727865636003/html,09,TEMUCO,https://www.contraloria.cl/SicaProd/SICAv3-BIFAPortalCGR/faces/newDetalleInforme?docIdcm=9b55cde60ac29013b63f727865636003,C,Informe de Investigación Especial,28732,https://www.contraloria.cl/SicaProd/SICAv3-BIFAPortalCGR/servletfichainformegoogle?docIdcm=9b55cde60ac29013b63f727865636003&pdf=1