IDACTIVIDAD,CODIGOSUBDERE,FECHAINFORME,NOMBRESERVICIO,ANOINFORME,NUMEROINFORME,MATERIAINFORME,FICHAINFORMEBIFA,C_REG_SUBDERE,NOMBRESUBDERE,FICHAINFORME,TIPOSUBDERE,TIPOINFORME,IDINFORME,PDFINFORME
34008,03103,2016-05-05 00:00:00.0,MUNICIPALIDAD DE TIERRA AMARILLA,2016,70,INFORME INVESTIGACIÓN ESPECIAL 70-16 MUNICIPALIDAD DE TIERRA AMARILLA SOBRE USO INDEBIDO DE BUS MUNICIPAL - MAYO 2016,https://www.contraloria.cl/pdfbuscador/auditoria/498d653638ecef47e78e86db6142cfd4/html,03,TIERRA AMARILLA,https://www.contraloria.cl/SicaProd/SICAv3-BIFAPortalCGR/faces/newDetalleInforme?docIdcm=498d653638ecef47e78e86db6142cfd4,C,Informe de Investigación Especial,17991,https://www.contraloria.cl/SicaProd/SICAv3-BIFAPortalCGR/servletfichainformegoogle?docIdcm=498d653638ecef47e78e86db6142cfd4&pdf=1
33703,03103,2016-05-31 00:00:00.0,MUNICIPALIDAD DE TIERRA AMARILLA,2016,123,INFORME INVESTIGACIÓN ESPECIAL 123-16 MUNICIPALIDAD DE TIERRA AMARILLA POR FALTA DE PAGO DE COTIZACIONES PREVISIONALES - MAYO 2016,https://www.contraloria.cl/pdfbuscador/auditoria/698730e7ede86729ac10bda7223e0250/html,03,TIERRA AMARILLA,https://www.contraloria.cl/SicaProd/SICAv3-BIFAPortalCGR/faces/newDetalleInforme?docIdcm=698730e7ede86729ac10bda7223e0250,C,Informe de Investigación Especial,18104,https://www.contraloria.cl/SicaProd/SICAv3-BIFAPortalCGR/servletfichainformegoogle?docIdcm=698730e7ede86729ac10bda7223e0250&pdf=1
28520,03103,2016-08-31 00:00:00.0,MUNICIPALIDAD DE TIERRA AMARILLA,2016,157,INFORME FINAL 157-16 MUNICIPALIDAD DE TIERRA AMARILLA PROCESOS DE ADQUISICIONES RECURSOS HUMANOS OBRAS CIVILES FINANZAS Y CONTROL INTERNO - AGOSTO 2016,https://www.contraloria.cl/pdfbuscador/auditoria/2a5d24f9f1544469a06f309a5962546d/html,03,TIERRA AMARILLA,https://www.contraloria.cl/SicaProd/SICAv3-BIFAPortalCGR/faces/newDetalleInforme?docIdcm=2a5d24f9f1544469a06f309a5962546d,C,Informe Final de Auditoría,18783,https://www.contraloria.cl/SicaProd/SICAv3-BIFAPortalCGR/servletfichainformegoogle?docIdcm=2a5d24f9f1544469a06f309a5962546d&pdf=1
34290,03103,2016-08-30 00:00:00.0,MUNICIPALIDAD DE TIERRA AMARILLA,2016,425,INFORME FINAL 425-16 MUNICIPALIDAD DE TIERRA AMARILLA FONDOS DE LA CATÁSTROFE DEL NORTE - AGOSTO 2016,https://www.contraloria.cl/pdfbuscador/auditoria/5326c09b60719f546ba650e854b88bbc/html,03,TIERRA AMARILLA,https://www.contraloria.cl/SicaProd/SICAv3-BIFAPortalCGR/faces/newDetalleInforme?docIdcm=5326c09b60719f546ba650e854b88bbc,C,Informe Final de Auditoría,18796,https://www.contraloria.cl/SicaProd/SICAv3-BIFAPortalCGR/servletfichainformegoogle?docIdcm=5326c09b60719f546ba650e854b88bbc&pdf=1
34468,03103,2016-10-07 00:00:00.0,MUNICIPALIDAD DE TIERRA AMARILLA,2016,762,INFORME FINAL 762-16 MUNICIPALIDAD DE TIERRA AMARILLA - AUDITORÍA AL GASTO EN PERIODO ELECTORAL - USO DE BIENES - VEHÍCULOS - RRHH - RECURSOS FÍSICOS Y FINANCIEROS - OCTUBRE 2016,https://www.contraloria.cl/pdfbuscador/auditoria/331028d0ffbf04ad1f600efad945b634/html,03,TIERRA AMARILLA,https://www.contraloria.cl/SicaProd/SICAv3-BIFAPortalCGR/faces/newDetalleInforme?docIdcm=331028d0ffbf04ad1f600efad945b634,C,Informe Final de Auditoría,19081,https://www.contraloria.cl/SicaProd/SICAv3-BIFAPortalCGR/servletfichainformegoogle?docIdcm=331028d0ffbf04ad1f600efad945b634&pdf=1
38602,03103,2016-12-13 00:00:00.0,MUNICIPALIDAD DE TIERRA AMARILLA,2016,992,INFORME INVESTIGACIÓN ESPECIAL 992-16 MUNICIPALIDAD DE TIERRA AMARILLA CONSTITUCIÓN DE CORPORACIÓN MUNICIPAL CORDETA - DICIEMBRE 2016,https://www.contraloria.cl/pdfbuscador/auditoria/33c6d906fdf305f589cf27d955d768e2/html,03,TIERRA AMARILLA,https://www.contraloria.cl/SicaProd/SICAv3-BIFAPortalCGR/faces/newDetalleInforme?docIdcm=33c6d906fdf305f589cf27d955d768e2,C,Informe de Investigación Especial,19862,https://www.contraloria.cl/SicaProd/SICAv3-BIFAPortalCGR/servletfichainformegoogle?docIdcm=33c6d906fdf305f589cf27d955d768e2&pdf=1
39141,03103,2017-07-05 00:00:00.0,MUNICIPALIDAD DE TIERRA AMARILLA,2016,1187,INFORME INVESTIGACIÓN ESPECIAL 1.187-16 MUNICIPALIDAD DE TIERRA AMARILLA ASISTENCIA SESIONES CONCEJO MUNICIPAL VIAJES VIÁTICOS Y LICENCIAS MÉDICAS - JULIO 2017,https://www.contraloria.cl/pdfbuscador/auditoria/db083d1f74bede682544486be7097108/html,03,TIERRA AMARILLA,https://www.contraloria.cl/SicaProd/SICAv3-BIFAPortalCGR/faces/newDetalleInforme?docIdcm=db083d1f74bede682544486be7097108,C,Informe de Investigación Especial,21366,https://www.contraloria.cl/SicaProd/SICAv3-BIFAPortalCGR/servletfichainformegoogle?docIdcm=db083d1f74bede682544486be7097108&pdf=1
42265,03103,2017-06-30 00:00:00.0,DEPARTAMENTO DE ADMINISTRACION DE EDUCACION MUNICIPAL DE TIERRA AMARILLA,2017,325,INFORME FINAL 325-17 DEPARTAMENTO DE ADMINISTRACIÓN DE EDUCACIÓN MUNICIPAL DE TIERRA AMARILLA DEUDA PREVISIONAL Y DESCUENTOS VOLUNTARIOS - JUNIO 2017,https://www.contraloria.cl/pdfbuscador/auditoria/15f7cfee111a1183e042d46aed7c6b10/html,03,TIERRA AMARILLA,https://www.contraloria.cl/SicaProd/SICAv3-BIFAPortalCGR/faces/newDetalleInforme?docIdcm=15f7cfee111a1183e042d46aed7c6b10,C,Informe Final de Auditoría,21259,https://www.contraloria.cl/SicaProd/SICAv3-BIFAPortalCGR/servletfichainformegoogle?docIdcm=15f7cfee111a1183e042d46aed7c6b10&pdf=1
46736,03103,2018-04-23 00:00:00.0,MUNICIPALIDAD DE TIERRA AMARILLA,2017,1057,INFORME INVESTIGACIÓN ESPECIAL 1057-17 MUNICIPALIDAD DE TIERRA AMARILLA CONTRATO EMPRESA TRES MONTES LIMPIEZA Y SANITIZACIÓN DE CASAS - ABRIL 2018,https://www.contraloria.cl/pdfbuscador/auditoria/0bc1537ffbe52c4351d437f74f8ed6f6/html,03,TIERRA AMARILLA,https://www.contraloria.cl/SicaProd/SICAv3-BIFAPortalCGR/faces/newDetalleInforme?docIdcm=0bc1537ffbe52c4351d437f74f8ed6f6,C,Informe de Investigación Especial,23801,https://www.contraloria.cl/SicaProd/SICAv3-BIFAPortalCGR/servletfichainformegoogle?docIdcm=0bc1537ffbe52c4351d437f74f8ed6f6&pdf=1
49225,03103,2018-05-30 00:00:00.0,MUNICIPALIDAD DE TIERRA AMARILLA,2018,94,INFORME FINAL 94-18 MUNICIPALIDAD DE TIERRA AMARILLA AUDITORÍA A LOS PERMISOS DE EDIFICACIÓN - MAYO 2018,https://www.contraloria.cl/pdfbuscador/auditoria/d06d9c5f063b445db54e8ee0bd5d275c/html,03,TIERRA AMARILLA,https://www.contraloria.cl/SicaProd/SICAv3-BIFAPortalCGR/faces/newDetalleInforme?docIdcm=d06d9c5f063b445db54e8ee0bd5d275c,C,Informe Final de Auditoría,24073,https://www.contraloria.cl/SicaProd/SICAv3-BIFAPortalCGR/servletfichainformegoogle?docIdcm=d06d9c5f063b445db54e8ee0bd5d275c&pdf=1
49280,03103,2018-05-28 00:00:00.0,DEPARTAMENTO DE ADMINISTRACION DE EDUCACION MUNICIPAL DE TIERRA AMARILLA,2018,190,INFORME FINAL 190-18 DEPARTAMENTO DE ADMINISTRACIÓN DE EDUCACIÓN MUNICIPALIDAD DE TIERRA AMARILLA AUDITORÍA AL FONDO DE APOYO A LA EDUCACIÓN PÚBLICA - MAYO 2018,https://www.contraloria.cl/pdfbuscador/auditoria/5494a65662437fa2a0fe7fde298d0781/html,03,TIERRA AMARILLA,https://www.contraloria.cl/SicaProd/SICAv3-BIFAPortalCGR/faces/newDetalleInforme?docIdcm=5494a65662437fa2a0fe7fde298d0781,C,Informe Final de Auditoría,24045,https://www.contraloria.cl/SicaProd/SICAv3-BIFAPortalCGR/servletfichainformegoogle?docIdcm=5494a65662437fa2a0fe7fde298d0781&pdf=1
50301,03103,2018-06-25 00:00:00.0,DEPARTAMENTO DE ADMINISTRACION DE EDUCACION MUNICIPAL DE TIERRA AMARILLA,2018,349,INFORME FINAL 349-18 DEPARTAMENTO DE ADMINISTRACIÓN DE EDUCACIÓN MUNICIPALIDAD DE TIERRA AMARILLA AUDITORÍA MOVIMIENTOS DE FONDOS CUENTA CORRIENTE SEP - JUNIO 2018,https://www.contraloria.cl/pdfbuscador/auditoria/bfc31e0090253dd372f5ee9bb63c0f77/html,03,TIERRA AMARILLA,https://www.contraloria.cl/SicaProd/SICAv3-BIFAPortalCGR/faces/newDetalleInforme?docIdcm=bfc31e0090253dd372f5ee9bb63c0f77,C,Informe Final de Auditoría,24487,https://www.contraloria.cl/SicaProd/SICAv3-BIFAPortalCGR/servletfichainformegoogle?docIdcm=bfc31e0090253dd372f5ee9bb63c0f77&pdf=1
51331,03103,2018-12-31 00:00:00.0,MUNICIPALIDAD DE TIERRA AMARILLA,2018,432,INFORME INVESTIGACIÓN ESPECIAL 432-18 MUNICIPALIDAD DE TIERRA AMARILLA RENDICIÓN PROGRAMAS DE HABITABILIDAD - DICIEMBRE 2018,https://www.contraloria.cl/pdfbuscador/auditoria/5af52993d8b79af40645f35af81ec351/html,03,TIERRA AMARILLA,https://www.contraloria.cl/SicaProd/SICAv3-BIFAPortalCGR/faces/newDetalleInforme?docIdcm=5af52993d8b79af40645f35af81ec351,C,Informe de Investigación Especial,27277,https://www.contraloria.cl/SicaProd/SICAv3-BIFAPortalCGR/servletfichainformegoogle?docIdcm=5af52993d8b79af40645f35af81ec351&pdf=1
57824,03103,2019-10-21 00:00:00.0,MUNICIPALIDAD DE TIERRA AMARILLA,2019,611,INSPECCIÓN DE OBRA PÚBLICA 911-19 MUNICIPALIDAD DE TIERRA AMARILLA REPOSICIÓN ESTADIO ELADIO ROJAS - OCTUBRE 2019,https://www.contraloria.cl/pdfbuscador/auditoria/e0f6518a9f4ad0c3ec9f84b30b292751/html,03,TIERRA AMARILLA,https://www.contraloria.cl/SicaProd/SICAv3-BIFAPortalCGR/faces/newDetalleInforme?docIdcm=e0f6518a9f4ad0c3ec9f84b30b292751,C,Informe de Inspección de Obra Pública,30485,https://www.contraloria.cl/SicaProd/SICAv3-BIFAPortalCGR/servletfichainformegoogle?docIdcm=e0f6518a9f4ad0c3ec9f84b30b292751&pdf=1
58400,03103,2019-12-30 00:00:00.0,MUNICIPALIDAD DE TIERRA AMARILLA,2019,1016,INFORME FINAL 1016-19 MUNICIPALIDAD DE TIERRA AMARILLA AUDITORÍA A LOS INGRESOS POR OTORGAMIENTO DE PERMISOS DE CIRCULACIÓN - DICIEMBRE 2019,https://www.contraloria.cl/pdfbuscador/auditoria/070a1a71c5469e48eec1ca018a8d2f6f/html,03,TIERRA AMARILLA,https://www.contraloria.cl/SicaProd/SICAv3-BIFAPortalCGR/faces/newDetalleInforme?docIdcm=070a1a71c5469e48eec1ca018a8d2f6f,C,Informe Final de Auditoría,30864,https://www.contraloria.cl/SicaProd/SICAv3-BIFAPortalCGR/servletfichainformegoogle?docIdcm=070a1a71c5469e48eec1ca018a8d2f6f&pdf=1