IDACTIVIDAD,CODIGOSUBDERE,FECHAINFORME,NOMBRESERVICIO,ANOINFORME,NUMEROINFORME,MATERIAINFORME,FICHAINFORMEBIFA,C_REG_SUBDERE,NOMBRESUBDERE,FICHAINFORME,TIPOSUBDERE,TIPOINFORME,IDINFORME,PDFINFORME
28442,13303,2015-10-05 00:00:00.0,MUNICIPALIDAD DE TILTIL,2015,655,INFORME FINAL 655-15 MUNICIPALIDAD DE TIL TIL - SOBRE AUDITORIA AL MACROPROCESO DE TECNOLOGIAS DE INFORMACION - OCTUBRE 2015,https://www.contraloria.cl/pdfbuscador/auditoria/63f5964c24ff22fc25ecf274b05d6394/html,13,TILTIL,https://www.contraloria.cl/SicaProd/SICAv3-BIFAPortalCGR/faces/newDetalleInforme?docIdcm=63f5964c24ff22fc25ecf274b05d6394,C,Informe Final de Auditoría,15030,https://www.contraloria.cl/SicaProd/SICAv3-BIFAPortalCGR/servletfichainformegoogle?docIdcm=63f5964c24ff22fc25ecf274b05d6394&pdf=1
28691,13303,2015-11-20 00:00:00.0,MUNICIPALIDAD DE TILTIL,2015,840,INFORME FINAL 840-15 MUNICIPALIDAD DE TIL TIL - SOBRE AUDITORIA A LAS CONTRATACIONES DE PERSONAL A HONORARIOS - NOVIEMBRE 2015,https://www.contraloria.cl/pdfbuscador/auditoria/80b7eb2a8c27b7b2aff985f94cae603c/html,13,TILTIL,https://www.contraloria.cl/SicaProd/SICAv3-BIFAPortalCGR/faces/newDetalleInforme?docIdcm=80b7eb2a8c27b7b2aff985f94cae603c,C,Informe Final de Auditoría,16237,https://www.contraloria.cl/SicaProd/SICAv3-BIFAPortalCGR/servletfichainformegoogle?docIdcm=80b7eb2a8c27b7b2aff985f94cae603c&pdf=1
42404,13303,2018-09-14 00:00:00.0,CORPORACION MUNICIPAL TIL TIL,2018,507,"INFORME FINAL 507-2018 MUNICIPALIDAD DE TIL TIL AUDITORÍA A LOS RECURSOS DE LA LEY N° 20248, SUBVENCIÓN ESCOLAR PREFERENCIAL EN LA CORPORACIÓN MUNICIPAL DE DESARROLLO SOCIAL DE TIL TIL-SEPTIEMBRE 2018",https://www.contraloria.cl/pdfbuscador/auditoria/295ddf158e3746973a9e2e53d06773f8/html,13,TILTIL,https://www.contraloria.cl/SicaProd/SICAv3-BIFAPortalCGR/faces/newDetalleInforme?docIdcm=295ddf158e3746973a9e2e53d06773f8,C,Informe Final de Auditoría,25922,https://www.contraloria.cl/SicaProd/SICAv3-BIFAPortalCGR/servletfichainformegoogle?docIdcm=295ddf158e3746973a9e2e53d06773f8&pdf=1
52952,13303,2019-06-12 00:00:00.0,CORPORACION MUNICIPAL TIL TIL,2018,913,INFORME FINAL 913-2018-CORPORACIÓN MUNICIPAL DE DESARROLLO SOCIAL DE TIL TIL ANÁLISIS DE LA SITUACIÓN FINANCIERA Y ATENDER DENUNCIAS DE EVENTUALES IRREGULARIDADES-JUNIO 2019,https://www.contraloria.cl/pdfbuscador/auditoria/12aa713b6c567bb2797eda69e5c6bd57/html,13,TILTIL,https://www.contraloria.cl/SicaProd/SICAv3-BIFAPortalCGR/faces/newDetalleInforme?docIdcm=12aa713b6c567bb2797eda69e5c6bd57,C,Informe Final de Auditoría,29166,https://www.contraloria.cl/SicaProd/SICAv3-BIFAPortalCGR/servletfichainformegoogle?docIdcm=12aa713b6c567bb2797eda69e5c6bd57&pdf=1
58371,13303,2019-12-03 00:00:00.0,MUNICIPALIDAD DE TILTIL,2019,768,INFORME FINAL 768-2019 AUDITORIA A LOS CONTRATOS DE OBRA EJECUTADOS POR LA MUNICIPALIDAD DE TILTIL - DICIEMBRE 2019,https://www.contraloria.cl/pdfbuscador/auditoria/8344db7823fc4b09b6cbb8b2771b78e1/html,13,TILTIL,https://www.contraloria.cl/SicaProd/SICAv3-BIFAPortalCGR/faces/newDetalleInforme?docIdcm=8344db7823fc4b09b6cbb8b2771b78e1,C,Informe Final de Auditoría,30453,https://www.contraloria.cl/SicaProd/SICAv3-BIFAPortalCGR/servletfichainformegoogle?docIdcm=8344db7823fc4b09b6cbb8b2771b78e1&pdf=1