IDACTIVIDAD,CODIGOSUBDERE,FECHAINFORME,NOMBRESERVICIO,ANOINFORME,NUMEROINFORME,MATERIAINFORME,FICHAINFORMEBIFA,C_REG_SUBDERE,NOMBRESUBDERE,FICHAINFORME,TIPOSUBDERE,TIPOINFORME,IDINFORME,PDFINFORME
27669,02301,2015-02-27 00:00:00.0,MUNICIPALIDAD DE TOCOPILLA,2015,65,INVESTIGACION ESPECIAL 65-2015 MUNICIPALIDAD DE TOCOPILLA SOBRE RECURSOS PARA LA CONSTRUCCION DE DOS MULTICANCHAS - FEBRERO 2015,https://www.contraloria.cl/pdfbuscador/auditoria/24656eb562beb5f649af5bcc6cb24494/html,02,TOCOPILLA,https://www.contraloria.cl/SicaProd/SICAv3-BIFAPortalCGR/faces/newDetalleInforme?docIdcm=24656eb562beb5f649af5bcc6cb24494,C,Informe de Investigación Especial,13756,https://www.contraloria.cl/SicaProd/SICAv3-BIFAPortalCGR/servletfichainformegoogle?docIdcm=24656eb562beb5f649af5bcc6cb24494&pdf=1
36147,02301,2016-06-03 00:00:00.0,MUNICIPALIDAD DE TOCOPILLA,2016,291,INFORME DE INVESTIGACION ESPECIAL 291-16 MUNICIPALIDAD DE TOCOPILLA SOBRE ARRENDAMIENTO DE PROPIEDADES - JUNIO 2016,https://www.contraloria.cl/pdfbuscador/auditoria/3817fea3a1dbb7992d8e82307f1eb910/html,02,TOCOPILLA,https://www.contraloria.cl/SicaProd/SICAv3-BIFAPortalCGR/faces/newDetalleInforme?docIdcm=3817fea3a1dbb7992d8e82307f1eb910,C,Informe de Investigación Especial,18127,https://www.contraloria.cl/SicaProd/SICAv3-BIFAPortalCGR/servletfichainformegoogle?docIdcm=3817fea3a1dbb7992d8e82307f1eb910&pdf=1
36148,02301,2016-07-25 00:00:00.0,MUNICIPALIDAD DE TOCOPILLA,2016,448,INFORME DE INVESTIGACION ESPECIAL 448-2016 MUNICIPALIDAD DE TOCOPILLA SOBRE EL OTORGAMIENTO Y RENOVACION DE PATENTES DE ALCOHOLES EN LA MUNICIPALIDAD DE TOCOPILLA - JULIO 2016 ,https://www.contraloria.cl/pdfbuscador/auditoria/079a07127a4a45e2f8c73ddc8ed25761/html,02,TOCOPILLA,https://www.contraloria.cl/SicaProd/SICAv3-BIFAPortalCGR/faces/newDetalleInforme?docIdcm=079a07127a4a45e2f8c73ddc8ed25761,C,Informe de Investigación Especial,18573,https://www.contraloria.cl/SicaProd/SICAv3-BIFAPortalCGR/servletfichainformegoogle?docIdcm=079a07127a4a45e2f8c73ddc8ed25761&pdf=1
34335,02301,2016-10-11 00:00:00.0,MUNICIPALIDAD DE TOCOPILLA,2016,722,INFORME FINAL N° 722-2016 MUNICIPALIDAD DE TOCOPILLA - AUDITORIA AUDITORÍA AL GASTO EN PERIODO ELECTORAL - USO DE BIENES - VEHÍCULOS - RRHH - RECURSOS FÍSICOS Y FINANCIEROS - OCTUBRE 2016,https://www.contraloria.cl/pdfbuscador/auditoria/8ad389f31c0ea9f50a958a055b5472ab/html,02,TOCOPILLA,https://www.contraloria.cl/SicaProd/SICAv3-BIFAPortalCGR/faces/newDetalleInforme?docIdcm=8ad389f31c0ea9f50a958a055b5472ab,C,Informe Final de Auditoría,19103,https://www.contraloria.cl/SicaProd/SICAv3-BIFAPortalCGR/servletfichainformegoogle?docIdcm=8ad389f31c0ea9f50a958a055b5472ab&pdf=1
40962,02301,2017-05-23 00:00:00.0,MUNICIPALIDAD DE TOCOPILLA,2017,92,INFORME FINAL DE INVESTIGACION ESPECIAL 92 DE 2017 SOBRE LA EJECUCION DEL PROYECTO HABILITACION  DE ESPACIOS PUBLICOS EN CALETA RURAL CALETA CALETA BUENA POR PARTE DE LA MUNICIPALIDAD DE TOCOPILLA - MAYO 2017,https://www.contraloria.cl/pdfbuscador/auditoria/1fecb06a95133d365d7c94327a22053f/html,02,TOCOPILLA,https://www.contraloria.cl/SicaProd/SICAv3-BIFAPortalCGR/faces/newDetalleInforme?docIdcm=1fecb06a95133d365d7c94327a22053f,C,Informe de Investigación Especial,21192,https://www.contraloria.cl/SicaProd/SICAv3-BIFAPortalCGR/servletfichainformegoogle?docIdcm=1fecb06a95133d365d7c94327a22053f&pdf=1
48257,02301,2018-06-27 00:00:00.0,MUNICIPALIDAD DE TOCOPILLA,2018,49,INVESTIGACIÓN ESPECIAL 49-18 MUNICIPALIDAD DE TOCOPILLA SOBRE EJECUCIÓN DEL PROGRAMA DE FORTALECIMIENTO OMIL - JUNIO 2018,https://www.contraloria.cl/pdfbuscador/auditoria/df48b603a078c165c33893451eab133c/html,02,TOCOPILLA,https://www.contraloria.cl/SicaProd/SICAv3-BIFAPortalCGR/faces/newDetalleInforme?docIdcm=df48b603a078c165c33893451eab133c,C,Informe de Investigación Especial,24673,https://www.contraloria.cl/SicaProd/SICAv3-BIFAPortalCGR/servletfichainformegoogle?docIdcm=df48b603a078c165c33893451eab133c&pdf=1
49460,02301,2018-07-31 00:00:00.0,MUNICIPALIDAD DE TOCOPILLA,2018,226,"INFORME FINAL 226-18 MUNICIPALIDAD DE TOCOPILLA SOBRE AUDITORÍA A LA FORMULACIÓN, EJECUCIÓN Y CONTROL PRESUPUESTARIO - JULIO 2018",https://www.contraloria.cl/pdfbuscador/auditoria/aac5f45d9533aed3e8fa5890c0ca5835/html,02,TOCOPILLA,https://www.contraloria.cl/SicaProd/SICAv3-BIFAPortalCGR/faces/newDetalleInforme?docIdcm=aac5f45d9533aed3e8fa5890c0ca5835,C,Informe Final de Auditoría,25126,https://www.contraloria.cl/SicaProd/SICAv3-BIFAPortalCGR/servletfichainformegoogle?docIdcm=aac5f45d9533aed3e8fa5890c0ca5835&pdf=1
49014,02301,2018-09-28 00:00:00.0,CEMENTERIO MUNICIPAL DE TOCOPILLA,2018,393,INVESTIGACIÓN ESPECIAL N° 393-18 CEMENTERIO MUNICIPAL DE TOCOPILLA SOBRE PAGO DE HORAS EXTRAORDINARIAS - SEPTIEMBRE 2018,https://www.contraloria.cl/pdfbuscador/auditoria/87e929f5756eeba3a7da3b16d99ec50b/html,02,TOCOPILLA,https://www.contraloria.cl/SicaProd/SICAv3-BIFAPortalCGR/faces/newDetalleInforme?docIdcm=87e929f5756eeba3a7da3b16d99ec50b,C,Informe de Investigación Especial,26154,https://www.contraloria.cl/SicaProd/SICAv3-BIFAPortalCGR/servletfichainformegoogle?docIdcm=87e929f5756eeba3a7da3b16d99ec50b&pdf=1
51457,02301,2019-03-25 00:00:00.0,MUNICIPALIDAD DE TOCOPILLA,2018,404,INFORME FINAL DE INVESTIGACIÓN ESPECIAL 404-18 MUNICIPALIDAD DE TOCOPILLA SOBRE ALUMBRADO PÚBLICO - MARZO 2019,https://www.contraloria.cl/pdfbuscador/auditoria/d6fe780d6c30bd00a1b6acef80e35777/html,02,TOCOPILLA,https://www.contraloria.cl/SicaProd/SICAv3-BIFAPortalCGR/faces/newDetalleInforme?docIdcm=d6fe780d6c30bd00a1b6acef80e35777,C,Informe de Investigación Especial,28851,https://www.contraloria.cl/SicaProd/SICAv3-BIFAPortalCGR/servletfichainformegoogle?docIdcm=d6fe780d6c30bd00a1b6acef80e35777&pdf=1
51022,02301,2018-12-11 00:00:00.0,MUNICIPALIDAD DE TOCOPILLA,2018,413,INFORME FINAL DE INVESTIGACIÓN ESPECIAL N° 413-18 MUNICIPALIDAD DE TOCOPILLA SOBRE VULNERACIONES A LA LEY 19.886 EN LA CONTRATACIÓN DEL SERVICIO DE ASEO E IRREGULARIDADES - DICIEMBRE 2018,https://www.contraloria.cl/pdfbuscador/auditoria/1ad255bea541434cd44649bf4666e436/html,02,TOCOPILLA,https://www.contraloria.cl/SicaProd/SICAv3-BIFAPortalCGR/faces/newDetalleInforme?docIdcm=1ad255bea541434cd44649bf4666e436,C,Informe de Investigación Especial,26862,https://www.contraloria.cl/SicaProd/SICAv3-BIFAPortalCGR/servletfichainformegoogle?docIdcm=1ad255bea541434cd44649bf4666e436&pdf=1
58441,02301,2020-06-18 00:00:00.0,MUNICIPALIDAD DE TOCOPILLA,2019,538,INVESTIGACIÓN ESPECIAL 538-19 MUNICIPALIDAD DE TOCOPILLA SOBRE IRREGULARIDADES EN PROYECTO “INSTALACIÓN NUEVA SALA DE BATERÍA Y GRUPO GENERADOR EN DEPENDENCIAS VERTEDERO” - JUNIO 2020,https://www.contraloria.cl/pdfbuscador/auditoria/d38b41dd6a734387176a45991b97ead1/html,02,TOCOPILLA,https://www.contraloria.cl/SicaProd/SICAv3-BIFAPortalCGR/faces/newDetalleInforme?docIdcm=d38b41dd6a734387176a45991b97ead1,C,Informe de Investigación Especial,32954,https://www.contraloria.cl/SicaProd/SICAv3-BIFAPortalCGR/servletfichainformegoogle?docIdcm=d38b41dd6a734387176a45991b97ead1&pdf=1