IDACTIVIDAD,CODIGOSUBDERE,FECHAINFORME,NOMBRESERVICIO,ANOINFORME,NUMEROINFORME,MATERIAINFORME,FICHAINFORMEBIFA,C_REG_SUBDERE,NOMBRESUBDERE,FICHAINFORME,TIPOSUBDERE,TIPOINFORME,IDINFORME,PDFINFORME
28547,08111,2015-07-31 00:00:00.0,MUNICIPALIDAD DE TOME,2015,428,INFORME FINAL 428-15 MUNICIPALIDAD DE TOMÉ PROGRAMA CONTRATACIONES A HONORARIOS - JULIO 2015,https://www.contraloria.cl/pdfbuscador/auditoria/af813e2dcf7ffd1aa057717068cc23db/html,08,TOME,https://www.contraloria.cl/SicaProd/SICAv3-BIFAPortalCGR/faces/newDetalleInforme?docIdcm=af813e2dcf7ffd1aa057717068cc23db,C,Informe Final de Auditoría,14440,https://www.contraloria.cl/SicaProd/SICAv3-BIFAPortalCGR/servletfichainformegoogle?docIdcm=af813e2dcf7ffd1aa057717068cc23db&pdf=1
28569,08111,2015-12-30 00:00:00.0,DEPARTAMENTO DE ADMINISTRACION DE EDUCACION MUNICIPAL DE TOME,2015,813,INFORME FINAL 813-15 MUNICIPALIDAD DE TOMÉ SOBRE AUDITORIA A LOS PAGOS POR COTIZACIONES PREVISIONALES OBLIGATORIAS Y DESCUENTOS VOLUNTARIOS - DICIEMBRE 2015,https://www.contraloria.cl/pdfbuscador/auditoria/3b3845c946259305f5ca793191706bbc/html,08,TOME,https://www.contraloria.cl/SicaProd/SICAv3-BIFAPortalCGR/faces/newDetalleInforme?docIdcm=3b3845c946259305f5ca793191706bbc,C,Informe Final de Auditoría,16826,https://www.contraloria.cl/SicaProd/SICAv3-BIFAPortalCGR/servletfichainformegoogle?docIdcm=3b3845c946259305f5ca793191706bbc&pdf=1
33145,08111,2015-12-21 00:00:00.0,MUNICIPALIDAD DE TOME,2015,1131,INFORME DE INSPECCIÓN OBRA PÚBLICA  1131-15 MUNICIPALIDAD DE TOMÉ SOBRE REPOSICIÓN MEJORADA EDIFICIO CONSISTORIAL - DICIEMBRE 2015,https://www.contraloria.cl/pdfbuscador/auditoria/c85b9c0fe97e63309e9165e54394783c/html,08,TOME,https://www.contraloria.cl/SicaProd/SICAv3-BIFAPortalCGR/faces/newDetalleInforme?docIdcm=c85b9c0fe97e63309e9165e54394783c,C,Informe de Inspección de Obra Pública,16892,https://www.contraloria.cl/SicaProd/SICAv3-BIFAPortalCGR/servletfichainformegoogle?docIdcm=c85b9c0fe97e63309e9165e54394783c&pdf=1
38031,08111,2016-09-05 00:00:00.0,DEPARTAMENTO DE ADMINISTRACION DE EDUCACION MUNICIPAL DE TOME,2016,546,INFORME INVESTIGACIÓN ESPECIAL 546-16 MUNICIPALIDAD DE TOMÉ SOBRE PRESUNTAS IRREGULARIDADES - SEPTIEMBRE 2016,https://www.contraloria.cl/pdfbuscador/auditoria/bd1da95ae6466b441c6af21a3eabc015/html,08,TOME,https://www.contraloria.cl/SicaProd/SICAv3-BIFAPortalCGR/faces/newDetalleInforme?docIdcm=bd1da95ae6466b441c6af21a3eabc015,C,Informe de Investigación Especial,18888,https://www.contraloria.cl/SicaProd/SICAv3-BIFAPortalCGR/servletfichainformegoogle?docIdcm=bd1da95ae6466b441c6af21a3eabc015&pdf=1
34659,08111,2016-10-06 00:00:00.0,MUNICIPALIDAD DE TOME,2016,608,INFORME FINAL 608-16 MUNICIPALIDAD DE TOMÉ - AUDITORÍA AL GASTO EN PERIODO ELECTORAL - USO DE BIENES - VEHÍCULOS - RRHH - RECURSOS FÍSICOS Y FINANCIEROS - OCTUBRE 2016,https://www.contraloria.cl/pdfbuscador/auditoria/192974cac0b021543a5519b0d267bee0/html,08,TOME,https://www.contraloria.cl/SicaProd/SICAv3-BIFAPortalCGR/faces/newDetalleInforme?docIdcm=192974cac0b021543a5519b0d267bee0,C,Informe Final de Auditoría,19101,https://www.contraloria.cl/SicaProd/SICAv3-BIFAPortalCGR/servletfichainformegoogle?docIdcm=192974cac0b021543a5519b0d267bee0&pdf=1
49300,08111,2018-10-26 00:00:00.0,DEPARTAMENTO DE ADMINISTRACION DE EDUCACION MUNICIPAL DE TOME,2018,235,"INFORME FINAL 235 DE 2018 DEPARTAMENTO DE ADMINISTRACIÓN DE EDUCACIÓN MUNICIPAL DE TOMÉ - AUDITORÍA A LOS PROCESOS DE REMUNERACIONES Y ADMINISTRACIÓN DE PERSONAL, RECURSOS FINANCIEROS Y BONIFICACIONES POR RETIRO - OCTUBRE 2018",https://www.contraloria.cl/pdfbuscador/auditoria/f11705c8753976ad6cf5dcdf77839b03/html,08,TOME,https://www.contraloria.cl/SicaProd/SICAv3-BIFAPortalCGR/faces/newDetalleInforme?docIdcm=f11705c8753976ad6cf5dcdf77839b03,C,Informe Final de Auditoría,26352,https://www.contraloria.cl/SicaProd/SICAv3-BIFAPortalCGR/servletfichainformegoogle?docIdcm=f11705c8753976ad6cf5dcdf77839b03&pdf=1
51913,08111,2018-12-26 00:00:00.0,MUNICIPALIDAD DE TOME,2018,661,INFORME FINAL 661 - MUNICIPALIDAD DE TOMÉ SOBRE AUDITORÍA A LAS OBRAS DE INFRAESTRUCTURA - DICIEMBRE 2018,https://www.contraloria.cl/pdfbuscador/auditoria/64778d50e752ecea948d81a62ced837d/html,08,TOME,https://www.contraloria.cl/SicaProd/SICAv3-BIFAPortalCGR/faces/newDetalleInforme?docIdcm=64778d50e752ecea948d81a62ced837d,C,Informe Final de Auditoría,27158,https://www.contraloria.cl/SicaProd/SICAv3-BIFAPortalCGR/servletfichainformegoogle?docIdcm=64778d50e752ecea948d81a62ced837d&pdf=1