IDACTIVIDAD,CODIGOSUBDERE,FECHAINFORME,NOMBRESERVICIO,ANOINFORME,NUMEROINFORME,MATERIAINFORME,FICHAINFORMEBIFA,C_REG_SUBDERE,NOMBRESUBDERE,FICHAINFORME,TIPOSUBDERE,TIPOINFORME,IDINFORME,PDFINFORME
26629,12402,2015-04-22 00:00:00.0,MUNICIPALIDAD DE TORRES DEL PAINE,2015,34,INFORME DE INVESTIGACIÓN ESPECIAL 34-15 MUNICIPALIDAD DE TORRES DEL PAINE SOBRE EVENTUALES IRREGULARIDADES EN RECEPCIÓN DE CONTRATO - ABRIL 2015,https://www.contraloria.cl/pdfbuscador/auditoria/da9e643fb7add4d7a70a949d6b9f5381/html,12,TORRES DEL PAINE,https://www.contraloria.cl/SicaProd/SICAv3-BIFAPortalCGR/faces/newDetalleInforme?docIdcm=da9e643fb7add4d7a70a949d6b9f5381,C,Informe de Investigación Especial,13690,https://www.contraloria.cl/SicaProd/SICAv3-BIFAPortalCGR/servletfichainformegoogle?docIdcm=da9e643fb7add4d7a70a949d6b9f5381&pdf=1
28483,12402,2015-12-28 00:00:00.0,MUNICIPALIDAD DE TORRES DEL PAINE,2015,1238,INFORME FINAL 1238-15 MUNICIPALIDAD DE TORRES DEL PAINE AUDITORIA AL MACROPROCESO DE RECURSOS HUMANOS-DICIEMBRE 2015,https://www.contraloria.cl/pdfbuscador/auditoria/fabd35f70b669205b48e21c866aa7c32/html,12,TORRES DEL PAINE,https://www.contraloria.cl/SicaProd/SICAv3-BIFAPortalCGR/faces/newDetalleInforme?docIdcm=fabd35f70b669205b48e21c866aa7c32,C,Informe Final de Auditoría,16727,https://www.contraloria.cl/SicaProd/SICAv3-BIFAPortalCGR/servletfichainformegoogle?docIdcm=fabd35f70b669205b48e21c866aa7c32&pdf=1
41373,12402,2017-12-11 00:00:00.0,MUNICIPALIDAD DE TORRES DEL PAINE,2017,919,INFORME FINAL 919 2017 - MUNICIPALIDAD DE TORRES DEL PAINE,https://www.contraloria.cl/pdfbuscador/auditoria/bf8b4747d4b1fbb98bd536468b7ee0fb/html,12,TORRES DEL PAINE,https://www.contraloria.cl/SicaProd/SICAv3-BIFAPortalCGR/faces/newDetalleInforme?docIdcm=bf8b4747d4b1fbb98bd536468b7ee0fb,C,Informe Final de Auditoría,22318,https://www.contraloria.cl/SicaProd/SICAv3-BIFAPortalCGR/servletfichainformegoogle?docIdcm=bf8b4747d4b1fbb98bd536468b7ee0fb&pdf=1
49468,12402,2018-06-01 00:00:00.0,MUNICIPALIDAD DE TORRES DEL PAINE,2018,250,INFORME FINAL 250-18 MUNICIPALIDAD TORRES DEL PAINE AUDITORÍA A LA EJECUCIÓN PRESUPUESTARIA Y ADMINISTRATIVA DE FONDOS - JUNIO 2018,https://www.contraloria.cl/pdfbuscador/auditoria/7d21c2fa58e18bd0a5cd03bb5fb18b57/html,12,TORRES DEL PAINE,https://www.contraloria.cl/SicaProd/SICAv3-BIFAPortalCGR/faces/newDetalleInforme?docIdcm=7d21c2fa58e18bd0a5cd03bb5fb18b57,C,Informe Final de Auditoría,24126,https://www.contraloria.cl/SicaProd/SICAv3-BIFAPortalCGR/servletfichainformegoogle?docIdcm=7d21c2fa58e18bd0a5cd03bb5fb18b57&pdf=1
55526,12402,2019-06-25 00:00:00.0,DEPARTAMENTO DE SALUD DE TORRES DEL PAINE,2019,323,INFORME FINAL 323-19 DEPARTAMENTO DE SALUD MUNICIPALIDAD DE TORRES DEL PAINE AUDITORÍA EN LOS GASTOS EN PERSONAL ASOCIADOS AL SUBTÍTULO 21 DEL PRESUPUESTO DEL DEPARTAMENTO DE SALUD-JUNIO 2019,https://www.contraloria.cl/pdfbuscador/auditoria/2746b2a4f1fad1911a960de138eff1f9/html,12,TORRES DEL PAINE,https://www.contraloria.cl/SicaProd/SICAv3-BIFAPortalCGR/faces/newDetalleInforme?docIdcm=2746b2a4f1fad1911a960de138eff1f9,C,Informe Final de Auditoría,29206,https://www.contraloria.cl/SicaProd/SICAv3-BIFAPortalCGR/servletfichainformegoogle?docIdcm=2746b2a4f1fad1911a960de138eff1f9&pdf=1