IDACTIVIDAD,CODIGOSUBDERE,FECHAINFORME,NOMBRESERVICIO,ANOINFORME,NUMEROINFORME,MATERIAINFORME,FICHAINFORMEBIFA,C_REG_SUBDERE,NOMBRESUBDERE,FICHAINFORME,TIPOSUBDERE,TIPOINFORME,IDINFORME,PDFINFORME
32839,11303,2015-12-23 00:00:00.0,MUNICIPALIDAD DE TORTEL,2015,1270,INFORME FINAL DE INVESTIGACIÓN ESPECIAL 1.270-15 MUNICIPALIDAD DE TORTEL-SOBRE FONDOS PENDIENTES DE RENDICIÓN-DICIEMBRE-2015,https://www.contraloria.cl/pdfbuscador/auditoria/c4afc979f0f86794d20a8f7dd438aaae/html,11,TORTEL,https://www.contraloria.cl/SicaProd/SICAv3-BIFAPortalCGR/faces/newDetalleInforme?docIdcm=c4afc979f0f86794d20a8f7dd438aaae,C,Informe de Investigación Especial,16697,https://www.contraloria.cl/SicaProd/SICAv3-BIFAPortalCGR/servletfichainformegoogle?docIdcm=c4afc979f0f86794d20a8f7dd438aaae&pdf=1
34040,11303,2016-04-07 00:00:00.0,MUNICIPALIDAD DE TORTEL,2016,76,INFORME DE INVESTIGACIÓN ESPECIAL 76-16 MUNICIPALIDAD DE TORTEL-SOBRE EVENTUALES IRREGULARIDADES EN LA EJECUCIÓN DE UNA OBRA PÚBLICA-ABRIL 2016,https://www.contraloria.cl/pdfbuscador/auditoria/377b5ac922ff7e4cbe7ff0af4667db5c/html,11,TORTEL,https://www.contraloria.cl/SicaProd/SICAv3-BIFAPortalCGR/faces/newDetalleInforme?docIdcm=377b5ac922ff7e4cbe7ff0af4667db5c,C,Informe de Investigación Especial,17665,https://www.contraloria.cl/SicaProd/SICAv3-BIFAPortalCGR/servletfichainformegoogle?docIdcm=377b5ac922ff7e4cbe7ff0af4667db5c&pdf=1
34838,11303,2016-05-09 00:00:00.0,MUNICIPALIDAD DE TORTEL,2016,102,INFORME FINAL 102-16 MUNICIPALIDAD DE TORTEL-SOBRE AUDITORÍA AL MACROPROCESO DE ADQUISIONES Y ABASTECIMIENTO-MAYO 2016,https://www.contraloria.cl/pdfbuscador/auditoria/eafce2f1db2b8ccc471c36b75fa1646a/html,11,TORTEL,https://www.contraloria.cl/SicaProd/SICAv3-BIFAPortalCGR/faces/newDetalleInforme?docIdcm=eafce2f1db2b8ccc471c36b75fa1646a,C,Informe Final de Auditoría,17918,https://www.contraloria.cl/SicaProd/SICAv3-BIFAPortalCGR/servletfichainformegoogle?docIdcm=eafce2f1db2b8ccc471c36b75fa1646a&pdf=1
34041,11303,2016-06-14 00:00:00.0,MUNICIPALIDAD DE TORTEL,2016,127,"INFORME DE INVESTIGACIÓN ESPECIAL 127-16, MUNICIPALIDAD DE TORTEL SOBRE EVENTUALES IRREGULARIDADES EN EL FUNCIONAMIENTO DEL SISTEMA DE GENERACIÓN Y SUMINISTRO DE ELECTRICIDAD-JUNIO 2016",https://www.contraloria.cl/pdfbuscador/auditoria/e9444abc837007e4c53de9d4460816e2/html,11,TORTEL,https://www.contraloria.cl/SicaProd/SICAv3-BIFAPortalCGR/faces/newDetalleInforme?docIdcm=e9444abc837007e4c53de9d4460816e2,C,Informe de Investigación Especial,18239,https://www.contraloria.cl/SicaProd/SICAv3-BIFAPortalCGR/servletfichainformegoogle?docIdcm=e9444abc837007e4c53de9d4460816e2&pdf=1
56776,11303,2019-09-25 00:00:00.0,MUNICIPALIDAD DE TORTEL,2019,568,"INFORME FINAL N° 568, DE 2019, SOBRE AUDITORÍA A LA OBRA CONSTRUCCIÓN RED DE ALCANTARILLADO Y SISTEMA DE TRATAMIENTO DE AGUAS SERVIDAS DE CALETA TORTEL, EJECUTADA POR LA MUNICIPALIDAD DE TORTEL.",https://www.contraloria.cl/pdfbuscador/auditoria/e42783ed6889d52f6806549cdeefc901/html,11,TORTEL,https://www.contraloria.cl/SicaProd/SICAv3-BIFAPortalCGR/faces/newDetalleInforme?docIdcm=e42783ed6889d52f6806549cdeefc901,C,Informe Final de Auditoría,29939,https://www.contraloria.cl/SicaProd/SICAv3-BIFAPortalCGR/servletfichainformegoogle?docIdcm=e42783ed6889d52f6806549cdeefc901&pdf=1