IDACTIVIDAD,CODIGOSUBDERE,FECHAINFORME,NOMBRESERVICIO,ANOINFORME,NUMEROINFORME,MATERIAINFORME,FICHAINFORMEBIFA,C_REG_SUBDERE,NOMBRESUBDERE,FICHAINFORME,TIPOSUBDERE,TIPOINFORME,IDINFORME,PDFINFORME
31271,09210,2016-03-03 00:00:00.0,MUNICIPALIDAD DE TRAIGUEN,2015,1092,"INFORME DE INVESTIGACIÓN ESPECIAL 1092-15 MUNICIPALIDAD DE TRAIGUÉN, SOBRE PROYECTOS DE ABASTO DE AGUA - ABRIL 2016",https://www.contraloria.cl/pdfbuscador/auditoria/078b77c3f8c1bb0d8cb58531d32133d9/html,09,TRAIGUEN,https://www.contraloria.cl/SicaProd/SICAv3-BIFAPortalCGR/faces/newDetalleInforme?docIdcm=078b77c3f8c1bb0d8cb58531d32133d9,C,Informe de Investigación Especial,17653,https://www.contraloria.cl/SicaProd/SICAv3-BIFAPortalCGR/servletfichainformegoogle?docIdcm=078b77c3f8c1bb0d8cb58531d32133d9&pdf=1
28722,09210,2015-12-30 00:00:00.0,DEPARTAMENTO DE SALUD MUNICIPAL DE TRAIGUEN,2015,1284,"INFORME FINAL 1284-15 DEPARTAMENTO DE SALUD MUNICIPAL DE TRAIGUÉN, SOBRE AUDITORÍA DE TRANSACCIONES-DICIEMBRE 2015",https://www.contraloria.cl/pdfbuscador/auditoria/d01d08f37be65fa157d92131b157971e/html,09,TRAIGUEN,https://www.contraloria.cl/SicaProd/SICAv3-BIFAPortalCGR/faces/newDetalleInforme?docIdcm=d01d08f37be65fa157d92131b157971e,C,Informe Final de Auditoría,16811,https://www.contraloria.cl/SicaProd/SICAv3-BIFAPortalCGR/servletfichainformegoogle?docIdcm=d01d08f37be65fa157d92131b157971e&pdf=1
35626,09210,2016-06-01 00:00:00.0,DEPARTAMENTO DE EDUCACION MUNICIPAL DE TRAIGUEN,2016,271,"INFORME DE INVESTIGACIÓN ESPECIAL 271-16 DEPARTAMENTO DE EDUCACIÓN DE TRAIGUÉN, SOBRE PAGO DE BONO - JUNIO 2016",https://www.contraloria.cl/pdfbuscador/auditoria/a4b145b6ddc323e762ef88eda6d84dc1/html,09,TRAIGUEN,https://www.contraloria.cl/SicaProd/SICAv3-BIFAPortalCGR/faces/newDetalleInforme?docIdcm=a4b145b6ddc323e762ef88eda6d84dc1,C,Informe de Investigación Especial,18301,https://www.contraloria.cl/SicaProd/SICAv3-BIFAPortalCGR/servletfichainformegoogle?docIdcm=a4b145b6ddc323e762ef88eda6d84dc1&pdf=1
37358,09210,2017-04-13 00:00:00.0,MUNICIPALIDAD DE TRAIGUEN,2016,771,INFORME DE INVESTIGACIÓN ESPECIAL 771-2016 MUNICIPALIDAD DE TRAIGUEN  SOBRE IRREGULARIDADES EN EDUCACIÓN MUNICIPAL - ABRIL 2017,https://www.contraloria.cl/pdfbuscador/auditoria/507397eaa72030f27a2d589d00184121/html,09,TRAIGUEN,https://www.contraloria.cl/SicaProd/SICAv3-BIFAPortalCGR/faces/newDetalleInforme?docIdcm=507397eaa72030f27a2d589d00184121,C,Informe de Investigación Especial,20869,https://www.contraloria.cl/SicaProd/SICAv3-BIFAPortalCGR/servletfichainformegoogle?docIdcm=507397eaa72030f27a2d589d00184121&pdf=1
55252,09210,2019-04-12 00:00:00.0,DEPARTAMENTO DE SALUD MUNICIPAL DE TRAIGUEN,2019,201,"INFORME DE INVESTIGACIÓN ESPECIAL 201-19 DEPTO DE SALUD MUNICIPAL DE TRAIGUÉN, SOBRE PAGO DE ASIGNACIÓN- ABRIL 2019",https://www.contraloria.cl/pdfbuscador/auditoria/7877dbe1892832f35f018e67be02a6c8/html,09,TRAIGUEN,https://www.contraloria.cl/SicaProd/SICAv3-BIFAPortalCGR/faces/newDetalleInforme?docIdcm=7877dbe1892832f35f018e67be02a6c8,C,Informe de Investigación Especial,28742,https://www.contraloria.cl/SicaProd/SICAv3-BIFAPortalCGR/servletfichainformegoogle?docIdcm=7877dbe1892832f35f018e67be02a6c8&pdf=1