IDACTIVIDAD,CODIGOSUBDERE,FECHAINFORME,NOMBRESERVICIO,ANOINFORME,NUMEROINFORME,MATERIAINFORME,FICHAINFORMEBIFA,C_REG_SUBDERE,NOMBRESUBDERE,FICHAINFORME,TIPOSUBDERE,TIPOINFORME,IDINFORME,PDFINFORME
30539,14101,2015-10-06 00:00:00.0,MUNICIPALIDAD DE VALDIVIA,2015,600,INFORME FINAL N° 600-15 MUNICIPALIDAD DE VALDIVIA REPOSICIÓN ESTADIO LAS ÁNIMAS - OCTUBRE 2015,https://www.contraloria.cl/pdfbuscador/auditoria/633ecb760551f256c50c7916705eabb3/html,14,VALDIVIA,https://www.contraloria.cl/SicaProd/SICAv3-BIFAPortalCGR/faces/newDetalleInforme?docIdcm=633ecb760551f256c50c7916705eabb3,C,Informe de Inspección de Obra Pública,15356,https://www.contraloria.cl/SicaProd/SICAv3-BIFAPortalCGR/servletfichainformegoogle?docIdcm=633ecb760551f256c50c7916705eabb3&pdf=1
32252,14101,2015-11-25 00:00:00.0,MUNICIPALIDAD DE VALDIVIA,2015,1185,"INVESTIGACIÓN ESPECIAL N° 1185-15 MUNICIPALIDAD DE VALDIVIA, SOBRE CONDICIONES LABORALES EN QUE DESARROLLAN FUNCIONES LOS TRABAJADORES DEL DEPARTAMENTO DE ASEO Y ORNATO – NOVIEMBRE 2015",https://www.contraloria.cl/pdfbuscador/auditoria/74e17901dde28cac7f78b60ec0c99083/html,14,VALDIVIA,https://www.contraloria.cl/SicaProd/SICAv3-BIFAPortalCGR/faces/newDetalleInforme?docIdcm=74e17901dde28cac7f78b60ec0c99083,C,Informe de Investigación Especial,16368,https://www.contraloria.cl/SicaProd/SICAv3-BIFAPortalCGR/servletfichainformegoogle?docIdcm=74e17901dde28cac7f78b60ec0c99083&pdf=1
37378,14101,2016-08-01 00:00:00.0,MUNICIPALIDAD DE VALDIVIA,2016,544,"INFORME INVESTIGACIÓN ESPECIAL 544-16 MUNICIPALIDAD DE VALDIVIA, LEGALIDAD DE GASTO EN ADQUISICIONES- AGOSTO 2016",https://www.contraloria.cl/pdfbuscador/auditoria/8a3d86e872ccb241283406ecb0356739/html,14,VALDIVIA,https://www.contraloria.cl/SicaProd/SICAv3-BIFAPortalCGR/faces/newDetalleInforme?docIdcm=8a3d86e872ccb241283406ecb0356739,C,Informe de Investigación Especial,18655,https://www.contraloria.cl/SicaProd/SICAv3-BIFAPortalCGR/servletfichainformegoogle?docIdcm=8a3d86e872ccb241283406ecb0356739&pdf=1
34352,14101,2016-10-07 00:00:00.0,MUNICIPALIDAD DE VALDIVIA,2016,693,NFORME FINAL 693-16 MUNICIPALIDAD DE VALDIVIA - AUDITORÍA AL GASTO EN PERIODO ELECTORAL - USO DE BIENES - VEHÍCULOS - RRHH - RECURSOS FÍSICOS Y FINANCIEROS - OCTUBRE 2016,https://www.contraloria.cl/pdfbuscador/auditoria/21b9e610b8b856793677483b7a231093/html,14,VALDIVIA,https://www.contraloria.cl/SicaProd/SICAv3-BIFAPortalCGR/faces/newDetalleInforme?docIdcm=21b9e610b8b856793677483b7a231093,C,Informe Final de Auditoría,19143,https://www.contraloria.cl/SicaProd/SICAv3-BIFAPortalCGR/servletfichainformegoogle?docIdcm=21b9e610b8b856793677483b7a231093&pdf=1
36644,14101,2016-12-01 00:00:00.0,MUNICIPALIDAD DE VALDIVIA,2016,727,"INFORME FINAL 727-16 MUNICIPALIDAD DE VALDIVIA, AUDITORÍA A TRANSFERENCIAS RECIBIDAS CON CARGO PROGRAMA EQUIPAMIENTO MINEDUC -DICIEMBRE 2016",https://www.contraloria.cl/pdfbuscador/auditoria/5e6007914f8e261e7f3a3ad6e62457b1/html,14,VALDIVIA,https://www.contraloria.cl/SicaProd/SICAv3-BIFAPortalCGR/faces/newDetalleInforme?docIdcm=5e6007914f8e261e7f3a3ad6e62457b1,C,Informe Final de Auditoría,19764,https://www.contraloria.cl/SicaProd/SICAv3-BIFAPortalCGR/servletfichainformegoogle?docIdcm=5e6007914f8e261e7f3a3ad6e62457b1&pdf=1
38508,14101,2017-02-02 00:00:00.0,MUNICIPALIDAD DE VALDIVIA,2016,780,"INFORME DE  INVESTIGACIÓN ESPECIAL 780-16 MUNICIPALIDAD DE VALDIVIA, DISEÑO Y EJECUCIÓN DE OBRAS DE URBANIZACIÓN EN EL CAMPAMENTO ARTURO PRAT, DE VALDIVIA - FEBRERO 2017",https://www.contraloria.cl/pdfbuscador/auditoria/a262ffa796a00dbd9fae19eb08bcfb02/html,14,VALDIVIA,https://www.contraloria.cl/SicaProd/SICAv3-BIFAPortalCGR/faces/newDetalleInforme?docIdcm=a262ffa796a00dbd9fae19eb08bcfb02,C,Informe de Investigación Especial,20547,https://www.contraloria.cl/SicaProd/SICAv3-BIFAPortalCGR/servletfichainformegoogle?docIdcm=a262ffa796a00dbd9fae19eb08bcfb02&pdf=1
38361,14101,2016-10-19 00:00:00.0,MUNICIPALIDAD DE VALDIVIA,2016,781,"INFORME DE INVESTIGACIÓN ESPECIAL 781-16 MUNICIPALIDAD DE VALDIVIA, COMETIDOS REALIZADOS EN EL EXTRANJERO POR CONCEJALES - OCTUBRE 2016",https://www.contraloria.cl/pdfbuscador/auditoria/e72bd0cc6ecec0e56edc1047656cda2d/html,14,VALDIVIA,https://www.contraloria.cl/SicaProd/SICAv3-BIFAPortalCGR/faces/newDetalleInforme?docIdcm=e72bd0cc6ecec0e56edc1047656cda2d,C,Informe de Investigación Especial,19225,https://www.contraloria.cl/SicaProd/SICAv3-BIFAPortalCGR/servletfichainformegoogle?docIdcm=e72bd0cc6ecec0e56edc1047656cda2d&pdf=1
38777,14101,2016-11-15 00:00:00.0,MUNICIPALIDAD DE VALDIVIA,2016,782,"INFORME DE INVESTIGACIÓN ESPECIAL 782-16 MUNICIPALIDAD DE VALDIVIA, DIVERSAS IRREGULARIDADES EN DEPARTAMENTO SOCIAL - NOVIEMBRE 2016",https://www.contraloria.cl/pdfbuscador/auditoria/4be4d48fb1576c7691faa4684015d3d8/html,14,VALDIVIA,https://www.contraloria.cl/SicaProd/SICAv3-BIFAPortalCGR/faces/newDetalleInforme?docIdcm=4be4d48fb1576c7691faa4684015d3d8,C,Informe de Investigación Especial,19729,https://www.contraloria.cl/SicaProd/SICAv3-BIFAPortalCGR/servletfichainformegoogle?docIdcm=4be4d48fb1576c7691faa4684015d3d8&pdf=1
34452,14101,2016-12-22 00:00:00.0,MUNICIPALIDAD DE VALDIVIA,2016,1126,"INFORME FINAL 1126-16 MUNICIPALIDAD DE VALDIVIA, AUDITORÍA EJECUCIÓN CONTRATO MEJORAMIENTO AVENIDA ERRÁZURIZ VALDIVIA - DICIEMBRE 2016",https://www.contraloria.cl/pdfbuscador/auditoria/9883652efe7a89759bc94c556b86728f/html,14,VALDIVIA,https://www.contraloria.cl/SicaProd/SICAv3-BIFAPortalCGR/faces/newDetalleInforme?docIdcm=9883652efe7a89759bc94c556b86728f,C,Informe Final de Auditoría,20150,https://www.contraloria.cl/SicaProd/SICAv3-BIFAPortalCGR/servletfichainformegoogle?docIdcm=9883652efe7a89759bc94c556b86728f&pdf=1
39402,14101,2017-02-03 00:00:00.0,MUNICIPALIDAD DE VALDIVIA,2016,1204,INFORME DE INVESTIGACIÓN ESPECIAL N° 1204-2016 M.VALDIVIA_03 DE FEBRERO DE 2017,https://www.contraloria.cl/pdfbuscador/auditoria/c5d828d4dd75d159121c4cfd74f6fc55/html,14,VALDIVIA,https://www.contraloria.cl/SicaProd/SICAv3-BIFAPortalCGR/faces/newDetalleInforme?docIdcm=c5d828d4dd75d159121c4cfd74f6fc55,C,Informe de Investigación Especial,20490,https://www.contraloria.cl/SicaProd/SICAv3-BIFAPortalCGR/servletfichainformegoogle?docIdcm=c5d828d4dd75d159121c4cfd74f6fc55&pdf=1
42006,14101,2017-07-11 00:00:00.0,DEPARTAMENTO DE SALUD DE VALDIVIA,2017,75,"INFORME FINAL 75-17 MUNICIPALIAD DE VALDIVIA, INSPECCIÓN DE OBRA PÚBLICA REPOSICIÓN REPOSICIÓN CESFAM LAS ÁNIMAS, VALDIVIA - JUNIO 2017",https://www.contraloria.cl/pdfbuscador/auditoria/db61911840e3e6dca48171e3801eb2a1/html,14,VALDIVIA,https://www.contraloria.cl/SicaProd/SICAv3-BIFAPortalCGR/faces/newDetalleInforme?docIdcm=db61911840e3e6dca48171e3801eb2a1,C,Informe de Inspección de Obra Pública,21352,https://www.contraloria.cl/SicaProd/SICAv3-BIFAPortalCGR/servletfichainformegoogle?docIdcm=db61911840e3e6dca48171e3801eb2a1&pdf=1
42578,14101,2017-06-22 00:00:00.0,MUNICIPALIDAD DE VALDIVIA,2017,350,"INFORME DE INVESTIGACIÓN ESPECIAL 350 - 17 MUNICIPALIDAD DE VALDIVIA, SOBRE EL PAGO DE VIÁTICOS Y GASTOS ",https://www.contraloria.cl/pdfbuscador/auditoria/0777bc9882a3aa43ce904d027bacf8bf/html,14,VALDIVIA,https://www.contraloria.cl/SicaProd/SICAv3-BIFAPortalCGR/faces/newDetalleInforme?docIdcm=0777bc9882a3aa43ce904d027bacf8bf,C,Informe de Investigación Especial,21279,https://www.contraloria.cl/SicaProd/SICAv3-BIFAPortalCGR/servletfichainformegoogle?docIdcm=0777bc9882a3aa43ce904d027bacf8bf&pdf=1
41505,14101,2017-12-21 00:00:00.0,MUNICIPALIDAD DE VALDIVIA,2017,923,"INFORME FINAL 923 - 2017 MUNICIPALIDAD DE VALDIVIA, AUDITORÍA A LOS MACROPROCESO DE CONCESIÓN DEL SERVICIO DE ASEO - DICIEMBRE 2017",https://www.contraloria.cl/pdfbuscador/auditoria/714c99478152f1a9ab7f3ace4de7daef/html,14,VALDIVIA,https://www.contraloria.cl/SicaProd/SICAv3-BIFAPortalCGR/faces/newDetalleInforme?docIdcm=714c99478152f1a9ab7f3ace4de7daef,C,Informe Final de Auditoría,22566,https://www.contraloria.cl/SicaProd/SICAv3-BIFAPortalCGR/servletfichainformegoogle?docIdcm=714c99478152f1a9ab7f3ace4de7daef&pdf=1
41588,14101,2017-12-15 00:00:00.0,DEPARTAMENTO DE EDUCACION DE VALDIVIA,2017,1002,"INFORME FINAL 1.002 - 2017 MUNICIPALIDAD DE VALDIVIA, DEPARTAMENTO DE EDUCACIÓN DE VALDIVIA, AUDITORÍA A LOS RECURSOS DE LA LEY N°1.022 SUBVENCIÓN ESCOLAR PREFERNCIAL - DICIEMBRE 2017",https://www.contraloria.cl/pdfbuscador/auditoria/35ae863033c2fec77674069d4e7fa9ec/html,14,VALDIVIA,https://www.contraloria.cl/SicaProd/SICAv3-BIFAPortalCGR/faces/newDetalleInforme?docIdcm=35ae863033c2fec77674069d4e7fa9ec,C,Informe Final de Auditoría,22557,https://www.contraloria.cl/SicaProd/SICAv3-BIFAPortalCGR/servletfichainformegoogle?docIdcm=35ae863033c2fec77674069d4e7fa9ec&pdf=1
46807,14101,2018-01-18 00:00:00.0,DEPARTAMENTO DE EDUCACION DE VALDIVIA,2017,1144,INFORME FINAL N° 1.144-2017 MUNICIPALIDAD DE VALDIVIA SOBRE IRREGULARIDADES EN EL PAGO DE HORAS EXTRAORDINARIAS Y USO DE PERMISOS GREMIALES.,https://www.contraloria.cl/pdfbuscador/auditoria/e47b2359789535acd9d10bcb0e5c2cd3/html,14,VALDIVIA,https://www.contraloria.cl/SicaProd/SICAv3-BIFAPortalCGR/faces/newDetalleInforme?docIdcm=e47b2359789535acd9d10bcb0e5c2cd3,C,Informe de Investigación Especial,23054,https://www.contraloria.cl/SicaProd/SICAv3-BIFAPortalCGR/servletfichainformegoogle?docIdcm=e47b2359789535acd9d10bcb0e5c2cd3&pdf=1
46802,14101,2018-01-17 00:00:00.0,MUNICIPALIDAD DE VALDIVIA,2017,1146,INFORME FINAL 1146-2017 MUNICIPALIDAD DE VALDIVIA SOBRE IRREGULARIDADES DE PAGO DE HORAS EXTRAORDINARIAS Y USO DE PERMISOS GREMIALES - ENERO 2018,https://www.contraloria.cl/pdfbuscador/auditoria/8385809ab87e1be2cd8aa724996ed349/html,14,VALDIVIA,https://www.contraloria.cl/SicaProd/SICAv3-BIFAPortalCGR/faces/newDetalleInforme?docIdcm=8385809ab87e1be2cd8aa724996ed349,C,Informe de Investigación Especial,23053,https://www.contraloria.cl/SicaProd/SICAv3-BIFAPortalCGR/servletfichainformegoogle?docIdcm=8385809ab87e1be2cd8aa724996ed349&pdf=1
47913,14101,2018-03-20 00:00:00.0,MUNICIPALIDAD DE VALDIVIA,2018,17,"INFORME DE INVESTIGACIÓN ESPECIAL 17-2018 MUNICIPALIDAD DE VALDIVIA, REFERENTE AL FUNCIONAMIENTO DE LA FARMACIA MUNICIPAL DE VALDIVIA - MARZO 2018",https://www.contraloria.cl/pdfbuscador/auditoria/1b12b5e2e38feb98e1f8ea75f4ce54c4/html,14,VALDIVIA,https://www.contraloria.cl/SicaProd/SICAv3-BIFAPortalCGR/faces/newDetalleInforme?docIdcm=1b12b5e2e38feb98e1f8ea75f4ce54c4,C,Informe de Investigación Especial,23505,https://www.contraloria.cl/SicaProd/SICAv3-BIFAPortalCGR/servletfichainformegoogle?docIdcm=1b12b5e2e38feb98e1f8ea75f4ce54c4&pdf=1
49327,14101,2018-06-27 00:00:00.0,DEPARTAMENTO DE SALUD DE VALDIVIA,2018,219,"INFORME FINAL 219-18 MUNICIPALIDAD DE VALDIVIA, AUDITORÍA A LOS PROCESOS RELACIONADOS CON LA COMPRA, CONTROLES Y ENTRGA DE MEDICAMENTOS EN EL DEPARTAMENTO DE SALUD MUNICIPAL DE VALDIVIA, JUNIO+2018",https://www.contraloria.cl/pdfbuscador/auditoria/6bb5b04915e8f7e831457347599f184d/html,14,VALDIVIA,https://www.contraloria.cl/SicaProd/SICAv3-BIFAPortalCGR/faces/newDetalleInforme?docIdcm=6bb5b04915e8f7e831457347599f184d,C,Informe Final de Auditoría,24505,https://www.contraloria.cl/SicaProd/SICAv3-BIFAPortalCGR/servletfichainformegoogle?docIdcm=6bb5b04915e8f7e831457347599f184d&pdf=1
49323,14101,2018-07-04 00:00:00.0,MUNICIPALIDAD DE VALDIVIA,2018,243,"INFORME FINAL 243-18 MUNICIPALIDAD DE VALDIVIA AUDITORIA AL MACROPROCESO  DE ADQUISICIONES Y ABASTECIMIENTIO, JULIO 2018",https://www.contraloria.cl/pdfbuscador/auditoria/2b57e43c3dd6f6f0d637d9f0ba7f1ad8/html,14,VALDIVIA,https://www.contraloria.cl/SicaProd/SICAv3-BIFAPortalCGR/faces/newDetalleInforme?docIdcm=2b57e43c3dd6f6f0d637d9f0ba7f1ad8,C,Informe Final de Auditoría,24805,https://www.contraloria.cl/SicaProd/SICAv3-BIFAPortalCGR/servletfichainformegoogle?docIdcm=2b57e43c3dd6f6f0d637d9f0ba7f1ad8&pdf=1
49434,14101,2018-05-30 00:00:00.0,MUNICIPALIDAD DE VALDIVIA,2018,256,"INFORME FINAL DE INVESTIGACION ESPECIAL 256-2018, MUNICIPALIDAD DE VALDIVIA SOBRE IRREGULARIDADES EN EL PAGO DE HORAS EXTRAORDINARIAS EN EL DEPARTAMENTO DE CONSTRUCCIÓN Y OPERACIONES DE LA MUNICIPALIDAD DE VALDIVIA",https://www.contraloria.cl/pdfbuscador/auditoria/7cecc20fa50f19d6ce58e989799a8737/html,14,VALDIVIA,https://www.contraloria.cl/SicaProd/SICAv3-BIFAPortalCGR/faces/newDetalleInforme?docIdcm=7cecc20fa50f19d6ce58e989799a8737,C,Informe de Investigación Especial,24186,https://www.contraloria.cl/SicaProd/SICAv3-BIFAPortalCGR/servletfichainformegoogle?docIdcm=7cecc20fa50f19d6ce58e989799a8737&pdf=1
51262,14101,2018-09-14 00:00:00.0,MUNICIPALIDAD DE VALDIVIA,2018,558,"INFORME DE INVESTIGACIÓN ESPECIAL 558-2018, MUNICIPALIDAD DE VALDIVIA, SOBRE EVENTUALES IRREGULARIDADES EN LA OFICINA MUNICIPAL DE INFORMACIÓN LABORAL, SEPTIEMBRE-2018",https://www.contraloria.cl/pdfbuscador/auditoria/1922ada32e3e345be65f7050e36dab24/html,14,VALDIVIA,https://www.contraloria.cl/SicaProd/SICAv3-BIFAPortalCGR/faces/newDetalleInforme?docIdcm=1922ada32e3e345be65f7050e36dab24,C,Informe de Investigación Especial,25881,https://www.contraloria.cl/SicaProd/SICAv3-BIFAPortalCGR/servletfichainformegoogle?docIdcm=1922ada32e3e345be65f7050e36dab24&pdf=1
53112,14101,2018-10-01 00:00:00.0,MUNICIPALIDAD DE VALDIVIA,2018,605,"INFORME DE INVESTIGACIÓN ESPECIAL  605-2018, MUNICIPALIDAD DE VALDIVIA, SOBRE EVENTUALES IRREGULARIDADES OCURRIDAS EN EL PAGO DE UNA CAPACITACIÓN, OCTUBRE-2018",https://www.contraloria.cl/pdfbuscador/auditoria/bbbdf5dc42e0d0c1564d11daafb2cf28/html,14,VALDIVIA,https://www.contraloria.cl/SicaProd/SICAv3-BIFAPortalCGR/faces/newDetalleInforme?docIdcm=bbbdf5dc42e0d0c1564d11daafb2cf28,C,Informe de Investigación Especial,26086,https://www.contraloria.cl/SicaProd/SICAv3-BIFAPortalCGR/servletfichainformegoogle?docIdcm=bbbdf5dc42e0d0c1564d11daafb2cf28&pdf=1
55523,14101,2019-05-31 00:00:00.0,MUNICIPALIDAD DE VALDIVIA,2019,250,"INFORME FINAL N° 250-2019, MUNICIPALIDAD DE VALDIVIA, SOBRE AUDITORIA AL ACTIVO FIJO, MAYO-2019",https://www.contraloria.cl/pdfbuscador/auditoria/fef0f8ea922cdeb530a6587230404011/html,14,VALDIVIA,https://www.contraloria.cl/SicaProd/SICAv3-BIFAPortalCGR/faces/newDetalleInforme?docIdcm=fef0f8ea922cdeb530a6587230404011,C,Informe Final de Auditoría,29026,https://www.contraloria.cl/SicaProd/SICAv3-BIFAPortalCGR/servletfichainformegoogle?docIdcm=fef0f8ea922cdeb530a6587230404011&pdf=1
58590,14101,2019-12-27 00:00:00.0,MUNICIPALIDAD DE VALDIVIA,2019,973,INFORME FINAL 973-2019 MUNICIPALIDAD DE VALDIVIA SOBRE AUDITORÍA AL PROCESO DE OTORGAMIENTO DE PERMISOS DE EDIFICACIÓN EN ÁREAS DE RIESGO - DICIEMBRE 2019,https://www.contraloria.cl/pdfbuscador/auditoria/8586b033d3f4bfde33868bf4ed32603b/html,14,VALDIVIA,https://www.contraloria.cl/SicaProd/SICAv3-BIFAPortalCGR/faces/newDetalleInforme?docIdcm=8586b033d3f4bfde33868bf4ed32603b,C,Informe Final de Auditoría,30888,https://www.contraloria.cl/SicaProd/SICAv3-BIFAPortalCGR/servletfichainformegoogle?docIdcm=8586b033d3f4bfde33868bf4ed32603b&pdf=1
72442,14101,2020-07-06 00:00:00.0,MUNICIPALIDAD DE VALDIVIA,2020,221,INFORME FINAL 221-2020 MUNICIPALIDAD DE VALDIVIA INSPECCIÓN A LA OBRA PÚBLICA SOBRE CONSTRUCCIÓN ESTADIO NIEBLA - JULIO 2020,https://www.contraloria.cl/pdfbuscador/auditoria/2e4511ea2c3bf2f1f8375ed037b0f9ec/html,14,VALDIVIA,https://www.contraloria.cl/SicaProd/SICAv3-BIFAPortalCGR/faces/newDetalleInforme?docIdcm=2e4511ea2c3bf2f1f8375ed037b0f9ec,C,Informe de Inspección de Obra Pública,33769,https://www.contraloria.cl/SicaProd/SICAv3-BIFAPortalCGR/servletfichainformegoogle?docIdcm=2e4511ea2c3bf2f1f8375ed037b0f9ec&pdf=1