IDACTIVIDAD,CODIGOSUBDERE,FECHAINFORME,NOMBRESERVICIO,ANOINFORME,NUMEROINFORME,MATERIAINFORME,FICHAINFORMEBIFA,C_REG_SUBDERE,NOMBRESUBDERE,FICHAINFORME,TIPOSUBDERE,TIPOINFORME,IDINFORME,PDFINFORME
28270,03301,2015-08-27 00:00:00.0,MUNICIPALIDAD DE VALLENAR,2015,622,INFORME FINAL 622-15  MUNICIPALIDAD DE VALLENAR - SOBRE AUDITORIA A LAS CONTRATACIONES DE HONORARIOS EN PROGRAMAS COMUNITARIOS – AGOSTO 2015,https://www.contraloria.cl/pdfbuscador/auditoria/4d01254be0fb522ecfd4a2f1e6cdbb6d/html,03,VALLENAR,https://www.contraloria.cl/SicaProd/SICAv3-BIFAPortalCGR/faces/newDetalleInforme?docIdcm=4d01254be0fb522ecfd4a2f1e6cdbb6d,C,Informe Final de Auditoría,14744,https://www.contraloria.cl/SicaProd/SICAv3-BIFAPortalCGR/servletfichainformegoogle?docIdcm=4d01254be0fb522ecfd4a2f1e6cdbb6d&pdf=1
32036,03301,2015-12-29 00:00:00.0,MUNICIPALIDAD DE VALLENAR,2015,998,INFORME FINAL 998-15 MUNICIPALIDAD DE VALLENAR PROYECTO DE INVERSIÓN MEJORAMIENTO PASEO RIBEREÑO - DICIEMBRE 2015,https://www.contraloria.cl/pdfbuscador/auditoria/a0d972f5de3e2b0df723ff01f9863533/html,03,VALLENAR,https://www.contraloria.cl/SicaProd/SICAv3-BIFAPortalCGR/faces/newDetalleInforme?docIdcm=a0d972f5de3e2b0df723ff01f9863533,C,Informe Final de Auditoría,16885,https://www.contraloria.cl/SicaProd/SICAv3-BIFAPortalCGR/servletfichainformegoogle?docIdcm=a0d972f5de3e2b0df723ff01f9863533&pdf=1
33097,03301,2015-12-30 00:00:00.0,MUNICIPALIDAD DE VALLENAR,2015,1104,INFORME INSPECCIÓN DE OBRA PÚBLICA 1.104-15 MUNICIPALIDAD DE VALLENAR AMPLIACIÓN LICEO BICENTENARIO - DICIEMBRE 2015,https://www.contraloria.cl/pdfbuscador/auditoria/6afef7a2e0c9a3fef127f7f4be3ae699/html,03,VALLENAR,https://www.contraloria.cl/SicaProd/SICAv3-BIFAPortalCGR/faces/newDetalleInforme?docIdcm=6afef7a2e0c9a3fef127f7f4be3ae699,C,Informe de Inspección de Obra Pública,17016,https://www.contraloria.cl/SicaProd/SICAv3-BIFAPortalCGR/servletfichainformegoogle?docIdcm=6afef7a2e0c9a3fef127f7f4be3ae699&pdf=1
34470,03301,2016-10-21 00:00:00.0,MUNICIPALIDAD DE VALLENAR,2016,743,INFORME FINAL 743-16 MUNICIPALIDAD DE VALLENAR - AUDITORÍA AL GASTO EN PERIODO ELECTORAL - USO DE BIENES - VEHÍCULOS - RRHH - RECURSOS FÍSICOS Y FINANCIEROS - OCTUBRE 2016,https://www.contraloria.cl/pdfbuscador/auditoria/80f026d412342b5da3decd83568612be/html,03,VALLENAR,https://www.contraloria.cl/SicaProd/SICAv3-BIFAPortalCGR/faces/newDetalleInforme?docIdcm=80f026d412342b5da3decd83568612be,C,Informe Final de Auditoría,19235,https://www.contraloria.cl/SicaProd/SICAv3-BIFAPortalCGR/servletfichainformegoogle?docIdcm=80f026d412342b5da3decd83568612be&pdf=1
39425,03301,2016-12-15 00:00:00.0,MUNICIPALIDAD DE VALLENAR,2016,1031,INFORME INSPECCIÓN DE OBRA PÚBLICA 1.031-16 MUNICIPALIDAD DE VALLENAR CONSERVACIÓN DE CALLES Y VÍAS VALLENAR - DICIEMBRE 2016,https://www.contraloria.cl/pdfbuscador/auditoria/7dc58a21f525ff58ae2f11ee3664cddf/html,03,VALLENAR,https://www.contraloria.cl/SicaProd/SICAv3-BIFAPortalCGR/faces/newDetalleInforme?docIdcm=7dc58a21f525ff58ae2f11ee3664cddf,C,Informe de Inspección de Obra Pública,19923,https://www.contraloria.cl/SicaProd/SICAv3-BIFAPortalCGR/servletfichainformegoogle?docIdcm=7dc58a21f525ff58ae2f11ee3664cddf&pdf=1
39149,03301,2016-12-26 00:00:00.0,MUNICIPALIDAD DE VALLENAR,2016,1144,INFORME INVESTIGACION ESPECIAL 1144-16 MUNICIPALIDAD DE VALLENAR ADQUISICIÓN DE TERRENO PARA VIVIENDAS SOCIALES - DICIEMBRE 2016,https://www.contraloria.cl/pdfbuscador/auditoria/d2a5a11d9cb38a5adedc16dcaa0be63b/html,03,VALLENAR,https://www.contraloria.cl/SicaProd/SICAv3-BIFAPortalCGR/faces/newDetalleInforme?docIdcm=d2a5a11d9cb38a5adedc16dcaa0be63b,C,Informe de Investigación Especial,20008,https://www.contraloria.cl/SicaProd/SICAv3-BIFAPortalCGR/servletfichainformegoogle?docIdcm=d2a5a11d9cb38a5adedc16dcaa0be63b&pdf=1
41333,03301,2017-11-03 00:00:00.0,DEPARTAMENTO DE SALUD MUNICIPAL DE VALLENAR,2017,560,INFORME FINAL 560_17 DEPARTAMENTO DE SALUD DE LA MUNICIPALIDAD DE VALLENAR AUDITORÍA DE REMUNERACIONES - NOVIEMBRE 2017,https://www.contraloria.cl/pdfbuscador/auditoria/721c22e130035f3d73d0a87cdce01553/html,03,VALLENAR,https://www.contraloria.cl/SicaProd/SICAv3-BIFAPortalCGR/faces/newDetalleInforme?docIdcm=721c22e130035f3d73d0a87cdce01553,C,Informe Final de Auditoría,22112,https://www.contraloria.cl/SicaProd/SICAv3-BIFAPortalCGR/servletfichainformegoogle?docIdcm=721c22e130035f3d73d0a87cdce01553&pdf=1
41386,03301,2017-12-13 00:00:00.0,DEPARTAMENTO DE ADMINISTRACION DE EDUCACION MUNICIPAL DE VALLENAR,2017,1035,INFORME FINAL 1035-17 DEPARTAMENTO DE EDUCACIÓN MUNICIPALIDAD DE VALLENAR AUDITORÍA A LOS RECURSOS DE LA LEY N° 20.248 SEP - DICIEMBRE 2017,https://www.contraloria.cl/pdfbuscador/auditoria/0776f43dc8d78ab10706aba97626c775/html,03,VALLENAR,https://www.contraloria.cl/SicaProd/SICAv3-BIFAPortalCGR/faces/newDetalleInforme?docIdcm=0776f43dc8d78ab10706aba97626c775,C,Informe Final de Auditoría,22465,https://www.contraloria.cl/SicaProd/SICAv3-BIFAPortalCGR/servletfichainformegoogle?docIdcm=0776f43dc8d78ab10706aba97626c775&pdf=1
49189,03301,2018-05-30 00:00:00.0,DEPARTAMENTO DE ADMINISTRACION DE EDUCACION MUNICIPAL DE VALLENAR,2018,225,INFORME FINAL 225-18 DEPARTAMENTO DE ADMINISTRACIÓN DE EDUCACIÓN MUNICIPAL DE VALLENAR AUDITORÍA A LOS MOVIMIENTOS DE FONDOS CUENTA CORRIENTE SEP - MAYO 2018,https://www.contraloria.cl/pdfbuscador/auditoria/5a28546787e0e392f2fa3f19f188e4bb/html,03,VALLENAR,https://www.contraloria.cl/SicaProd/SICAv3-BIFAPortalCGR/faces/newDetalleInforme?docIdcm=5a28546787e0e392f2fa3f19f188e4bb,C,Informe Final de Auditoría,24076,https://www.contraloria.cl/SicaProd/SICAv3-BIFAPortalCGR/servletfichainformegoogle?docIdcm=5a28546787e0e392f2fa3f19f188e4bb&pdf=1
55679,03301,2019-07-10 00:00:00.0,MUNICIPALIDAD DE VALLENAR,2019,347,INFORME FINAL 347-19 MUNICIPALIDAD DE VALLENAR AUDITORÍA AL PROCESO DE RECUPERACIÓN DE REEMBOLSOS DE LICENCIAS MÉDICAS - JULIO 2019,https://www.contraloria.cl/pdfbuscador/auditoria/9c0ba2b6b19843d2db42e11db65071cd/html,03,VALLENAR,https://www.contraloria.cl/SicaProd/SICAv3-BIFAPortalCGR/faces/newDetalleInforme?docIdcm=9c0ba2b6b19843d2db42e11db65071cd,C,Informe Final de Auditoría,29409,https://www.contraloria.cl/SicaProd/SICAv3-BIFAPortalCGR/servletfichainformegoogle?docIdcm=9c0ba2b6b19843d2db42e11db65071cd&pdf=1