IDACTIVIDAD,CODIGOSUBDERE,FECHAINFORME,NOMBRESERVICIO,ANOINFORME,NUMEROINFORME,MATERIAINFORME,FICHAINFORMEBIFA,C_REG_SUBDERE,NOMBRESUBDERE,FICHAINFORME,TIPOSUBDERE,TIPOINFORME,IDINFORME,PDFINFORME
28068,05101,2015-08-17 00:00:00.0,MUNICIPALIDAD DE VALPARAISO,2015,452,INFORME FINAL 452-15 MUNICIPALIDAD DE VALPARAÍSO SOBRE AUDITORÍA A LOS DEUDORES PRESUPUESTARIOS CONTABILIZADOS EN CUENTAS POR COBRAR-RECUPERACIÓN DE PRÉSTAMOS-INGRESOS POR PERCIBIR - AGOSTO 2015,https://www.contraloria.cl/pdfbuscador/auditoria/c0628c44e67e928bdd83a0ed5fceee5a/html,05,VALPARAISO,https://www.contraloria.cl/SicaProd/SICAv3-BIFAPortalCGR/faces/newDetalleInforme?docIdcm=c0628c44e67e928bdd83a0ed5fceee5a,C,Informe Final de Auditoría,14547,https://www.contraloria.cl/SicaProd/SICAv3-BIFAPortalCGR/servletfichainformegoogle?docIdcm=c0628c44e67e928bdd83a0ed5fceee5a&pdf=1
29091,05101,2015-09-22 00:00:00.0,MUNICIPALIDAD DE VALPARAISO,2015,687,"INFORME FINAL 687-15 MUNICIPALIDAD DE VALPARAÍSO SOBRE AUDITORÍA A LOS INGRESOS POR CONCEPTO DE PATENTES COMERCIALES, DE ALCOHOLES Y A LOS GASTOS DEL ÁREA DE SERVICIOS A LA COMUNIDAD - SEPTIEMBRE 2015",https://www.contraloria.cl/pdfbuscador/auditoria/e336011d4fc703350e72dbb1eb8d83ac/html,05,VALPARAISO,https://www.contraloria.cl/SicaProd/SICAv3-BIFAPortalCGR/faces/newDetalleInforme?docIdcm=e336011d4fc703350e72dbb1eb8d83ac,C,Informe Final de Auditoría,14919,https://www.contraloria.cl/SicaProd/SICAv3-BIFAPortalCGR/servletfichainformegoogle?docIdcm=e336011d4fc703350e72dbb1eb8d83ac&pdf=1
31285,05101,2015-10-08 00:00:00.0,MUNICIPALIDAD DE VALPARAISO,2015,857,"INFORME INVESTIGACIÓN ESPECIAL 857-15 MUNICIPALIDAD DE VALPARAÍSO SOBRE EVENTUALES IRREGULARIDADES EN EL PROYECTO CONSTRUCCIÓN CENTRO COMUNITARIO N° 79, CORDILLERA BAJO - OCTUBRE 2015",https://www.contraloria.cl/pdfbuscador/auditoria/96e0b84c675c5da0bb2ccec6566b5a0c/html,05,VALPARAISO,https://www.contraloria.cl/SicaProd/SICAv3-BIFAPortalCGR/faces/newDetalleInforme?docIdcm=96e0b84c675c5da0bb2ccec6566b5a0c,C,Informe de Investigación Especial,15051,https://www.contraloria.cl/SicaProd/SICAv3-BIFAPortalCGR/servletfichainformegoogle?docIdcm=96e0b84c675c5da0bb2ccec6566b5a0c&pdf=1
33173,05101,2016-03-09 00:00:00.0,MUNICIPALIDAD DE VALPARAISO,2015,1307,INFORME INVESTIGACIÓN ESPECIAL 1.307-15 MUNICIPALIDAD DE VALPARAÍSO SOBRE OTORGAMIENTO DE PATENTES COMERCIALES - MARZO 2016,https://www.contraloria.cl/pdfbuscador/auditoria/753dedd20aafe9cb5304d1d9d1efbc19/html,05,VALPARAISO,https://www.contraloria.cl/SicaProd/SICAv3-BIFAPortalCGR/faces/newDetalleInforme?docIdcm=753dedd20aafe9cb5304d1d9d1efbc19,C,Informe de Investigación Especial,17476,https://www.contraloria.cl/SicaProd/SICAv3-BIFAPortalCGR/servletfichainformegoogle?docIdcm=753dedd20aafe9cb5304d1d9d1efbc19&pdf=1
34825,05101,2016-11-21 00:00:00.0,MUNICIPALIDAD DE VALPARAISO,2016,111,INFORME DE INVESTIGACION ESPECIAL 111-16 MUNICIPALIDAD DE VALPARAISO INCUMPLIMIENTOS SOBRE SITIO HISTORICO - NOVIEMBRE 2016 ,https://www.contraloria.cl/pdfbuscador/auditoria/bc5c13aff14c362e2ce511377f756d9a/html,05,VALPARAISO,https://www.contraloria.cl/SicaProd/SICAv3-BIFAPortalCGR/faces/newDetalleInforme?docIdcm=bc5c13aff14c362e2ce511377f756d9a,C,Informe de Investigación Especial,19604,https://www.contraloria.cl/SicaProd/SICAv3-BIFAPortalCGR/servletfichainformegoogle?docIdcm=bc5c13aff14c362e2ce511377f756d9a&pdf=1
34852,05101,2016-10-04 00:00:00.0,MUNICIPALIDAD DE VALPARAISO,2016,373,"INFORME FINAL 373-16 MUNICIPALIDAD DE VALPARAÍSO SOBRE AUDITORÍA Y EXAMEN DE CUENTAS AL SUBTÍTULO 24, ÍTEM 01, TRANSFERENCIAS CORRIENTES AL SECTOR PRIVADO - OCTUBRE 2016",https://www.contraloria.cl/pdfbuscador/auditoria/5fee008bf0551a4be8e071984ada7f22/html,05,VALPARAISO,https://www.contraloria.cl/SicaProd/SICAv3-BIFAPortalCGR/faces/newDetalleInforme?docIdcm=5fee008bf0551a4be8e071984ada7f22,C,Informe Final de Auditoría,19066,https://www.contraloria.cl/SicaProd/SICAv3-BIFAPortalCGR/servletfichainformegoogle?docIdcm=5fee008bf0551a4be8e071984ada7f22&pdf=1
34858,05101,2016-11-09 00:00:00.0,CORPORACION MUNICIPAL DE VALPARAISO,2016,427,INFORME FINAL 427-16 CORPORACIÓN MUNICIPAL DE VALPARAÍSO PARA EL DESARROLLO SOCIAL SOBRE GASTOS EFECTUADOS EN LA EJECUCIÓN DEL PROYECTO LICEO BICENTENARIO MARÍTIMO DE VALPARAÍSO - NOVIEMBRE 2016,https://www.contraloria.cl/pdfbuscador/auditoria/5020c0218d65a609cd9ca424f1c80656/html,05,VALPARAISO,https://www.contraloria.cl/SicaProd/SICAv3-BIFAPortalCGR/faces/newDetalleInforme?docIdcm=5020c0218d65a609cd9ca424f1c80656,C,Informe Final de Auditoría,19701,https://www.contraloria.cl/SicaProd/SICAv3-BIFAPortalCGR/servletfichainformegoogle?docIdcm=5020c0218d65a609cd9ca424f1c80656&pdf=1
41168,05101,2017-05-15 00:00:00.0,MUNICIPALIDAD DE VALPARAISO,2017,123,INFORME FINAL DE INVESTIGACIÓN ESPECIAL 123-17 MUNICIPALIDAD DE VALPARAÍSO SOBRE CAPACITACIONES A CONCEJALES - MAYO 2017,https://www.contraloria.cl/pdfbuscador/auditoria/c328e2f41daee22555ad7b6e41e064e4/html,05,VALPARAISO,https://www.contraloria.cl/SicaProd/SICAv3-BIFAPortalCGR/faces/newDetalleInforme?docIdcm=c328e2f41daee22555ad7b6e41e064e4,C,Informe de Investigación Especial,21000,https://www.contraloria.cl/SicaProd/SICAv3-BIFAPortalCGR/servletfichainformegoogle?docIdcm=c328e2f41daee22555ad7b6e41e064e4&pdf=1
39662,05101,2018-05-10 00:00:00.0,MUNICIPALIDAD DE VALPARAISO,2017,211,INFORME FINAL DE INVESTIGACIÓN ESPECIAL 211-17 MUNICIPALIDAD DE VALPARAÍSO SOBRE PRESUNTAS IRREGULARIDADES EN LA ELABORACIÓN E IMPLEMENTACIÓN DEL PLAN DE GESTIÓN PATRIMONIAL - MAYO 2018,https://www.contraloria.cl/pdfbuscador/auditoria/3a5fdf721194b9de0646fd32a4f36988/html,05,VALPARAISO,https://www.contraloria.cl/SicaProd/SICAv3-BIFAPortalCGR/faces/newDetalleInforme?docIdcm=3a5fdf721194b9de0646fd32a4f36988,C,Informe de Investigación Especial,23992,https://www.contraloria.cl/SicaProd/SICAv3-BIFAPortalCGR/servletfichainformegoogle?docIdcm=3a5fdf721194b9de0646fd32a4f36988&pdf=1
41782,05101,2017-07-27 00:00:00.0,MUNICIPALIDAD DE VALPARAISO,2017,388,INFORME FINAL 388-17 MUNICIPALIDAD DE VALPARAÍSO SOBRE AUDITORÍA EFECTUADA A LOS INGRESOS PERCIBIDOS Y GASTOS EJECUTADOS - JULIO 2017,https://www.contraloria.cl/pdfbuscador/auditoria/4fcff4b91fdd129e7fe3271f7fc98f28/html,05,VALPARAISO,https://www.contraloria.cl/SicaProd/SICAv3-BIFAPortalCGR/faces/newDetalleInforme?docIdcm=4fcff4b91fdd129e7fe3271f7fc98f28,C,Informe Final de Auditoría,21462,https://www.contraloria.cl/SicaProd/SICAv3-BIFAPortalCGR/servletfichainformegoogle?docIdcm=4fcff4b91fdd129e7fe3271f7fc98f28&pdf=1
41583,05101,2017-12-20 00:00:00.0,MUNICIPALIDAD DE VALPARAISO,2017,856,INFORME FINAL 856-17 MUNICIPALIDAD DE VALPARAÍSO SOBRE AUDITORÍA AL MACROPROCESO DE CONCESIÓN DEL SERVICIO DE ASEO - DICIEMBRE 2017,https://www.contraloria.cl/pdfbuscador/auditoria/65a65e1000595657f2898de4a3c75a92/html,05,VALPARAISO,https://www.contraloria.cl/SicaProd/SICAv3-BIFAPortalCGR/faces/newDetalleInforme?docIdcm=65a65e1000595657f2898de4a3c75a92,C,Informe Final de Auditoría,22486,https://www.contraloria.cl/SicaProd/SICAv3-BIFAPortalCGR/servletfichainformegoogle?docIdcm=65a65e1000595657f2898de4a3c75a92&pdf=1
41639,05101,2017-12-18 00:00:00.0,CORPORACION MUNICIPAL DE VALPARAISO,2017,1047,"INFORME FINAL 1.047-17 CORPORACIÓN MUNICIPAL DE VALPARAÍSO PARA EL DESARROLLO SOCIAL SOBRE AUDITORÍA A LOS RECURSOS DE LA LEY N° 20.248, DE SUBVENCIÓN ESCOLAR PREFERENCIAL - DICIEMBRE 2017",https://www.contraloria.cl/pdfbuscador/auditoria/d09164b9accbf80776d89967ac29ae64/html,05,VALPARAISO,https://www.contraloria.cl/SicaProd/SICAv3-BIFAPortalCGR/faces/newDetalleInforme?docIdcm=d09164b9accbf80776d89967ac29ae64,C,Informe Final de Auditoría,22455,https://www.contraloria.cl/SicaProd/SICAv3-BIFAPortalCGR/servletfichainformegoogle?docIdcm=d09164b9accbf80776d89967ac29ae64&pdf=1
52588,05101,2018-12-27 00:00:00.0,MUNICIPALIDAD DE VALPARAISO,2018,1047,INFORME FINAL 1.047-18 MUNICIPALIDAD DE VALPARAÍSO SOBRE AUDITORÍA A LOS PERMISOS DE EDIFICACIÓN - DICIEMBRE 2018,https://www.contraloria.cl/pdfbuscador/auditoria/a33c60caa1bcade4f602d0422b82d211/html,05,VALPARAISO,https://www.contraloria.cl/SicaProd/SICAv3-BIFAPortalCGR/faces/newDetalleInforme?docIdcm=a33c60caa1bcade4f602d0422b82d211,C,Informe Final de Auditoría,27218,https://www.contraloria.cl/SicaProd/SICAv3-BIFAPortalCGR/servletfichainformegoogle?docIdcm=a33c60caa1bcade4f602d0422b82d211&pdf=1
52005,05101,2019-05-15 00:00:00.0,MUNICIPALIDAD DE VALPARAISO,2019,16,INFORME FINAL DE INVESTIGACIÓN ESPECIAL 16-19 MUNICIPALIDAD DE VALPARAÍSO SOBRE EVENTUALES IRREGULARIDADES EN LOS CONTRATOS DE CONCESIÓN DE ESTACIONAMIENTOS - MAYO 2019 ,https://www.contraloria.cl/pdfbuscador/auditoria/b70eef83f94d9156ddd1ebd378b3be3b/html,05,VALPARAISO,https://www.contraloria.cl/SicaProd/SICAv3-BIFAPortalCGR/faces/newDetalleInforme?docIdcm=b70eef83f94d9156ddd1ebd378b3be3b,C,Informe de Investigación Especial,29068,https://www.contraloria.cl/SicaProd/SICAv3-BIFAPortalCGR/servletfichainformegoogle?docIdcm=b70eef83f94d9156ddd1ebd378b3be3b&pdf=1
53849,05101,2019-04-12 00:00:00.0,MUNICIPALIDAD DE VALPARAISO,2019,114,INFORME FINAL DE INVESTIGACIÓN ESPECIAL 114-19 MUNICIPALIDAD DE VALPARAÍSO SOBRE PRESUNTAS IRREGULARIDADES EN EL PROCESO LICITATORIO REPOSICIÓN CAMIONES ALJIBES - ABRIL 2019,https://www.contraloria.cl/pdfbuscador/auditoria/3df509c2ab9b7f2beadb270c01114277/html,05,VALPARAISO,https://www.contraloria.cl/SicaProd/SICAv3-BIFAPortalCGR/faces/newDetalleInforme?docIdcm=3df509c2ab9b7f2beadb270c01114277,C,Informe de Investigación Especial,28806,https://www.contraloria.cl/SicaProd/SICAv3-BIFAPortalCGR/servletfichainformegoogle?docIdcm=3df509c2ab9b7f2beadb270c01114277&pdf=1
55751,05101,2019-08-20 00:00:00.0,MUNICIPALIDAD DE VALPARAISO,2019,158,INFORME FINAL 158-19 MUNICIPALIDAD DE VALPARAÍSO SOBRE AUDITORÍA A LOS INGRESOS PERCIBIDOS POR CONCEPTO DE PATENTES DE ALCOHOLES - AGOSTO 2019,https://www.contraloria.cl/pdfbuscador/auditoria/770a5a981e5d42d6af07d2fd9e7a925a/html,05,VALPARAISO,https://www.contraloria.cl/SicaProd/SICAv3-BIFAPortalCGR/faces/newDetalleInforme?docIdcm=770a5a981e5d42d6af07d2fd9e7a925a,C,Informe Final de Auditoría,29643,https://www.contraloria.cl/SicaProd/SICAv3-BIFAPortalCGR/servletfichainformegoogle?docIdcm=770a5a981e5d42d6af07d2fd9e7a925a&pdf=1
56572,05101,2019-06-28 00:00:00.0,CORPORACION MUNICIPAL DE VALPARAISO,2019,379,"INFORME FINAL 379-19 CORPORACIÓN MUNICIPAL DE VALPARAÍSO SOBRE AUDITORÍA A LOS INGRESOS Y GASTOS ASOCIADOS A LOS CEMENTERIOS MUNICIPALES 1, 2 Y 3 - JUNIO 2019",https://www.contraloria.cl/pdfbuscador/auditoria/487248f6c7547dd34b25958c239bd594/html,05,VALPARAISO,https://www.contraloria.cl/SicaProd/SICAv3-BIFAPortalCGR/faces/newDetalleInforme?docIdcm=487248f6c7547dd34b25958c239bd594,C,Informe Final de Auditoría,29292,https://www.contraloria.cl/SicaProd/SICAv3-BIFAPortalCGR/servletfichainformegoogle?docIdcm=487248f6c7547dd34b25958c239bd594&pdf=1
56764,05101,2019-07-31 00:00:00.0,MUNICIPALIDAD DE VALPARAISO,2019,404,INFORME FINAL 404-19 MUNICIPALIDAD DE VALPARAÍSO SOBRE AUDITORÍA A LOS CONTROLES DE CONCESIÓN DE ESTACIONAMIENTOS - JULIO 2019,https://www.contraloria.cl/pdfbuscador/auditoria/449c513f2cda90bee4dabefa24409b43/html,05,VALPARAISO,https://www.contraloria.cl/SicaProd/SICAv3-BIFAPortalCGR/faces/newDetalleInforme?docIdcm=449c513f2cda90bee4dabefa24409b43,C,Informe Final de Auditoría,29545,https://www.contraloria.cl/SicaProd/SICAv3-BIFAPortalCGR/servletfichainformegoogle?docIdcm=449c513f2cda90bee4dabefa24409b43&pdf=1
58289,05101,2019-11-25 00:00:00.0,MUNICIPALIDAD DE VALPARAISO,2019,667,INFORME FINAL 667-19 MUNICIPALIDAD DE VALPARAÍSO SOBRE AUDTORÍA A LAS AUTORIZACIONES OTORGADAS EN EL SECTOR DE LAGUNA VERDE POR PARTE DE LA DIRECCIÓN DE OBRAS - NOVIEMBRE 2019GUNA VERDE POR PAR,https://www.contraloria.cl/pdfbuscador/auditoria/c087d2da190aa86906dd1076f11a3df4/html,05,VALPARAISO,https://www.contraloria.cl/SicaProd/SICAv3-BIFAPortalCGR/faces/newDetalleInforme?docIdcm=c087d2da190aa86906dd1076f11a3df4,C,Informe Final de Auditoría,30387,https://www.contraloria.cl/SicaProd/SICAv3-BIFAPortalCGR/servletfichainformegoogle?docIdcm=c087d2da190aa86906dd1076f11a3df4&pdf=1
71413,05101,2020-03-25 00:00:00.0,MUNICIPALIDAD DE VALPARAISO,2019,1124,INFORME FINAL INSPECCIÓN DE OBRA PÚBLICA 1.124-19 MUNICIPALIDAD DE VALPARAÍSO SOBRE NORMALIZACIÓN ESCUELA RAMÓN BARROS LUCO DE VALPARAÍSO - MARZO 2020,https://www.contraloria.cl/pdfbuscador/auditoria/1c9007880baadc53b01d71be21461ba2/html,05,VALPARAISO,https://www.contraloria.cl/SicaProd/SICAv3-BIFAPortalCGR/faces/newDetalleInforme?docIdcm=1c9007880baadc53b01d71be21461ba2,C,Informe de Inspección de Obra Pública,32237,https://www.contraloria.cl/SicaProd/SICAv3-BIFAPortalCGR/servletfichainformegoogle?docIdcm=1c9007880baadc53b01d71be21461ba2&pdf=1
58548,05101,2020-08-07 00:00:00.0,MUNICIPALIDAD DE VALPARAISO,2020,40,INFORME FINAL DE INVESTIGACIÓN ESPECIAL 40-20 MUNICIPALIDAD DE VALPARAÍSO SOBRE EVENTUALES IRREGULARIDADES EN EL OTORGAMIENTO DE PERMISOS PRECARIOS - AGOSTO 2020,https://www.contraloria.cl/pdfbuscador/auditoria/2d96d60534acbdd3fbcf5050c23306e8/html,05,VALPARAISO,https://www.contraloria.cl/SicaProd/SICAv3-BIFAPortalCGR/faces/newDetalleInforme?docIdcm=2d96d60534acbdd3fbcf5050c23306e8,C,Informe de Investigación Especial,33294,https://www.contraloria.cl/SicaProd/SICAv3-BIFAPortalCGR/servletfichainformegoogle?docIdcm=2d96d60534acbdd3fbcf5050c23306e8&pdf=1
73087,05101,2020-10-02 00:00:00.0,CORPORACION MUNICIPAL DE VALPARAISO,2020,273,INFORME FINAL 273-20 CORPORACIÓN MUNICIPAL DE VALPARAÍSO PARA EL DESARROLLO SOCIAL SOBRE AUDITORÍA A DIVERSOS GASTOS - OCTUBRE 2020,https://www.contraloria.cl/pdfbuscador/auditoria/29aa8c769b9463e16840e898107b6626/html,05,VALPARAISO,https://www.contraloria.cl/SicaProd/SICAv3-BIFAPortalCGR/faces/newDetalleInforme?docIdcm=29aa8c769b9463e16840e898107b6626,C,Informe Final de Auditoría,33748,https://www.contraloria.cl/SicaProd/SICAv3-BIFAPortalCGR/servletfichainformegoogle?docIdcm=29aa8c769b9463e16840e898107b6626&pdf=1