IDACTIVIDAD,CODIGOSUBDERE,FECHAINFORME,NOMBRESERVICIO,ANOINFORME,NUMEROINFORME,MATERIAINFORME,FICHAINFORMEBIFA,C_REG_SUBDERE,NOMBRESUBDERE,FICHAINFORME,TIPOSUBDERE,TIPOINFORME,IDINFORME,PDFINFORME
28145,07309,2015-12-21 00:00:00.0,MUNICIPALIDAD DE VICHUQUEN,2015,443,INFORME FINAL 443-15 MUNICIPALIDAD DE VICHUQUEN PERMISOS DE CIRCULACION - DICIEMBRE 2015,https://www.contraloria.cl/pdfbuscador/auditoria/04211851ebfc115f8769859693576c9e/html,07,VICHUQUEN,https://www.contraloria.cl/SicaProd/SICAv3-BIFAPortalCGR/faces/newDetalleInforme?docIdcm=04211851ebfc115f8769859693576c9e,C,Informe Final de Auditoría,16685,https://www.contraloria.cl/SicaProd/SICAv3-BIFAPortalCGR/servletfichainformegoogle?docIdcm=04211851ebfc115f8769859693576c9e&pdf=1
32061,07309,2015-12-15 00:00:00.0,MUNICIPALIDAD DE VICHUQUEN,2015,899,INFORME INSPECCION DE OBRA PUBLICA 899-15 MUNICIPALIDAD DE VICHUQUEN MEJORAMIENTO ESTADIO VICHUQUEN - DICIEMBRE 2015,https://www.contraloria.cl/pdfbuscador/auditoria/877791b24d9cd3c1497e8a97ea7d1371/html,07,VICHUQUEN,https://www.contraloria.cl/SicaProd/SICAv3-BIFAPortalCGR/faces/newDetalleInforme?docIdcm=877791b24d9cd3c1497e8a97ea7d1371,C,Informe de Inspección de Obra Pública,16601,https://www.contraloria.cl/SicaProd/SICAv3-BIFAPortalCGR/servletfichainformegoogle?docIdcm=877791b24d9cd3c1497e8a97ea7d1371&pdf=1
34418,07309,2016-09-30 00:00:00.0,MUNICIPALIDAD DE VICHUQUEN,2016,718,INFORME FINAL 718-16 MUNICIPALIDAD DE VICHUQUEN - AUDITORIA AL GASTO EN PERIODO ELECTORAL - USO DE BIENES - VEHÍCULOS - RRHH - RECURSOS FÍSICOS Y FINANCIEROS - SEPTIEMBRE 2016 ,https://www.contraloria.cl/pdfbuscador/auditoria/fdc0285ea3c61e329206182abc41d6bf/html,07,VICHUQUEN,https://www.contraloria.cl/SicaProd/SICAv3-BIFAPortalCGR/faces/newDetalleInforme?docIdcm=fdc0285ea3c61e329206182abc41d6bf,C,Informe Final de Auditoría,19009,https://www.contraloria.cl/SicaProd/SICAv3-BIFAPortalCGR/servletfichainformegoogle?docIdcm=fdc0285ea3c61e329206182abc41d6bf&pdf=1
34542,07309,2016-11-30 00:00:00.0,MUNICIPALIDAD DE VICHUQUEN,2016,767,INFORME FINAL 767-16 MUNICIPALIDAD DE VICHUQUÉN SOBRE INGRESOS PROPIOS POR DERECHOS DE PERMISOS DE EDIFICACIÓN Y URBANIZACIÓN Y CUMPLIMIENTO LEY 20.730-NOVIEMBRE-2016 ,https://www.contraloria.cl/pdfbuscador/auditoria/f4ef0d079d09df64ad8165d5dd18ec61/html,07,VICHUQUEN,https://www.contraloria.cl/SicaProd/SICAv3-BIFAPortalCGR/faces/newDetalleInforme?docIdcm=f4ef0d079d09df64ad8165d5dd18ec61,C,Informe Final de Auditoría,19698,https://www.contraloria.cl/SicaProd/SICAv3-BIFAPortalCGR/servletfichainformegoogle?docIdcm=f4ef0d079d09df64ad8165d5dd18ec61&pdf=1
38305,07309,2016-12-14 00:00:00.0,MUNICIPALIDAD DE VICHUQUEN,2016,1117,INFORME DE INVESTIGACION ESPECIAL 1117-16 MUNICIPALIDAD DE VICHUQUEN SOBRE ASESORÍAS Y COMODATO A PARROQUIA-DICIEMBRE 2016,https://www.contraloria.cl/pdfbuscador/auditoria/21bfe5f3220e8111e7defab39993e21b/html,07,VICHUQUEN,https://www.contraloria.cl/SicaProd/SICAv3-BIFAPortalCGR/faces/newDetalleInforme?docIdcm=21bfe5f3220e8111e7defab39993e21b,C,Informe de Investigación Especial,19845,https://www.contraloria.cl/SicaProd/SICAv3-BIFAPortalCGR/servletfichainformegoogle?docIdcm=21bfe5f3220e8111e7defab39993e21b&pdf=1
43224,07309,2017-05-19 00:00:00.0,MUNICIPALIDAD DE VICHUQUEN,2017,285,INFORME DE INVESTIGACION ESPECIAL 285-17 MUNICIPALIDAD DE VICHUQUÉN SOBRE EMISIÓN PATENTE MUNICIPAL A CONCEJAL - MAYO 2017,https://www.contraloria.cl/pdfbuscador/auditoria/653eaeb27007f2476bc996711702a427/html,07,VICHUQUEN,https://www.contraloria.cl/SicaProd/SICAv3-BIFAPortalCGR/faces/newDetalleInforme?docIdcm=653eaeb27007f2476bc996711702a427,C,Informe de Investigación Especial,21021,https://www.contraloria.cl/SicaProd/SICAv3-BIFAPortalCGR/servletfichainformegoogle?docIdcm=653eaeb27007f2476bc996711702a427&pdf=1
43999,07309,2017-08-14 00:00:00.0,MUNICIPALIDAD DE VICHUQUEN,2017,525,INFORME FINAL DE INVESTIGACION ESPECIAL 525-17 MUNICIPALIDAD DE VICHUQUEN IRREGULARIDADES EN ADQUISICIÓN A TRATO DIRECTO  - AGOSTO 2017,https://www.contraloria.cl/pdfbuscador/auditoria/9a1b07bbbace2e2513ee314dc1ec8850/html,07,VICHUQUEN,https://www.contraloria.cl/SicaProd/SICAv3-BIFAPortalCGR/faces/newDetalleInforme?docIdcm=9a1b07bbbace2e2513ee314dc1ec8850,C,Informe de Investigación Especial,21561,https://www.contraloria.cl/SicaProd/SICAv3-BIFAPortalCGR/servletfichainformegoogle?docIdcm=9a1b07bbbace2e2513ee314dc1ec8850&pdf=1
55302,07309,2019-06-18 00:00:00.0,MUNICIPALIDAD DE VICHUQUEN,2019,237,INFORME FINAL 237-19 MUNICIPALIDAD DE VICHUQUEN AUDITORIA AL PROGRAMA DE MEJORAMIENTO DE LA GESTION -PMG- JUNIO 2019,https://www.contraloria.cl/pdfbuscador/auditoria/33be56e4ded68e503bc7e182b1e4d46e/html,07,VICHUQUEN,https://www.contraloria.cl/SicaProd/SICAv3-BIFAPortalCGR/faces/newDetalleInforme?docIdcm=33be56e4ded68e503bc7e182b1e4d46e,C,Informe Final de Auditoría,29126,https://www.contraloria.cl/SicaProd/SICAv3-BIFAPortalCGR/servletfichainformegoogle?docIdcm=33be56e4ded68e503bc7e182b1e4d46e&pdf=1