IDACTIVIDAD,CODIGOSUBDERE,FECHAINFORME,NOMBRESERVICIO,ANOINFORME,NUMEROINFORME,MATERIAINFORME,FICHAINFORMEBIFA,C_REG_SUBDERE,NOMBRESUBDERE,FICHAINFORME,TIPOSUBDERE,TIPOINFORME,IDINFORME,PDFINFORME
27616,09211,2015-05-29 00:00:00.0,MUNICIPALIDAD DE VICTORIA,2015,209,"INFORME INVESTIGACIÓN ESPECIAL 209-15 MUNICIPALIDAD DE VICTORIA, SOBRE EVENTUALES IRREGULARIDADES DIRECTOR DE CESFAM-MAYO 2015",https://www.contraloria.cl/pdfbuscador/auditoria/6c342454501fa29829e6b97ac591cafc/html,09,VICTORIA,https://www.contraloria.cl/SicaProd/SICAv3-BIFAPortalCGR/faces/newDetalleInforme?docIdcm=6c342454501fa29829e6b97ac591cafc,C,Informe de Investigación Especial,13944,https://www.contraloria.cl/SicaProd/SICAv3-BIFAPortalCGR/servletfichainformegoogle?docIdcm=6c342454501fa29829e6b97ac591cafc&pdf=1
29873,09211,2015-07-21 00:00:00.0,DEPARTAMENTO DE SALUD MUNICIPAL DE VICTORIA,2015,564,"INFORME INVESTIGACIÓN ESPECIAL 564-15 DEPARTAMENTO DE SALUD DE VICTORIA, SOBRE PRESUNTAS IRREGULARIDADES EN USO DE MEDICAMENTOS-JULIO 2015",https://www.contraloria.cl/pdfbuscador/auditoria/fa14ae20a9df14be6b203bf83281e38c/html,09,VICTORIA,https://www.contraloria.cl/SicaProd/SICAv3-BIFAPortalCGR/faces/newDetalleInforme?docIdcm=fa14ae20a9df14be6b203bf83281e38c,C,Informe de Investigación Especial,14389,https://www.contraloria.cl/SicaProd/SICAv3-BIFAPortalCGR/servletfichainformegoogle?docIdcm=fa14ae20a9df14be6b203bf83281e38c&pdf=1
30740,09211,2015-09-01 00:00:00.0,DEPARTAMENTO DE EDUCACION MUNICIPAL DE VICTORIA,2015,720,"INFORME INVESTIGACIÓN ESPECIAL 720-15 DEPARTAMENTO DE EDUCACIÓN DE VICTORIA, SOBRE PAGO DE COTIZACIONES-SEPTIEMBRE 2015",https://www.contraloria.cl/pdfbuscador/auditoria/6880cdd1a8c639ec535fa0034478863d/html,09,VICTORIA,https://www.contraloria.cl/SicaProd/SICAv3-BIFAPortalCGR/faces/newDetalleInforme?docIdcm=6880cdd1a8c639ec535fa0034478863d,C,Informe de Investigación Especial,14771,https://www.contraloria.cl/SicaProd/SICAv3-BIFAPortalCGR/servletfichainformegoogle?docIdcm=6880cdd1a8c639ec535fa0034478863d&pdf=1
33816,09211,2016-06-06 00:00:00.0,DEPARTAMENTO DE EDUCACION MUNICIPAL DE VICTORIA,2016,29,"INFORME DE INVESTIGACIÓN ESPECIAL 29-2016 DEPARTAMENTO DE EDUCACIÓN MUNICIPAL DE VICTORIA, SOBRE PAGO DE COTIZACIONES PREVISIONALES-JUNIO 2016",https://www.contraloria.cl/pdfbuscador/auditoria/c89a853703e6d8901db93f4a08984b2f/html,09,VICTORIA,https://www.contraloria.cl/SicaProd/SICAv3-BIFAPortalCGR/faces/newDetalleInforme?docIdcm=c89a853703e6d8901db93f4a08984b2f,C,Informe de Investigación Especial,18254,https://www.contraloria.cl/SicaProd/SICAv3-BIFAPortalCGR/servletfichainformegoogle?docIdcm=c89a853703e6d8901db93f4a08984b2f&pdf=1
36733,09211,2016-08-16 00:00:00.0,DEPARTAMENTO DE SALUD MUNICIPAL DE VICTORIA,2016,348,"INFORME DE INVESTIGACIÓN ESPECIAL 348-2016 DEPARTAMENTO DE SALUD MUNICIPAL DE VICTORIA, SOBRE VIATICOS Y BONIFICACIONES-AGOSTO 2016 ",https://www.contraloria.cl/pdfbuscador/auditoria/fa7815a95ebcd50cee994db203a04b99/html,09,VICTORIA,https://www.contraloria.cl/SicaProd/SICAv3-BIFAPortalCGR/faces/newDetalleInforme?docIdcm=fa7815a95ebcd50cee994db203a04b99,C,Informe de Investigación Especial,18683,https://www.contraloria.cl/SicaProd/SICAv3-BIFAPortalCGR/servletfichainformegoogle?docIdcm=fa7815a95ebcd50cee994db203a04b99&pdf=1
36425,09211,2016-07-04 00:00:00.0,DEPARTAMENTO DE SALUD MUNICIPAL DE VICTORIA,2016,407,"INFORME DE INVESTIGACIÓN ESPECIAL 407-2016 DEPARTAMENTO DE SALUD MUNICIPAL DE VICTORIA, SOBRE CONCURSO PÚBLICO AL CARGO DE JEFE SOME - JULIO 2016",https://www.contraloria.cl/pdfbuscador/auditoria/46a3b4ad409c08c321b576ece64e1b99/html,09,VICTORIA,https://www.contraloria.cl/SicaProd/SICAv3-BIFAPortalCGR/faces/newDetalleInforme?docIdcm=46a3b4ad409c08c321b576ece64e1b99,C,Informe de Investigación Especial,18371,https://www.contraloria.cl/SicaProd/SICAv3-BIFAPortalCGR/servletfichainformegoogle?docIdcm=46a3b4ad409c08c321b576ece64e1b99&pdf=1
37268,09211,2016-06-30 00:00:00.0,DEPARTAMENTO DE SALUD MUNICIPAL DE VICTORIA,2016,413,"INFORME DE INVESTIGACIÓN ESPECIAL 413-2016 DEPARTAMENTO DE SALUD MUNICIPAL DE VICTORIA, SOBRE LICITACIÓN DE SERVICIOS PLAN ESTRATÉGICO-JUNIO 2016",https://www.contraloria.cl/pdfbuscador/auditoria/e4b4568955b4314648f31481398ab009/html,09,VICTORIA,https://www.contraloria.cl/SicaProd/SICAv3-BIFAPortalCGR/faces/newDetalleInforme?docIdcm=e4b4568955b4314648f31481398ab009,C,Informe de Investigación Especial,18377,https://www.contraloria.cl/SicaProd/SICAv3-BIFAPortalCGR/servletfichainformegoogle?docIdcm=e4b4568955b4314648f31481398ab009&pdf=1
34955,09211,2016-12-22 00:00:00.0,DEPARTAMENTO DE EDUCACION MUNICIPAL DE VICTORIA,2016,1098,"INFORME FINAL 1098-2016 DTO DE EDUCACIÓN MUNICIPAL DE VICTORIA, SOBRE LEY SEP-DICIEMBRE 2016",https://www.contraloria.cl/pdfbuscador/auditoria/7fd35024a1b569ddfac5c34403bc0918/html,09,VICTORIA,https://www.contraloria.cl/SicaProd/SICAv3-BIFAPortalCGR/faces/newDetalleInforme?docIdcm=7fd35024a1b569ddfac5c34403bc0918,C,Informe Final de Auditoría,20007,https://www.contraloria.cl/SicaProd/SICAv3-BIFAPortalCGR/servletfichainformegoogle?docIdcm=7fd35024a1b569ddfac5c34403bc0918&pdf=1
43792,09211,2017-07-10 00:00:00.0,DEPARTAMENTO DE SALUD MUNICIPAL DE VICTORIA,2017,416,INFORME DE INVESTIGACIÓN ESPECIAL 416-17 MUNICIPALIDAD DE VICTORIA SOBRE OTORGAMIENTO DE ASIGNACIÓN DE RESPONSABILIDADES - JULIO 2017,https://www.contraloria.cl/pdfbuscador/auditoria/f1aa1fe4babc7be0e4437591b9699ef6/html,09,VICTORIA,https://www.contraloria.cl/SicaProd/SICAv3-BIFAPortalCGR/faces/newDetalleInforme?docIdcm=f1aa1fe4babc7be0e4437591b9699ef6,C,Informe de Investigación Especial,21342,https://www.contraloria.cl/SicaProd/SICAv3-BIFAPortalCGR/servletfichainformegoogle?docIdcm=f1aa1fe4babc7be0e4437591b9699ef6&pdf=1
43115,09211,2017-08-28 00:00:00.0,MUNICIPALIDAD DE VICTORIA,2017,428,"INFORME FINAL 428-2017 MUNICIPALIDAD DE VICTORIA, SOBRE AUDITORÍA ACTIVO FIJO- AGOSTO 2017",https://www.contraloria.cl/pdfbuscador/auditoria/6248c2aab2df834281c85c535dcdb4e5/html,09,VICTORIA,https://www.contraloria.cl/SicaProd/SICAv3-BIFAPortalCGR/faces/newDetalleInforme?docIdcm=6248c2aab2df834281c85c535dcdb4e5,C,Informe Final de Auditoría,21630,https://www.contraloria.cl/SicaProd/SICAv3-BIFAPortalCGR/servletfichainformegoogle?docIdcm=6248c2aab2df834281c85c535dcdb4e5&pdf=1
48233,09211,2018-06-05 00:00:00.0,MUNICIPALIDAD DE VICTORIA,2017,1170,"INFORME DE INVESTIGACIÓN ESPECIAL 1.170-2017 MUNICIPALIDAD DE VICTORIA, SOBRE CONTRATACIÓN VÍA TRATO DIRECTO- JUNIO 2018",https://www.contraloria.cl/pdfbuscador/auditoria/52a2785364d1e679c820a01a9fe729c8/html,09,VICTORIA,https://www.contraloria.cl/SicaProd/SICAv3-BIFAPortalCGR/faces/newDetalleInforme?docIdcm=52a2785364d1e679c820a01a9fe729c8,C,Informe de Investigación Especial,24131,https://www.contraloria.cl/SicaProd/SICAv3-BIFAPortalCGR/servletfichainformegoogle?docIdcm=52a2785364d1e679c820a01a9fe729c8&pdf=1
49992,09211,2018-05-17 00:00:00.0,MUNICIPALIDAD DE VICTORIA,2018,156,"INFORME DE INVESTIGACIÓN ESPECIAL 156-2018 MUNICIPALIDAD DE VICTORIA, SOBRE PAGO RETROACTIVO- MAYO 2018",https://www.contraloria.cl/pdfbuscador/auditoria/d6e32d04785f207f4cd463680367117f/html,09,VICTORIA,https://www.contraloria.cl/SicaProd/SICAv3-BIFAPortalCGR/faces/newDetalleInforme?docIdcm=d6e32d04785f207f4cd463680367117f,C,Informe de Investigación Especial,24003,https://www.contraloria.cl/SicaProd/SICAv3-BIFAPortalCGR/servletfichainformegoogle?docIdcm=d6e32d04785f207f4cd463680367117f&pdf=1
50069,09211,2018-09-21 00:00:00.0,MUNICIPALIDAD DE VICTORIA,2018,160,"INFORME DE INVESTIGACIÓN ESPECIAL 160-18 MUNICIPALIDAD DE VICTORIA, SOBRE PAGO HORAS EXTRAORDINARIAS- SEPTIEMBRE 2018",https://www.contraloria.cl/pdfbuscador/auditoria/8d2a2336b968f0eeb4aef33f5bda4b21/html,09,VICTORIA,https://www.contraloria.cl/SicaProd/SICAv3-BIFAPortalCGR/faces/newDetalleInforme?docIdcm=8d2a2336b968f0eeb4aef33f5bda4b21,C,Informe de Investigación Especial,26026,https://www.contraloria.cl/SicaProd/SICAv3-BIFAPortalCGR/servletfichainformegoogle?docIdcm=8d2a2336b968f0eeb4aef33f5bda4b21&pdf=1
53283,09211,2019-01-23 00:00:00.0,DEPARTAMENTO DE EDUCACION MUNICIPAL DE VICTORIA,2018,1039,"INFORME DE INVESTIGACIÓN ESPECIAL 1039-2018 DEM DE VICTORIA, SOBRE SISTEMAS DE CALEFACCIÓN-ENERO DE 2019",https://www.contraloria.cl/pdfbuscador/auditoria/e4cb8718c70672aef6c27fa337e0ae34/html,09,VICTORIA,https://www.contraloria.cl/SicaProd/SICAv3-BIFAPortalCGR/faces/newDetalleInforme?docIdcm=e4cb8718c70672aef6c27fa337e0ae34,C,Informe de Investigación Especial,27866,https://www.contraloria.cl/SicaProd/SICAv3-BIFAPortalCGR/servletfichainformegoogle?docIdcm=e4cb8718c70672aef6c27fa337e0ae34&pdf=1
59088,09211,2019-09-30 00:00:00.0,MUNICIPALIDAD DE VICTORIA,2019,651,"INFORME FINAL DE INVESTIGACIÓN ESPECIAL N° 561 DE 2019, MUNICIPALIDAD DE VICTORIA, SOBRE HOGAR DE ANCIANOS-OCTUBRE 2019",https://www.contraloria.cl/pdfbuscador/auditoria/c8063a4ee4fdee8072070b2185f8493d/html,09,VICTORIA,https://www.contraloria.cl/SicaProd/SICAv3-BIFAPortalCGR/faces/newDetalleInforme?docIdcm=c8063a4ee4fdee8072070b2185f8493d,C,Informe de Investigación Especial,30006,https://www.contraloria.cl/SicaProd/SICAv3-BIFAPortalCGR/servletfichainformegoogle?docIdcm=c8063a4ee4fdee8072070b2185f8493d&pdf=1
72136,09211,2020-06-30 00:00:00.0,DEPARTAMENTO DE EDUCACION MUNICIPAL DE VICTORIA,2020,154,"INFORME DE INVESTIGACIÓN ESPECIAL 154-20 DAEM VICTORIA, SOBRE JORNADA LABORAL- JUNIO 2020",https://www.contraloria.cl/pdfbuscador/auditoria/ef930bb271280f6190b3c5949d7c63ce/html,09,VICTORIA,https://www.contraloria.cl/SicaProd/SICAv3-BIFAPortalCGR/faces/newDetalleInforme?docIdcm=ef930bb271280f6190b3c5949d7c63ce,C,Informe de Investigación Especial,33033,https://www.contraloria.cl/SicaProd/SICAv3-BIFAPortalCGR/servletfichainformegoogle?docIdcm=ef930bb271280f6190b3c5949d7c63ce&pdf=1