IDACTIVIDAD,CODIGOSUBDERE,FECHAINFORME,NOMBRESERVICIO,ANOINFORME,NUMEROINFORME,MATERIAINFORME,FICHAINFORMEBIFA,C_REG_SUBDERE,NOMBRESUBDERE,FICHAINFORME,TIPOSUBDERE,TIPOINFORME,IDINFORME,PDFINFORME
27235,04106,2015-06-30 00:00:00.0,DEPARTAMENTO DE EDUCACION MUNICIPAL DE VICUÑA,2015,325,INFORME FINAL 325-15 DEPARTAMENTO DE EDUCACIÓN MUNICIPALIDAD DE VICUÑA SOBRE AUDITORÍA A LOS RECURSOS QUE OTORGA LA LEY N° 20.248 - JUNIO 2015,https://www.contraloria.cl/pdfbuscador/auditoria/4f0437e5c414feb4011a514eda3c5854/html,04,VICUÑA,https://www.contraloria.cl/SicaProd/SICAv3-BIFAPortalCGR/faces/newDetalleInforme?docIdcm=4f0437e5c414feb4011a514eda3c5854,C,Informe Final de Auditoría,14325,https://www.contraloria.cl/SicaProd/SICAv3-BIFAPortalCGR/servletfichainformegoogle?docIdcm=4f0437e5c414feb4011a514eda3c5854&pdf=1
28676,04106,2015-08-31 00:00:00.0,MUNICIPALIDAD DE VICUÑA,2015,671,INFORME FINAL 671-15 MUNICIPALIDAD DE VICUÑA SOBRE AUDITORÍA A LAS CONTRATACIONES A HONORARIOS EN PROGRAMAS COMUNITARIOS - AGOSTO 2015,https://www.contraloria.cl/pdfbuscador/auditoria/6139939bdf4af17a565db2133325092a/html,04,VICUÑA,https://www.contraloria.cl/SicaProd/SICAv3-BIFAPortalCGR/faces/newDetalleInforme?docIdcm=6139939bdf4af17a565db2133325092a,C,Informe Final de Auditoría,15358,https://www.contraloria.cl/SicaProd/SICAv3-BIFAPortalCGR/servletfichainformegoogle?docIdcm=6139939bdf4af17a565db2133325092a&pdf=1
35372,04106,2016-11-15 00:00:00.0,MUNICIPALIDAD DE VICUÑA,2016,437,INFORME DE INSPECCIÓN TÉCNICA DE OBRA N° 437-16 MUNICIPALIDAD DE VICUÑA Y CONSEJO DE MONUMENTOS NACIONALES SOBRE MEJORAMIENTO PLAZA DE ARMAS DE VICUÑA-NOVIEMBRE 2016,https://www.contraloria.cl/pdfbuscador/auditoria/7e5ef7900663b916084ec21b23788f13/html,04,VICUÑA,https://www.contraloria.cl/SicaProd/SICAv3-BIFAPortalCGR/faces/newDetalleInforme?docIdcm=7e5ef7900663b916084ec21b23788f13,C,Informe de Inspección de Obra Pública,19564,https://www.contraloria.cl/SicaProd/SICAv3-BIFAPortalCGR/servletfichainformegoogle?docIdcm=7e5ef7900663b916084ec21b23788f13&pdf=1
34556,04106,2016-10-12 00:00:00.0,MUNICIPALIDAD DE VICUÑA,2016,787,INFORME FINAL 787-16 MUNICIPALIDAD DE VICUÑA - AUDITORÍA AL GASTO EN PERIODO ELECTORAL - USO DE BIENES - VEHÍCULOS - RRHH - RECURSOS FÍSICOS Y FINANCIEROS - OCTUBRE 2016,https://www.contraloria.cl/pdfbuscador/auditoria/2de218134b3f67cddfa05a6da5da7982/html,04,VICUÑA,https://www.contraloria.cl/SicaProd/SICAv3-BIFAPortalCGR/faces/newDetalleInforme?docIdcm=2de218134b3f67cddfa05a6da5da7982,C,Informe Final de Auditoría,19092,https://www.contraloria.cl/SicaProd/SICAv3-BIFAPortalCGR/servletfichainformegoogle?docIdcm=2de218134b3f67cddfa05a6da5da7982&pdf=1
40907,04106,2017-08-25 00:00:00.0,MUNICIPALIDAD DE VICUÑA,2017,50,INFORME DE INVESTIGACIÓN ESPECIAL N° 50-17 RELATIVO A PRESUNTO PROSELITISMO POLÍTICO EN LA MUNICIPALIDAD DE VICUÑA-AGOSTO 2017,https://www.contraloria.cl/pdfbuscador/auditoria/921d2bf96f5528db53123799d3a4f720/html,04,VICUÑA,https://www.contraloria.cl/SicaProd/SICAv3-BIFAPortalCGR/faces/newDetalleInforme?docIdcm=921d2bf96f5528db53123799d3a4f720,C,Informe de Investigación Especial,21657,https://www.contraloria.cl/SicaProd/SICAv3-BIFAPortalCGR/servletfichainformegoogle?docIdcm=921d2bf96f5528db53123799d3a4f720&pdf=1
49456,04106,2018-08-03 00:00:00.0,MUNICIPALIDAD DE VICUÑA,2018,319,INFORME FINAL N° 319-18 SOBRE AUDITORÍA AL MACROPROCESO DE ADQUISICIONES EN LA MUNICIPALIDAD DE VICUÑA.,https://www.contraloria.cl/pdfbuscador/auditoria/d50ef4a438bb101637a848c5189b835b/html,04,VICUÑA,https://www.contraloria.cl/SicaProd/SICAv3-BIFAPortalCGR/faces/newDetalleInforme?docIdcm=d50ef4a438bb101637a848c5189b835b,C,Informe Final de Auditoría,25202,https://www.contraloria.cl/SicaProd/SICAv3-BIFAPortalCGR/servletfichainformegoogle?docIdcm=d50ef4a438bb101637a848c5189b835b&pdf=1