IDACTIVIDAD,CODIGOSUBDERE,FECHAINFORME,NOMBRESERVICIO,ANOINFORME,NUMEROINFORME,MATERIAINFORME,FICHAINFORMEBIFA,C_REG_SUBDERE,NOMBRESUBDERE,FICHAINFORME,TIPOSUBDERE,TIPOINFORME,IDINFORME,PDFINFORME
27390,09119,2015-05-18 00:00:00.0,MUNICIPALIDAD DE VILCUN,2015,315,"INFORME INVESTIGACIÓN ESPECIAL 315-15 MUNICIPALIDAD DE VILCÚN, SOBRE ENTREGA DE SUBVENCIÓN-MAYO 2015",https://www.contraloria.cl/pdfbuscador/auditoria/b2536dbaff87966f23e2a6399d84ddbf/html,09,VILCUN,https://www.contraloria.cl/SicaProd/SICAv3-BIFAPortalCGR/faces/newDetalleInforme?docIdcm=b2536dbaff87966f23e2a6399d84ddbf,C,Informe de Investigación Especial,13888,https://www.contraloria.cl/SicaProd/SICAv3-BIFAPortalCGR/servletfichainformegoogle?docIdcm=b2536dbaff87966f23e2a6399d84ddbf&pdf=1
28923,09119,2015-06-04 00:00:00.0,MUNICIPALIDAD DE VILCUN,2015,427,"INFORME INVESTIGACIÓN ESPECIAL 427-15 MUNICIPALIDAD DE VILCÚN, SOBRE PRESUNTAS IRREGULARIDADESEN AYUDA DAMNIFICADOS INCENDIO VALPARAISO-JUNIO 2015",https://www.contraloria.cl/pdfbuscador/auditoria/2978bffde2555ba0047024ec27e91774/html,09,VILCUN,https://www.contraloria.cl/SicaProd/SICAv3-BIFAPortalCGR/faces/newDetalleInforme?docIdcm=2978bffde2555ba0047024ec27e91774,C,Informe de Investigación Especial,14391,https://www.contraloria.cl/SicaProd/SICAv3-BIFAPortalCGR/servletfichainformegoogle?docIdcm=2978bffde2555ba0047024ec27e91774&pdf=1
28760,09119,2015-08-31 00:00:00.0,MUNICIPALIDAD DE VILCUN,2015,764,INFORME FINAL 764-15 MUNICIPALIDAD DE VILCÚN - SOBRE AUDITORÍA A LAS CONTRATACIONES  DE HONORARIOS EN PROGRAMAS COMUNITARIOS-AGOSTO 2015,https://www.contraloria.cl/pdfbuscador/auditoria/b5263cbcfecea3b70066ce264035a67a/html,09,VILCUN,https://www.contraloria.cl/SicaProd/SICAv3-BIFAPortalCGR/faces/newDetalleInforme?docIdcm=b5263cbcfecea3b70066ce264035a67a,C,Informe Final de Auditoría,14689,https://www.contraloria.cl/SicaProd/SICAv3-BIFAPortalCGR/servletfichainformegoogle?docIdcm=b5263cbcfecea3b70066ce264035a67a&pdf=1
34962,09119,2016-12-22 00:00:00.0,MUNICIPALIDAD DE VILCUN,2016,363,"INFORME FINAL 363-2016 MUNICIPALIDAD DE VILCÚN, SOBRE MACROPROCESOS DE FINANZAS, VIATICOS Y LEY DEL LOBBY-DICIEMBRE 2016",https://www.contraloria.cl/pdfbuscador/auditoria/2ed543280bd5f9702499dff808160e37/html,09,VILCUN,https://www.contraloria.cl/SicaProd/SICAv3-BIFAPortalCGR/faces/newDetalleInforme?docIdcm=2ed543280bd5f9702499dff808160e37,C,Informe Final de Auditoría,20044,https://www.contraloria.cl/SicaProd/SICAv3-BIFAPortalCGR/servletfichainformegoogle?docIdcm=2ed543280bd5f9702499dff808160e37&pdf=1
44044,09119,2017-07-10 00:00:00.0,DEPARTAMENTO DE EDUCACION MUNICIPAL DE VILCUN,2017,305,INFORME DE INVESTIGACIÓN ESPECIAL 305-17  DEPARTAMENTO DE EDUCACIÓN DE VILCUN SOBRE PAGO INDEBIDO DE ASIGNACIONES - JULIO 2017,https://www.contraloria.cl/pdfbuscador/auditoria/52176b28785a484d9cb2910f51d9fcaf/html,09,VILCUN,https://www.contraloria.cl/SicaProd/SICAv3-BIFAPortalCGR/faces/newDetalleInforme?docIdcm=52176b28785a484d9cb2910f51d9fcaf,C,Informe de Investigación Especial,21343,https://www.contraloria.cl/SicaProd/SICAv3-BIFAPortalCGR/servletfichainformegoogle?docIdcm=52176b28785a484d9cb2910f51d9fcaf&pdf=1
46256,09119,2017-12-20 00:00:00.0,MUNICIPALIDAD DE VILCUN,2017,1049,"INFORME DE INVESTIGACIÓN ESPECIAL 1.049-2017 DEPARTAMENTO DE EDUCACIÓN MUNICIPAL DE VILCÚN, SOBRE ADQUISICIONES Y PERSONAL- DICIEMBRE 2017",https://www.contraloria.cl/pdfbuscador/auditoria/7729173297362bb6e62bb56c6aaa0128/html,09,VILCUN,https://www.contraloria.cl/SicaProd/SICAv3-BIFAPortalCGR/faces/newDetalleInforme?docIdcm=7729173297362bb6e62bb56c6aaa0128,C,Informe de Investigación Especial,22504,https://www.contraloria.cl/SicaProd/SICAv3-BIFAPortalCGR/servletfichainformegoogle?docIdcm=7729173297362bb6e62bb56c6aaa0128&pdf=1
57359,09119,2019-11-21 00:00:00.0,DEPARTAMENTO DE SALUD MUNICIPAL DE VILCUN,2019,656,"INFORME FINAL N° 656-2019 MUNICIPALIDAD DE VILCÚN, SOBRE PROCESO DE CONTROL DE HORAS EXTRAS-OCTUBRE 2019",https://www.contraloria.cl/pdfbuscador/auditoria/ac7ecaaeab6d232d710882d6b97f267c/html,09,VILCUN,https://www.contraloria.cl/SicaProd/SICAv3-BIFAPortalCGR/faces/newDetalleInforme?docIdcm=ac7ecaaeab6d232d710882d6b97f267c,C,Informe Final de Auditoría,30253,https://www.contraloria.cl/SicaProd/SICAv3-BIFAPortalCGR/servletfichainformegoogle?docIdcm=ac7ecaaeab6d232d710882d6b97f267c&pdf=1
59021,09119,2019-12-30 00:00:00.0,DEPARTAMENTO DE EDUCACION MUNICIPAL DE VILCUN,2019,971,"INFORME FINAL N° 971-2019 DEPTO DE EDUCACIÓN MUNICIPAL DE VILCÚN, SOBRE HORAS EXTRAORDINARIAS-DICIEMBRE 2019",https://www.contraloria.cl/pdfbuscador/auditoria/b567875c12228ecc28f3ff88da9e9fe6/html,09,VILCUN,https://www.contraloria.cl/SicaProd/SICAv3-BIFAPortalCGR/faces/newDetalleInforme?docIdcm=b567875c12228ecc28f3ff88da9e9fe6,C,Informe Final de Auditoría,30784,https://www.contraloria.cl/SicaProd/SICAv3-BIFAPortalCGR/servletfichainformegoogle?docIdcm=b567875c12228ecc28f3ff88da9e9fe6&pdf=1
66762,09119,2019-12-31 00:00:00.0,MUNICIPALIDAD DE VILCUN,2019,1047,"INFORME FINAL DE AUDITORÍA 1.047-19 MUNICIPALIDAD DE VILCÚN, SOBRE HORAS EXTRAORDINARIAS-DICIEMBRE 2019",https://www.contraloria.cl/pdfbuscador/auditoria/d00fe42bd17b99068d559dd47e1e8bcc/html,09,VILCUN,https://www.contraloria.cl/SicaProd/SICAv3-BIFAPortalCGR/faces/newDetalleInforme?docIdcm=d00fe42bd17b99068d559dd47e1e8bcc,C,Informe Final de Auditoría,30851,https://www.contraloria.cl/SicaProd/SICAv3-BIFAPortalCGR/servletfichainformegoogle?docIdcm=d00fe42bd17b99068d559dd47e1e8bcc&pdf=1