IDACTIVIDAD,CODIGOSUBDERE,FECHAINFORME,NOMBRESERVICIO,ANOINFORME,NUMEROINFORME,MATERIAINFORME,FICHAINFORMEBIFA,C_REG_SUBDERE,NOMBRESUBDERE,FICHAINFORME,TIPOSUBDERE,TIPOINFORME,IDINFORME,PDFINFORME
32882,07407,2016-05-31 00:00:00.0,MUNICIPALIDAD DE VILLA ALEGRE,2016,72,"INFORME DE INVESTIGACION ESPECIAL 72-2016 MUNICIPALIDAD DE VILLA ALEGRE SOBRE PAGO INDEBIDO DE REMUNERACIONES, BONO POR DESEMPEÑO COLECTIVO, INHABILIDAD FUNCIONARIA POR PARENTESCO, EXTRACCION DE ARIDOS, ENTRE OTROS - MAYO 2016",https://www.contraloria.cl/pdfbuscador/auditoria/0bfeb08aca81adfb2eae3f7a223dd1d8/html,07,VILLA ALEGRE,https://www.contraloria.cl/SicaProd/SICAv3-BIFAPortalCGR/faces/newDetalleInforme?docIdcm=0bfeb08aca81adfb2eae3f7a223dd1d8,C,Informe de Investigación Especial,18105,https://www.contraloria.cl/SicaProd/SICAv3-BIFAPortalCGR/servletfichainformegoogle?docIdcm=0bfeb08aca81adfb2eae3f7a223dd1d8&pdf=1
34903,07407,2016-07-13 00:00:00.0,MUNICIPALIDAD DE VILLA ALEGRE,2016,343,INFORME INVESTIGACION ESPECIAL 343-16 MUNICIPALIDAD DE VILLA ALEGRE SOBRE EVENTUALES IRREGULARIDADES OCURRIDAS EN EL FESTIVAL DE LA NARANJA - JULIO 2016 ,https://www.contraloria.cl/pdfbuscador/auditoria/9850f68860d6a4d960b84917d3258569/html,07,VILLA ALEGRE,https://www.contraloria.cl/SicaProd/SICAv3-BIFAPortalCGR/faces/newDetalleInforme?docIdcm=9850f68860d6a4d960b84917d3258569,C,Informe de Investigación Especial,18481,https://www.contraloria.cl/SicaProd/SICAv3-BIFAPortalCGR/servletfichainformegoogle?docIdcm=9850f68860d6a4d960b84917d3258569&pdf=1
36676,07407,2016-07-05 00:00:00.0,MUNICIPALIDAD DE VILLA ALEGRE,2016,424,INFORME INVESTIGACION ESPECIAL 424-16 MUNICIPALIDAD DE VILLA ALEGRE SOBRE EVENTUALES IRREGULARIDADES OCURRIDAS EN EL FUNCIONAMIENTO DE LA EGIS DEL MUNICIPIO - JULIO 2016,https://www.contraloria.cl/pdfbuscador/auditoria/dc2a1f040b537711fb606312c4f11dee/html,07,VILLA ALEGRE,https://www.contraloria.cl/SicaProd/SICAv3-BIFAPortalCGR/faces/newDetalleInforme?docIdcm=dc2a1f040b537711fb606312c4f11dee,C,Informe de Investigación Especial,18358,https://www.contraloria.cl/SicaProd/SICAv3-BIFAPortalCGR/servletfichainformegoogle?docIdcm=dc2a1f040b537711fb606312c4f11dee&pdf=1
34591,07407,2016-10-13 00:00:00.0,MUNICIPALIDAD DE VILLA ALEGRE,2016,591,"INFORME FINAL 591-16 MUNICIPALIDAD DE VILLA ALEGRE DIETAS, VIATICOS Y GASTOS DE CONCEJALES Y CUMPLIMIENTO DE LA LEY DEL LOBBY - OCTUBRE 2016",https://www.contraloria.cl/pdfbuscador/auditoria/a807b6db5fab8be9e3707ac7120594f3/html,07,VILLA ALEGRE,https://www.contraloria.cl/SicaProd/SICAv3-BIFAPortalCGR/faces/newDetalleInforme?docIdcm=a807b6db5fab8be9e3707ac7120594f3,C,Informe Final de Auditoría,19174,https://www.contraloria.cl/SicaProd/SICAv3-BIFAPortalCGR/servletfichainformegoogle?docIdcm=a807b6db5fab8be9e3707ac7120594f3&pdf=1
40005,07407,2016-12-22 00:00:00.0,MUNICIPALIDAD DE VILLA ALEGRE,2016,1164,INFORME DE INSPECCIÓN DE OBRA PÚBLICA 1164-16 MUNICIPALIDAD DE VILLA ALEGRE SOBRE INSPECCIÓN A LA OBRA SOLUCIONES SANITARIAS PUTAGÁN-DICIEMBRE-2016,https://www.contraloria.cl/pdfbuscador/auditoria/054c5b3c3ab9aa1da8a9652c71d1ed24/html,07,VILLA ALEGRE,https://www.contraloria.cl/SicaProd/SICAv3-BIFAPortalCGR/faces/newDetalleInforme?docIdcm=054c5b3c3ab9aa1da8a9652c71d1ed24,C,Informe de Inspección de Obra Pública,19963,https://www.contraloria.cl/SicaProd/SICAv3-BIFAPortalCGR/servletfichainformegoogle?docIdcm=054c5b3c3ab9aa1da8a9652c71d1ed24&pdf=1
40308,07407,2017-07-12 00:00:00.0,DEPARTAMENTO DE SALUD DE VILLA ALEGRE,2017,128,INFORME FINAL DE INVESTIGACIÓN ESPECIAL 128-17 DEPARTAMENTO DE SALUD DE VILLA ALEGRE EXAMEN DE CUENTAS A HONORARIOS PAGADOS - JULIO 2017,https://www.contraloria.cl/pdfbuscador/auditoria/4ca96c4a94c2305fcfb1e0cfff3b0abe/html,07,VILLA ALEGRE,https://www.contraloria.cl/SicaProd/SICAv3-BIFAPortalCGR/faces/newDetalleInforme?docIdcm=4ca96c4a94c2305fcfb1e0cfff3b0abe,C,Informe de Investigación Especial,21383,https://www.contraloria.cl/SicaProd/SICAv3-BIFAPortalCGR/servletfichainformegoogle?docIdcm=4ca96c4a94c2305fcfb1e0cfff3b0abe&pdf=1
40569,07407,2017-08-01 00:00:00.0,MUNICIPALIDAD DE VILLA ALEGRE,2017,139,INFORME FINAL DE INVESTIGACIÓN ESPECIAL 139-17 MUNICIPALIDAD DE VILLA ALEGRE SOBRE OTORGAMIENTO DE PERMISOS DE CIRCULACIÓN Y LICENCIAS DE CONDUCIR - AGOSTO 2017,https://www.contraloria.cl/pdfbuscador/auditoria/57e43f91051fbaea4c705ffdfce63692/html,07,VILLA ALEGRE,https://www.contraloria.cl/SicaProd/SICAv3-BIFAPortalCGR/faces/newDetalleInforme?docIdcm=57e43f91051fbaea4c705ffdfce63692,C,Informe de Investigación Especial,21453,https://www.contraloria.cl/SicaProd/SICAv3-BIFAPortalCGR/servletfichainformegoogle?docIdcm=57e43f91051fbaea4c705ffdfce63692&pdf=1
42349,07407,2017-05-25 00:00:00.0,MUNICIPALIDAD DE VILLA ALEGRE,2017,314,INFORME DE INVESTIGACION ESPECIAL 314-17 MUNICIPALIDAD DE VILLA ALEGRE SOBRE IRREGULARIDADES EN EL USO Y EXPLOTACION DE PREDIO MUNICIPAL - MAYO 2017,https://www.contraloria.cl/pdfbuscador/auditoria/40fc4265dd7373ddc8c64066ea87a502/html,07,VILLA ALEGRE,https://www.contraloria.cl/SicaProd/SICAv3-BIFAPortalCGR/faces/newDetalleInforme?docIdcm=40fc4265dd7373ddc8c64066ea87a502,C,Informe de Investigación Especial,21016,https://www.contraloria.cl/SicaProd/SICAv3-BIFAPortalCGR/servletfichainformegoogle?docIdcm=40fc4265dd7373ddc8c64066ea87a502&pdf=1
42449,07407,2017-06-16 00:00:00.0,DEPARTAMENTO DE SALUD DE VILLA ALEGRE,2017,432,INFORME FINAL DE INVESTIGACION ESPECIAL 432-17 DESAM VILLA ALEGRE SOBRE OBTENCION DE CERTIFICADOS DE ESTUDIOS - JUNIO 2017,https://www.contraloria.cl/pdfbuscador/auditoria/a858789a7c82f3aa9d017b6086ea8ad2/html,07,VILLA ALEGRE,https://www.contraloria.cl/SicaProd/SICAv3-BIFAPortalCGR/faces/newDetalleInforme?docIdcm=a858789a7c82f3aa9d017b6086ea8ad2,C,Informe de Investigación Especial,21207,https://www.contraloria.cl/SicaProd/SICAv3-BIFAPortalCGR/servletfichainformegoogle?docIdcm=a858789a7c82f3aa9d017b6086ea8ad2&pdf=1
43388,07407,2017-07-27 00:00:00.0,MUNICIPALIDAD DE VILLA ALEGRE,2017,465,INFORME FINAL DE INVESTIGACION ESPECIAL 465-17 MUNICIPALIDAD DE VILLA ALEGRE EVENTUALES IRREGULARIDADES EN PAGO Y CONTROL DE HORAS EXTRAORDINARIAS - JULIO 2017,https://www.contraloria.cl/pdfbuscador/auditoria/55c1cd58cd39e9b25384dad791b8ad60/html,07,VILLA ALEGRE,https://www.contraloria.cl/SicaProd/SICAv3-BIFAPortalCGR/faces/newDetalleInforme?docIdcm=55c1cd58cd39e9b25384dad791b8ad60,C,Informe de Investigación Especial,21440,https://www.contraloria.cl/SicaProd/SICAv3-BIFAPortalCGR/servletfichainformegoogle?docIdcm=55c1cd58cd39e9b25384dad791b8ad60&pdf=1
44217,07407,2017-09-05 00:00:00.0,DEPARTAMENTO DE EDUCACION DE VILLA ALEGRE,2017,611,INFORME FINAL DE INVESTIGACION ESPECIAL 611-17 DEPARTAMENTO DE EDUCACIÓN MUNICIPAL DE VILLA ALEGRE SOBRE IRREGULARIDADES EN SERVICIOS DE TRANSPORTE - SEPTIEMBRE 2017,https://www.contraloria.cl/pdfbuscador/auditoria/58e9f06db45fefcce97645388d22ed8e/html,07,VILLA ALEGRE,https://www.contraloria.cl/SicaProd/SICAv3-BIFAPortalCGR/faces/newDetalleInforme?docIdcm=58e9f06db45fefcce97645388d22ed8e,C,Informe de Investigación Especial,21618,https://www.contraloria.cl/SicaProd/SICAv3-BIFAPortalCGR/servletfichainformegoogle?docIdcm=58e9f06db45fefcce97645388d22ed8e&pdf=1
45959,07407,2017-09-22 00:00:00.0,MUNICIPALIDAD DE VILLA ALEGRE,2017,709,INFORME FINAL DE INVESTIGACION ESPECIAL 709-17 MUNICIPALIDAD DE VILLA ALEGRE SOBRE IRREGULARIDADES RELACIONADAS CON FUNCIONARIOS - SEPTIEMBRE 2017,https://www.contraloria.cl/pdfbuscador/auditoria/e10a8203ab794f7c273f388b35e08364/html,07,VILLA ALEGRE,https://www.contraloria.cl/SicaProd/SICAv3-BIFAPortalCGR/faces/newDetalleInforme?docIdcm=e10a8203ab794f7c273f388b35e08364,C,Informe de Investigación Especial,21785,https://www.contraloria.cl/SicaProd/SICAv3-BIFAPortalCGR/servletfichainformegoogle?docIdcm=e10a8203ab794f7c273f388b35e08364&pdf=1
44593,07407,2017-11-14 00:00:00.0,DEPARTAMENTO DE SALUD DE VILLA ALEGRE,2017,768,INFORME FINAL DE INVESTIGACION ESPECIAL 768-17 DESAM DE VILLA ALEGRESOBRE IRREGULARIDADES CON FICHAS CLINICAS Y RECETAS MEDICAS - NOVIEMBRE 2017,https://www.contraloria.cl/pdfbuscador/auditoria/44607b9b3dee3c33790060be415a4a9d/html,07,VILLA ALEGRE,https://www.contraloria.cl/SicaProd/SICAv3-BIFAPortalCGR/faces/newDetalleInforme?docIdcm=44607b9b3dee3c33790060be415a4a9d,C,Informe de Investigación Especial,22117,https://www.contraloria.cl/SicaProd/SICAv3-BIFAPortalCGR/servletfichainformegoogle?docIdcm=44607b9b3dee3c33790060be415a4a9d&pdf=1
46685,07407,2017-10-31 00:00:00.0,DEPARTAMENTO DE SALUD DE VILLA ALEGRE,2017,817,INFORME FINAL DE INVESTIGACIÓN ESPECIAL 817-17 DEPARTAMENTO DE SALUD MUNICIPAL VILLA ALEGRE IRREGULARIDADES EN PAGO DE ASIGNACIONES - OCTUBRE 2017,https://www.contraloria.cl/pdfbuscador/auditoria/68b5873096387f33f50c5136d8a6f9df/html,07,VILLA ALEGRE,https://www.contraloria.cl/SicaProd/SICAv3-BIFAPortalCGR/faces/newDetalleInforme?docIdcm=68b5873096387f33f50c5136d8a6f9df,C,Informe de Investigación Especial,21985,https://www.contraloria.cl/SicaProd/SICAv3-BIFAPortalCGR/servletfichainformegoogle?docIdcm=68b5873096387f33f50c5136d8a6f9df&pdf=1