IDACTIVIDAD,CODIGOSUBDERE,FECHAINFORME,NOMBRESERVICIO,ANOINFORME,NUMEROINFORME,MATERIAINFORME,FICHAINFORMEBIFA,C_REG_SUBDERE,NOMBRESUBDERE,FICHAINFORME,TIPOSUBDERE,TIPOINFORME,IDINFORME,PDFINFORME
30482,05804,2015-08-12 00:00:00.0,MUNICIPALIDAD DE VILLA ALEMANA,2015,661,INFORME INVESTIGACIÓN ESPECIAL 661-15 MUNICIPALIDAD DE VILLA ALEMANA SOBRE PRESUNTAS IRREGULARIDADES - AGOSTO 2015,https://www.contraloria.cl/pdfbuscador/auditoria/400fe5edb05cac2ea4daa25a103f36ac/html,05,VILLA ALEMANA,https://www.contraloria.cl/SicaProd/SICAv3-BIFAPortalCGR/faces/newDetalleInforme?docIdcm=400fe5edb05cac2ea4daa25a103f36ac,C,Informe de Investigación Especial,14528,https://www.contraloria.cl/SicaProd/SICAv3-BIFAPortalCGR/servletfichainformegoogle?docIdcm=400fe5edb05cac2ea4daa25a103f36ac&pdf=1
32360,05804,2016-07-22 00:00:00.0,MUNICIPALIDAD DE VILLA ALEMANA,2015,1186,"INFORME INVESTIGACIÓN ESPECIAL 1.186-15 MUNICIPALIDAD DE VILLA ALEMANA SOBRE CUENTA PÚBLICA DEL AÑO 2014, FONDOS GLOBALES Y OTROS - JULIO 2016",https://www.contraloria.cl/pdfbuscador/auditoria/619a12347b459a46571241b253b50b5f/html,05,VILLA ALEMANA,https://www.contraloria.cl/SicaProd/SICAv3-BIFAPortalCGR/faces/newDetalleInforme?docIdcm=619a12347b459a46571241b253b50b5f,C,Informe de Investigación Especial,18542,https://www.contraloria.cl/SicaProd/SICAv3-BIFAPortalCGR/servletfichainformegoogle?docIdcm=619a12347b459a46571241b253b50b5f&pdf=1
33288,05804,2015-12-30 00:00:00.0,MUNICIPALIDAD DE VILLA ALEMANA,2015,1209,INFORME DE INSPECCIÓN DE OBRA PÚBLICA 1.209-15 MUNICIPALIDAD DE VILLA ALEMANA SOBRE CONSTRUCCIÓN PISCINA MUNICIPAL ÍTALO COMPOSTO - DICIEMBRE 2015,https://www.contraloria.cl/pdfbuscador/auditoria/15576c1d59330b34225bf400d48f78c1/html,05,VILLA ALEMANA,https://www.contraloria.cl/SicaProd/SICAv3-BIFAPortalCGR/faces/newDetalleInforme?docIdcm=15576c1d59330b34225bf400d48f78c1,C,Informe de Inspección de Obra Pública,16861,https://www.contraloria.cl/SicaProd/SICAv3-BIFAPortalCGR/servletfichainformegoogle?docIdcm=15576c1d59330b34225bf400d48f78c1&pdf=1
35742,05804,2016-06-10 00:00:00.0,MUNICIPALIDAD DE VILLA ALEMANA,2016,129,"INFORME INVESTIGACIÓN ESPECIAL 129-16 MUNICIPALIDAD DE VILLA ALEMANA SOBRE PUBLICIDAD, ALMUERZOS Y REDES SOCIALES - JUNIO 2016",https://www.contraloria.cl/pdfbuscador/auditoria/e6ae4758577cb974e5b53cd6ad858862/html,05,VILLA ALEMANA,https://www.contraloria.cl/SicaProd/SICAv3-BIFAPortalCGR/faces/newDetalleInforme?docIdcm=e6ae4758577cb974e5b53cd6ad858862,C,Informe de Investigación Especial,18177,https://www.contraloria.cl/SicaProd/SICAv3-BIFAPortalCGR/servletfichainformegoogle?docIdcm=e6ae4758577cb974e5b53cd6ad858862&pdf=1
36641,05804,2016-08-11 00:00:00.0,MUNICIPALIDAD DE VILLA ALEMANA,2016,360,INFORME DE INSPECCIÓN DE OBRA PÚBLICA 360-16 MUNICIPALIDAD DE VILLA ALEMANA SOBRE CONSTRUCCIÓN EDIFICIO CONSISTORIAL - AGOSTO 2016,https://www.contraloria.cl/pdfbuscador/auditoria/a71edad91f347562b43820adf2983c66/html,05,VILLA ALEMANA,https://www.contraloria.cl/SicaProd/SICAv3-BIFAPortalCGR/faces/newDetalleInforme?docIdcm=a71edad91f347562b43820adf2983c66,C,Informe de Inspección de Obra Pública,18663,https://www.contraloria.cl/SicaProd/SICAv3-BIFAPortalCGR/servletfichainformegoogle?docIdcm=a71edad91f347562b43820adf2983c66&pdf=1
34972,05804,2016-10-17 00:00:00.0,MUNICIPALIDAD DE VILLA ALEMANA,2016,750,INFORME FINAL 750-16 MUNICIPALIDAD DE VILLA ALEMANA - AUDITORÍA AL GASTO EN PERIODO ELECTORAL - USO DE BIENES - VEHÍCULOS - RRHH - RECURSOS FÍSICOS Y FINANCIEROS - OCTUBRE 2016,https://www.contraloria.cl/pdfbuscador/auditoria/1cb4cbcdd55c22926cbdbd330c1a5e06/html,05,VILLA ALEMANA,https://www.contraloria.cl/SicaProd/SICAv3-BIFAPortalCGR/faces/newDetalleInforme?docIdcm=1cb4cbcdd55c22926cbdbd330c1a5e06,C,Informe Final de Auditoría,19194,https://www.contraloria.cl/SicaProd/SICAv3-BIFAPortalCGR/servletfichainformegoogle?docIdcm=1cb4cbcdd55c22926cbdbd330c1a5e06&pdf=1
38552,05804,2017-02-06 00:00:00.0,MUNICIPALIDAD DE VILLA ALEMANA,2016,985,INFORME FINAL DE INVESTIGACIÓN ESPECIAL 985-16 MUNICIPALIDAD DE VILLA ALEMANA SOBRE CAPACITACIONES DE CONCEJALES EN EL EXTRANJERO - FEBRERO 2017,https://www.contraloria.cl/pdfbuscador/auditoria/79b8e08896505fcfe79632be815c15dd/html,05,VILLA ALEMANA,https://www.contraloria.cl/SicaProd/SICAv3-BIFAPortalCGR/faces/newDetalleInforme?docIdcm=79b8e08896505fcfe79632be815c15dd,C,Informe de Investigación Especial,20442,https://www.contraloria.cl/SicaProd/SICAv3-BIFAPortalCGR/servletfichainformegoogle?docIdcm=79b8e08896505fcfe79632be815c15dd&pdf=1
50650,05804,2018-08-06 00:00:00.0,MUNICIPALIDAD DE VILLA ALEMANA,2018,427,INFORME FINAL DE INVESTIGACIÓN ESPECIAL 427-18 MUNICIPALIDAD DE VILLA ALEMANA SOBRE PRESUNTAS IRREGULARIDADES - AGOSTO 2018,https://www.contraloria.cl/pdfbuscador/auditoria/6a14f4b7d631d99ba4d4c3de9020cfde/html,05,VILLA ALEMANA,https://www.contraloria.cl/SicaProd/SICAv3-BIFAPortalCGR/faces/newDetalleInforme?docIdcm=6a14f4b7d631d99ba4d4c3de9020cfde,C,Informe de Investigación Especial,25129,https://www.contraloria.cl/SicaProd/SICAv3-BIFAPortalCGR/servletfichainformegoogle?docIdcm=6a14f4b7d631d99ba4d4c3de9020cfde&pdf=1
54289,05804,2018-11-28 00:00:00.0,MUNICIPALIDAD DE VILLA ALEMANA,2018,800,INFORME FINAL DE INVESTIGACIÓN ESPECIAL 800-18 MUNICIPALIDAD DE VILLA ALEMANA SOBRE PRESUNTAS IRREGULARIDADES EN PROCESOS LICITATORIOS - NOVIEMBRE 2018,https://www.contraloria.cl/pdfbuscador/auditoria/fd2b03f4b525abfd9da9cbc2c62ad5f2/html,05,VILLA ALEMANA,https://www.contraloria.cl/SicaProd/SICAv3-BIFAPortalCGR/faces/newDetalleInforme?docIdcm=fd2b03f4b525abfd9da9cbc2c62ad5f2,C,Informe de Investigación Especial,26785,https://www.contraloria.cl/SicaProd/SICAv3-BIFAPortalCGR/servletfichainformegoogle?docIdcm=fd2b03f4b525abfd9da9cbc2c62ad5f2&pdf=1
53850,05804,2019-04-17 00:00:00.0,MUNICIPALIDAD DE VILLA ALEMANA,2019,125,INFORME FINAL DE INVESTIGACIÓN ESPECIAL 125-19 MUNICIPALIDAD DE VILLA ALEMANA SOBRE PRESUNTAS IRREGULARIDADES - ABRIL 2019,https://www.contraloria.cl/pdfbuscador/auditoria/c4ebb91e3d514fa9e19766cd6d04b5cf/html,05,VILLA ALEMANA,https://www.contraloria.cl/SicaProd/SICAv3-BIFAPortalCGR/faces/newDetalleInforme?docIdcm=c4ebb91e3d514fa9e19766cd6d04b5cf,C,Informe de Investigación Especial,28817,https://www.contraloria.cl/SicaProd/SICAv3-BIFAPortalCGR/servletfichainformegoogle?docIdcm=c4ebb91e3d514fa9e19766cd6d04b5cf&pdf=1
59086,05804,2020-06-03 00:00:00.0,CORPORACION MUNICIPAL DE VILLA ALEMANA,2020,1,INFORME FINAL 1-20 CORPORACIÓN MUNICIPAL DE VILLA ALEMANA SOBRE AUDITORÍA A LOS GASTOS EFECTUADOS CON CARGO A SUBVENCIONES RECIBIDAS POR CONCEPTO DE EDUCACIÓN - JUNIO 2020,https://www.contraloria.cl/pdfbuscador/auditoria/d2d9c1028929c30d725b647939cc1c6e/html,05,VILLA ALEMANA,https://www.contraloria.cl/SicaProd/SICAv3-BIFAPortalCGR/faces/newDetalleInforme?docIdcm=d2d9c1028929c30d725b647939cc1c6e,C,Informe Final de Auditoría,32781,https://www.contraloria.cl/SicaProd/SICAv3-BIFAPortalCGR/servletfichainformegoogle?docIdcm=d2d9c1028929c30d725b647939cc1c6e&pdf=1