IDACTIVIDAD,CODIGOSUBDERE,FECHAINFORME,NOMBRESERVICIO,ANOINFORME,NUMEROINFORME,MATERIAINFORME,FICHAINFORMEBIFA,C_REG_SUBDERE,NOMBRESUBDERE,FICHAINFORME,TIPOSUBDERE,TIPOINFORME,IDINFORME,PDFINFORME
26813,09120,2015-05-18 00:00:00.0,MUNICIPALIDAD DE VILLARRICA,2015,12,"INFORME INVESTIGACIÓN ESPECIAL N°12-15 MUNICIPALIDAD DE VILLARRICA, SOBRE OMISIÓN DE ABSTENCIÓN-MAYO 2015",https://www.contraloria.cl/pdfbuscador/auditoria/2665a28850de43c6f68838acd495e7e8/html,09,VILLARRICA,https://www.contraloria.cl/SicaProd/SICAv3-BIFAPortalCGR/faces/newDetalleInforme?docIdcm=2665a28850de43c6f68838acd495e7e8,C,Informe de Investigación Especial,13869,https://www.contraloria.cl/SicaProd/SICAv3-BIFAPortalCGR/servletfichainformegoogle?docIdcm=2665a28850de43c6f68838acd495e7e8&pdf=1
26928,09120,2015-05-28 00:00:00.0,DEPARTAMENTO DE SALUD MUNICIPAL DE VILLARRICA,2015,258,"INFORME INVESTIGACIÓN ESPECIAL 258-15 DEPARTAMENTO DE SALUD VILLARRICA, SOBRE PRESUNTAS IRREGULARIDADES EN LICITACIONES AÑOS 2013 Y 2014-MAYO 2015",https://www.contraloria.cl/pdfbuscador/auditoria/8ce099a19a27854e7a2c1a7e7c4a8915/html,09,VILLARRICA,https://www.contraloria.cl/SicaProd/SICAv3-BIFAPortalCGR/faces/newDetalleInforme?docIdcm=8ce099a19a27854e7a2c1a7e7c4a8915,C,Informe de Investigación Especial,13921,https://www.contraloria.cl/SicaProd/SICAv3-BIFAPortalCGR/servletfichainformegoogle?docIdcm=8ce099a19a27854e7a2c1a7e7c4a8915&pdf=1
30170,09120,2015-05-25 00:00:00.0,MUNICIPALIDAD DE VILLARRICA,2015,312,"INFORME INVESTIGACIÓN ESPECIAL 312-15 MUNICIPALIDAD DE VILLARRICA, SOBRE INSTALACIÓN DE SITIO DE DISPOSICIÓN FINAL DE RESIDUOS-MAYO 2015",https://www.contraloria.cl/pdfbuscador/auditoria/d53948a54a345a0a49e92028dfdb9712/html,09,VILLARRICA,https://www.contraloria.cl/SicaProd/SICAv3-BIFAPortalCGR/faces/newDetalleInforme?docIdcm=d53948a54a345a0a49e92028dfdb9712,C,Informe de Investigación Especial,13903,https://www.contraloria.cl/SicaProd/SICAv3-BIFAPortalCGR/servletfichainformegoogle?docIdcm=d53948a54a345a0a49e92028dfdb9712&pdf=1
30645,09120,2015-07-09 00:00:00.0,DEPARTAMENTO DE SALUD MUNICIPAL DE VILLARRICA,2015,503,"INFORME INVESTIGACIÓN ESPECIAL 503-15 DEPARTAMENTO DE SALUD MUNICIPAL DE VILLARRICA, SOBRE PRESUNTAS IRREGULARIDADES EN PROGRAMA ODONTOLOGICO-JULIO 2015",https://www.contraloria.cl/pdfbuscador/auditoria/b67ee94dd69eff86e7eaea0dde777dfa/html,09,VILLARRICA,https://www.contraloria.cl/SicaProd/SICAv3-BIFAPortalCGR/faces/newDetalleInforme?docIdcm=b67ee94dd69eff86e7eaea0dde777dfa,C,Informe de Investigación Especial,14272,https://www.contraloria.cl/SicaProd/SICAv3-BIFAPortalCGR/servletfichainformegoogle?docIdcm=b67ee94dd69eff86e7eaea0dde777dfa&pdf=1
31807,09120,2015-11-19 00:00:00.0,DEPARTAMENTO DE EDUCACION MUNICIPAL DE VILLARRICA,2015,864,INFORME DE INVESTIGACIÓN ESPECIAL 864 -15 DEPARTAMENTO DE EDUCACIÓN MUNICIPAL DE VILLARRICA SOBRE PRESUNTAS IRREGULARIDADES - NOVIEMBRE 2015,https://www.contraloria.cl/pdfbuscador/auditoria/c73b2b98c69b9f514949eed8abc2b5ff/html,09,VILLARRICA,https://www.contraloria.cl/SicaProd/SICAv3-BIFAPortalCGR/faces/newDetalleInforme?docIdcm=c73b2b98c69b9f514949eed8abc2b5ff,C,Informe de Investigación Especial,16326,https://www.contraloria.cl/SicaProd/SICAv3-BIFAPortalCGR/servletfichainformegoogle?docIdcm=c73b2b98c69b9f514949eed8abc2b5ff&pdf=1
32016,09120,2015-11-20 00:00:00.0,DEPARTAMENTO DE EDUCACION MUNICIPAL DE VILLARRICA,2015,955,"INFORME DE INVESTIGACIÓN ESPECIAL 955-15 DEPARTAMENTO DE EDUCACIÓN MUNICIPAL DE VILLARRICA, SOBRE ADQUISICIÓN DE PISCINAS-NOVIEMBRE 2015",https://www.contraloria.cl/pdfbuscador/auditoria/0f11c351f04e51964c27c10370852d15/html,09,VILLARRICA,https://www.contraloria.cl/SicaProd/SICAv3-BIFAPortalCGR/faces/newDetalleInforme?docIdcm=0f11c351f04e51964c27c10370852d15,C,Informe de Investigación Especial,16438,https://www.contraloria.cl/SicaProd/SICAv3-BIFAPortalCGR/servletfichainformegoogle?docIdcm=0f11c351f04e51964c27c10370852d15&pdf=1
40595,09120,2017-04-10 00:00:00.0,DEPARTAMENTO DE SALUD MUNICIPAL DE VILLARRICA,2017,22,INFORME DE INVESTIGACIÓN ESPECIAL 22-2017 MUNICIPALIDAD DE VILLARRICA SOBRE PAGO INDEBIDO DE LA ASIGNACIÓN ART 45 LEY 19.378- ABRIL 2017,https://www.contraloria.cl/pdfbuscador/auditoria/630b3d35f9aea558c7f2f174872cd7cb/html,09,VILLARRICA,https://www.contraloria.cl/SicaProd/SICAv3-BIFAPortalCGR/faces/newDetalleInforme?docIdcm=630b3d35f9aea558c7f2f174872cd7cb,C,Informe de Investigación Especial,20815,https://www.contraloria.cl/SicaProd/SICAv3-BIFAPortalCGR/servletfichainformegoogle?docIdcm=630b3d35f9aea558c7f2f174872cd7cb&pdf=1
42113,09120,2017-06-06 00:00:00.0,DEPARTAMENTO DE SALUD MUNICIPAL DE VILLARRICA,2017,327,"INFORME DE INVESTIGACIÓN ESPECIAL 327-17 MUNICIPALIDAD DE VILLARRICA, SOBRE CONSTRUCCIÓN SAR LOS VOLCANES-JUNIO DEL 2017",https://www.contraloria.cl/pdfbuscador/auditoria/d4ab7f2da3768655b0a574c726b04ca6/html,09,VILLARRICA,https://www.contraloria.cl/SicaProd/SICAv3-BIFAPortalCGR/faces/newDetalleInforme?docIdcm=d4ab7f2da3768655b0a574c726b04ca6,C,Informe de Investigación Especial,21113,https://www.contraloria.cl/SicaProd/SICAv3-BIFAPortalCGR/servletfichainformegoogle?docIdcm=d4ab7f2da3768655b0a574c726b04ca6&pdf=1
45880,09120,2017-11-03 00:00:00.0,DEPARTAMENTO DE SALUD MUNICIPAL DE VILLARRICA,2017,608,"INFORME DE INVESTIGACIÓN ESPECIAL 608-17 DEPTO SALUD MUNICIPALIDAD DE VILLARRICA, SOBRE PROGRAMA ODONTOLÓGICO INTEGRAL- NOVIEMBRE 2017",https://www.contraloria.cl/pdfbuscador/auditoria/5a46ff1450b5f315df722a80c78d49ed/html,09,VILLARRICA,https://www.contraloria.cl/SicaProd/SICAv3-BIFAPortalCGR/faces/newDetalleInforme?docIdcm=5a46ff1450b5f315df722a80c78d49ed,C,Informe de Investigación Especial,22101,https://www.contraloria.cl/SicaProd/SICAv3-BIFAPortalCGR/servletfichainformegoogle?docIdcm=5a46ff1450b5f315df722a80c78d49ed&pdf=1
46783,09120,2017-11-22 00:00:00.0,MUNICIPALIDAD DE VILLARRICA,2017,729,"INFORME DE INVESTIGACIÓN ESPECIAL 729-17 MUNICIPALIDAD DE VILLARRICA, SOBRE ASERRADERO FISCALICACIÓN - NOVIEMBRE 2017",https://www.contraloria.cl/pdfbuscador/auditoria/0e76267a1daea70d556bd75d479ccf25/html,09,VILLARRICA,https://www.contraloria.cl/SicaProd/SICAv3-BIFAPortalCGR/faces/newDetalleInforme?docIdcm=0e76267a1daea70d556bd75d479ccf25,C,Informe de Investigación Especial,22202,https://www.contraloria.cl/SicaProd/SICAv3-BIFAPortalCGR/servletfichainformegoogle?docIdcm=0e76267a1daea70d556bd75d479ccf25&pdf=1
45905,09120,2017-11-29 00:00:00.0,MUNICIPALIDAD DE VILLARRICA,2017,849,"INFORME DE INVESTIGACIÓN ESPECIAL 849-2017 MUNICIPALIDAD DE VILLARRICA, SOBRE POZO BECKER - NOVIEMBRE 2017",https://www.contraloria.cl/pdfbuscador/auditoria/97ff91e9d1ae937bbfc2905fecdeb715/html,09,VILLARRICA,https://www.contraloria.cl/SicaProd/SICAv3-BIFAPortalCGR/faces/newDetalleInforme?docIdcm=97ff91e9d1ae937bbfc2905fecdeb715,C,Informe de Investigación Especial,22263,https://www.contraloria.cl/SicaProd/SICAv3-BIFAPortalCGR/servletfichainformegoogle?docIdcm=97ff91e9d1ae937bbfc2905fecdeb715&pdf=1
48451,09120,2018-03-27 00:00:00.0,MUNICIPALIDAD DE VILLARRICA,2018,11,"INFORME DE INVESTIGACIÓN ESPECIAL 11-2018 MUNICIPALIDAD DE VILLARRICA, SOBRE MATERIAS DE ADQUISICIONES- MARZO 2018",https://www.contraloria.cl/pdfbuscador/auditoria/8fede0e51071e6fb268b48582a8c92f4/html,09,VILLARRICA,https://www.contraloria.cl/SicaProd/SICAv3-BIFAPortalCGR/faces/newDetalleInforme?docIdcm=8fede0e51071e6fb268b48582a8c92f4,C,Informe de Investigación Especial,23509,https://www.contraloria.cl/SicaProd/SICAv3-BIFAPortalCGR/servletfichainformegoogle?docIdcm=8fede0e51071e6fb268b48582a8c92f4&pdf=1
49620,09120,2018-08-17 00:00:00.0,DEPARTAMENTO DE SALUD MUNICIPAL DE VILLARRICA,2018,303,"INFORME FINAL 303-2018 DEPTO DE SALUD MUNICIPAL DE VILLARRICA, SOBRE CONTROL DE EXISTENCIAS- AGOSTO 2018",https://www.contraloria.cl/pdfbuscador/auditoria/1aa550af766ef73482052bcaeff35b3c/html,09,VILLARRICA,https://www.contraloria.cl/SicaProd/SICAv3-BIFAPortalCGR/faces/newDetalleInforme?docIdcm=1aa550af766ef73482052bcaeff35b3c,C,Informe Final de Auditoría,25361,https://www.contraloria.cl/SicaProd/SICAv3-BIFAPortalCGR/servletfichainformegoogle?docIdcm=1aa550af766ef73482052bcaeff35b3c&pdf=1
51261,09120,2018-07-04 00:00:00.0,MUNICIPALIDAD DE VILLARRICA,2018,309,"INFORME DE INVESTIGACIÓN ESPECIAL 309-2018 MUNICIPALIDAD DE VILLARRICA, SOBRE LICITACIÓN PÚBLICA- JULIO 2018",https://www.contraloria.cl/pdfbuscador/auditoria/d7dcff12390884fb83d62ea3d8dcf560/html,09,VILLARRICA,https://www.contraloria.cl/SicaProd/SICAv3-BIFAPortalCGR/faces/newDetalleInforme?docIdcm=d7dcff12390884fb83d62ea3d8dcf560,C,Informe de Investigación Especial,24862,https://www.contraloria.cl/SicaProd/SICAv3-BIFAPortalCGR/servletfichainformegoogle?docIdcm=d7dcff12390884fb83d62ea3d8dcf560&pdf=1
54880,09120,2019-01-23 00:00:00.0,DEPARTAMENTO DE SALUD MUNICIPAL DE VILLARRICA,2018,997,"INFORME DE INVESTIGACIÓN ESPECIAL 997-18 DEPTO SALUD MUNICIPAL VILLARRICA, SOBRE BENEFICIOS AL PERSONAL LEY N° 20.858- ENERO 2019",https://www.contraloria.cl/pdfbuscador/auditoria/896f65f500cff5c5c8c6b52437ee8dc1/html,09,VILLARRICA,https://www.contraloria.cl/SicaProd/SICAv3-BIFAPortalCGR/faces/newDetalleInforme?docIdcm=896f65f500cff5c5c8c6b52437ee8dc1,C,Informe de Investigación Especial,27477,https://www.contraloria.cl/SicaProd/SICAv3-BIFAPortalCGR/servletfichainformegoogle?docIdcm=896f65f500cff5c5c8c6b52437ee8dc1&pdf=1
55877,09120,2019-05-17 00:00:00.0,MUNICIPALIDAD DE VILLARRICA,2019,277,"INFORME DE INVESTIGACIÓN ESPECIAL 277-19 MUNICIPALIDAD DE VILLARRICA, SOBRE ESTERILIZACIÓN DE CANINOS Y FELINOS-MAYO 2019",https://www.contraloria.cl/pdfbuscador/auditoria/e4a62aa88aad0202363683f6fb25e888/html,09,VILLARRICA,https://www.contraloria.cl/SicaProd/SICAv3-BIFAPortalCGR/faces/newDetalleInforme?docIdcm=e4a62aa88aad0202363683f6fb25e888,C,Informe de Investigación Especial,28971,https://www.contraloria.cl/SicaProd/SICAv3-BIFAPortalCGR/servletfichainformegoogle?docIdcm=e4a62aa88aad0202363683f6fb25e888&pdf=1
58886,09120,2019-12-13 00:00:00.0,DEPARTAMENTO DE EDUCACION MUNICIPAL DE VILLARRICA,2019,920,"INFORME DE INVESTIGACIÓN ESPECIAL 920-19 MUNICIPALIDAD DE VILLARRICA, SOBRE PAGOS DE REMUNERACIONES-DICIEMBRE 2019",https://www.contraloria.cl/pdfbuscador/auditoria/5551fea00108b3811850e4aec95cd4d7/html,09,VILLARRICA,https://www.contraloria.cl/SicaProd/SICAv3-BIFAPortalCGR/faces/newDetalleInforme?docIdcm=5551fea00108b3811850e4aec95cd4d7,C,Informe de Investigación Especial,30613,https://www.contraloria.cl/SicaProd/SICAv3-BIFAPortalCGR/servletfichainformegoogle?docIdcm=5551fea00108b3811850e4aec95cd4d7&pdf=1