IDACTIVIDAD,CODIGOSUBDERE,FECHAINFORME,NOMBRESERVICIO,ANOINFORME,NUMEROINFORME,MATERIAINFORME,FICHAINFORMEBIFA,C_REG_SUBDERE,NOMBRESUBDERE,FICHAINFORME,TIPOSUBDERE,TIPOINFORME,IDINFORME,PDFINFORME
34409,13132,2016-12-20 00:00:00.0,MUNICIPALIDAD DE VITACURA,2016,401,INFORME FINAL 401-16 MUNICIPALIDAD DE VITACURA - SOBRE AUDITORIA AL MACROPROCESO DE INGRESOS PROPIOS Y CUMPLIMIENTO DE LA LEY N° 20.730 - DICIEMBRE 2016,https://www.contraloria.cl/pdfbuscador/auditoria/83cbd941ad00d234ff3bdad9d5e17622/html,13,VITACURA,https://www.contraloria.cl/SicaProd/SICAv3-BIFAPortalCGR/faces/newDetalleInforme?docIdcm=83cbd941ad00d234ff3bdad9d5e17622,C,Informe Final de Auditoría,20022,https://www.contraloria.cl/SicaProd/SICAv3-BIFAPortalCGR/servletfichainformegoogle?docIdcm=83cbd941ad00d234ff3bdad9d5e17622&pdf=1
38249,13132,2016-12-30 00:00:00.0,MUNICIPALIDAD DE VITACURA,2016,932,INFORME FINAL 932-16 MUNICIPALIDAD DE VITACURA PERMISOS DE EDIFICACIÓN - DICIEMBRE 2016,https://www.contraloria.cl/pdfbuscador/auditoria/6a90ecc533119ef3ced0775627c5528c/html,13,VITACURA,https://www.contraloria.cl/SicaProd/SICAv3-BIFAPortalCGR/faces/newDetalleInforme?docIdcm=6a90ecc533119ef3ced0775627c5528c,C,Informe Final de Auditoría,20423,https://www.contraloria.cl/SicaProd/SICAv3-BIFAPortalCGR/servletfichainformegoogle?docIdcm=6a90ecc533119ef3ced0775627c5528c&pdf=1
39821,13132,2017-09-26 00:00:00.0,MUNICIPALIDAD DE VITACURA,2017,37,INFORME FINAL DE INVESTIGACIÓN ESPECIAL 37-2017 MUNICIPALIDAD DE VITACURA RELATIVA A GASTOS EN PUBLICIDAD Y OTRAS MATERIAS EN LA MUNICIPALIDAD DE VITACURA - SEPTIEMBRE 2017,https://www.contraloria.cl/pdfbuscador/auditoria/e54568973bad164c8284cb54ed427df1/html,13,VITACURA,https://www.contraloria.cl/SicaProd/SICAv3-BIFAPortalCGR/faces/newDetalleInforme?docIdcm=e54568973bad164c8284cb54ed427df1,C,Informe de Investigación Especial,21777,https://www.contraloria.cl/SicaProd/SICAv3-BIFAPortalCGR/servletfichainformegoogle?docIdcm=e54568973bad164c8284cb54ed427df1&pdf=1
41786,13132,2017-07-07 00:00:00.0,MUNICIPALIDAD DE VITACURA,2017,152,INFORME FINAL 152-17 MUNICIPALIDAD DE VITACURA SOBRE AUDITORÍA A LOS CONTRATOS DE OBRA- JULIO 2017,https://www.contraloria.cl/pdfbuscador/auditoria/8e88a6c270df6c9e525af161fd3ba63b/html,13,VITACURA,https://www.contraloria.cl/SicaProd/SICAv3-BIFAPortalCGR/faces/newDetalleInforme?docIdcm=8e88a6c270df6c9e525af161fd3ba63b,C,Informe Final de Auditoría,21335,https://www.contraloria.cl/SicaProd/SICAv3-BIFAPortalCGR/servletfichainformegoogle?docIdcm=8e88a6c270df6c9e525af161fd3ba63b&pdf=1
42785,13132,2017-12-21 00:00:00.0,MUNICIPALIDAD DE VITACURA,2017,889,"INFORME FINAL 889-2017 MUNICIPALIDAD DE VITACURA SOBRE AUDITORIA AL MACROPROCESO DE CONCESIÓN DEL SERVICIO DE RECOLECCIÓN , TRANSPORTE Y DISPOSICIÓN FINAL DE RESIDUOS DOMICILIARIOS EN LA MUNICIPALIDAD DE VITACURA -DICIEMBRE 2017",https://www.contraloria.cl/pdfbuscador/auditoria/d797c12630c5bdf499cae6c0d4496b9c/html,13,VITACURA,https://www.contraloria.cl/SicaProd/SICAv3-BIFAPortalCGR/faces/newDetalleInforme?docIdcm=d797c12630c5bdf499cae6c0d4496b9c,C,Informe Final de Auditoría,22519,https://www.contraloria.cl/SicaProd/SICAv3-BIFAPortalCGR/servletfichainformegoogle?docIdcm=d797c12630c5bdf499cae6c0d4496b9c&pdf=1
52482,13132,2019-03-21 00:00:00.0,MUNICIPALIDAD DE VITACURA,2018,830,INFORME FINAL 830-2018 MUNICIPALIDAD DE VITACURA SOBRE AUDITORIA AL PROCESO DE ENDEUDAMIENTO DE LA MUNICIPALIDAD DE VITACURA - MARZO 2019,https://www.contraloria.cl/pdfbuscador/auditoria/e8219dad63095b6cf10f828dc2824106/html,13,VITACURA,https://www.contraloria.cl/SicaProd/SICAv3-BIFAPortalCGR/faces/newDetalleInforme?docIdcm=e8219dad63095b6cf10f828dc2824106,C,Informe Final de Auditoría,28609,https://www.contraloria.cl/SicaProd/SICAv3-BIFAPortalCGR/servletfichainformegoogle?docIdcm=e8219dad63095b6cf10f828dc2824106&pdf=1