IDACTIVIDAD,CODIGOSUBDERE,FECHAINFORME,NOMBRESERVICIO,ANOINFORME,NUMEROINFORME,MATERIAINFORME,FICHAINFORMEBIFA,C_REG_SUBDERE,NOMBRESUBDERE,FICHAINFORME,TIPOSUBDERE,TIPOINFORME,IDINFORME,PDFINFORME
28059,05109,2015-08-27 00:00:00.0,MUNICIPALIDAD DE VIÑA DEL MAR,2015,438,INFORME FINAL 438-15 MUNICIPALIDAD DE VIÑA DEL MAR SOBRE HORAS EXTRAORDINARIAS Y VIÁTICOS - AGOSTO 2015,https://www.contraloria.cl/pdfbuscador/auditoria/dd0ba18412bfb84e12324ebf864a3f91/html,05,VIÑA DEL MAR,https://www.contraloria.cl/SicaProd/SICAv3-BIFAPortalCGR/faces/newDetalleInforme?docIdcm=dd0ba18412bfb84e12324ebf864a3f91,C,Informe Final de Auditoría,14651,https://www.contraloria.cl/SicaProd/SICAv3-BIFAPortalCGR/servletfichainformegoogle?docIdcm=dd0ba18412bfb84e12324ebf864a3f91&pdf=1
30182,05109,2015-12-23 00:00:00.0,MUNICIPALIDAD DE VIÑA DEL MAR,2015,777,INFORME FINAL 777-15 MUNICIPALIDAD DE VIÑA DEL MAR SOBRE AUDITORÍA AL CONTRATO REPOSICIÓN PARCIAL ESTADIO MUNICIPAL SAUSALITO - DICIEMBRE 2015,https://www.contraloria.cl/pdfbuscador/auditoria/c52f7a3b99975737eec72f34d7c1b784/html,05,VIÑA DEL MAR,https://www.contraloria.cl/SicaProd/SICAv3-BIFAPortalCGR/faces/newDetalleInforme?docIdcm=c52f7a3b99975737eec72f34d7c1b784,C,Informe Final de Auditoría,16719,https://www.contraloria.cl/SicaProd/SICAv3-BIFAPortalCGR/servletfichainformegoogle?docIdcm=c52f7a3b99975737eec72f34d7c1b784&pdf=1
32530,05109,2015-12-30 00:00:00.0,MUNICIPALIDAD DE VIÑA DEL MAR,2015,1178,INFORME DE INSPECCIÓN DE OBRA PÚBLICA 1.178-15 MUNICIPALIDAD DE VIÑA DEL MAR SOBRE RESTAURACIÓN PALACIO RIOJA - DICIEMBRE 2015,https://www.contraloria.cl/pdfbuscador/auditoria/8a5b76cbdf0f80532f5fd0ceac8ec5fc/html,05,VIÑA DEL MAR,https://www.contraloria.cl/SicaProd/SICAv3-BIFAPortalCGR/faces/newDetalleInforme?docIdcm=8a5b76cbdf0f80532f5fd0ceac8ec5fc,C,Informe de Inspección de Obra Pública,16835,https://www.contraloria.cl/SicaProd/SICAv3-BIFAPortalCGR/servletfichainformegoogle?docIdcm=8a5b76cbdf0f80532f5fd0ceac8ec5fc&pdf=1
33504,05109,2015-12-30 00:00:00.0,MUNICIPALIDAD DE VIÑA DEL MAR,2015,1197,INFORME DE INSPECCIÓN DE OBRA PÚBLICA 1.197-15 MUNICIPALIDAD DE VIÑA DEL MAR SOBRE CONSTRUCCIÓN CENTRO DEPORTIVO EL TAMARUGAL SECTOR EL OLIVAR - DICIEMBRE 2015,https://www.contraloria.cl/pdfbuscador/auditoria/594bf7597463b08303ec62e56f62b401/html,05,VIÑA DEL MAR,https://www.contraloria.cl/SicaProd/SICAv3-BIFAPortalCGR/faces/newDetalleInforme?docIdcm=594bf7597463b08303ec62e56f62b401,C,Informe de Inspección de Obra Pública,16856,https://www.contraloria.cl/SicaProd/SICAv3-BIFAPortalCGR/servletfichainformegoogle?docIdcm=594bf7597463b08303ec62e56f62b401&pdf=1
34853,05109,2016-12-01 00:00:00.0,MUNICIPALIDAD DE VIÑA DEL MAR,2016,293,INFORME FINAL 293-16 MUNICIPALIDAD DE VIÑA DEL MAR SOBRE AUDITORÍA A LAS CONTRATACIONES DE HONORARIOS IMPUTADAS A LAS PARTIDAS PRESUPUESTARIAS 21.03.001 Y 21.04.004 - DICIEMBRE 2016,https://www.contraloria.cl/pdfbuscador/auditoria/b36deece05fd5f0857b6dcd7b63ab99d/html,05,VIÑA DEL MAR,https://www.contraloria.cl/SicaProd/SICAv3-BIFAPortalCGR/faces/newDetalleInforme?docIdcm=b36deece05fd5f0857b6dcd7b63ab99d,C,Informe Final de Auditoría,19723,https://www.contraloria.cl/SicaProd/SICAv3-BIFAPortalCGR/servletfichainformegoogle?docIdcm=b36deece05fd5f0857b6dcd7b63ab99d&pdf=1
34837,05109,2016-12-09 00:00:00.0,MUNICIPALIDAD DE VIÑA DEL MAR,2016,384,INFORME FINAL 384-16 MUNICIPALIDAD DE VIÑA DEL MAR SOBRE PERMISOS DE EDIFICACIÓN OTORGADOS POR LA DIRECCIÓN DE OBRAS - DICIEMBRE 2016,https://www.contraloria.cl/pdfbuscador/auditoria/78783c5244ec22803714aa1613e39268/html,05,VIÑA DEL MAR,https://www.contraloria.cl/SicaProd/SICAv3-BIFAPortalCGR/faces/newDetalleInforme?docIdcm=78783c5244ec22803714aa1613e39268,C,Informe Final de Auditoría,19766,https://www.contraloria.cl/SicaProd/SICAv3-BIFAPortalCGR/servletfichainformegoogle?docIdcm=78783c5244ec22803714aa1613e39268&pdf=1
38275,05109,2017-01-05 00:00:00.0,MUNICIPALIDAD DE VIÑA DEL MAR,2016,867,INFORME FINAL DE INVESTIGACIÓN ESPECIAL 867-16 MUNICIPALIDAD DE VIÑA DEL MAR SOBRE CAPACITACIÓN DE CONCEJALES EN EL EXTRANJERO - ENERO 2017,https://www.contraloria.cl/pdfbuscador/auditoria/87041e1cf3158d2e457d8dc810546b1c/html,05,VIÑA DEL MAR,https://www.contraloria.cl/SicaProd/SICAv3-BIFAPortalCGR/faces/newDetalleInforme?docIdcm=87041e1cf3158d2e457d8dc810546b1c,C,Informe de Investigación Especial,20200,https://www.contraloria.cl/SicaProd/SICAv3-BIFAPortalCGR/servletfichainformegoogle?docIdcm=87041e1cf3158d2e457d8dc810546b1c&pdf=1
39063,05109,2017-01-16 00:00:00.0,MUNICIPALIDAD DE VIÑA DEL MAR,2016,896,INFORME DE INSPECCIÓN DE OBRA PÚBLICA 896-16 MUNICIPALIDAD DE VIÑA DEL MAR SOBRE RESTAURACIÓN PALACIO VERGARA DE VIÑA DEL MAR - ENERO 2017,https://www.contraloria.cl/pdfbuscador/auditoria/daad883de30946749394060568913e15/html,05,VIÑA DEL MAR,https://www.contraloria.cl/SicaProd/SICAv3-BIFAPortalCGR/faces/newDetalleInforme?docIdcm=daad883de30946749394060568913e15,C,Informe de Inspección de Obra Pública,20235,https://www.contraloria.cl/SicaProd/SICAv3-BIFAPortalCGR/servletfichainformegoogle?docIdcm=daad883de30946749394060568913e15&pdf=1
38253,05109,2016-11-08 00:00:00.0,MUNICIPALIDAD DE VIÑA DEL MAR,2016,968,INFORME INVESTIGACIÓN ESPECIAL 968-16 MUNICIPALIDAD DE VIÑA DEL MAR SOBRE INDEMNIZACIÓN POR MAYORES GASTOS GENERALES EN CONTRATO - NOVIEMBRE 2016,https://www.contraloria.cl/pdfbuscador/auditoria/c24ed059cd06440547aff1a196ea0c56/html,05,VIÑA DEL MAR,https://www.contraloria.cl/SicaProd/SICAv3-BIFAPortalCGR/faces/newDetalleInforme?docIdcm=c24ed059cd06440547aff1a196ea0c56,C,Informe de Investigación Especial,19525,https://www.contraloria.cl/SicaProd/SICAv3-BIFAPortalCGR/servletfichainformegoogle?docIdcm=c24ed059cd06440547aff1a196ea0c56&pdf=1
38636,05109,2017-04-05 00:00:00.0,MUNICIPALIDAD DE VIÑA DEL MAR,2016,1011,INFORME FINAL DE INVESTIGACIÓN ESPECIAL 1.011-16 MUNICIPALIDAD DE VIÑA DEL MAR SOBRE IRREGULARIDADES EN LA EJECUCIÓN DE CONTRATOS A HONORARIOS - ABRIL 2017,https://www.contraloria.cl/pdfbuscador/auditoria/dae170e0fa34f6f88c6fd97c9cbf143d/html,05,VIÑA DEL MAR,https://www.contraloria.cl/SicaProd/SICAv3-BIFAPortalCGR/faces/newDetalleInforme?docIdcm=dae170e0fa34f6f88c6fd97c9cbf143d,C,Informe de Investigación Especial,20784,https://www.contraloria.cl/SicaProd/SICAv3-BIFAPortalCGR/servletfichainformegoogle?docIdcm=dae170e0fa34f6f88c6fd97c9cbf143d&pdf=1
42202,05109,2017-06-06 00:00:00.0,MUNICIPALIDAD DE VIÑA DEL MAR,2017,351,INFORME FINAL DE INVESTIGACIÓN ESPECIAL 351-17 MUNICIPALIDAD DE VIÑA DEL MAR SOBRE EVENTUALES IRREGULARIDADES EN LA EJECUCIÓN DE LOS CONTRATOS DE VIGILANTES PRIVADOS Y SEGURIDAD - JUNIO 2017,https://www.contraloria.cl/pdfbuscador/auditoria/c5b9124792d8a73c1efd32e4073646e8/html,05,VIÑA DEL MAR,https://www.contraloria.cl/SicaProd/SICAv3-BIFAPortalCGR/faces/newDetalleInforme?docIdcm=c5b9124792d8a73c1efd32e4073646e8,C,Informe de Investigación Especial,21108,https://www.contraloria.cl/SicaProd/SICAv3-BIFAPortalCGR/servletfichainformegoogle?docIdcm=c5b9124792d8a73c1efd32e4073646e8&pdf=1
46208,05109,2017-11-03 00:00:00.0,MUNICIPALIDAD DE VIÑA DEL MAR,2017,690,INFORME FINAL DE INVESTIGACIÓN ESPECIAL 690-17 MUNICIPALIDAD DE VIÑA DEL MAR SOBRE EVENTUALES IRREGULARIDADES - NOVIEMBRE 2017,https://www.contraloria.cl/pdfbuscador/auditoria/4fc7548dca10d3f4d1f3510f8cafbfae/html,05,VIÑA DEL MAR,https://www.contraloria.cl/SicaProd/SICAv3-BIFAPortalCGR/faces/newDetalleInforme?docIdcm=4fc7548dca10d3f4d1f3510f8cafbfae,C,Informe de Investigación Especial,22045,https://www.contraloria.cl/SicaProd/SICAv3-BIFAPortalCGR/servletfichainformegoogle?docIdcm=4fc7548dca10d3f4d1f3510f8cafbfae&pdf=1
42025,05109,2017-12-26 00:00:00.0,MUNICIPALIDAD DE VIÑA DEL MAR,2017,727,INFORME FINAL 727-17 MUNICIPALIDAD DE VIÑA DEL MAR SOBRE AUDITORÍA AL MACROPROCESO DE CONCESIÓN DEL SERVICIO DE ASEO - DICIEMBRE 2017,https://www.contraloria.cl/pdfbuscador/auditoria/2f6023c59788c399ee29e8913209f9ae/html,05,VIÑA DEL MAR,https://www.contraloria.cl/SicaProd/SICAv3-BIFAPortalCGR/faces/newDetalleInforme?docIdcm=2f6023c59788c399ee29e8913209f9ae,C,Informe Final de Auditoría,22569,https://www.contraloria.cl/SicaProd/SICAv3-BIFAPortalCGR/servletfichainformegoogle?docIdcm=2f6023c59788c399ee29e8913209f9ae&pdf=1
41640,05109,2017-12-21 00:00:00.0,CORPORACION MUNICIPAL DE VIÑA DEL MAR,2017,929,"INFORME FINAL 929-17 CORPORACIÓN MUNICIPAL DE VIÑA DEL MAR SOBRE AUDITORÍA A LOS RECURSOS DE LA LEY N° 20.248, SUBVENCIÓN ESCOLAR PREFERENCIAL - DICIEMBRE 2017",https://www.contraloria.cl/pdfbuscador/auditoria/a8a9b41631db94a6254615346daf7783/html,05,VIÑA DEL MAR,https://www.contraloria.cl/SicaProd/SICAv3-BIFAPortalCGR/faces/newDetalleInforme?docIdcm=a8a9b41631db94a6254615346daf7783,C,Informe Final de Auditoría,22509,https://www.contraloria.cl/SicaProd/SICAv3-BIFAPortalCGR/servletfichainformegoogle?docIdcm=a8a9b41631db94a6254615346daf7783&pdf=1
50648,05109,2019-01-17 00:00:00.0,MUNICIPALIDAD DE VIÑA DEL MAR,2018,577,"INFORME FINAL 577-18 MUNICIPALIDAD DE VIÑA DEL MAR SOBRE AUDITORÍA A LOS SISTEMAS INFORMÁTICOS, AL NIVEL DE ENDEUDAMIENTO Y A LOS INGRESOS Y GASTOS EJECUTADOS - ENERO 2019",https://www.contraloria.cl/pdfbuscador/auditoria/c1b0801de6aa4875e3dcc01bf9b69942/html,05,VIÑA DEL MAR,https://www.contraloria.cl/SicaProd/SICAv3-BIFAPortalCGR/faces/newDetalleInforme?docIdcm=c1b0801de6aa4875e3dcc01bf9b69942,C,Informe Final de Auditoría,27444,https://www.contraloria.cl/SicaProd/SICAv3-BIFAPortalCGR/servletfichainformegoogle?docIdcm=c1b0801de6aa4875e3dcc01bf9b69942&pdf=1
53056,05109,2018-12-31 00:00:00.0,MUNICIPALIDAD DE VIÑA DEL MAR,2018,1001,INFORME FINAL 1.001-18 MUNICIPALIDAD DE VIÑA DEL MAR SOBRE AUDITORÍA A LOS CONTRATOS DE INFRAESTRUCTURA EJECUTADOS - DICIEMBRE 2018,https://www.contraloria.cl/pdfbuscador/auditoria/57fb9704fbb49eac0e3e51d7b4bd6388/html,05,VIÑA DEL MAR,https://www.contraloria.cl/SicaProd/SICAv3-BIFAPortalCGR/faces/newDetalleInforme?docIdcm=57fb9704fbb49eac0e3e51d7b4bd6388,C,Informe Final de Auditoría,27250,https://www.contraloria.cl/SicaProd/SICAv3-BIFAPortalCGR/servletfichainformegoogle?docIdcm=57fb9704fbb49eac0e3e51d7b4bd6388&pdf=1