IDACTIVIDAD,CODIGOSUBDERE,FECHAINFORME,NOMBRESERVICIO,ANOINFORME,NUMEROINFORME,MATERIAINFORME,FICHAINFORMEBIFA,C_REG_SUBDERE,NOMBRESUBDERE,FICHAINFORME,TIPOSUBDERE,TIPOINFORME,IDINFORME,PDFINFORME
24828,08313,2015-01-15 00:00:00.0,MUNICIPALIDAD DE YUMBEL,2015,19,INFORME INVESTIGACION ESPECIAL 19-15 MUNICIPALIDAD DE YUMBEL SOBRE EVENTUALES IRREGULARIDADES - ENERO 2015,https://www.contraloria.cl/pdfbuscador/auditoria/eb324eaabb49251d84dc482387039652/html,08,YUMBEL,https://www.contraloria.cl/SicaProd/SICAv3-BIFAPortalCGR/faces/newDetalleInforme?docIdcm=eb324eaabb49251d84dc482387039652,C,Informe de Investigación Especial,13170,https://www.contraloria.cl/SicaProd/SICAv3-BIFAPortalCGR/servletfichainformegoogle?docIdcm=eb324eaabb49251d84dc482387039652&pdf=1
27948,08313,2015-06-16 00:00:00.0,MUNICIPALIDAD DE YUMBEL,2015,279,INFORME INVESTIGACIÓN ESPECIAL 279 - 15 MUNICIPALIDAD DE YUMBEL SOBRE EVENTUALES IRREGULARIDADES EN LA EXPLOTACIÓN DE ÁRBOLES EN RECINTOS MUNICIPALES - JUNIO 2015,https://www.contraloria.cl/pdfbuscador/auditoria/047efe026a57931f62e1b8b8fe3fb972/html,08,YUMBEL,https://www.contraloria.cl/SicaProd/SICAv3-BIFAPortalCGR/faces/newDetalleInforme?docIdcm=047efe026a57931f62e1b8b8fe3fb972,C,Informe de Investigación Especial,14200,https://www.contraloria.cl/SicaProd/SICAv3-BIFAPortalCGR/servletfichainformegoogle?docIdcm=047efe026a57931f62e1b8b8fe3fb972&pdf=1
28551,08313,2015-07-31 00:00:00.0,MUNICIPALIDAD DE YUMBEL,2015,395,INFORME FINAL 395-15 MUNICIPALIDAD DE YUMBEL PROGRAMA CONTRATACIONES A HONORARIOS - JULIO 2015,https://www.contraloria.cl/pdfbuscador/auditoria/c0e409239531d170bf1e0ab57a87112c/html,08,YUMBEL,https://www.contraloria.cl/SicaProd/SICAv3-BIFAPortalCGR/faces/newDetalleInforme?docIdcm=c0e409239531d170bf1e0ab57a87112c,C,Informe Final de Auditoría,14425,https://www.contraloria.cl/SicaProd/SICAv3-BIFAPortalCGR/servletfichainformegoogle?docIdcm=c0e409239531d170bf1e0ab57a87112c&pdf=1
32253,08313,2015-12-28 00:00:00.0,MUNICIPALIDAD DE YUMBEL,2015,1088,INFORME INVESTIGACIÓN ESPECIAL 1088 - 15 MUNICIPALIDAD DE YUMBEL SOBRE PRESUNTAS ACTUACIONES IRREGULARES  - DICIEMBRE 2015,https://www.contraloria.cl/pdfbuscador/auditoria/e868084e80c994355b6895b98b8cb8bb/html,08,YUMBEL,https://www.contraloria.cl/SicaProd/SICAv3-BIFAPortalCGR/faces/newDetalleInforme?docIdcm=e868084e80c994355b6895b98b8cb8bb,C,Informe de Investigación Especial,16903,https://www.contraloria.cl/SicaProd/SICAv3-BIFAPortalCGR/servletfichainformegoogle?docIdcm=e868084e80c994355b6895b98b8cb8bb&pdf=1
43299,08313,2017-07-20 00:00:00.0,MUNICIPALIDAD DE YUMBEL,2017,242,INFORME INVESTIGACIÓN ESPECIAL 242-17 MUNICIPALIDAD DE YUMBEL SOBRE IRREGULARIDADES EN LA EJECUCIÓN Y CONTRATACIÓN DE ACTIVIDADES DE CAPACITACIÓN - JULIO 2017,https://www.contraloria.cl/pdfbuscador/auditoria/8a63c83b6e3a74fe89a1086f5ba7ad7f/html,08,YUMBEL,https://www.contraloria.cl/SicaProd/SICAv3-BIFAPortalCGR/faces/newDetalleInforme?docIdcm=8a63c83b6e3a74fe89a1086f5ba7ad7f,C,Informe de Investigación Especial,21436,https://www.contraloria.cl/SicaProd/SICAv3-BIFAPortalCGR/servletfichainformegoogle?docIdcm=8a63c83b6e3a74fe89a1086f5ba7ad7f&pdf=1
53179,08313,2018-12-28 00:00:00.0,MUNICIPALIDAD DE YUMBEL,2018,789,INFORME FINAL 789-18 MUNICIPALIDAD DE YUMBEL SOBRE AUDITORÍA A LAS OBRAS DE INFRAESTRUCTURA - DICIEMBRE 2018,https://www.contraloria.cl/pdfbuscador/auditoria/fb04dbe26b3b0a14e3aca5f7b533753f/html,08,YUMBEL,https://www.contraloria.cl/SicaProd/SICAv3-BIFAPortalCGR/faces/newDetalleInforme?docIdcm=fb04dbe26b3b0a14e3aca5f7b533753f,C,Informe Final de Auditoría,27165,https://www.contraloria.cl/SicaProd/SICAv3-BIFAPortalCGR/servletfichainformegoogle?docIdcm=fb04dbe26b3b0a14e3aca5f7b533753f&pdf=1
56627,08313,2019-08-22 00:00:00.0,DEPARTAMENTO DE ADMINISTRACION DE EDUCACION MUNICIPAL DE YUMBEL,2019,274,INFORME FINAL 274-19 DAEM MUNICIPALIDAD DE YUMBEL AUDITORÍA A LOS PROCESOS DE REMUNERACIONES Y RECUPERACIÓN DE SUBSIDIO DE INCAPACIDAD LABORAL - AGOSTO 2019,https://www.contraloria.cl/pdfbuscador/auditoria/e73f2a8da7d27fc389e0aa0117a13a04/html,08,YUMBEL,https://www.contraloria.cl/SicaProd/SICAv3-BIFAPortalCGR/faces/newDetalleInforme?docIdcm=e73f2a8da7d27fc389e0aa0117a13a04,C,Informe Final de Auditoría,29812,https://www.contraloria.cl/SicaProd/SICAv3-BIFAPortalCGR/servletfichainformegoogle?docIdcm=e73f2a8da7d27fc389e0aa0117a13a04&pdf=1