IDACTIVIDAD,CODIGOSUBDERE,FECHAINFORME,NOMBRESERVICIO,ANOINFORME,NUMEROINFORME,MATERIAINFORME,FICHAINFORMEBIFA,C_REG_SUBDERE,NOMBRESUBDERE,FICHAINFORME,TIPOSUBDERE,TIPOINFORME,IDINFORME,PDFINFORME
29095,05405,2015-08-24 00:00:00.0,MUNICIPALIDAD DE ZAPALLAR,2015,573,"INFORME FINAL 573-15 MUNICIPALIDAD DE ZAPALLAR SOBRE AUDITORÍA A LAS CONTRATACIONES A HONORARIOS CON CARGO AL SUBTÍTULO 21, ÍTEM 04, ASIGNACIÓN 004, DEL CLASIFICADOR PRESUPUESTARIO",https://www.contraloria.cl/pdfbuscador/auditoria/738a01d2585ad54f6220b3e6182d2f85/html,05,ZAPALLAR,https://www.contraloria.cl/SicaProd/SICAv3-BIFAPortalCGR/faces/newDetalleInforme?docIdcm=738a01d2585ad54f6220b3e6182d2f85,C,Informe Final de Auditoría,14612,https://www.contraloria.cl/SicaProd/SICAv3-BIFAPortalCGR/servletfichainformegoogle?docIdcm=738a01d2585ad54f6220b3e6182d2f85&pdf=1
31421,05405,2015-10-14 00:00:00.0,MUNICIPALIDAD DE ZAPALLAR,2015,871,INFORME INVESTIGACIÓN ESPECIAL 871-15 MUNICIPALIDAD DE ZAPALLAR SOBRE SUPUESTAS IRREGULARIDADES - OCTUBRE 2015,https://www.contraloria.cl/pdfbuscador/auditoria/c5bf046098e03f84cbe872be4477560f/html,05,ZAPALLAR,https://www.contraloria.cl/SicaProd/SICAv3-BIFAPortalCGR/faces/newDetalleInforme?docIdcm=c5bf046098e03f84cbe872be4477560f,C,Informe de Investigación Especial,15085,https://www.contraloria.cl/SicaProd/SICAv3-BIFAPortalCGR/servletfichainformegoogle?docIdcm=c5bf046098e03f84cbe872be4477560f&pdf=1
38309,05405,2017-06-14 00:00:00.0,MUNICIPALIDAD DE ZAPALLAR,2017,23,INFORME FINAL DE INVESTIGACIÓN ESPECIAL 23-17 MUNICIPALIDAD DE ZAPALLAR SOBRE HONORARIOS PAGADOS - JUNIO 2017,https://www.contraloria.cl/pdfbuscador/auditoria/50588322e441fac92ed58b0a31434395/html,05,ZAPALLAR,https://www.contraloria.cl/SicaProd/SICAv3-BIFAPortalCGR/faces/newDetalleInforme?docIdcm=50588322e441fac92ed58b0a31434395,C,Informe de Investigación Especial,21184,https://www.contraloria.cl/SicaProd/SICAv3-BIFAPortalCGR/servletfichainformegoogle?docIdcm=50588322e441fac92ed58b0a31434395&pdf=1
46943,05405,2017-11-07 00:00:00.0,MUNICIPALIDAD DE ZAPALLAR,2017,819,INFORME FINAL DE INVESTIGACIÓN ESPECIAL 819-17 MUNICIPALIDAD DE ZAPALLAR SOBRE EVENTUALES IRREGULARIDADES EN LA UTILIZACIÓN DE LICEO - NOVIEMBRE 2017,https://www.contraloria.cl/pdfbuscador/auditoria/5bb33272190aa7f5661bde03cef83267/html,05,ZAPALLAR,https://www.contraloria.cl/SicaProd/SICAv3-BIFAPortalCGR/faces/newDetalleInforme?docIdcm=5bb33272190aa7f5661bde03cef83267,C,Informe de Investigación Especial,22058,https://www.contraloria.cl/SicaProd/SICAv3-BIFAPortalCGR/servletfichainformegoogle?docIdcm=5bb33272190aa7f5661bde03cef83267&pdf=1
45617,05405,2018-05-02 00:00:00.0,MUNICIPALIDAD DE ZAPALLAR,2017,992,INFORME FINAL DE INVESTIGACIÓN ESPECIAL 992-17 MUNICIPALIDAD DE ZAPALLAR SOBRE EVENTUALES IRREGULARIDADES - MAYO 2018,https://www.contraloria.cl/pdfbuscador/auditoria/64122d9835bf10076ace9c51c1477d67/html,05,ZAPALLAR,https://www.contraloria.cl/SicaProd/SICAv3-BIFAPortalCGR/faces/newDetalleInforme?docIdcm=64122d9835bf10076ace9c51c1477d67,C,Informe de Investigación Especial,23882,https://www.contraloria.cl/SicaProd/SICAv3-BIFAPortalCGR/servletfichainformegoogle?docIdcm=64122d9835bf10076ace9c51c1477d67&pdf=1
53207,05405,2019-02-11 00:00:00.0,MUNICIPALIDAD DE ZAPALLAR,2018,931,INFORME FINAL 931-18 MUNICIPALIDAD DE ZAPALLAR SOBRE AUDITORÍA AL CUMPLIMIENTO DE LA JORNADA LABORAL Y PAGO DE HORAS EXTRAORDINARIAS - FEBRERO 2019,https://www.contraloria.cl/pdfbuscador/auditoria/47a40a40c828fef713dbb8902124d06d/html,05,ZAPALLAR,https://www.contraloria.cl/SicaProd/SICAv3-BIFAPortalCGR/faces/newDetalleInforme?docIdcm=47a40a40c828fef713dbb8902124d06d,C,Informe Final de Auditoría,27844,https://www.contraloria.cl/SicaProd/SICAv3-BIFAPortalCGR/servletfichainformegoogle?docIdcm=47a40a40c828fef713dbb8902124d06d&pdf=1
56561,05405,2019-06-25 00:00:00.0,MUNICIPALIDAD DE ZAPALLAR,2019,316,INFORME FINAL DE INVESTIGACIÓN ESPECIAL 316-19 MUNICIPALIDAD DE ZAPALLAR SOBRE EVENTUALES IRREGULARIDADES - JUNIO 2019,https://www.contraloria.cl/pdfbuscador/auditoria/9d2ea01dd2551458ced7523aa4380cb2/html,05,ZAPALLAR,https://www.contraloria.cl/SicaProd/SICAv3-BIFAPortalCGR/faces/newDetalleInforme?docIdcm=9d2ea01dd2551458ced7523aa4380cb2,C,Informe de Investigación Especial,29204,https://www.contraloria.cl/SicaProd/SICAv3-BIFAPortalCGR/servletfichainformegoogle?docIdcm=9d2ea01dd2551458ced7523aa4380cb2&pdf=1
56951,05405,2019-07-11 00:00:00.0,MUNICIPALIDAD DE ZAPALLAR,2019,320,INFORME FINAL DE INVESTIGACIÓN ESPECIAL 320-19 MUNICIPALIDAD DE ZAPALLAR SOBRE EVENTUALES IRREGULARIDADES EN EL PROGRAMA MUNICIPAL RECUPERACIÓN PATRIMONIAL Y FERROVIARIA - JULIO 2019,https://www.contraloria.cl/pdfbuscador/auditoria/d07803815c3af0b2165c195c04fc6f95/html,05,ZAPALLAR,https://www.contraloria.cl/SicaProd/SICAv3-BIFAPortalCGR/faces/newDetalleInforme?docIdcm=d07803815c3af0b2165c195c04fc6f95,C,Informe de Investigación Especial,29369,https://www.contraloria.cl/SicaProd/SICAv3-BIFAPortalCGR/servletfichainformegoogle?docIdcm=d07803815c3af0b2165c195c04fc6f95&pdf=1
72981,05405,2020-08-14 00:00:00.0,MUNICIPALIDAD DE ZAPALLAR,2020,202,INFORME FINAL DE INVESTIGACIÓN ESPECIAL 202-20 MUNICIPALIDAD DE ZAPALLAR SOBRE EVENTUALES IRREGULARIDADES EN LA CELEBRACIÓN DEL DÍA DEL FUNCIONARIO MUNICIPAL - AGOSTO 2020,https://www.contraloria.cl/pdfbuscador/auditoria/58b43b4db1ee561a458c9f7e2ad08fb3/html,05,ZAPALLAR,https://www.contraloria.cl/SicaProd/SICAv3-BIFAPortalCGR/faces/newDetalleInforme?docIdcm=58b43b4db1ee561a458c9f7e2ad08fb3,C,Informe de Investigación Especial,33350,https://www.contraloria.cl/SicaProd/SICAv3-BIFAPortalCGR/servletfichainformegoogle?docIdcm=58b43b4db1ee561a458c9f7e2ad08fb3&pdf=1