IDACTIVIDAD,CODIGOSUBDERE,FECHAINFORME,NOMBRESERVICIO,ANOINFORME,NUMEROINFORME,MATERIAINFORME,FICHAINFORMEBIFA,C_REG_SUBDERE,NOMBRESUBDERE,FICHAINFORME,TIPOSUBDERE,TIPOINFORME,IDINFORME,PDFINFORME
28470,13120,2015-06-24 00:00:00.0,MUNICIPALIDAD DE ÑUÑOA,2015,264,INFORME FINAL 264-2015 MUNICIPALIDAD DE ÑUÑOA AUDITORIA AL USO Y ADQUISICION DE VEHICULOS MUNICIPALES Y_O ARRENDADOS Y GASTO EN COMBUSTIBLE JUNIO 2015,https://www.contraloria.cl/pdfbuscador/auditoria/26352fcc3f94a36cf88539449686fc2c/html,13,ÑUÑOA,https://www.contraloria.cl/SicaProd/SICAv3-BIFAPortalCGR/faces/newDetalleInforme?docIdcm=26352fcc3f94a36cf88539449686fc2c,C,Informe Final de Auditoría,14171,https://www.contraloria.cl/SicaProd/SICAv3-BIFAPortalCGR/servletfichainformegoogle?docIdcm=26352fcc3f94a36cf88539449686fc2c&pdf=1
32028,13120,2016-01-26 00:00:00.0,MUNICIPALIDAD DE ÑUÑOA,2015,1097,INFORME FINAL 1.097-15 MUNICIPALIDAD DE ÑUÑOA - SOBRE AUDITORIA A LOS DEUDORES PRESUPUESTARIOS REGISTRADOS EN LA CUENTA INGRESOS POR PERCIBIR - ENERO 2016,https://www.contraloria.cl/pdfbuscador/auditoria/3390c6431f1c6284ad545695468253b5/html,13,ÑUÑOA,https://www.contraloria.cl/SicaProd/SICAv3-BIFAPortalCGR/faces/newDetalleInforme?docIdcm=3390c6431f1c6284ad545695468253b5,C,Informe Final de Auditoría,17082,https://www.contraloria.cl/SicaProd/SICAv3-BIFAPortalCGR/servletfichainformegoogle?docIdcm=3390c6431f1c6284ad545695468253b5&pdf=1
32065,13120,2015-12-31 00:00:00.0,MUNICIPALIDAD DE ÑUÑOA,2015,1159,INVESTIGACION ESPECIAL 1.159-15 MUNICIPALIDAD DE ÑUÑOA - SOBRE EVENTUALES IRREGULARIDADES EN CONSTRUCCION DEL PORTAL ÑUÑOA - DICIEMBRE 2015,https://www.contraloria.cl/pdfbuscador/auditoria/d5a4dd5c45dbf05eae9af2cbe1666050/html,13,ÑUÑOA,https://www.contraloria.cl/SicaProd/SICAv3-BIFAPortalCGR/faces/newDetalleInforme?docIdcm=d5a4dd5c45dbf05eae9af2cbe1666050,C,Informe de Investigación Especial,16837,https://www.contraloria.cl/SicaProd/SICAv3-BIFAPortalCGR/servletfichainformegoogle?docIdcm=d5a4dd5c45dbf05eae9af2cbe1666050&pdf=1
28659,13120,2016-02-29 00:00:00.0,CORPORACION MUNICIPAL DE DESARROLLO SOCIAL DE ÑUÑOA,2015,1257,"INFORME FINAL 1.257-15 CORPORACION MUNICIPAL DE ÑUÑOA - SOBRE AUDITORIA A LOS RECURSOS DE LA LEY N° 20.248, SUBVENCION ESCOLAR PREFERENCIAL SEP - FEBRERO 2016",https://www.contraloria.cl/pdfbuscador/auditoria/9068884282fc96fdf422aa2d5d4ec3aa/html,13,ÑUÑOA,https://www.contraloria.cl/SicaProd/SICAv3-BIFAPortalCGR/faces/newDetalleInforme?docIdcm=9068884282fc96fdf422aa2d5d4ec3aa,C,Informe Final de Auditoría,17390,https://www.contraloria.cl/SicaProd/SICAv3-BIFAPortalCGR/servletfichainformegoogle?docIdcm=9068884282fc96fdf422aa2d5d4ec3aa&pdf=1
34545,13120,2016-07-12 00:00:00.0,MUNICIPALIDAD DE ÑUÑOA,2016,138,INFORME FINAL 138-16 MUNICIPALIDAD DE ÑUÑOA - SOBRE AUDITORIA AL MACROPROCESO DE TECNOLOGIAS DE INFORMACION Y COMUNICACION Y CUMPLIMIENTO DE LA LEY NRO. 20.730 - JULIO 2016,https://www.contraloria.cl/pdfbuscador/auditoria/21f128c22a954fbdfa0cb8b9e31e3332/html,13,ÑUÑOA,https://www.contraloria.cl/SicaProd/SICAv3-BIFAPortalCGR/faces/newDetalleInforme?docIdcm=21f128c22a954fbdfa0cb8b9e31e3332,C,Informe Final de Auditoría,18465,https://www.contraloria.cl/SicaProd/SICAv3-BIFAPortalCGR/servletfichainformegoogle?docIdcm=21f128c22a954fbdfa0cb8b9e31e3332&pdf=1
34318,13120,2016-10-18 00:00:00.0,MUNICIPALIDAD DE ÑUÑOA,2016,686,INFORME FINAL 686-16 MUNICIPALIDAD DE ÑUÑOA - AUDITORÍA AL GASTO EN PERÍODO ELECTORAL - USO DE BIENES - VEHÍCULOS - RRHH - RECURSOS FÍSICOS Y FINANCIEROS - OCTUBRE 2016,https://www.contraloria.cl/pdfbuscador/auditoria/576781847cdb9519617a126d616ba937/html,13,ÑUÑOA,https://www.contraloria.cl/SicaProd/SICAv3-BIFAPortalCGR/faces/newDetalleInforme?docIdcm=576781847cdb9519617a126d616ba937,C,Informe Final de Auditoría,19190,https://www.contraloria.cl/SicaProd/SICAv3-BIFAPortalCGR/servletfichainformegoogle?docIdcm=576781847cdb9519617a126d616ba937&pdf=1
42662,13120,2017-09-01 00:00:00.0,MUNICIPALIDAD DE ÑUÑOA,2017,452,"INFORME FINAL 452-17 MUNICIPALIDAD DE ÑUÑOA, SOBRE AUDITORÍA AL PROCESO DE OTORGAMIENTO DE PERMISOS DE EDIFICACIÓN _SEPTIEMBRE 2017",https://www.contraloria.cl/pdfbuscador/auditoria/5506c9f93726d4ea5f8774d16df693d7/html,13,ÑUÑOA,https://www.contraloria.cl/SicaProd/SICAv3-BIFAPortalCGR/faces/newDetalleInforme?docIdcm=5506c9f93726d4ea5f8774d16df693d7,C,Informe Final de Auditoría,21670,https://www.contraloria.cl/SicaProd/SICAv3-BIFAPortalCGR/servletfichainformegoogle?docIdcm=5506c9f93726d4ea5f8774d16df693d7&pdf=1
51128,13120,2018-08-23 00:00:00.0,MUNICIPALIDAD DE ÑUÑOA,2018,396,"INFORME DE INVESTIGACIÓN ESPECIAL 396-2018 MUNICIPALIDAD DE ÑUÑOA SOBRE EVENTUALES IRREGULARIDADES EN LA EMISIÓN DE LA RESOLUCIÓN DE APROBACIÓN DEL ANTEPROYECTO DE EDIFICACIÓN N°33, DE 2017, POR PARTE DE LA DIRECCIÓN DE OBRAS DE LA MUNICIPALIDAD DE ÑUÑOA-AGOSTO 2018",https://www.contraloria.cl/pdfbuscador/auditoria/bdffe4042f411a4ef1df45a11e85d320/html,13,ÑUÑOA,https://www.contraloria.cl/SicaProd/SICAv3-BIFAPortalCGR/faces/newDetalleInforme?docIdcm=bdffe4042f411a4ef1df45a11e85d320,C,Informe de Investigación Especial,25441,https://www.contraloria.cl/SicaProd/SICAv3-BIFAPortalCGR/servletfichainformegoogle?docIdcm=bdffe4042f411a4ef1df45a11e85d320&pdf=1
50987,13120,2018-12-17 00:00:00.0,MUNICIPALIDAD DE ÑUÑOA,2018,618,INFORME FINAL 618-2018 MUNICIPALIDAD DE ÑUÑOA SOBRE AUDITORÍA AL MACROPROCESO DE INGRESOS PROPIOS POR CONCEPTO DE PERMISOS DE CIRCULACIÓN -DICIEMBRE 2018,https://www.contraloria.cl/pdfbuscador/auditoria/3747286af2f8096ef93248eadd7d10d0/html,13,ÑUÑOA,https://www.contraloria.cl/SicaProd/SICAv3-BIFAPortalCGR/faces/newDetalleInforme?docIdcm=3747286af2f8096ef93248eadd7d10d0,C,Informe Final de Auditoría,27067,https://www.contraloria.cl/SicaProd/SICAv3-BIFAPortalCGR/servletfichainformegoogle?docIdcm=3747286af2f8096ef93248eadd7d10d0&pdf=1
52953,13120,2018-12-27 00:00:00.0,CORPORACION DE DEPORTES DE ÑUÑOA,2018,914,"INFORME FINAL 914-2018 CORPORACIÓN MUNICIPAL DE DEPORTES DE ÑUÑOA AUDITORÍA A LOS INGRESOS Y GASTOS, EN LA CORPORACIÓN MUNICIPAL DE DEPORTES - DICIEMBRE 2018",https://www.contraloria.cl/pdfbuscador/auditoria/451b76a35316a753edebdb40e3a01ed9/html,13,ÑUÑOA,https://www.contraloria.cl/SicaProd/SICAv3-BIFAPortalCGR/faces/newDetalleInforme?docIdcm=451b76a35316a753edebdb40e3a01ed9,C,Informe Final de Auditoría,27191,https://www.contraloria.cl/SicaProd/SICAv3-BIFAPortalCGR/servletfichainformegoogle?docIdcm=451b76a35316a753edebdb40e3a01ed9&pdf=1
56584,13120,2019-08-08 00:00:00.0,MUNICIPALIDAD DE ÑUÑOA,2019,407,INFORME FINAL N° 407-2019 - MUNICIPALIDAD DE ÑUÑOA - SOBRE AUDITORIA AL MACROPROCESO DE ADQUISICION Y ABASTECIMIENTO - AGOSTO 2019,https://www.contraloria.cl/pdfbuscador/auditoria/bff1345225ba69f36585547882ca0cb0/html,13,ÑUÑOA,https://www.contraloria.cl/SicaProd/SICAv3-BIFAPortalCGR/faces/newDetalleInforme?docIdcm=bff1345225ba69f36585547882ca0cb0,C,Informe Final de Auditoría,29614,https://www.contraloria.cl/SicaProd/SICAv3-BIFAPortalCGR/servletfichainformegoogle?docIdcm=bff1345225ba69f36585547882ca0cb0&pdf=1
57878,13120,2019-11-19 00:00:00.0,CORPORACION MUNICIPAL DE DESARROLLO SOCIAL DE ÑUÑOA,2019,547,INFORME FINAL N° 547-2019 - CORPORACION MUNICIPAL DE DESARROLLO SOCIAL DE ÑUÑOA - SOBRE AUDITORIA A LOS INGRESOS PERCIBIDOS Y GASTOS EJECUTADOS - NOVIEMBRE 2019,https://www.contraloria.cl/pdfbuscador/auditoria/e0323bdf40a5aad0eefcd546c8429b94/html,13,ÑUÑOA,https://www.contraloria.cl/SicaProd/SICAv3-BIFAPortalCGR/faces/newDetalleInforme?docIdcm=e0323bdf40a5aad0eefcd546c8429b94,C,Informe Final de Auditoría,30331,https://www.contraloria.cl/SicaProd/SICAv3-BIFAPortalCGR/servletfichainformegoogle?docIdcm=e0323bdf40a5aad0eefcd546c8429b94&pdf=1
58469,13120,2020-06-26 00:00:00.0,MUNICIPALIDAD DE ÑUÑOA,2019,883,INFORME FINAL N°883-2019 - MUNICIPALIDAD DE ÑUÑOA - SOBRE AUDITORIA AL MACROPROCESO DE CONCESIONES DE MANTENCION DE AREAS VERDES - JUNIO 2020,https://www.contraloria.cl/pdfbuscador/auditoria/a3c9af3c30fd8e98232f4e3bd38cddda/html,13,ÑUÑOA,https://www.contraloria.cl/SicaProd/SICAv3-BIFAPortalCGR/faces/newDetalleInforme?docIdcm=a3c9af3c30fd8e98232f4e3bd38cddda,C,Informe Final de Auditoría,32998,https://www.contraloria.cl/SicaProd/SICAv3-BIFAPortalCGR/servletfichainformegoogle?docIdcm=a3c9af3c30fd8e98232f4e3bd38cddda&pdf=1
72205,13120,2020-06-15 00:00:00.0,MUNICIPALIDAD DE ÑUÑOA,2020,163,"INFORME FINAL N°163-2020 MUNICIPALIDAD DE ÑUÑOA SOBRE  AUDITORÍA AL PROGRAMA DE REVITALIZACIÓN DE BARRIOS E INFRAESTRUCTURA PATRIMONIAL EMBLEMÁTICA, FINANCIADO CON RECURSOS DEL  PRÉSTAMO INTERNACIONAL N° 3564/OCCH, SUBEJECUTADO POR DICHA  MUNICIPALIDAD - JUNIO 2020",https://www.contraloria.cl/pdfbuscador/auditoria/d05f6aff15413dc2a758819dfd2753c1/html,13,ÑUÑOA,https://www.contraloria.cl/SicaProd/SICAv3-BIFAPortalCGR/faces/newDetalleInforme?docIdcm=d05f6aff15413dc2a758819dfd2753c1,C,Informe Final de Auditoría,32790,https://www.contraloria.cl/SicaProd/SICAv3-BIFAPortalCGR/servletfichainformegoogle?docIdcm=d05f6aff15413dc2a758819dfd2753c1&pdf=1